============================================================
  Generated by:           Genus(TM) Synthesis Solution 25.12-s067_1
  Generated on:           Aug 12 2026  05:55:26 pm
  Module:                 butterfly2x2
  Operating conditions:   PVT_0P7V_25C 
  Interconnect mode:      global
  Area mode:              physical library
============================================================


Path 1: VIOLATED (-55 ps) Setup Check with Pin BF2_2_barrett_datai_reg[38]/CLK->D
          Group: clk
     Startpoint: (R) BF1_1_modei_reg[2]/CLK
          Clock: (R) clk
       Endpoint: (F) BF2_2_barrett_datai_reg[38]/D
          Clock: (R) clk

                     Capture       Launch     
        Clock Edge:+     555            0     
       Src Latency:+       0            0     
       Net Latency:+       0 (I)        0 (I) 
           Arrival:=     555            0     
                                              
             Setup:-       7                  
       Uncertainty:-      28                  
     Required Time:=     520                  
      Launch Clock:-       0                  
         Data Path:-     576                  
             Slack:=     -55                  

#----------------------------------------------------------------------------------------------------------------------
#         Timing Point          Flags    Arc    Edge          Cell            Fanout Load Trans Delay Arrival Instance 
#                                                                                    (fF)  (ps)  (ps)   (ps)  Location 
#----------------------------------------------------------------------------------------------------------------------
  BF1_1_modei_reg[2]/CLK        -       -       R     (arrival)                 2845    -     0     0       0    (-,-) 
  BF1_1_modei_reg[2]/QN         -       CLK->QN F     DFFHQNx2_ASAP7_75t_SL        1  4.6    28    41      41    (-,-) 
  fopt48617/Y                   -       A->Y    R     INVx5_ASAP7_75t_SL           3  7.5    18    12      53    (-,-) 
  g48620__9945/Y                -       B->Y    F     NAND2x2_ASAP7_75t_SL         1  2.6    13     7      60    (-,-) 
  g48484__1617/Y                -       A->Y    F     OR2x6_ASAP7_75t_SL           5 15.6    22    26      86    (-,-) 
  g41518/Y                      -       A->Y    F     BUFx12f_ASAP7_75t_SL         9 35.3    23    23     108    (-,-) 
  g67382/Y                      -       A->Y    R     INVx11_ASAP7_75t_SL         16 29.5    26    16     124    (-,-) 
  g67380/Y                      -       A->Y    F     INVx8_ASAP7_75t_SL           6 10.7    15     8     132    (-,-) 
  g64297__5107/Y                -       B2->Y   F     AO22x2_ASAP7_75t_SL          1  4.0    18    23     156    (-,-) 
  g64294/Y                      -       A->Y    F     BUFx12f_ASAP7_75t_SL        13 29.7    20    21     176    (-,-) 
  BF2_2_mul_170_29_g19825/Y     -       A->Y    R     CKINVDCx16_ASAP7_75t_SL      8 11.9    12     9     185    (-,-) 
  BF2_2_mul_170_29_g19275/Y     -       A2->Y   F     OAI22x1_ASAP7_75t_SL         2  3.2    37    13     198    (-,-) 
  BF2_2_mul_170_29_g18908/Y     -       A2->Y   F     AO22x1_ASAP7_75t_SL          2  5.0    32    32     230    (-,-) 
  BF2_2_mul_170_29_g18556/Y     -       B->Y    F     XNOR2x1_ASAP7_75t_SL         1  3.2    26    22     253    (-,-) 
  BF2_2_mul_170_29_g18393/Y     -       A->Y    F     XNOR2x1_ASAP7_75t_SL         2  3.9    26    22     275    (-,-) 
  BF2_2_mul_170_29_g18165/Y     -       A->Y    R     XOR2x2_ASAP7_75t_SL          1  3.1    16    29     304    (-,-) 
  BF2_2_mul_170_29_g18005/Y     -       A->Y    R     XNOR2x1_ASAP7_75t_SL         2  5.0    39    22     326    (-,-) 
  BF2_2_mul_170_29_g17832/Y     -       A->Y    R     XNOR2x1_ASAP7_75t_SL         2  4.4    39    24     351    (-,-) 
  BF2_2_mul_170_29_g17745/Y     -       A->Y    R     XNOR2x1_ASAP7_75t_SL         1  3.2    32    23     373    (-,-) 
  BF2_2_mul_170_29_g17665/Y     -       B->Y    R     XNOR2x1_ASAP7_75t_SL         2  4.4    36    21     395    (-,-) 
  BF2_2_mul_170_29_fopt19986/Y  -       A->Y    F     INVx2_ASAP7_75t_SL           1  2.1    14     7     402    (-,-) 
  BF2_2_mul_170_29_g17568/Y     -       A->Y    F     MAJx2_ASAP7_75t_SL           2  3.8    16    23     425    (-,-) 
  BF2_2_mul_170_29_g17487/Y     -       A->Y    F     AND2x4_ASAP7_75t_SL          3  5.9    12    19     444    (-,-) 
  BF2_2_mul_170_29_g17460/Y     -       A->Y    F     OR2x6_ASAP7_75t_SL           2  5.1    12    20     464    (-,-) 
  BF2_2_mul_170_29_g17453/Y     -       A->Y    R     INVx2_ASAP7_75t_SL           1  2.6    12     8     472    (-,-) 
  BF2_2_mul_170_29_g17405/Y     -       A2->Y   F     AOI21x1_ASAP7_75t_SL         2  3.4    28    12     483    (-,-) 
  BF2_2_mul_170_29_g17388/Y     -       B1->Y   F     OA22x2_ASAP7_75t_SL          1  2.6    14    23     506    (-,-) 
  BF2_2_mul_170_29_g17377/Y     -       B->Y    F     AND2x6_ASAP7_75t_SL         14 28.2    30    29     535    (-,-) 
  BF2_2_mul_170_29_fopt19987/Y  -       A->Y    R     INVx4_ASAP7_75t_SL           1  2.7    13     8     543    (-,-) 
  BF2_2_mul_170_29_g17360/Y     -       A1->Y   F     AOI21x1_ASAP7_75t_SL         1  3.2    25    12     556    (-,-) 
  BF2_2_mul_170_29_g17344/Y     -       A->Y    F     XOR2x1_ASAP7_75t_SL          1  2.1    24    20     576    (-,-) 
  BF2_2_barrett_datai_reg[38]/D -       -       F     DFFHQx4_ASAP7_75t_SL         1    -     -     0     576    (-,-) 
#----------------------------------------------------------------------------------------------------------------------



Path 2: VIOLATED (-55 ps) Setup Check with Pin BF2_2_barrett_datai_reg[38]/CLK->D
          Group: clk
     Startpoint: (R) BF1_1_modei_reg[2]/CLK
          Clock: (R) clk
       Endpoint: (F) BF2_2_barrett_datai_reg[38]/D
          Clock: (R) clk

                     Capture       Launch     
        Clock Edge:+     555            0     
       Src Latency:+       0            0     
       Net Latency:+       0 (I)        0 (I) 
           Arrival:=     555            0     
                                              
             Setup:-       7                  
       Uncertainty:-      28                  
     Required Time:=     520                  
      Launch Clock:-       0                  
         Data Path:-     576                  
             Slack:=     -55                  

#---------------------------------------------------------------------------------------------------------------------
#         Timing Point          Flags    Arc    Edge          Cell           Fanout Load Trans Delay Arrival Instance 
#                                                                                   (fF)  (ps)  (ps)   (ps)  Location 
#---------------------------------------------------------------------------------------------------------------------
  BF1_1_modei_reg[2]/CLK        -       -       R     (arrival)                2845    -     0     0       0    (-,-) 
  BF1_1_modei_reg[2]/QN         -       CLK->QN F     DFFHQNx2_ASAP7_75t_SL       1  4.6    28    41      41    (-,-) 
  fopt48617/Y                   -       A->Y    R     INVx5_ASAP7_75t_SL          3  7.5    18    12      53    (-,-) 
  g48620__9945/Y                -       B->Y    F     NAND2x2_ASAP7_75t_SL        1  2.6    13     7      60    (-,-) 
  g48484__1617/Y                -       A->Y    F     OR2x6_ASAP7_75t_SL          5 15.6    22    26      86    (-,-) 
  g41518/Y                      -       A->Y    F     BUFx12f_ASAP7_75t_SL        9 35.3    23    23     108    (-,-) 
  g67390/Y                      -       A->Y    R     INVx4_ASAP7_75t_SL          6 10.6    23    15     123    (-,-) 
  g67389/Y                      -       A->Y    F     INVx4_ASAP7_75t_SL          2  3.4    11     6     129    (-,-) 
  g64466__8246/Y                -       A2->Y   F     OA22x2_ASAP7_75t_SL         1  8.3    28    28     157    (-,-) 
  fopt83314/Y                   -       A->Y    R     INVx11_ASAP7_75t_SL        10 21.9    22    14     171    (-,-) 
  fopt83310/Y                   -       A->Y    F     INVx3_ASAP7_75t_SL          4  6.2    17    10     182    (-,-) 
  BF2_2_mul_170_29_g19212/Y     -       B1->Y   R     AOI22xp5_ASAP7_75t_SL       2  3.5    52    27     209    (-,-) 
  BF2_2_mul_170_29_g18942/Y     -       B2->Y   R     OA22x2_ASAP7_75t_SL         2  3.8    19    22     231    (-,-) 
  BF2_2_mul_170_29_g18442/Y     -       A->Y    R     MAJx2_ASAP7_75t_SL          2  3.9    18    22     253    (-,-) 
  BF2_2_mul_170_29_g18234/Y     -       B->Y    F     XNOR2x2_ASAP7_75t_SL        1  3.2    16    27     280    (-,-) 
  BF2_2_mul_170_29_g18088/Y     -       A->Y    F     XNOR2x1_ASAP7_75t_SL        2  5.1    31    23     303    (-,-) 
  BF2_2_mul_170_29_g18062/Y     -       A->Y    R     INVx2_ASAP7_75t_L           2  3.2    20    15     318    (-,-) 
  BF2_2_mul_170_29_g17993/Y     -       A->Y    R     OR2x2_ASAP7_75t_SL          1  2.6    13    18     336    (-,-) 
  BF2_2_mul_170_29_g17914/Y     -       A2->Y   F     AOI21x1_ASAP7_75t_SL        2  4.5    33    14     350    (-,-) 
  BF2_2_mul_170_29_g17771/Y     -       A->Y    F     XNOR2x1_ASAP7_75t_SL        1  2.5    21    20     371    (-,-) 
  BF2_2_mul_170_29_g17691/Y     -       A->Y    R     XOR2x2_ASAP7_75t_SL         2  4.6    20    30     401    (-,-) 
  BF2_2_mul_170_29_g17673/Y     -       A->Y    F     INVx2_ASAP7_75t_SL          1  2.1    11     7     408    (-,-) 
  BF2_2_mul_170_29_g17572/Y     -       A->Y    F     MAJx2_ASAP7_75t_SL          2  4.0    17    23     431    (-,-) 
  BF2_2_mul_170_29_g17471/Y     -       A->Y    F     AND2x4_ASAP7_75t_SL         3  5.7    12    19     449    (-,-) 
  BF2_2_mul_170_29_g17452/Y     -       B->Y    R     NOR2x1p5_ASAP7_75t_SL       2  3.6    21    12     461    (-,-) 
  BF2_2_mul_170_29_g17429/Y     -       B->Y    R     AND2x4_ASAP7_75t_SL         2  5.1    13    17     479    (-,-) 
  BF2_2_mul_170_29_g17410/Y     -       A->Y    F     NAND2x1p5_ASAP7_75t_SL      1  2.1    15     7     486    (-,-) 
  BF2_2_mul_170_29_g17388/Y     -       A2->Y   F     OA22x2_ASAP7_75t_SL         1  2.6    14    20     506    (-,-) 
  BF2_2_mul_170_29_g17377/Y     -       B->Y    F     AND2x6_ASAP7_75t_SL        14 28.2    30    29     535    (-,-) 
  BF2_2_mul_170_29_fopt19987/Y  -       A->Y    R     INVx4_ASAP7_75t_SL          1  2.7    13     8     543    (-,-) 
  BF2_2_mul_170_29_g17360/Y     -       A1->Y   F     AOI21x1_ASAP7_75t_SL        1  3.2    25    12     556    (-,-) 
  BF2_2_mul_170_29_g17344/Y     -       A->Y    F     XOR2x1_ASAP7_75t_SL         1  2.1    24    20     576    (-,-) 
  BF2_2_barrett_datai_reg[38]/D -       -       F     DFFHQx4_ASAP7_75t_SL        1    -     -     0     576    (-,-) 
#---------------------------------------------------------------------------------------------------------------------



Path 3: VIOLATED (-55 ps) Setup Check with Pin BF2_2_barrett_datai_reg[38]/CLK->D
          Group: clk
     Startpoint: (R) BF1_1_modei_reg[2]/CLK
          Clock: (R) clk
       Endpoint: (R) BF2_2_barrett_datai_reg[38]/D
          Clock: (R) clk

                     Capture       Launch     
        Clock Edge:+     555            0     
       Src Latency:+       0            0     
       Net Latency:+       0 (I)        0 (I) 
           Arrival:=     555            0     
                                              
             Setup:-       9                  
       Uncertainty:-      28                  
     Required Time:=     518                  
      Launch Clock:-       0                  
         Data Path:-     573                  
             Slack:=     -55                  

#---------------------------------------------------------------------------------------------------------------------
#         Timing Point          Flags    Arc    Edge          Cell           Fanout Load Trans Delay Arrival Instance 
#                                                                                   (fF)  (ps)  (ps)   (ps)  Location 
#---------------------------------------------------------------------------------------------------------------------
  BF1_1_modei_reg[2]/CLK        -       -       R     (arrival)                2845    -     0     0       0    (-,-) 
  BF1_1_modei_reg[2]/QN         -       CLK->QN F     DFFHQNx2_ASAP7_75t_SL       1  4.6    28    41      41    (-,-) 
  fopt48617/Y                   -       A->Y    R     INVx5_ASAP7_75t_SL          3  7.5    18    12      53    (-,-) 
  g48620__9945/Y                -       B->Y    F     NAND2x2_ASAP7_75t_SL        1  2.6    13     7      60    (-,-) 
  g48484__1617/Y                -       A->Y    F     OR2x6_ASAP7_75t_SL          5 15.6    22    26      86    (-,-) 
  g41518/Y                      -       A->Y    F     BUFx12f_ASAP7_75t_SL        9 35.3    23    23     108    (-,-) 
  g67422/Y                      -       A->Y    R     INVx5_ASAP7_75t_SL         10 17.8    29    18     126    (-,-) 
  g64329__9315/Y                -       A2->Y   R     AO22x2_ASAP7_75t_SL         1  4.0    19    24     150    (-,-) 
  g64325/Y                      -       A->Y    R     BUFx12f_ASAP7_75t_SL       13 24.6    20    19     170    (-,-) 
  BF2_2_mul_170_29_g19684/Y     -       A->Y    F     INVx8_ASAP7_75t_SL          8 12.1    14     9     178    (-,-) 
  BF2_2_mul_170_29_g19480/Y     -       B2->Y   F     AO22x2_ASAP7_75t_SL         2  4.1    18    23     201    (-,-) 
  BF2_2_mul_170_29_g19353/Y     -       A->Y    R     INVx1_ASAP7_75t_SL          1  2.1    19    12     213    (-,-) 
  BF2_2_mul_170_29_g18796/Y     -       B2->Y   R     OA22x2_ASAP7_75t_SL         2  5.1    23    22     236    (-,-) 
  BF2_2_mul_170_29_g18565/Y     -       B->Y    R     XNOR2x1_ASAP7_75t_SL        1  2.6    26    18     254    (-,-) 
  BF2_2_mul_170_29_g18307/Y     -       A->Y    F     XNOR2x2_ASAP7_75t_SL        2  5.0    19    31     285    (-,-) 
  BF2_2_mul_170_29_g18172/Y     -       A->Y    F     XNOR2x1_ASAP7_75t_SL        1  2.5    20    18     303    (-,-) 
  BF2_2_mul_170_29_g18004/Y     -       A->Y    F     XOR2x2_ASAP7_75t_SL         2  4.5    18    26     329    (-,-) 
  BF2_2_mul_170_29_g17915/Y     -       A->Y    F     MAJx2_ASAP7_75t_SL          2  4.5    18    25     354    (-,-) 
  BF2_2_mul_170_29_g17689/Y     -       B->Y    F     XNOR2x1_ASAP7_75t_SL        2  3.9    25    22     376    (-,-) 
  BF2_2_mul_170_29_g17612/Y     -       A->Y    R     XOR2x2_ASAP7_75t_SL         1  3.1    16    29     404    (-,-) 
  BF2_2_mul_170_29_g17528/Y     -       A->Y    R     XNOR2x1_ASAP7_75t_SL        2  3.9    32    20     425    (-,-) 
  BF2_2_mul_170_29_g17472/Y     -       B->Y    R     AND2x4_ASAP7_75t_SL         3  5.8    15    19     444    (-,-) 
  BF2_2_mul_170_29_g17448/Y     -       A->Y    R     OR2x6_ASAP7_75t_SL          2  5.0    11    17     461    (-,-) 
  BF2_2_mul_170_29_g17430/Y     -       A->Y    F     NOR2x1p5_ASAP7_75t_SL       2  4.5    20    12     474    (-,-) 
  BF2_2_mul_170_29_g17410/Y     -       B->Y    R     NAND2x1p5_ASAP7_75t_SL      1  2.1    15    11     485    (-,-) 
  BF2_2_mul_170_29_g17388/Y     -       A2->Y   R     OA22x2_ASAP7_75t_SL         1  2.6    14    19     504    (-,-) 
  BF2_2_mul_170_29_g17377/Y     -       B->Y    R     AND2x6_ASAP7_75t_SL        14 28.1    37    30     534    (-,-) 
  BF2_2_mul_170_29_fopt19987/Y  -       A->Y    F     INVx4_ASAP7_75t_SL          1  2.7    13     6     540    (-,-) 
  BF2_2_mul_170_29_g17360/Y     -       A1->Y   R     AOI21x1_ASAP7_75t_SL        1  3.2    31    14     554    (-,-) 
  BF2_2_mul_170_29_g17344/Y     -       A->Y    R     XOR2x1_ASAP7_75t_SL         1  2.1    25    19     573    (-,-) 
  BF2_2_barrett_datai_reg[38]/D -       -       R     DFFHQx4_ASAP7_75t_SL        1    -     -     0     573    (-,-) 
#---------------------------------------------------------------------------------------------------------------------



Path 4: VIOLATED (-55 ps) Setup Check with Pin BF2_2_barrett_datai_reg[38]/CLK->D
          Group: clk
     Startpoint: (R) BF1_1_modei_reg[2]/CLK
          Clock: (R) clk
       Endpoint: (R) BF2_2_barrett_datai_reg[38]/D
          Clock: (R) clk

                     Capture       Launch     
        Clock Edge:+     555            0     
       Src Latency:+       0            0     
       Net Latency:+       0 (I)        0 (I) 
           Arrival:=     555            0     
                                              
             Setup:-       9                  
       Uncertainty:-      28                  
     Required Time:=     518                  
      Launch Clock:-       0                  
         Data Path:-     573                  
             Slack:=     -55                  

#----------------------------------------------------------------------------------------------------------------------
#         Timing Point          Flags    Arc    Edge          Cell            Fanout Load Trans Delay Arrival Instance 
#                                                                                    (fF)  (ps)  (ps)   (ps)  Location 
#----------------------------------------------------------------------------------------------------------------------
  BF1_1_modei_reg[2]/CLK        -       -       R     (arrival)                 2845    -     0     0       0    (-,-) 
  BF1_1_modei_reg[2]/QN         -       CLK->QN R     DFFHQNx2_ASAP7_75t_SL        1  4.6    28    43      43    (-,-) 
  fopt48617/Y                   -       A->Y    F     INVx5_ASAP7_75t_SL           3  7.5    16     9      52    (-,-) 
  g48620__9945/Y                -       B->Y    R     NAND2x2_ASAP7_75t_SL         1  2.6    17    10      62    (-,-) 
  g48484__1617/Y                -       A->Y    R     OR2x6_ASAP7_75t_SL           5 15.6    23    24      86    (-,-) 
  g41518/Y                      -       A->Y    R     BUFx12f_ASAP7_75t_SL         9 35.3    27    22     108    (-,-) 
  g67416/Y                      -       A->Y    R     BUFx12f_ASAP7_75t_SL        12 17.9    16    18     126    (-,-) 
  g64340__7410/Y                -       A1->Y   R     OA22x2_ASAP7_75t_SL          1  6.5    26    26     152    (-,-) 
  g64336/Y                      -       A->Y    F     INVx8_ASAP7_75t_SL          14 32.3    30    17     169    (-,-) 
  BF2_2_mul_170_29_g19831/Y     -       A->Y    R     CKINVDCx20_ASAP7_75t_SL      8 11.1    13    10     179    (-,-) 
  BF2_2_mul_170_29_g19313/Y     -       B1->Y   F     AOI22xp5_ASAP7_75t_SL        2  3.4    46    19     198    (-,-) 
  BF2_2_mul_170_29_g18828/Y     -       B1->Y   F     OA22x2_ASAP7_75t_SL          2  5.1    21    29     227    (-,-) 
  BF2_2_mul_170_29_g18628/Y     -       B->Y    F     XNOR2x1_ASAP7_75t_SL         1  2.5    20    19     246    (-,-) 
  BF2_2_mul_170_29_g20056/Y     -       A->Y    R     XOR2x2_ASAP7_75t_SL          2  4.9    21    31     277    (-,-) 
  BF2_2_mul_170_29_g18177/Y     -       A->Y    R     XNOR2x1_ASAP7_75t_SL         1  3.1    28    20     297    (-,-) 
  BF2_2_mul_170_29_g20040/Y     -       A->Y    R     XNOR2x1_ASAP7_75t_SL         2  4.0    34    22     320    (-,-) 
  BF2_2_mul_170_29_g17884/Y     -       B->Y    F     XOR2x2_ASAP7_75t_SL          1  3.2    15    22     341    (-,-) 
  BF2_2_mul_170_29_g17783/Y     -       A->Y    F     XNOR2x1_ASAP7_75t_SL         2  4.6    28    22     363    (-,-) 
  BF2_2_mul_170_29_g17680/Y     -       A->Y    F     XNOR2x1_ASAP7_75t_SL         1  2.5    21    20     383    (-,-) 
  BF2_2_mul_170_29_g20014/Y     -       A->Y    R     XOR2x2_ASAP7_75t_SL          2  4.4    20    30     413    (-,-) 
  BF2_2_mul_170_29_g20006/Y     -       B->Y    F     NOR2x1_ASAP7_75t_SL          2  3.1    24    15     428    (-,-) 
  BF2_2_mul_170_29_g17480/Y     -       A2->Y   F     AO21x2_ASAP7_75t_SL          1  2.7    13    22     450    (-,-) 
  BF2_2_mul_170_29_g17439/Y     -       B->Y    R     AOI21x1_ASAP7_75t_SL         1  2.5    25    14     463    (-,-) 
  BF2_2_mul_170_29_g17401/Y     -       C->Y    R     OA221x2_ASAP7_75t_SL         2  3.5    17    20     484    (-,-) 
  BF2_2_mul_170_29_g17388/Y     -       A1->Y   R     OA22x2_ASAP7_75t_SL          1  2.6    14    20     504    (-,-) 
  BF2_2_mul_170_29_g17377/Y     -       B->Y    R     AND2x6_ASAP7_75t_SL         14 28.1    37    30     534    (-,-) 
  BF2_2_mul_170_29_fopt19987/Y  -       A->Y    F     INVx4_ASAP7_75t_SL           1  2.7    13     6     540    (-,-) 
  BF2_2_mul_170_29_g17360/Y     -       A1->Y   R     AOI21x1_ASAP7_75t_SL         1  3.2    31    14     554    (-,-) 
  BF2_2_mul_170_29_g17344/Y     -       A->Y    R     XOR2x1_ASAP7_75t_SL          1  2.1    25    19     573    (-,-) 
  BF2_2_barrett_datai_reg[38]/D -       -       R     DFFHQx4_ASAP7_75t_SL         1    -     -     0     573    (-,-) 
#----------------------------------------------------------------------------------------------------------------------



Path 5: VIOLATED (-55 ps) Setup Check with Pin BF2_2_barrett_datai_reg[38]/CLK->D
          Group: clk
     Startpoint: (R) BF1_1_modei_reg[2]/CLK
          Clock: (R) clk
       Endpoint: (R) BF2_2_barrett_datai_reg[38]/D
          Clock: (R) clk

                     Capture       Launch     
        Clock Edge:+     555            0     
       Src Latency:+       0            0     
       Net Latency:+       0 (I)        0 (I) 
           Arrival:=     555            0     
                                              
             Setup:-       9                  
       Uncertainty:-      28                  
     Required Time:=     518                  
      Launch Clock:-       0                  
         Data Path:-     573                  
             Slack:=     -55                  

#--------------------------------------------------------------------------------------------------------------------
#         Timing Point          Flags    Arc    Edge         Cell           Fanout Load Trans Delay Arrival Instance 
#                                                                                  (fF)  (ps)  (ps)   (ps)  Location 
#--------------------------------------------------------------------------------------------------------------------
  BF1_1_modei_reg[2]/CLK        -       -       R     (arrival)               2845    -     0     0       0    (-,-) 
  BF1_1_modei_reg[2]/QN         -       CLK->QN F     DFFHQNx2_ASAP7_75t_SL      1  4.6    28    41      41    (-,-) 
  fopt48617/Y                   -       A->Y    R     INVx5_ASAP7_75t_SL         3  7.5    18    12      53    (-,-) 
  g48620__9945/Y                -       B->Y    F     NAND2x2_ASAP7_75t_SL       1  2.6    13     7      60    (-,-) 
  g48484__1617/Y                -       A->Y    F     OR2x6_ASAP7_75t_SL         5 15.6    22    26      86    (-,-) 
  g41518/Y                      -       A->Y    F     BUFx12f_ASAP7_75t_SL       9 35.3    23    23     108    (-,-) 
  g67419/Y                      -       A->Y    R     INVx4_ASAP7_75t_SL         5  9.9    22    14     122    (-,-) 
  g67418/Y                      -       A->Y    F     INVx5_ASAP7_75t_SL         4  6.1    13     8     130    (-,-) 
  g64499__2398/Y                -       B2->Y   F     AO22x2_ASAP7_75t_SL        1  4.0    17    22     152    (-,-) 
  g64496/Y                      -       A->Y    F     BUFx12f_ASAP7_75t_SL      14 23.8    17    19     172    (-,-) 
  BF2_2_mul_170_29_g19216/Y     -       A->Y    R     XOR2x2_ASAP7_75t_SL        2  4.1    20    29     201    (-,-) 
  BF2_2_mul_170_29_g19110/Y     -       A->Y    F     INVx1_ASAP7_75t_SL         1  2.1    16    10     211    (-,-) 
  BF2_2_mul_170_29_g18849/Y     -       B2->Y   R     OAI22xp5_ASAP7_75t_SL      2  4.2    70    31     242    (-,-) 
  BF2_2_mul_170_29_g18634/Y     -       A->Y    F     XOR2x2_ASAP7_75t_SL        1  2.5    15    24     266    (-,-) 
  BF2_2_mul_170_29_g18343/Y     -       A->Y    R     XOR2x2_ASAP7_75t_SL        2  4.5    22    29     295    (-,-) 
  BF2_2_mul_170_29_g18292/Y     -       A->Y    F     INVx1_ASAP7_75t_SL         1  2.1    17    11     305    (-,-) 
  BF2_2_mul_170_29_g18122/Y     -       A->Y    F     MAJx2_ASAP7_75t_SL         2  4.5    18    25     330    (-,-) 
  BF2_2_mul_170_29_g17928/Y     -       B->Y    F     MAJx2_ASAP7_75t_SL         2  4.5    18    27     357    (-,-) 
  BF2_2_mul_170_29_g17679/Y     -       B->Y    R     XOR2x2_ASAP7_75t_SL        1  2.6    14    27     384    (-,-) 
  BF2_2_mul_170_29_g17608/Y     -       B->Y    F     XOR2x2_ASAP7_75t_SL        2  3.9    16    22     406    (-,-) 
  BF2_2_mul_170_29_g17575/Y     -       A->Y    F     OR2x6_ASAP7_75t_SL         4  9.1    15    23     429    (-,-) 
  BF2_2_mul_170_29_g17480/Y     -       A1->Y   F     AO21x2_ASAP7_75t_SL        1  2.7    13    21     450    (-,-) 
  BF2_2_mul_170_29_g17439/Y     -       B->Y    R     AOI21x1_ASAP7_75t_SL       1  2.5    25    14     463    (-,-) 
  BF2_2_mul_170_29_g17401/Y     -       C->Y    R     OA221x2_ASAP7_75t_SL       2  3.5    17    20     484    (-,-) 
  BF2_2_mul_170_29_g17388/Y     -       A1->Y   R     OA22x2_ASAP7_75t_SL        1  2.6    14    20     504    (-,-) 
  BF2_2_mul_170_29_g17377/Y     -       B->Y    R     AND2x6_ASAP7_75t_SL       14 28.1    37    30     534    (-,-) 
  BF2_2_mul_170_29_fopt19987/Y  -       A->Y    F     INVx4_ASAP7_75t_SL         1  2.7    13     6     540    (-,-) 
  BF2_2_mul_170_29_g17360/Y     -       A1->Y   R     AOI21x1_ASAP7_75t_SL       1  3.2    31    14     554    (-,-) 
  BF2_2_mul_170_29_g17344/Y     -       A->Y    R     XOR2x1_ASAP7_75t_SL        1  2.1    25    19     573    (-,-) 
  BF2_2_barrett_datai_reg[38]/D -       -       R     DFFHQx4_ASAP7_75t_SL       1    -     -     0     573    (-,-) 
#--------------------------------------------------------------------------------------------------------------------



Path 6: VIOLATED (-55 ps) Setup Check with Pin BF2_2_barrett_datai_reg[38]/CLK->D
          Group: clk
     Startpoint: (R) BF1_1_modei_reg[2]/CLK
          Clock: (R) clk
       Endpoint: (R) BF2_2_barrett_datai_reg[38]/D
          Clock: (R) clk

                     Capture       Launch     
        Clock Edge:+     555            0     
       Src Latency:+       0            0     
       Net Latency:+       0 (I)        0 (I) 
           Arrival:=     555            0     
                                              
             Setup:-       9                  
       Uncertainty:-      28                  
     Required Time:=     518                  
      Launch Clock:-       0                  
         Data Path:-     573                  
             Slack:=     -55                  

#--------------------------------------------------------------------------------------------------------------------
#         Timing Point          Flags    Arc    Edge         Cell           Fanout Load Trans Delay Arrival Instance 
#                                                                                  (fF)  (ps)  (ps)   (ps)  Location 
#--------------------------------------------------------------------------------------------------------------------
  BF1_1_modei_reg[2]/CLK        -       -       R     (arrival)               2845    -     0     0       0    (-,-) 
  BF1_1_modei_reg[2]/QN         -       CLK->QN F     DFFHQNx2_ASAP7_75t_SL      1  4.6    28    41      41    (-,-) 
  fopt48617/Y                   -       A->Y    R     INVx5_ASAP7_75t_SL         3  7.5    18    12      53    (-,-) 
  g48620__9945/Y                -       B->Y    F     NAND2x2_ASAP7_75t_SL       1  2.6    13     7      60    (-,-) 
  g48484__1617/Y                -       A->Y    F     OR2x6_ASAP7_75t_SL         5 15.6    22    26      86    (-,-) 
  g41518/Y                      -       A->Y    F     BUFx12f_ASAP7_75t_SL       9 35.3    23    23     108    (-,-) 
  g67422/Y                      -       A->Y    R     INVx5_ASAP7_75t_SL        10 17.8    29    18     126    (-,-) 
  g64329__9315/Y                -       A2->Y   R     AO22x2_ASAP7_75t_SL        1  4.0    19    24     150    (-,-) 
  g64325/Y                      -       A->Y    R     BUFx12f_ASAP7_75t_SL      13 24.6    20    19     170    (-,-) 
  BF2_2_mul_170_29_g19684/Y     -       A->Y    F     INVx8_ASAP7_75t_SL         8 12.1    14     9     178    (-,-) 
  BF2_2_mul_170_29_g19248/Y     -       B1->Y   R     AOI22x1_ASAP7_75t_SL       2  3.4    34    17     195    (-,-) 
  BF2_2_mul_170_29_g18835/Y     -       A2->Y   R     OA22x2_ASAP7_75t_SL        2  4.5    22    25     220    (-,-) 
  BF2_2_mul_170_29_g18566/Y     -       B->Y    R     XNOR2x1_ASAP7_75t_SL       1  2.6    36    18     238    (-,-) 
  BF2_2_mul_170_29_g20070/Y     -       A->Y    F     XNOR2x2_ASAP7_75t_SL       2  5.1    20    32     270    (-,-) 
  BF2_2_mul_170_29_g18178/Y     -       B->Y    F     XNOR2x1_ASAP7_75t_SL       1  2.5    22    19     289    (-,-) 
  BF2_2_mul_170_29_g18015/Y     -       A->Y    R     XOR2x2_ASAP7_75t_SL        2  4.3    19    30     319    (-,-) 
  BF2_2_mul_170_29_g17884/Y     -       A->Y    F     XOR2x2_ASAP7_75t_SL        1  3.2    15    22     341    (-,-) 
  BF2_2_mul_170_29_g17783/Y     -       A->Y    F     XNOR2x1_ASAP7_75t_SL       2  4.6    28    22     363    (-,-) 
  BF2_2_mul_170_29_g17680/Y     -       A->Y    F     XNOR2x1_ASAP7_75t_SL       1  2.5    21    20     383    (-,-) 
  BF2_2_mul_170_29_g20014/Y     -       A->Y    R     XOR2x2_ASAP7_75t_SL        2  4.4    20    30     413    (-,-) 
  BF2_2_mul_170_29_g20006/Y     -       B->Y    F     NOR2x1_ASAP7_75t_SL        2  3.1    24    15     428    (-,-) 
  BF2_2_mul_170_29_g17480/Y     -       A2->Y   F     AO21x2_ASAP7_75t_SL        1  2.7    13    22     450    (-,-) 
  BF2_2_mul_170_29_g17439/Y     -       B->Y    R     AOI21x1_ASAP7_75t_SL       1  2.5    25    14     463    (-,-) 
  BF2_2_mul_170_29_g17401/Y     -       C->Y    R     OA221x2_ASAP7_75t_SL       2  3.5    17    20     484    (-,-) 
  BF2_2_mul_170_29_g17388/Y     -       A1->Y   R     OA22x2_ASAP7_75t_SL        1  2.6    14    20     504    (-,-) 
  BF2_2_mul_170_29_g17377/Y     -       B->Y    R     AND2x6_ASAP7_75t_SL       14 28.1    37    30     534    (-,-) 
  BF2_2_mul_170_29_fopt19987/Y  -       A->Y    F     INVx4_ASAP7_75t_SL         1  2.7    13     6     540    (-,-) 
  BF2_2_mul_170_29_g17360/Y     -       A1->Y   R     AOI21x1_ASAP7_75t_SL       1  3.2    31    14     554    (-,-) 
  BF2_2_mul_170_29_g17344/Y     -       A->Y    R     XOR2x1_ASAP7_75t_SL        1  2.1    25    19     573    (-,-) 
  BF2_2_barrett_datai_reg[38]/D -       -       R     DFFHQx4_ASAP7_75t_SL       1    -     -     0     573    (-,-) 
#--------------------------------------------------------------------------------------------------------------------



Path 7: VIOLATED (-55 ps) Setup Check with Pin BF2_2_barrett_datai_reg[38]/CLK->D
          Group: clk
     Startpoint: (R) BF1_1_modei_reg[2]/CLK
          Clock: (R) clk
       Endpoint: (F) BF2_2_barrett_datai_reg[38]/D
          Clock: (R) clk

                     Capture       Launch     
        Clock Edge:+     555            0     
       Src Latency:+       0            0     
       Net Latency:+       0 (I)        0 (I) 
           Arrival:=     555            0     
                                              
             Setup:-       7                  
       Uncertainty:-      28                  
     Required Time:=     520                  
      Launch Clock:-       0                  
         Data Path:-     575                  
             Slack:=     -55                  

#----------------------------------------------------------------------------------------------------------------------
#         Timing Point          Flags    Arc    Edge          Cell            Fanout Load Trans Delay Arrival Instance 
#                                                                                    (fF)  (ps)  (ps)   (ps)  Location 
#----------------------------------------------------------------------------------------------------------------------
  BF1_1_modei_reg[2]/CLK        -       -       R     (arrival)                 2845    -     0     0       0    (-,-) 
  BF1_1_modei_reg[2]/QN         -       CLK->QN F     DFFHQNx2_ASAP7_75t_SL        1  4.6    28    41      41    (-,-) 
  fopt48617/Y                   -       A->Y    R     INVx5_ASAP7_75t_SL           3  7.5    18    12      53    (-,-) 
  g48620__9945/Y                -       B->Y    F     NAND2x2_ASAP7_75t_SL         1  2.6    13     7      60    (-,-) 
  g48484__1617/Y                -       A->Y    F     OR2x6_ASAP7_75t_SL           5 15.6    22    26      86    (-,-) 
  g41518/Y                      -       A->Y    F     BUFx12f_ASAP7_75t_SL         9 35.3    23    23     108    (-,-) 
  g67382/Y                      -       A->Y    R     INVx11_ASAP7_75t_SL         16 29.5    26    16     124    (-,-) 
  g67380/Y                      -       A->Y    F     INVx8_ASAP7_75t_SL           6 10.7    15     8     132    (-,-) 
  g64297__5107/Y                -       B2->Y   F     AO22x2_ASAP7_75t_SL          1  4.0    18    23     156    (-,-) 
  g64294/Y                      -       A->Y    F     BUFx12f_ASAP7_75t_SL        13 29.7    20    21     176    (-,-) 
  BF2_2_mul_170_29_g19825/Y     -       A->Y    R     CKINVDCx16_ASAP7_75t_SL      8 11.9    12     9     185    (-,-) 
  BF2_2_mul_170_29_g19275/Y     -       A2->Y   F     OAI22x1_ASAP7_75t_SL         2  3.2    37    13     198    (-,-) 
  BF2_2_mul_170_29_g18908/Y     -       A2->Y   F     AO22x1_ASAP7_75t_SL          2  5.0    32    32     230    (-,-) 
  BF2_2_mul_170_29_g18556/Y     -       B->Y    F     XNOR2x1_ASAP7_75t_SL         1  3.2    26    22     253    (-,-) 
  BF2_2_mul_170_29_g18393/Y     -       A->Y    F     XNOR2x1_ASAP7_75t_SL         2  3.9    26    22     275    (-,-) 
  BF2_2_mul_170_29_g18165/Y     -       A->Y    R     XOR2x2_ASAP7_75t_SL          1  3.1    16    29     304    (-,-) 
  BF2_2_mul_170_29_g18005/Y     -       A->Y    R     XNOR2x1_ASAP7_75t_SL         2  5.0    39    22     326    (-,-) 
  BF2_2_mul_170_29_g17832/Y     -       A->Y    R     XNOR2x1_ASAP7_75t_SL         2  4.4    39    24     351    (-,-) 
  BF2_2_mul_170_29_g17745/Y     -       A->Y    R     XNOR2x1_ASAP7_75t_SL         1  3.2    32    23     373    (-,-) 
  BF2_2_mul_170_29_g17665/Y     -       B->Y    R     XNOR2x1_ASAP7_75t_SL         2  4.4    36    21     395    (-,-) 
  BF2_2_mul_170_29_fopt19986/Y  -       A->Y    F     INVx2_ASAP7_75t_SL           1  2.1    14     7     402    (-,-) 
  BF2_2_mul_170_29_g17568/Y     -       A->Y    F     MAJx2_ASAP7_75t_SL           2  3.8    16    23     425    (-,-) 
  BF2_2_mul_170_29_g17487/Y     -       A->Y    F     AND2x4_ASAP7_75t_SL          3  5.9    12    19     444    (-,-) 
  BF2_2_mul_170_29_g17460/Y     -       A->Y    F     OR2x6_ASAP7_75t_SL           2  5.1    12    20     464    (-,-) 
  BF2_2_mul_170_29_g17430/Y     -       B->Y    R     NOR2x1p5_ASAP7_75t_SL        2  4.5    24    14     477    (-,-) 
  BF2_2_mul_170_29_g17410/Y     -       B->Y    F     NAND2x1p5_ASAP7_75t_SL       1  2.1    15     8     485    (-,-) 
  BF2_2_mul_170_29_g17388/Y     -       A2->Y   F     OA22x2_ASAP7_75t_SL          1  2.6    14    20     506    (-,-) 
  BF2_2_mul_170_29_g17377/Y     -       B->Y    F     AND2x6_ASAP7_75t_SL         14 28.2    30    29     535    (-,-) 
  BF2_2_mul_170_29_fopt19987/Y  -       A->Y    R     INVx4_ASAP7_75t_SL           1  2.7    13     8     543    (-,-) 
  BF2_2_mul_170_29_g17360/Y     -       A1->Y   F     AOI21x1_ASAP7_75t_SL         1  3.2    25    12     555    (-,-) 
  BF2_2_mul_170_29_g17344/Y     -       A->Y    F     XOR2x1_ASAP7_75t_SL          1  2.1    24    20     575    (-,-) 
  BF2_2_barrett_datai_reg[38]/D -       -       F     DFFHQx4_ASAP7_75t_SL         1    -     -     0     575    (-,-) 
#----------------------------------------------------------------------------------------------------------------------



Path 8: VIOLATED (-55 ps) Setup Check with Pin BF2_2_barrett_datai_reg[38]/CLK->D
          Group: clk
     Startpoint: (R) BF1_1_modei_reg[2]/CLK
          Clock: (R) clk
       Endpoint: (R) BF2_2_barrett_datai_reg[38]/D
          Clock: (R) clk

                     Capture       Launch     
        Clock Edge:+     555            0     
       Src Latency:+       0            0     
       Net Latency:+       0 (I)        0 (I) 
           Arrival:=     555            0     
                                              
             Setup:-       9                  
       Uncertainty:-      28                  
     Required Time:=     518                  
      Launch Clock:-       0                  
         Data Path:-     573                  
             Slack:=     -55                  

#----------------------------------------------------------------------------------------------------------------------
#         Timing Point          Flags    Arc    Edge          Cell            Fanout Load Trans Delay Arrival Instance 
#                                                                                    (fF)  (ps)  (ps)   (ps)  Location 
#----------------------------------------------------------------------------------------------------------------------
  BF1_1_modei_reg[2]/CLK        -       -       R     (arrival)                 2845    -     0     0       0    (-,-) 
  BF1_1_modei_reg[2]/QN         -       CLK->QN F     DFFHQNx2_ASAP7_75t_SL        1  4.6    28    41      41    (-,-) 
  fopt48617/Y                   -       A->Y    R     INVx5_ASAP7_75t_SL           3  7.5    18    12      53    (-,-) 
  g48620__9945/Y                -       B->Y    F     NAND2x2_ASAP7_75t_SL         1  2.6    13     7      60    (-,-) 
  g48484__1617/Y                -       A->Y    F     OR2x6_ASAP7_75t_SL           5 15.6    22    26      86    (-,-) 
  g41518/Y                      -       A->Y    F     BUFx12f_ASAP7_75t_SL         9 35.3    23    23     108    (-,-) 
  g67382/Y                      -       A->Y    R     INVx11_ASAP7_75t_SL         16 29.5    26    16     124    (-,-) 
  g67380/Y                      -       A->Y    F     INVx8_ASAP7_75t_SL           6 10.7    15     8     132    (-,-) 
  g64297__5107/Y                -       B2->Y   F     AO22x2_ASAP7_75t_SL          1  4.0    18    23     156    (-,-) 
  g64294/Y                      -       A->Y    F     BUFx12f_ASAP7_75t_SL        13 29.7    20    21     176    (-,-) 
  BF2_2_mul_170_29_g19825/Y     -       A->Y    R     CKINVDCx16_ASAP7_75t_SL      8 11.9    12     9     185    (-,-) 
  BF2_2_mul_170_29_g19320/Y     -       B2->Y   R     AO22x2_ASAP7_75t_SL          2  3.5    18    20     205    (-,-) 
  BF2_2_mul_170_29_g19152/Y     -       A->Y    F     INVx1_ASAP7_75t_SL           1  2.1    16    10     215    (-,-) 
  BF2_2_mul_170_29_g18948/Y     -       B2->Y   F     OA22x2_ASAP7_75t_SL          2  3.9    19    24     239    (-,-) 
  BF2_2_mul_170_29_g18562/Y     -       A->Y    R     XNOR2x2_ASAP7_75t_SL         1  2.5    16    22     261    (-,-) 
  BF2_2_mul_170_29_g18318/Y     -       B->Y    F     XNOR2x2_ASAP7_75t_SL         2  5.1    19    30     291    (-,-) 
  BF2_2_mul_170_29_g18175/Y     -       A->Y    F     XNOR2x1_ASAP7_75t_SL         1  3.2    23    20     311    (-,-) 
  BF2_2_mul_170_29_g20036/Y     -       A->Y    F     XNOR2x1_ASAP7_75t_SL         2  5.0    30    24     335    (-,-) 
  BF2_2_mul_170_29_g17880/Y     -       A->Y    F     XNOR2x1_ASAP7_75t_SL         1  3.2    25    22     357    (-,-) 
  BF2_2_mul_170_29_g17801/Y     -       A->Y    F     XNOR2x1_ASAP7_75t_SL         2  3.8    26    22     379    (-,-) 
  BF2_2_mul_170_29_g17710/Y     -       A->Y    R     XOR2x2_ASAP7_75t_SL          1  2.5    16    28     406    (-,-) 
  BF2_2_mul_170_29_g17614/Y     -       B->Y    R     XNOR2x2_ASAP7_75t_SL         2  4.4    20    23     429    (-,-) 
  BF2_2_mul_170_29_g17548/Y     -       B->Y    R     AND2x4_ASAP7_75t_SL          3  5.5    14    18     447    (-,-) 
  BF2_2_mul_170_29_g17467/Y     -       A->Y    F     NOR2x1p5_ASAP7_75t_SL        1  2.6    15    10     457    (-,-) 
  BF2_2_mul_170_29_g17429/Y     -       A->Y    F     AND2x4_ASAP7_75t_SL          2  5.1    11    18     474    (-,-) 
  BF2_2_mul_170_29_g17410/Y     -       A->Y    R     NAND2x1p5_ASAP7_75t_SL       1  2.1    15    10     485    (-,-) 
  BF2_2_mul_170_29_g17388/Y     -       A2->Y   R     OA22x2_ASAP7_75t_SL          1  2.6    14    19     504    (-,-) 
  BF2_2_mul_170_29_g17377/Y     -       B->Y    R     AND2x6_ASAP7_75t_SL         14 28.1    37    30     534    (-,-) 
  BF2_2_mul_170_29_fopt19987/Y  -       A->Y    F     INVx4_ASAP7_75t_SL           1  2.7    13     6     540    (-,-) 
  BF2_2_mul_170_29_g17360/Y     -       A1->Y   R     AOI21x1_ASAP7_75t_SL         1  3.2    31    14     554    (-,-) 
  BF2_2_mul_170_29_g17344/Y     -       A->Y    R     XOR2x1_ASAP7_75t_SL          1  2.1    25    19     573    (-,-) 
  BF2_2_barrett_datai_reg[38]/D -       -       R     DFFHQx4_ASAP7_75t_SL         1    -     -     0     573    (-,-) 
#----------------------------------------------------------------------------------------------------------------------



Path 9: VIOLATED (-55 ps) Setup Check with Pin BF2_2_barrett_datai_reg[38]/CLK->D
          Group: clk
     Startpoint: (R) BF1_1_modei_reg[2]/CLK
          Clock: (R) clk
       Endpoint: (R) BF2_2_barrett_datai_reg[38]/D
          Clock: (R) clk

                     Capture       Launch     
        Clock Edge:+     555            0     
       Src Latency:+       0            0     
       Net Latency:+       0 (I)        0 (I) 
           Arrival:=     555            0     
                                              
             Setup:-       9                  
       Uncertainty:-      28                  
     Required Time:=     518                  
      Launch Clock:-       0                  
         Data Path:-     573                  
             Slack:=     -55                  

#---------------------------------------------------------------------------------------------------------------------
#         Timing Point          Flags    Arc    Edge          Cell           Fanout Load Trans Delay Arrival Instance 
#                                                                                   (fF)  (ps)  (ps)   (ps)  Location 
#---------------------------------------------------------------------------------------------------------------------
  BF1_1_modei_reg[2]/CLK        -       -       R     (arrival)                2845    -     0     0       0    (-,-) 
  BF1_1_modei_reg[2]/QN         -       CLK->QN R     DFFHQNx2_ASAP7_75t_SL       1  4.6    28    43      43    (-,-) 
  fopt48617/Y                   -       A->Y    F     INVx5_ASAP7_75t_SL          3  7.5    16     9      52    (-,-) 
  g48620__9945/Y                -       B->Y    R     NAND2x2_ASAP7_75t_SL        1  2.6    17    10      62    (-,-) 
  g48484__1617/Y                -       A->Y    R     OR2x6_ASAP7_75t_SL          5 15.6    23    24      86    (-,-) 
  g41518/Y                      -       A->Y    R     BUFx12f_ASAP7_75t_SL        9 35.3    27    22     108    (-,-) 
  g67378/Y                      -       A->Y    R     BUFx12f_ASAP7_75t_SL       14 19.3    17    18     126    (-,-) 
  g64530__9945/Y                -       B2->Y   R     AO22x2_ASAP7_75t_SL         1  4.0    19    22     148    (-,-) 
  g64525/Y                      -       A->Y    R     BUFx12f_ASAP7_75t_SL       34 56.2    41    28     176    (-,-) 
  BF2_2_mul_170_29_g19907/Y     -       A->Y    F     INVx11_ASAP7_75t_SL        15 21.8    23    12     188    (-,-) 
  BF2_2_mul_170_29_g19642/Y     -       B->Y    R     NAND2x1_ASAP7_75t_L         1  2.1    37    17     205    (-,-) 
  BF2_2_mul_170_29_g19050/Y     -       A1->Y   F     AOI21xp5_ASAP7_75t_SL       1  2.1    32    18     223    (-,-) 
  BF2_2_mul_170_29_g18764/Y     -       B->Y    F     AO21x2_ASAP7_75t_SL         2  3.8    17    24     248    (-,-) 
  BF2_2_mul_170_29_g18699/Y     -       A->Y    R     INVx1_ASAP7_75t_SL          1  2.1    18    12     260    (-,-) 
  BF2_2_mul_170_29_g18513/Y     -       A->Y    R     MAJx2_ASAP7_75t_SL          2  4.2    19    23     282    (-,-) 
  BF2_2_mul_170_29_g18267/Y     -       A->Y    F     XOR2x2_ASAP7_75t_SL         1  2.5    13    21     303    (-,-) 
  BF2_2_mul_170_29_g20039/Y     -       A->Y    R     XOR2x2_ASAP7_75t_SL         2  4.9    21    30     333    (-,-) 
  BF2_2_mul_170_29_g17955/Y     -       A->Y    R     XNOR2x1_ASAP7_75t_SL        1  2.4    24    19     352    (-,-) 
  BF2_2_mul_170_29_g17839/Y     -       A->Y    F     XOR2x2_ASAP7_75t_SL         2  4.5    19    24     376    (-,-) 
  BF2_2_mul_170_29_g17612/Y     -       B->Y    R     XOR2x2_ASAP7_75t_SL         1  3.1    16    28     404    (-,-) 
  BF2_2_mul_170_29_g17528/Y     -       A->Y    R     XNOR2x1_ASAP7_75t_SL        2  3.9    32    20     425    (-,-) 
  BF2_2_mul_170_29_g17472/Y     -       B->Y    R     AND2x4_ASAP7_75t_SL         3  5.8    15    19     444    (-,-) 
  BF2_2_mul_170_29_g17448/Y     -       A->Y    R     OR2x6_ASAP7_75t_SL          2  5.0    11    17     461    (-,-) 
  BF2_2_mul_170_29_g17430/Y     -       A->Y    F     NOR2x1p5_ASAP7_75t_SL       2  4.5    20    12     474    (-,-) 
  BF2_2_mul_170_29_g17410/Y     -       B->Y    R     NAND2x1p5_ASAP7_75t_SL      1  2.1    15    11     485    (-,-) 
  BF2_2_mul_170_29_g17388/Y     -       A2->Y   R     OA22x2_ASAP7_75t_SL         1  2.6    14    19     504    (-,-) 
  BF2_2_mul_170_29_g17377/Y     -       B->Y    R     AND2x6_ASAP7_75t_SL        14 28.1    37    30     534    (-,-) 
  BF2_2_mul_170_29_fopt19987/Y  -       A->Y    F     INVx4_ASAP7_75t_SL          1  2.7    13     6     540    (-,-) 
  BF2_2_mul_170_29_g17360/Y     -       A1->Y   R     AOI21x1_ASAP7_75t_SL        1  3.2    31    14     554    (-,-) 
  BF2_2_mul_170_29_g17344/Y     -       A->Y    R     XOR2x1_ASAP7_75t_SL         1  2.1    25    19     573    (-,-) 
  BF2_2_barrett_datai_reg[38]/D -       -       R     DFFHQx4_ASAP7_75t_SL        1    -     -     0     573    (-,-) 
#---------------------------------------------------------------------------------------------------------------------



Path 10: VIOLATED (-55 ps) Setup Check with Pin BF2_2_barrett_datai_reg[38]/CLK->D
          Group: clk
     Startpoint: (R) BF1_1_modei_reg[2]/CLK
          Clock: (R) clk
       Endpoint: (F) BF2_2_barrett_datai_reg[38]/D
          Clock: (R) clk

                     Capture       Launch     
        Clock Edge:+     555            0     
       Src Latency:+       0            0     
       Net Latency:+       0 (I)        0 (I) 
           Arrival:=     555            0     
                                              
             Setup:-       7                  
       Uncertainty:-      28                  
     Required Time:=     520                  
      Launch Clock:-       0                  
         Data Path:-     575                  
             Slack:=     -55                  

#----------------------------------------------------------------------------------------------------------------------
#         Timing Point          Flags    Arc    Edge          Cell            Fanout Load Trans Delay Arrival Instance 
#                                                                                    (fF)  (ps)  (ps)   (ps)  Location 
#----------------------------------------------------------------------------------------------------------------------
  BF1_1_modei_reg[2]/CLK        -       -       R     (arrival)                 2845    -     0     0       0    (-,-) 
  BF1_1_modei_reg[2]/QN         -       CLK->QN R     DFFHQNx2_ASAP7_75t_SL        1  4.6    28    43      43    (-,-) 
  fopt48617/Y                   -       A->Y    F     INVx5_ASAP7_75t_SL           3  7.5    16     9      52    (-,-) 
  g48620__9945/Y                -       B->Y    R     NAND2x2_ASAP7_75t_SL         1  2.6    17    10      62    (-,-) 
  g48484__1617/Y                -       A->Y    R     OR2x6_ASAP7_75t_SL           5 15.6    23    24      86    (-,-) 
  g41518/Y                      -       A->Y    R     BUFx12f_ASAP7_75t_SL         9 35.3    27    22     108    (-,-) 
  g67416/Y                      -       A->Y    R     BUFx12f_ASAP7_75t_SL        12 17.9    16    18     126    (-,-) 
  g64340__7410/Y                -       A1->Y   R     OA22x2_ASAP7_75t_SL          1  6.5    26    26     152    (-,-) 
  g64336/Y                      -       A->Y    F     INVx8_ASAP7_75t_SL          14 32.3    30    17     169    (-,-) 
  BF2_2_mul_170_29_g19831/Y     -       A->Y    R     CKINVDCx20_ASAP7_75t_SL      8 11.1    13    10     179    (-,-) 
  BF2_2_mul_170_29_g19455/Y     -       B2->Y   R     AO22x1_ASAP7_75t_SL          2  4.0    31    26     205    (-,-) 
  BF2_2_mul_170_29_g18767/Y     -       A1->Y   F     AOI22x1_ASAP7_75t_SL         2  3.8    38    14     219    (-,-) 
  BF2_2_mul_170_29_g18682/Y     -       B->Y    F     OR2x2_ASAP7_75t_SL           2  3.9    16    25     244    (-,-) 
  BF2_2_mul_170_29_g18449/Y     -       A->Y    F     MAJx2_ASAP7_75t_SL           2  4.0    18    24     268    (-,-) 
  BF2_2_mul_170_29_g18190/Y     -       B->Y    R     XOR2x2_ASAP7_75t_SL          1  3.2    16    28     297    (-,-) 
  BF2_2_mul_170_29_g18049/Y     -       B->Y    R     XNOR2x1_ASAP7_75t_SL         2  3.7    32    19     316    (-,-) 
  BF2_2_mul_170_29_g17932/Y     -       A->Y    F     XOR2x2_ASAP7_75t_SL          2  4.3    18    24     341    (-,-) 
  BF2_2_mul_170_29_g17794/Y     -       A->Y    R     XOR2x2_ASAP7_75t_SL          1  3.1    16    28     368    (-,-) 
  BF2_2_mul_170_29_g17706/Y     -       A->Y    R     XNOR2x1_ASAP7_75t_SL         1  2.4    25    18     386    (-,-) 
  BF2_2_mul_170_29_g20015/Y     -       A->Y    F     XOR2x2_ASAP7_75t_SL          2  3.9    16    23     410    (-,-) 
  BF2_2_mul_170_29_g17550/Y     -       B->Y    F     AND2x4_ASAP7_75t_SL          4 10.0    18    20     430    (-,-) 
  BF2_2_mul_170_29_g17516/Y     -       A->Y    R     NOR3x2_ASAP7_75t_SL          1  3.1    19    11     441    (-,-) 
  BF2_2_mul_170_29_g17456/Y     -       A->Y    F     NAND4xp75_ASAP7_75t_SL       1  2.4    27    13     454    (-,-) 
  BF2_2_mul_170_29_g17401/Y     -       A1->Y   F     OA221x2_ASAP7_75t_SL         2  3.5    18    31     486    (-,-) 
  BF2_2_mul_170_29_g17388/Y     -       A1->Y   F     OA22x2_ASAP7_75t_SL          1  2.6    14    20     506    (-,-) 
  BF2_2_mul_170_29_g17377/Y     -       B->Y    F     AND2x6_ASAP7_75t_SL         14 28.2    30    29     535    (-,-) 
  BF2_2_mul_170_29_fopt19987/Y  -       A->Y    R     INVx4_ASAP7_75t_SL           1  2.7    13     8     543    (-,-) 
  BF2_2_mul_170_29_g17360/Y     -       A1->Y   F     AOI21x1_ASAP7_75t_SL         1  3.2    25    12     555    (-,-) 
  BF2_2_mul_170_29_g17344/Y     -       A->Y    F     XOR2x1_ASAP7_75t_SL          1  2.1    24    20     575    (-,-) 
  BF2_2_barrett_datai_reg[38]/D -       -       F     DFFHQx4_ASAP7_75t_SL         1    -     -     0     575    (-,-) 
#----------------------------------------------------------------------------------------------------------------------



Path 11: VIOLATED (-55 ps) Setup Check with Pin BF2_2_barrett_datai_reg[38]/CLK->D
          Group: clk
     Startpoint: (R) BF1_1_modei_reg[2]/CLK
          Clock: (R) clk
       Endpoint: (F) BF2_2_barrett_datai_reg[38]/D
          Clock: (R) clk

                     Capture       Launch     
        Clock Edge:+     555            0     
       Src Latency:+       0            0     
       Net Latency:+       0 (I)        0 (I) 
           Arrival:=     555            0     
                                              
             Setup:-       7                  
       Uncertainty:-      28                  
     Required Time:=     520                  
      Launch Clock:-       0                  
         Data Path:-     575                  
             Slack:=     -55                  

#----------------------------------------------------------------------------------------------------------------------
#         Timing Point          Flags    Arc    Edge          Cell            Fanout Load Trans Delay Arrival Instance 
#                                                                                    (fF)  (ps)  (ps)   (ps)  Location 
#----------------------------------------------------------------------------------------------------------------------
  BF1_1_modei_reg[2]/CLK        -       -       R     (arrival)                 2845    -     0     0       0    (-,-) 
  BF1_1_modei_reg[2]/QN         -       CLK->QN F     DFFHQNx2_ASAP7_75t_SL        1  4.6    28    41      41    (-,-) 
  fopt48617/Y                   -       A->Y    R     INVx5_ASAP7_75t_SL           3  7.5    18    12      53    (-,-) 
  g48620__9945/Y                -       B->Y    F     NAND2x2_ASAP7_75t_SL         1  2.6    13     7      60    (-,-) 
  g48484__1617/Y                -       A->Y    F     OR2x6_ASAP7_75t_SL           5 15.6    22    26      86    (-,-) 
  g41518/Y                      -       A->Y    F     BUFx12f_ASAP7_75t_SL         9 35.3    23    23     108    (-,-) 
  g67382/Y                      -       A->Y    R     INVx11_ASAP7_75t_SL         16 29.5    26    16     124    (-,-) 
  g67380/Y                      -       A->Y    F     INVx8_ASAP7_75t_SL           6 10.7    15     8     132    (-,-) 
  g64297__5107/Y                -       B2->Y   F     AO22x2_ASAP7_75t_SL          1  4.0    18    23     156    (-,-) 
  g64294/Y                      -       A->Y    F     BUFx12f_ASAP7_75t_SL        13 29.7    20    21     176    (-,-) 
  BF2_2_mul_170_29_g19825/Y     -       A->Y    R     CKINVDCx16_ASAP7_75t_SL      8 11.9    12     9     185    (-,-) 
  BF2_2_mul_170_29_g19320/Y     -       B2->Y   R     AO22x2_ASAP7_75t_SL          2  3.5    18    20     205    (-,-) 
  BF2_2_mul_170_29_g19152/Y     -       A->Y    F     INVx1_ASAP7_75t_SL           1  2.1    16    10     215    (-,-) 
  BF2_2_mul_170_29_g18948/Y     -       B2->Y   F     OA22x2_ASAP7_75t_SL          2  3.9    19    24     239    (-,-) 
  BF2_2_mul_170_29_g18562/Y     -       A->Y    R     XNOR2x2_ASAP7_75t_SL         1  2.5    16    22     261    (-,-) 
  BF2_2_mul_170_29_g18318/Y     -       B->Y    F     XNOR2x2_ASAP7_75t_SL         2  5.1    19    30     291    (-,-) 
  BF2_2_mul_170_29_g18175/Y     -       A->Y    F     XNOR2x1_ASAP7_75t_SL         1  3.2    23    20     311    (-,-) 
  BF2_2_mul_170_29_g20036/Y     -       A->Y    F     XNOR2x1_ASAP7_75t_SL         2  5.0    30    24     335    (-,-) 
  BF2_2_mul_170_29_g17880/Y     -       A->Y    F     XNOR2x1_ASAP7_75t_SL         1  3.2    25    22     357    (-,-) 
  BF2_2_mul_170_29_g17801/Y     -       A->Y    F     XNOR2x1_ASAP7_75t_SL         2  3.8    26    22     379    (-,-) 
  BF2_2_mul_170_29_g17710/Y     -       A->Y    R     XOR2x2_ASAP7_75t_SL          1  2.5    16    28     406    (-,-) 
  BF2_2_mul_170_29_g17614/Y     -       B->Y    F     XNOR2x2_ASAP7_75t_SL         2  4.4    18    29     435    (-,-) 
  BF2_2_mul_170_29_g17548/Y     -       B->Y    F     AND2x4_ASAP7_75t_SL          3  5.6    12    18     453    (-,-) 
  BF2_2_mul_170_29_g17467/Y     -       A->Y    R     NOR2x1p5_ASAP7_75t_SL        1  2.6    16    10     463    (-,-) 
  BF2_2_mul_170_29_g17429/Y     -       A->Y    R     AND2x4_ASAP7_75t_SL          2  5.1    13    16     479    (-,-) 
  BF2_2_mul_170_29_g17410/Y     -       A->Y    F     NAND2x1p5_ASAP7_75t_SL       1  2.1    15     7     485    (-,-) 
  BF2_2_mul_170_29_g17388/Y     -       A2->Y   F     OA22x2_ASAP7_75t_SL          1  2.6    14    20     506    (-,-) 
  BF2_2_mul_170_29_g17377/Y     -       B->Y    F     AND2x6_ASAP7_75t_SL         14 28.2    30    29     535    (-,-) 
  BF2_2_mul_170_29_fopt19987/Y  -       A->Y    R     INVx4_ASAP7_75t_SL           1  2.7    13     8     543    (-,-) 
  BF2_2_mul_170_29_g17360/Y     -       A1->Y   F     AOI21x1_ASAP7_75t_SL         1  3.2    25    12     555    (-,-) 
  BF2_2_mul_170_29_g17344/Y     -       A->Y    F     XOR2x1_ASAP7_75t_SL          1  2.1    24    20     575    (-,-) 
  BF2_2_barrett_datai_reg[38]/D -       -       F     DFFHQx4_ASAP7_75t_SL         1    -     -     0     575    (-,-) 
#----------------------------------------------------------------------------------------------------------------------



Path 12: VIOLATED (-55 ps) Setup Check with Pin BF2_1_barrett_datai_reg[38]/CLK->D
          Group: clk
     Startpoint: (R) BF1_1_modei_reg[2]/CLK
          Clock: (R) clk
       Endpoint: (R) BF2_1_barrett_datai_reg[38]/D
          Clock: (R) clk

                     Capture       Launch     
        Clock Edge:+     555            0     
       Src Latency:+       0            0     
       Net Latency:+       0 (I)        0 (I) 
           Arrival:=     555            0     
                                              
             Setup:-       9                  
       Uncertainty:-      28                  
     Required Time:=     518                  
      Launch Clock:-       0                  
         Data Path:-     573                  
             Slack:=     -55                  

#--------------------------------------------------------------------------------------------------------------------
#         Timing Point          Flags    Arc    Edge         Cell           Fanout Load Trans Delay Arrival Instance 
#                                                                                  (fF)  (ps)  (ps)   (ps)  Location 
#--------------------------------------------------------------------------------------------------------------------
  BF1_1_modei_reg[2]/CLK        -       -       R     (arrival)               2845    -     0     0       0    (-,-) 
  BF1_1_modei_reg[2]/QN         -       CLK->QN F     DFFHQNx2_ASAP7_75t_SL      1  4.6    28    41      41    (-,-) 
  fopt48617/Y                   -       A->Y    R     INVx5_ASAP7_75t_SL         3  7.5    18    12      53    (-,-) 
  g48620__9945/Y                -       B->Y    F     NAND2x2_ASAP7_75t_SL       1  2.6    13     7      60    (-,-) 
  g48484__1617/Y                -       A->Y    F     OR2x6_ASAP7_75t_SL         5 15.6    22    26      86    (-,-) 
  g41518/Y                      -       A->Y    F     BUFx12f_ASAP7_75t_SL       9 35.3    23    23     108    (-,-) 
  g67419/Y                      -       A->Y    R     INVx4_ASAP7_75t_SL         5  9.9    22    14     122    (-,-) 
  g67418/Y                      -       A->Y    F     INVx5_ASAP7_75t_SL         4  6.1    13     8     130    (-,-) 
  g66482/Y                      -       B2->Y   F     AO22x2_ASAP7_75t_SL        1  4.0    17    22     152    (-,-) 
  g66396/Y                      -       A->Y    F     BUFx12f_ASAP7_75t_SL      14 23.8    17    19     172    (-,-) 
  BF2_1_mul_170_29_g19216/Y     -       A->Y    R     XOR2x2_ASAP7_75t_SL        2  4.1    19    29     201    (-,-) 
  BF2_1_mul_170_29_g19110/Y     -       A->Y    F     INVx1_ASAP7_75t_SL         1  2.1    16    10     211    (-,-) 
  BF2_1_mul_170_29_g18849/Y     -       B2->Y   R     OAI22xp5_ASAP7_75t_SL      2  4.2    70    31     242    (-,-) 
  BF2_1_mul_170_29_g18634/Y     -       A->Y    F     XOR2x2_ASAP7_75t_SL        1  2.5    15    24     265    (-,-) 
  BF2_1_mul_170_29_g18343/Y     -       A->Y    R     XOR2x2_ASAP7_75t_SL        2  4.6    22    29     295    (-,-) 
  BF2_1_mul_170_29_g18292/Y     -       A->Y    F     INVx1_ASAP7_75t_SL         1  2.1    17    11     305    (-,-) 
  BF2_1_mul_170_29_g18122/Y     -       A->Y    F     MAJx2_ASAP7_75t_SL         2  4.5    18    25     330    (-,-) 
  BF2_1_mul_170_29_g17928/Y     -       B->Y    F     MAJx2_ASAP7_75t_SL         2  4.5    18    27     357    (-,-) 
  BF2_1_mul_170_29_g17679/Y     -       B->Y    R     XOR2x2_ASAP7_75t_SL        1  2.6    14    27     384    (-,-) 
  BF2_1_mul_170_29_g17608/Y     -       B->Y    F     XOR2x2_ASAP7_75t_SL        2  3.8    16    22     406    (-,-) 
  BF2_1_mul_170_29_g17575/Y     -       A->Y    F     OR2x6_ASAP7_75t_SL         4  9.1    15    23     429    (-,-) 
  BF2_1_mul_170_29_g17480/Y     -       A1->Y   F     AO21x2_ASAP7_75t_SL        1  2.7    13    21     450    (-,-) 
  BF2_1_mul_170_29_g17439/Y     -       B->Y    R     AOI21x1_ASAP7_75t_SL       1  2.5    25    14     463    (-,-) 
  BF2_1_mul_170_29_g17401/Y     -       C->Y    R     OA221x2_ASAP7_75t_SL       2  3.5    17    20     484    (-,-) 
  BF2_1_mul_170_29_g17388/Y     -       A1->Y   R     OA22x2_ASAP7_75t_SL        1  2.6    14    20     504    (-,-) 
  BF2_1_mul_170_29_g17377/Y     -       B->Y    R     AND2x6_ASAP7_75t_SL       14 28.2    37    30     534    (-,-) 
  BF2_1_mul_170_29_fopt19987/Y  -       A->Y    F     INVx4_ASAP7_75t_SL         1  2.7    13     6     540    (-,-) 
  BF2_1_mul_170_29_g17360/Y     -       A1->Y   R     AOI21x1_ASAP7_75t_SL       1  3.2    31    14     554    (-,-) 
  BF2_1_mul_170_29_g17344/Y     -       A->Y    R     XOR2x1_ASAP7_75t_SL        1  2.1    25    19     573    (-,-) 
  BF2_1_barrett_datai_reg[38]/D -       -       R     DFFHQx4_ASAP7_75t_SL       1    -     -     0     573    (-,-) 
#--------------------------------------------------------------------------------------------------------------------



Path 13: VIOLATED (-55 ps) Setup Check with Pin BF2_1_barrett_datai_reg[38]/CLK->D
          Group: clk
     Startpoint: (R) BF1_1_modei_reg[2]/CLK
          Clock: (R) clk
       Endpoint: (F) BF2_1_barrett_datai_reg[38]/D
          Clock: (R) clk

                     Capture       Launch     
        Clock Edge:+     555            0     
       Src Latency:+       0            0     
       Net Latency:+       0 (I)        0 (I) 
           Arrival:=     555            0     
                                              
             Setup:-       7                  
       Uncertainty:-      28                  
     Required Time:=     520                  
      Launch Clock:-       0                  
         Data Path:-     575                  
             Slack:=     -55                  

#---------------------------------------------------------------------------------------------------------------------
#         Timing Point          Flags    Arc    Edge          Cell           Fanout Load Trans Delay Arrival Instance 
#                                                                                   (fF)  (ps)  (ps)   (ps)  Location 
#---------------------------------------------------------------------------------------------------------------------
  BF1_1_modei_reg[2]/CLK        -       -       R     (arrival)                2845    -     0     0       0    (-,-) 
  BF1_1_modei_reg[2]/QN         -       CLK->QN R     DFFHQNx2_ASAP7_75t_SL       1  4.6    28    43      43    (-,-) 
  fopt48617/Y                   -       A->Y    F     INVx5_ASAP7_75t_SL          3  7.5    16     9      52    (-,-) 
  g48620__9945/Y                -       B->Y    R     NAND2x2_ASAP7_75t_SL        1  2.6    17    10      62    (-,-) 
  g48484__1617/Y                -       A->Y    R     OR2x6_ASAP7_75t_SL          5 15.6    23    24      86    (-,-) 
  g41518/Y                      -       A->Y    R     BUFx12f_ASAP7_75t_SL        9 35.3    27    22     108    (-,-) 
  g67419/Y                      -       A->Y    F     INVx4_ASAP7_75t_SL          5  9.9    20    12     120    (-,-) 
  g67418/Y                      -       A->Y    R     INVx5_ASAP7_75t_SL          4  6.1    14     9     130    (-,-) 
  g66482/Y                      -       B2->Y   R     AO22x2_ASAP7_75t_SL         1  4.0    19    21     151    (-,-) 
  g66396/Y                      -       A->Y    R     BUFx12f_ASAP7_75t_SL       14 23.7    19    19     170    (-,-) 
  BF2_1_mul_170_29_g19669/Y     -       A->Y    F     INVx6_ASAP7_75t_SL          8 11.1    15    10     179    (-,-) 
  BF2_1_mul_170_29_g19547/Y     -       A2->Y   F     OA22x2_ASAP7_75t_SL         2  3.4    16    22     201    (-,-) 
  BF2_1_mul_170_29_g19005/Y     -       A2->Y   R     OAI22xp5_ASAP7_75t_SL       2  4.4    71    31     232    (-,-) 
  BF2_1_mul_170_29_g18646/Y     -       B->Y    F     XOR2xp5_ASAP7_75t_SL        1  2.5    45    25     257    (-,-) 
  BF2_1_mul_170_29_g18367/Y     -       A->Y    F     XOR2x2_ASAP7_75t_SL         2  4.1    18    30     287    (-,-) 
  BF2_1_mul_170_29_g18148/Y     -       B->Y    F     MAJx2_ASAP7_75t_SL          2  4.5    18    27     314    (-,-) 
  BF2_1_mul_170_29_g17932/Y     -       B->Y    R     XOR2x2_ASAP7_75t_SL         2  4.2    19    30     344    (-,-) 
  BF2_1_mul_170_29_g17794/Y     -       A->Y    F     XOR2x2_ASAP7_75t_SL         1  3.2    15    22     366    (-,-) 
  BF2_1_mul_170_29_g17706/Y     -       B->Y    F     XNOR2x1_ASAP7_75t_SL        1  2.5    19    18     384    (-,-) 
  BF2_1_mul_170_29_g20027/Y     -       A->Y    F     XOR2x2_ASAP7_75t_SL         2  3.9    16    25     409    (-,-) 
  BF2_1_mul_170_29_g17550/Y     -       B->Y    F     AND2x4_ASAP7_75t_SL         4 10.6    18    21     430    (-,-) 
  BF2_1_mul_170_29_g17516/Y     -       A->Y    R     NOR3x2_ASAP7_75t_SL         1  3.1    20    11     441    (-,-) 
  BF2_1_mul_170_29_g17456/Y     -       A->Y    F     NAND4xp75_ASAP7_75t_SL      1  2.4    27    14     454    (-,-) 
  BF2_1_mul_170_29_g17401/Y     -       A1->Y   F     OA221x2_ASAP7_75t_SL        2  3.5    18    31     486    (-,-) 
  BF2_1_mul_170_29_g17388/Y     -       A1->Y   F     OA22x2_ASAP7_75t_SL         1  2.6    14    20     506    (-,-) 
  BF2_1_mul_170_29_g17377/Y     -       B->Y    F     AND2x6_ASAP7_75t_SL        14 28.1    30    29     535    (-,-) 
  BF2_1_mul_170_29_fopt19987/Y  -       A->Y    R     INVx4_ASAP7_75t_SL          1  2.7    13     8     543    (-,-) 
  BF2_1_mul_170_29_g17360/Y     -       A1->Y   F     AOI21x1_ASAP7_75t_SL        1  3.2    25    12     555    (-,-) 
  BF2_1_mul_170_29_g17344/Y     -       A->Y    F     XOR2x1_ASAP7_75t_SL         1  2.1    24    20     575    (-,-) 
  BF2_1_barrett_datai_reg[38]/D -       -       F     DFFHQx4_ASAP7_75t_SL        1    -     -     0     575    (-,-) 
#---------------------------------------------------------------------------------------------------------------------



Path 14: VIOLATED (-55 ps) Setup Check with Pin BF1_2_barrett_datai_reg[43]/CLK->D
          Group: clk
     Startpoint: (R) BF1_1_modei_reg[2]/CLK
          Clock: (R) clk
       Endpoint: (R) BF1_2_barrett_datai_reg[43]/D
          Clock: (R) clk

                     Capture       Launch     
        Clock Edge:+     555            0     
       Src Latency:+       0            0     
       Net Latency:+       0 (I)        0 (I) 
           Arrival:=     555            0     
                                              
             Setup:-      10                  
       Uncertainty:-      28                  
     Required Time:=     517                  
      Launch Clock:-       0                  
         Data Path:-     572                  
             Slack:=     -55                  

#--------------------------------------------------------------------------------------------------------------------
#         Timing Point          Flags    Arc    Edge         Cell           Fanout Load Trans Delay Arrival Instance 
#                                                                                  (fF)  (ps)  (ps)   (ps)  Location 
#--------------------------------------------------------------------------------------------------------------------
  BF1_1_modei_reg[2]/CLK        -       -       R     (arrival)               2845    -     0     0       0    (-,-) 
  BF1_1_modei_reg[2]/QN         -       CLK->QN F     DFFHQNx2_ASAP7_75t_SL      1  4.6    28    41      41    (-,-) 
  fopt48617/Y                   -       A->Y    R     INVx5_ASAP7_75t_SL         3  7.5    18    12      53    (-,-) 
  g48620__9945/Y                -       B->Y    F     NAND2x2_ASAP7_75t_SL       1  2.6    13     7      60    (-,-) 
  g48484__1617/Y                -       A->Y    F     OR2x6_ASAP7_75t_SL         5 15.6    22    26      86    (-,-) 
  g48989/Y                      -       A->Y    F     BUFx12f_ASAP7_75t_SL       6 17.7    14    18     104    (-,-) 
  g48988/Y                      -       A->Y    F     BUFx12f_ASAP7_75t_SL      11 22.8    16    18     122    (-,-) 
  g67723/Y                      -       A2->Y   F     OA22x2_ASAP7_75t_SL        1  6.5    23    27     149    (-,-) 
  g67716/Y                      -       A->Y    R     INVx8_ASAP7_75t_SL        14 26.5    29    17     166    (-,-) 
  BF1_2_mul_170_29_g18941/Y     -       A->Y    F     INVx6_ASAP7_75t_SL         7 11.7    18    11     177    (-,-) 
  BF1_2_mul_170_29_g18329/Y     -       B1->Y   R     AOI22xp5_ASAP7_75t_SL      2  3.5    55    28     205    (-,-) 
  BF1_2_mul_170_29_g18202/Y     -       A->Y    F     INVx1_ASAP7_75t_SL         1  2.1    25    13     218    (-,-) 
  BF1_2_mul_170_29_g17911/Y     -       A2->Y   R     AOI22xp5_ASAP7_75t_SL      2  3.7    58    28     246    (-,-) 
  BF1_2_mul_170_29_g17514/Y     -       A->Y    R     MAJx2_ASAP7_75t_SL         2  4.0    20    26     273    (-,-) 
  BF1_2_mul_170_29_g17500/Y     -       A->Y    F     INVx1_ASAP7_75t_SL         1  2.1    16    10     283    (-,-) 
  BF1_2_mul_170_29_g17366/Y     -       A->Y    F     MAJx2_ASAP7_75t_SL         2  5.1    21    26     309    (-,-) 
  BF1_2_mul_170_29_g17035/Y     -       B->Y    F     XNOR2x1_ASAP7_75t_SL       1  3.2    24    21     330    (-,-) 
  BF1_2_mul_170_29_g16933/Y     -       A->Y    F     XNOR2x1_ASAP7_75t_SL       2  3.8    26    22     351    (-,-) 
  BF1_2_mul_170_29_g16810/Y     -       C->Y    F     MAJx2_ASAP7_75t_SL         3  6.4    23    28     380    (-,-) 
  BF1_2_mul_170_29_g16704/Y     -       A->Y    F     XOR2x1_ASAP7_75t_SL        1  2.6    22    20     400    (-,-) 
  BF1_2_mul_170_29_g16619/Y     -       A->Y    R     XNOR2x2_ASAP7_75t_SL       2  4.4    20    26     426    (-,-) 
  BF1_2_mul_170_29_g19083/Y     -       B->Y    R     OR2x2_ASAP7_75t_SL         2  3.1    14    18     445    (-,-) 
  BF1_2_mul_170_29_g16533/Y     -       A1->Y   R     OA21x2_ASAP7_75t_SL        2  4.2    19    21     466    (-,-) 
  BF1_2_mul_170_29_g16517/Y     -       B->Y    F     OAI21x1_ASAP7_75t_SL       2  3.5    25    14     480    (-,-) 
  BF1_2_mul_170_29_g16491/Y     -       A2->Y   F     AO21x2_ASAP7_75t_SL        1  2.6    13    22     502    (-,-) 
  BF1_2_mul_170_29_g16477/Y     -       B->Y    F     OR2x6_ASAP7_75t_SL        13 27.7    32    31     532    (-,-) 
  BF1_2_mul_170_29_g16476/Y     -       A->Y    R     INVx5_ASAP7_75t_SL         2  4.2    14     9     542    (-,-) 
  BF1_2_mul_170_29_g16457/Y     -       A2->Y   F     OAI21x1_ASAP7_75t_SL       1  2.5    19    10     552    (-,-) 
  BF1_2_mul_170_29_g16436/Y     -       B->Y    R     XNOR2xp5_ASAP7_75t_SL      1  2.1    39    20     572    (-,-) 
  BF1_2_barrett_datai_reg[43]/D -       -       R     DFFHQx4_ASAP7_75t_SL       1    -     -     0     572    (-,-) 
#--------------------------------------------------------------------------------------------------------------------



Path 15: VIOLATED (-55 ps) Setup Check with Pin BF2_2_barrett_datai_reg[38]/CLK->D
          Group: clk
     Startpoint: (R) BF1_1_modei_reg[2]/CLK
          Clock: (R) clk
       Endpoint: (R) BF2_2_barrett_datai_reg[38]/D
          Clock: (R) clk

                     Capture       Launch     
        Clock Edge:+     555            0     
       Src Latency:+       0            0     
       Net Latency:+       0 (I)        0 (I) 
           Arrival:=     555            0     
                                              
             Setup:-       9                  
       Uncertainty:-      28                  
     Required Time:=     518                  
      Launch Clock:-       0                  
         Data Path:-     573                  
             Slack:=     -55                  

#---------------------------------------------------------------------------------------------------------------------
#         Timing Point          Flags    Arc    Edge          Cell           Fanout Load Trans Delay Arrival Instance 
#                                                                                   (fF)  (ps)  (ps)   (ps)  Location 
#---------------------------------------------------------------------------------------------------------------------
  BF1_1_modei_reg[2]/CLK        -       -       R     (arrival)                2845    -     0     0       0    (-,-) 
  BF1_1_modei_reg[2]/QN         -       CLK->QN R     DFFHQNx2_ASAP7_75t_SL       1  4.6    28    43      43    (-,-) 
  fopt48617/Y                   -       A->Y    F     INVx5_ASAP7_75t_SL          3  7.5    16     9      52    (-,-) 
  g48620__9945/Y                -       B->Y    R     NAND2x2_ASAP7_75t_SL        1  2.6    17    10      62    (-,-) 
  g48484__1617/Y                -       A->Y    R     OR2x6_ASAP7_75t_SL          5 15.6    23    24      86    (-,-) 
  g41518/Y                      -       A->Y    R     BUFx12f_ASAP7_75t_SL        9 35.3    27    22     108    (-,-) 
  g67378/Y                      -       A->Y    R     BUFx12f_ASAP7_75t_SL       14 19.3    17    18     126    (-,-) 
  g64314__8246/Y                -       B2->Y   R     AO22x2_ASAP7_75t_SL         1  4.0    19    22     148    (-,-) 
  g64313/Y                      -       A->Y    R     BUFx12f_ASAP7_75t_SL       14 26.6    21    20     168    (-,-) 
  BF2_2_mul_170_29_g19685/Y     -       A->Y    F     INVx8_ASAP7_75t_SL          9 14.0    16    10     177    (-,-) 
  BF2_2_mul_170_29_g19516/Y     -       A2->Y   F     OA22x2_ASAP7_75t_SL         2  4.2    18    23     200    (-,-) 
  BF2_2_mul_170_29_g19370/Y     -       A->Y    R     INVx1_ASAP7_75t_SL          1  2.6    22    14     214    (-,-) 
  BF2_2_mul_170_29_g18780/Y     -       B1->Y   F     AOI22x1_ASAP7_75t_SL        2  4.3    38    15     229    (-,-) 
  BF2_2_mul_170_29_g18436/Y     -       B->Y    F     MAJx2_ASAP7_75t_SL          2  4.5    19    31     260    (-,-) 
  BF2_2_mul_170_29_g18266/Y     -       B->Y    R     XOR2x2_ASAP7_75t_SL         1  2.6    14    28     288    (-,-) 
  BF2_2_mul_170_29_g18102/Y     -       B->Y    F     XOR2x2_ASAP7_75t_SL         2  4.5    18    23     310    (-,-) 
  BF2_2_mul_170_29_g17954/Y     -       A->Y    F     XNOR2x1_ASAP7_75t_SL        1  3.2    23    20     330    (-,-) 
  BF2_2_mul_170_29_g20028/Y     -       A->Y    F     XNOR2x1_ASAP7_75t_SL        2  4.0    26    22     352    (-,-) 
  BF2_2_mul_170_29_g17719/Y     -       C->Y    F     MAJx2_ASAP7_75t_SL          2  4.3    18    26     378    (-,-) 
  BF2_2_mul_170_29_g17611/Y     -       A->Y    R     XOR2x2_ASAP7_75t_SL         1  2.6    14    27     404    (-,-) 
  BF2_2_mul_170_29_g17527/Y     -       B->Y    F     XOR2x2_ASAP7_75t_SL         2  4.9    19    23     428    (-,-) 
  BF2_2_mul_170_29_g17488/Y     -       B->Y    R     NOR2x1p5_ASAP7_75t_SL       2  4.0    24    14     442    (-,-) 
  BF2_2_mul_170_29_g17460/Y     -       B->Y    R     OR2x6_ASAP7_75t_SL          2  5.1    12    20     462    (-,-) 
  BF2_2_mul_170_29_g17430/Y     -       B->Y    F     NOR2x1p5_ASAP7_75t_SL       2  4.5    20    12     474    (-,-) 
  BF2_2_mul_170_29_g17410/Y     -       B->Y    R     NAND2x1p5_ASAP7_75t_SL      1  2.1    15    11     484    (-,-) 
  BF2_2_mul_170_29_g17388/Y     -       A2->Y   R     OA22x2_ASAP7_75t_SL         1  2.6    14    19     504    (-,-) 
  BF2_2_mul_170_29_g17377/Y     -       B->Y    R     AND2x6_ASAP7_75t_SL        14 28.1    37    30     534    (-,-) 
  BF2_2_mul_170_29_fopt19987/Y  -       A->Y    F     INVx4_ASAP7_75t_SL          1  2.7    13     6     540    (-,-) 
  BF2_2_mul_170_29_g17360/Y     -       A1->Y   R     AOI21x1_ASAP7_75t_SL        1  3.2    31    14     554    (-,-) 
  BF2_2_mul_170_29_g17344/Y     -       A->Y    R     XOR2x1_ASAP7_75t_SL         1  2.1    25    19     573    (-,-) 
  BF2_2_barrett_datai_reg[38]/D -       -       R     DFFHQx4_ASAP7_75t_SL        1    -     -     0     573    (-,-) 
#---------------------------------------------------------------------------------------------------------------------



Path 16: VIOLATED (-55 ps) Setup Check with Pin BF2_2_barrett_datai_reg[38]/CLK->D
          Group: clk
     Startpoint: (R) BF1_1_modei_reg[2]/CLK
          Clock: (R) clk
       Endpoint: (R) BF2_2_barrett_datai_reg[38]/D
          Clock: (R) clk

                     Capture       Launch     
        Clock Edge:+     555            0     
       Src Latency:+       0            0     
       Net Latency:+       0 (I)        0 (I) 
           Arrival:=     555            0     
                                              
             Setup:-       9                  
       Uncertainty:-      28                  
     Required Time:=     518                  
      Launch Clock:-       0                  
         Data Path:-     573                  
             Slack:=     -55                  

#----------------------------------------------------------------------------------------------------------------------
#         Timing Point          Flags    Arc    Edge          Cell            Fanout Load Trans Delay Arrival Instance 
#                                                                                    (fF)  (ps)  (ps)   (ps)  Location 
#----------------------------------------------------------------------------------------------------------------------
  BF1_1_modei_reg[2]/CLK        -       -       R     (arrival)                 2845    -     0     0       0    (-,-) 
  BF1_1_modei_reg[2]/QN         -       CLK->QN F     DFFHQNx2_ASAP7_75t_SL        1  4.6    28    41      41    (-,-) 
  fopt48617/Y                   -       A->Y    R     INVx5_ASAP7_75t_SL           3  7.5    18    12      53    (-,-) 
  g48620__9945/Y                -       B->Y    F     NAND2x2_ASAP7_75t_SL         1  2.6    13     7      60    (-,-) 
  g48484__1617/Y                -       A->Y    F     OR2x6_ASAP7_75t_SL           5 15.6    22    26      86    (-,-) 
  g41518/Y                      -       A->Y    F     BUFx12f_ASAP7_75t_SL         9 35.3    23    23     108    (-,-) 
  g67422/Y                      -       A->Y    R     INVx5_ASAP7_75t_SL          10 17.8    29    18     126    (-,-) 
  g64340__7410/Y                -       B1->Y   R     OA22x2_ASAP7_75t_SL          1  6.5    26    26     152    (-,-) 
  g64336/Y                      -       A->Y    F     INVx8_ASAP7_75t_SL          14 32.3    30    17     169    (-,-) 
  BF2_2_mul_170_29_g19831/Y     -       A->Y    R     CKINVDCx20_ASAP7_75t_SL      8 11.1    13    10     179    (-,-) 
  BF2_2_mul_170_29_g19313/Y     -       B1->Y   F     AOI22xp5_ASAP7_75t_SL        2  3.4    46    19     198    (-,-) 
  BF2_2_mul_170_29_g18828/Y     -       B1->Y   F     OA22x2_ASAP7_75t_SL          2  5.1    21    29     227    (-,-) 
  BF2_2_mul_170_29_g18628/Y     -       B->Y    F     XNOR2x1_ASAP7_75t_SL         1  2.5    20    19     246    (-,-) 
  BF2_2_mul_170_29_g20056/Y     -       A->Y    R     XOR2x2_ASAP7_75t_SL          2  4.9    21    31     277    (-,-) 
  BF2_2_mul_170_29_g18177/Y     -       A->Y    R     XNOR2x1_ASAP7_75t_SL         1  3.1    28    20     297    (-,-) 
  BF2_2_mul_170_29_g20040/Y     -       A->Y    R     XNOR2x1_ASAP7_75t_SL         2  4.0    34    22     320    (-,-) 
  BF2_2_mul_170_29_g17884/Y     -       B->Y    F     XOR2x2_ASAP7_75t_SL          1  3.2    15    22     341    (-,-) 
  BF2_2_mul_170_29_g17783/Y     -       A->Y    F     XNOR2x1_ASAP7_75t_SL         2  4.6    28    22     363    (-,-) 
  BF2_2_mul_170_29_g17680/Y     -       A->Y    F     XNOR2x1_ASAP7_75t_SL         1  2.5    21    20     383    (-,-) 
  BF2_2_mul_170_29_g20014/Y     -       A->Y    R     XOR2x2_ASAP7_75t_SL          2  4.4    20    30     413    (-,-) 
  BF2_2_mul_170_29_g20006/Y     -       B->Y    F     NOR2x1_ASAP7_75t_SL          2  3.1    24    15     428    (-,-) 
  BF2_2_mul_170_29_g17480/Y     -       A2->Y   F     AO21x2_ASAP7_75t_SL          1  2.7    13    22     450    (-,-) 
  BF2_2_mul_170_29_g17439/Y     -       B->Y    R     AOI21x1_ASAP7_75t_SL         1  2.5    25    14     463    (-,-) 
  BF2_2_mul_170_29_g17401/Y     -       C->Y    R     OA221x2_ASAP7_75t_SL         2  3.5    17    20     484    (-,-) 
  BF2_2_mul_170_29_g17388/Y     -       A1->Y   R     OA22x2_ASAP7_75t_SL          1  2.6    14    20     504    (-,-) 
  BF2_2_mul_170_29_g17377/Y     -       B->Y    R     AND2x6_ASAP7_75t_SL         14 28.1    37    30     534    (-,-) 
  BF2_2_mul_170_29_fopt19987/Y  -       A->Y    F     INVx4_ASAP7_75t_SL           1  2.7    13     6     540    (-,-) 
  BF2_2_mul_170_29_g17360/Y     -       A1->Y   R     AOI21x1_ASAP7_75t_SL         1  3.2    31    14     554    (-,-) 
  BF2_2_mul_170_29_g17344/Y     -       A->Y    R     XOR2x1_ASAP7_75t_SL          1  2.1    25    19     573    (-,-) 
  BF2_2_barrett_datai_reg[38]/D -       -       R     DFFHQx4_ASAP7_75t_SL         1    -     -     0     573    (-,-) 
#----------------------------------------------------------------------------------------------------------------------



Path 17: VIOLATED (-55 ps) Setup Check with Pin BF2_2_barrett_datai_reg[38]/CLK->D
          Group: clk
     Startpoint: (R) BF1_1_modei_reg[2]/CLK
          Clock: (R) clk
       Endpoint: (F) BF2_2_barrett_datai_reg[38]/D
          Clock: (R) clk

                     Capture       Launch     
        Clock Edge:+     555            0     
       Src Latency:+       0            0     
       Net Latency:+       0 (I)        0 (I) 
           Arrival:=     555            0     
                                              
             Setup:-       7                  
       Uncertainty:-      28                  
     Required Time:=     520                  
      Launch Clock:-       0                  
         Data Path:-     575                  
             Slack:=     -55                  

#-------------------------------------------------------------------------------------------------------------------------
#         Timing Point          Flags    Arc    Edge            Cell             Fanout Load Trans Delay Arrival Instance 
#                                                                                       (fF)  (ps)  (ps)   (ps)  Location 
#-------------------------------------------------------------------------------------------------------------------------
  BF1_1_modei_reg[2]/CLK        -       -       R     (arrival)                    2845    -     0     0       0    (-,-) 
  BF1_1_modei_reg[2]/QN         -       CLK->QN R     DFFHQNx2_ASAP7_75t_SL           1  4.6    28    43      43    (-,-) 
  fopt48617/Y                   -       A->Y    F     INVx5_ASAP7_75t_SL              3  7.5    16     9      52    (-,-) 
  g48620__9945/Y                -       B->Y    R     NAND2x2_ASAP7_75t_SL            1  2.6    17    10      62    (-,-) 
  g48484__1617/Y                -       A->Y    R     OR2x6_ASAP7_75t_SL              5 15.6    23    24      86    (-,-) 
  g41518/Y                      -       A->Y    R     BUFx12f_ASAP7_75t_SL            9 35.3    27    22     108    (-,-) 
  g67378/Y                      -       A->Y    R     BUFx12f_ASAP7_75t_SL           14 19.3    17    18     126    (-,-) 
  g64530__9945/Y                -       B2->Y   R     AO22x2_ASAP7_75t_SL             1  4.0    19    22     148    (-,-) 
  g64525/Y                      -       A->Y    R     BUFx12f_ASAP7_75t_SL           34 56.2    41    28     176    (-,-) 
  BF2_2_mul_170_29_g19187/Y     -       B->Y    F     NOR2x1_ASAP7_75t_SL             1  2.1    24    14     190    (-,-) 
  BF2_2_mul_170_29_g19089/Y     -       C->Y    R     O2A1O1Ixp33_ASAP7_75t_L         2  4.4   102    52     242    (-,-) 
  BF2_2_mul_170_29_g18683/Y     -       A->Y    R     OR2x2_ASAP7_75t_SL              2  4.4    22    29     271    (-,-) 
  BF2_2_mul_170_29_g18433/Y     -       A->Y    F     XNOR2x2_ASAP7_75t_SL            1  2.5    14    27     298    (-,-) 
  BF2_2_mul_170_29_g18250/Y     -       A->Y    F     XOR2x2_ASAP7_75t_SL             2  5.1    19    25     324    (-,-) 
  BF2_2_mul_170_29_g17945/Y     -       A->Y    F     XOR2x1_ASAP7_75t_SL             1  2.6    21    20     344    (-,-) 
  BF2_2_mul_170_29_g20026/Y     -       B->Y    R     XOR2x2_ASAP7_75t_SL             2  3.9    18    30     374    (-,-) 
  BF2_2_mul_170_29_g17781/Y     -       B->Y    R     AND2x4_ASAP7_75t_SL             3  4.8    13    17     390    (-,-) 
  BF2_2_mul_170_29_g17684/Y     -       A1->Y   R     AO21x2_ASAP7_75t_SL             2  3.4    16    18     408    (-,-) 
  BF2_2_mul_170_29_g17518/Y     -       A1->Y   F     A2O1A1O1Ixp25_ASAP7_75t_SL      1  2.6    47    22     430    (-,-) 
  BF2_2_mul_170_29_g17490/Y     -       B->Y    F     AND2x4_ASAP7_75t_SL             5  8.0    16    25     455    (-,-) 
  BF2_2_mul_170_29_g17401/Y     -       A2->Y   F     OA221x2_ASAP7_75t_SL            2  3.5    18    30     486    (-,-) 
  BF2_2_mul_170_29_g17388/Y     -       A1->Y   F     OA22x2_ASAP7_75t_SL             1  2.6    14    20     506    (-,-) 
  BF2_2_mul_170_29_g17377/Y     -       B->Y    F     AND2x6_ASAP7_75t_SL            14 28.2    30    29     534    (-,-) 
  BF2_2_mul_170_29_fopt19987/Y  -       A->Y    R     INVx4_ASAP7_75t_SL              1  2.7    13     8     543    (-,-) 
  BF2_2_mul_170_29_g17360/Y     -       A1->Y   F     AOI21x1_ASAP7_75t_SL            1  3.2    25    12     555    (-,-) 
  BF2_2_mul_170_29_g17344/Y     -       A->Y    F     XOR2x1_ASAP7_75t_SL             1  2.1    24    20     575    (-,-) 
  BF2_2_barrett_datai_reg[38]/D -       -       F     DFFHQx4_ASAP7_75t_SL            1    -     -     0     575    (-,-) 
#-------------------------------------------------------------------------------------------------------------------------



Path 18: VIOLATED (-55 ps) Setup Check with Pin BF2_2_barrett_datai_reg[38]/CLK->D
          Group: clk
     Startpoint: (R) BF1_1_modei_reg[2]/CLK
          Clock: (R) clk
       Endpoint: (F) BF2_2_barrett_datai_reg[38]/D
          Clock: (R) clk

                     Capture       Launch     
        Clock Edge:+     555            0     
       Src Latency:+       0            0     
       Net Latency:+       0 (I)        0 (I) 
           Arrival:=     555            0     
                                              
             Setup:-       7                  
       Uncertainty:-      28                  
     Required Time:=     520                  
      Launch Clock:-       0                  
         Data Path:-     575                  
             Slack:=     -55                  

#----------------------------------------------------------------------------------------------------------------------
#         Timing Point          Flags    Arc    Edge          Cell            Fanout Load Trans Delay Arrival Instance 
#                                                                                    (fF)  (ps)  (ps)   (ps)  Location 
#----------------------------------------------------------------------------------------------------------------------
  BF1_1_modei_reg[2]/CLK        -       -       R     (arrival)                 2845    -     0     0       0    (-,-) 
  BF1_1_modei_reg[2]/QN         -       CLK->QN F     DFFHQNx2_ASAP7_75t_SL        1  4.6    28    41      41    (-,-) 
  fopt48617/Y                   -       A->Y    R     INVx5_ASAP7_75t_SL           3  7.5    18    12      53    (-,-) 
  g48620__9945/Y                -       B->Y    F     NAND2x2_ASAP7_75t_SL         1  2.6    13     7      60    (-,-) 
  g48484__1617/Y                -       A->Y    F     OR2x6_ASAP7_75t_SL           5 15.6    22    26      86    (-,-) 
  g41518/Y                      -       A->Y    F     BUFx12f_ASAP7_75t_SL         9 35.3    23    23     108    (-,-) 
  g67382/Y                      -       A->Y    R     INVx11_ASAP7_75t_SL         16 29.5    26    16     124    (-,-) 
  g67380/Y                      -       A->Y    F     INVx8_ASAP7_75t_SL           6 10.7    15     8     132    (-,-) 
  g64297__5107/Y                -       B2->Y   F     AO22x2_ASAP7_75t_SL          1  4.0    18    23     156    (-,-) 
  g64294/Y                      -       A->Y    F     BUFx12f_ASAP7_75t_SL        13 29.7    20    21     176    (-,-) 
  BF2_2_mul_170_29_g19825/Y     -       A->Y    R     CKINVDCx16_ASAP7_75t_SL      8 11.9    12     9     185    (-,-) 
  BF2_2_mul_170_29_g19275/Y     -       A2->Y   F     OAI22x1_ASAP7_75t_SL         2  3.2    37    13     198    (-,-) 
  BF2_2_mul_170_29_g18987/Y     -       B2->Y   F     AO22x2_ASAP7_75t_SL          2  4.3    19    28     226    (-,-) 
  BF2_2_mul_170_29_g18621/Y     -       B->Y    R     XNOR2xp5_ASAP7_75t_L         1  2.6    48    27     253    (-,-) 
  BF2_2_mul_170_29_g20074/Y     -       A->Y    F     XNOR2x2_ASAP7_75t_SL         2  3.9    17    31     284    (-,-) 
  BF2_2_mul_170_29_g18102/Y     -       A->Y    R     XOR2x2_ASAP7_75t_SL          2  4.4    20    30     314    (-,-) 
  BF2_2_mul_170_29_g17954/Y     -       A->Y    R     XNOR2x1_ASAP7_75t_SL         1  3.1    28    20     334    (-,-) 
  BF2_2_mul_170_29_g20028/Y     -       A->Y    R     XNOR2x1_ASAP7_75t_SL         2  4.0    34    22     356    (-,-) 
  BF2_2_mul_170_29_g17719/Y     -       C->Y    R     MAJx2_ASAP7_75t_SL           2  4.2    19    23     379    (-,-) 
  BF2_2_mul_170_29_g17611/Y     -       A->Y    F     XOR2x2_ASAP7_75t_SL          1  2.6    13    21     400    (-,-) 
  BF2_2_mul_170_29_g17527/Y     -       B->Y    R     XOR2x2_ASAP7_75t_SL          2  4.9    22    30     430    (-,-) 
  BF2_2_mul_170_29_g17488/Y     -       B->Y    F     NOR2x1p5_ASAP7_75t_SL        2  4.0    21    13     443    (-,-) 
  BF2_2_mul_170_29_g17460/Y     -       B->Y    F     OR2x6_ASAP7_75t_SL           2  5.1    12    20     463    (-,-) 
  BF2_2_mul_170_29_g17453/Y     -       A->Y    R     INVx2_ASAP7_75t_SL           1  2.6    12     8     472    (-,-) 
  BF2_2_mul_170_29_g17405/Y     -       A2->Y   F     AOI21x1_ASAP7_75t_SL         2  3.4    28    12     483    (-,-) 
  BF2_2_mul_170_29_g17388/Y     -       B1->Y   F     OA22x2_ASAP7_75t_SL          1  2.6    14    23     506    (-,-) 
  BF2_2_mul_170_29_g17377/Y     -       B->Y    F     AND2x6_ASAP7_75t_SL         14 28.2    30    29     534    (-,-) 
  BF2_2_mul_170_29_fopt19987/Y  -       A->Y    R     INVx4_ASAP7_75t_SL           1  2.7    13     8     543    (-,-) 
  BF2_2_mul_170_29_g17360/Y     -       A1->Y   F     AOI21x1_ASAP7_75t_SL         1  3.2    25    12     555    (-,-) 
  BF2_2_mul_170_29_g17344/Y     -       A->Y    F     XOR2x1_ASAP7_75t_SL          1  2.1    24    20     575    (-,-) 
  BF2_2_barrett_datai_reg[38]/D -       -       F     DFFHQx4_ASAP7_75t_SL         1    -     -     0     575    (-,-) 
#----------------------------------------------------------------------------------------------------------------------



Path 19: VIOLATED (-55 ps) Setup Check with Pin BF2_2_barrett_datai_reg[38]/CLK->D
          Group: clk
     Startpoint: (R) BF1_1_modei_reg[2]/CLK
          Clock: (R) clk
       Endpoint: (F) BF2_2_barrett_datai_reg[38]/D
          Clock: (R) clk

                     Capture       Launch     
        Clock Edge:+     555            0     
       Src Latency:+       0            0     
       Net Latency:+       0 (I)        0 (I) 
           Arrival:=     555            0     
                                              
             Setup:-       7                  
       Uncertainty:-      28                  
     Required Time:=     520                  
      Launch Clock:-       0                  
         Data Path:-     575                  
             Slack:=     -55                  

#----------------------------------------------------------------------------------------------------------------------
#         Timing Point          Flags    Arc    Edge          Cell            Fanout Load Trans Delay Arrival Instance 
#                                                                                    (fF)  (ps)  (ps)   (ps)  Location 
#----------------------------------------------------------------------------------------------------------------------
  BF1_1_modei_reg[2]/CLK        -       -       R     (arrival)                 2845    -     0     0       0    (-,-) 
  BF1_1_modei_reg[2]/QN         -       CLK->QN R     DFFHQNx2_ASAP7_75t_SL        1  4.6    28    43      43    (-,-) 
  fopt48617/Y                   -       A->Y    F     INVx5_ASAP7_75t_SL           3  7.5    16     9      52    (-,-) 
  g48620__9945/Y                -       B->Y    R     NAND2x2_ASAP7_75t_SL         1  2.6    17    10      62    (-,-) 
  g48484__1617/Y                -       A->Y    R     OR2x6_ASAP7_75t_SL           5 15.6    23    24      86    (-,-) 
  g41518/Y                      -       A->Y    R     BUFx12f_ASAP7_75t_SL         9 35.3    27    22     108    (-,-) 
  g67416/Y                      -       A->Y    R     BUFx12f_ASAP7_75t_SL        12 17.9    16    18     126    (-,-) 
  g64409__5122/Y                -       A2->Y   R     OA22x2_ASAP7_75t_SL          1  6.5    26    25     151    (-,-) 
  g64401/Y                      -       A->Y    F     INVx8_ASAP7_75t_SL          12 26.7    26    15     166    (-,-) 
  BF2_2_mul_170_29_g19830/Y     -       A->Y    R     CKINVDCx16_ASAP7_75t_SL     12 16.9    16    11     177    (-,-) 
  BF2_2_mul_170_29_g19287/Y     -       B1->Y   F     AOI22xp5_ASAP7_75t_SL        2  3.5    47    19     197    (-,-) 
  BF2_2_mul_170_29_g18773/Y     -       B2->Y   F     OA22x2_ASAP7_75t_SL          2  3.9    18    31     228    (-,-) 
  BF2_2_mul_170_29_g18702/Y     -       A->Y    R     INVx1_ASAP7_75t_SL           1  2.1    19    12     240    (-,-) 
  BF2_2_mul_170_29_g18673/Y     -       B->Y    R     AND2x2_ASAP7_75t_SL          2  3.9    18    20     259    (-,-) 
  BF2_2_mul_170_29_g18397/Y     -       A->Y    F     XNOR2x2_ASAP7_75t_SL         2  5.1    19    30     290    (-,-) 
  BF2_2_mul_170_29_g18159/Y     -       B->Y    F     XNOR2x1_ASAP7_75t_SL         1  3.2    23    21     310    (-,-) 
  BF2_2_mul_170_29_g18016/Y     -       A->Y    F     XNOR2x1_ASAP7_75t_SL         2  3.7    25    22     332    (-,-) 
  BF2_2_mul_170_29_g17885/Y     -       B->Y    R     XNOR2x2_ASAP7_75t_SL         1  3.1    16    25     357    (-,-) 
  BF2_2_mul_170_29_g17776/Y     -       A->Y    R     XNOR2x1_ASAP7_75t_SL         2  3.3    37    20     377    (-,-) 
  BF2_2_mul_170_29_g17741/Y     -       A->Y    R     OR2x2_ASAP7_75t_SL           3  5.9    24    26     403    (-,-) 
  BF2_2_mul_170_29_g17723/Y     -       A->Y    F     INVx3_ASAP7_75t_SL           2  4.2    14     8     411    (-,-) 
  BF2_2_mul_170_29_g17628/Y     -       A->Y    R     NOR3x1_ASAP7_75t_SL          1  3.1    27    14     425    (-,-) 
  BF2_2_mul_170_29_g17561/Y     -       B->Y    F     NAND2x1p5_ASAP7_75t_SL       1  2.6    18     9     435    (-,-) 
  BF2_2_mul_170_29_g17490/Y     -       A->Y    F     AND2x4_ASAP7_75t_SL          5  8.0    16    20     455    (-,-) 
  BF2_2_mul_170_29_g17401/Y     -       A2->Y   F     OA221x2_ASAP7_75t_SL         2  3.5    18    30     486    (-,-) 
  BF2_2_mul_170_29_g17388/Y     -       A1->Y   F     OA22x2_ASAP7_75t_SL          1  2.6    14    20     506    (-,-) 
  BF2_2_mul_170_29_g17377/Y     -       B->Y    F     AND2x6_ASAP7_75t_SL         14 28.2    30    29     534    (-,-) 
  BF2_2_mul_170_29_fopt19987/Y  -       A->Y    R     INVx4_ASAP7_75t_SL           1  2.7    13     8     543    (-,-) 
  BF2_2_mul_170_29_g17360/Y     -       A1->Y   F     AOI21x1_ASAP7_75t_SL         1  3.2    25    12     555    (-,-) 
  BF2_2_mul_170_29_g17344/Y     -       A->Y    F     XOR2x1_ASAP7_75t_SL          1  2.1    24    20     575    (-,-) 
  BF2_2_barrett_datai_reg[38]/D -       -       F     DFFHQx4_ASAP7_75t_SL         1    -     -     0     575    (-,-) 
#----------------------------------------------------------------------------------------------------------------------



Path 20: VIOLATED (-55 ps) Setup Check with Pin BF2_2_barrett_datai_reg[38]/CLK->D
          Group: clk
     Startpoint: (R) BF1_1_modei_reg[2]/CLK
          Clock: (R) clk
       Endpoint: (F) BF2_2_barrett_datai_reg[38]/D
          Clock: (R) clk

                     Capture       Launch     
        Clock Edge:+     555            0     
       Src Latency:+       0            0     
       Net Latency:+       0 (I)        0 (I) 
           Arrival:=     555            0     
                                              
             Setup:-       7                  
       Uncertainty:-      28                  
     Required Time:=     520                  
      Launch Clock:-       0                  
         Data Path:-     575                  
             Slack:=     -55                  

#----------------------------------------------------------------------------------------------------------------------
#         Timing Point          Flags    Arc    Edge          Cell            Fanout Load Trans Delay Arrival Instance 
#                                                                                    (fF)  (ps)  (ps)   (ps)  Location 
#----------------------------------------------------------------------------------------------------------------------
  BF1_1_modei_reg[2]/CLK        -       -       R     (arrival)                 2845    -     0     0       0    (-,-) 
  BF1_1_modei_reg[2]/QN         -       CLK->QN R     DFFHQNx2_ASAP7_75t_SL        1  4.6    28    43      43    (-,-) 
  fopt48617/Y                   -       A->Y    F     INVx5_ASAP7_75t_SL           3  7.5    16     9      52    (-,-) 
  g48620__9945/Y                -       B->Y    R     NAND2x2_ASAP7_75t_SL         1  2.6    17    10      62    (-,-) 
  g48484__1617/Y                -       A->Y    R     OR2x6_ASAP7_75t_SL           5 15.6    23    24      86    (-,-) 
  g41518/Y                      -       A->Y    R     BUFx12f_ASAP7_75t_SL         9 35.3    27    22     108    (-,-) 
  g67416/Y                      -       A->Y    R     BUFx12f_ASAP7_75t_SL        12 17.9    16    18     126    (-,-) 
  g64340__7410/Y                -       A1->Y   R     OA22x2_ASAP7_75t_SL          1  6.5    26    26     152    (-,-) 
  g64336/Y                      -       A->Y    F     INVx8_ASAP7_75t_SL          14 32.3    30    17     169    (-,-) 
  BF2_2_mul_170_29_g19831/Y     -       A->Y    R     CKINVDCx20_ASAP7_75t_SL      8 11.1    13    10     179    (-,-) 
  BF2_2_mul_170_29_g19313/Y     -       B1->Y   F     AOI22xp5_ASAP7_75t_SL        2  3.4    46    19     198    (-,-) 
  BF2_2_mul_170_29_g18828/Y     -       B1->Y   F     OA22x2_ASAP7_75t_SL          2  5.1    21    29     227    (-,-) 
  BF2_2_mul_170_29_g18628/Y     -       B->Y    F     XNOR2x1_ASAP7_75t_SL         1  2.5    20    19     246    (-,-) 
  BF2_2_mul_170_29_g20056/Y     -       A->Y    F     XOR2x2_ASAP7_75t_SL          2  5.0    19    26     273    (-,-) 
  BF2_2_mul_170_29_g18177/Y     -       A->Y    F     XNOR2x1_ASAP7_75t_SL         1  3.2    22    20     293    (-,-) 
  BF2_2_mul_170_29_g20040/Y     -       A->Y    F     XNOR2x1_ASAP7_75t_SL         2  4.0    26    22     315    (-,-) 
  BF2_2_mul_170_29_g17884/Y     -       B->Y    R     XOR2x2_ASAP7_75t_SL          1  3.1    16    30     345    (-,-) 
  BF2_2_mul_170_29_g17783/Y     -       A->Y    R     XNOR2x1_ASAP7_75t_SL         2  4.5    36    22     366    (-,-) 
  BF2_2_mul_170_29_g17680/Y     -       A->Y    R     XNOR2x1_ASAP7_75t_SL         1  2.4    27    21     387    (-,-) 
  BF2_2_mul_170_29_g20014/Y     -       A->Y    F     XOR2x2_ASAP7_75t_SL          2  4.4    18    24     411    (-,-) 
  BF2_2_mul_170_29_g17574/Y     -       B->Y    F     AND2x4_ASAP7_75t_SL          3  7.6    15    19     430    (-,-) 
  BF2_2_mul_170_29_g17559/Y     -       A->Y    R     INVx4_ASAP7_75t_SL           3  7.0    16    10     440    (-,-) 
  BF2_2_mul_170_29_g17456/Y     -       B->Y    F     NAND4xp75_ASAP7_75t_SL       1  2.4    27    14     454    (-,-) 
  BF2_2_mul_170_29_g17401/Y     -       A1->Y   F     OA221x2_ASAP7_75t_SL         2  3.5    18    31     486    (-,-) 
  BF2_2_mul_170_29_g17388/Y     -       A1->Y   F     OA22x2_ASAP7_75t_SL          1  2.6    14    20     506    (-,-) 
  BF2_2_mul_170_29_g17377/Y     -       B->Y    F     AND2x6_ASAP7_75t_SL         14 28.2    30    29     534    (-,-) 
  BF2_2_mul_170_29_fopt19987/Y  -       A->Y    R     INVx4_ASAP7_75t_SL           1  2.7    13     8     543    (-,-) 
  BF2_2_mul_170_29_g17360/Y     -       A1->Y   F     AOI21x1_ASAP7_75t_SL         1  3.2    25    12     555    (-,-) 
  BF2_2_mul_170_29_g17344/Y     -       A->Y    F     XOR2x1_ASAP7_75t_SL          1  2.1    24    20     575    (-,-) 
  BF2_2_barrett_datai_reg[38]/D -       -       F     DFFHQx4_ASAP7_75t_SL         1    -     -     0     575    (-,-) 
#----------------------------------------------------------------------------------------------------------------------

