TMPDIR is being set to /tmp/genus_temp_921394_8d37d79a-5ce2-4825-8e10-d01390e0da29_engr-r940s01.engr.uidaho.edu_alco9414_fkJXMb
Cadence Genus(TM) Synthesis Solution.
Copyright 2025 Cadence Design Systems, Inc. All rights reserved worldwide.
Cadence and the Cadence logo are registered trademarks and Genus is a trademark
of Cadence Design Systems, Inc. in the United States and other countries.

[17:31:41.481673] Configured Lic search path (25.01-s002): 5280@ece-cadence-lic.ece.uidaho.edu

Version: 25.12-s067_1, built Mon Nov 17 13:10:10 PST 2025
Options: -batch -files /home/alco9414/pqc/hqc/asic/asap7/scripts/genus_asap7_v2.tcl 
Date:    Wed Aug 12 17:31:41 2026
Host:    engr-r940s01.engr.uidaho.edu (x86_64 w/Linux 5.14.0-687.33.1.el9_8.x86_64) (20cores*80cpus*4physical cpus*Intel(R) Xeon(R) Gold 6148 CPU @ 2.40GHz 28160KB) (1055594532KB)
PID:     921394
OS:      Red Hat Enterprise Linux 9.8 (Plow)

Checking out license: Genus_Synthesis
[17:31:41.002993] Periodic Lic check successful
[17:31:41.527306] Feature usage summary:
[17:31:41.527307] Genus_Synthesis  
License checkout complete (0 seconds elapsed).


***********************************************************************************************************
***********************************************************************************************************



Finished executable startup (15 seconds elapsed).

Loading tool scripts...
Finished loading tool scripts (31 seconds elapsed).

#@ Processing -files option
@genus:root: 1> source /home/alco9414/pqc/hqc/asic/asap7/scripts/genus_asap7_v2.tcl
#@ Begin verbose source /home/alco9414/pqc/hqc/asic/asap7/scripts/genus_asap7_v2.tcl
@file(genus_asap7_v2.tcl) 3: set TUT   "/home/alco9414/pqc/tutorial_innovus"
@file(genus_asap7_v2.tcl) 4: set LIB_PATH   "$TUT/lib/"
@file(genus_asap7_v2.tcl) 5: set LEF_PATH   "$TUT/lef/scaled/"
@file(genus_asap7_v2.tcl) 6: set TLEF_PATH  "$TUT/techlef/"
@file(genus_asap7_v2.tcl) 8: set DESIGN  $env(GENUS_TOP)
@file(genus_asap7_v2.tcl) 9: set RTL_DIR $env(GENUS_SRCDIR)
@file(genus_asap7_v2.tcl) 10: set PERIOD  $env(GENUS_PERIOD_PS)
@file(genus_asap7_v2.tcl) 11: set OUTDIR  $env(GENUS_OUTDIR)
@file(genus_asap7_v2.tcl) 13: set LIB_LIST {  asap7sc7p5t_AO_LVT_TT_nldm_211120.lib   asap7sc7p5t_INVBUF_LVT_TT_nldm_220122.lib   asap7sc7p5t_OA_LVT_TT_nldm_211120.lib   asap7sc7p5t_SEQ_LVT_TT_nldm_220123.lib   asap7sc7p5t_SIMPLE_LVT_TT_nldm_211120.lib \
                asap7sc7p5t_AO_SLVT_TT_nldm_211120.lib  asap7sc7p5t_INVBUF_SLVT_TT_nldm_220122.lib  asap7sc7p5t_OA_SLVT_TT_nldm_211120.lib  asap7sc7p5t_SEQ_SLVT_TT_nldm_220123.lib  asap7sc7p5t_SIMPLE_SLVT_TT_nldm_211120.lib}
@file(genus_asap7_v2.tcl) 15: set LEF_LIST { asap7_tech_4x_201209.lef asap7sc7p5t_28_L_4x_220121a.lef asap7sc7p5t_28_SL_4x_220121a.lef}
@file(genus_asap7_v2.tcl) 17: set_db init_lib_search_path "$LIB_PATH $LEF_PATH $TLEF_PATH"
  Setting attribute of root '/': 'init_lib_search_path' = /home/alco9414/pqc/tutorial_innovus/lib/ /home/alco9414/pqc/tutorial_innovus/lef/scaled/ /home/alco9414/pqc/tutorial_innovus/techlef/
@file(genus_asap7_v2.tcl) 18: set_db init_hdl_search_path $RTL_DIR
  Setting attribute of root '/': 'init_hdl_search_path' = /home/alco9414/pqc/hqc/asic/arms/bf2x2_baseline
@file(genus_asap7_v2.tcl) 19: set_db / .library "$LIB_LIST"
Info    : Created nominal operating condition. [LBR-412]
        : Operating condition '_nominal_' was created for the PVT values (1.000000, 0.700000, 25.000000) in library 'asap7sc7p5t_AO_LVT_TT_nldm_211120.lib'.
        : The nominal operating condition is represented, either by the nominal PVT values specified in the library source (via nom_process,nom_voltage and nom_temperature respectively), or by the default PVT values (1.0,1.0,1.0).
Info    : Created nominal operating condition. [LBR-412]
        : Operating condition '_nominal_' was created for the PVT values (1.000000, 0.700000, 25.000000) in library 'asap7sc7p5t_INVBUF_LVT_TT_nldm_220122.lib'.
Info    : Created nominal operating condition. [LBR-412]
        : Operating condition '_nominal_' was created for the PVT values (1.000000, 0.700000, 25.000000) in library 'asap7sc7p5t_OA_LVT_TT_nldm_211120.lib'.
Info    : Created nominal operating condition. [LBR-412]
        : Operating condition '_nominal_' was created for the PVT values (1.000000, 0.700000, 25.000000) in library 'asap7sc7p5t_SEQ_LVT_TT_nldm_220123.lib'.
Info    : Created nominal operating condition. [LBR-412]
        : Operating condition '_nominal_' was created for the PVT values (1.000000, 0.700000, 25.000000) in library 'asap7sc7p5t_SIMPLE_LVT_TT_nldm_211120.lib'.
Info    : Created nominal operating condition. [LBR-412]
        : Operating condition '_nominal_' was created for the PVT values (1.000000, 0.700000, 25.000000) in library 'asap7sc7p5t_AO_SLVT_TT_nldm_211120.lib'.
Info    : Created nominal operating condition. [LBR-412]
        : Operating condition '_nominal_' was created for the PVT values (1.000000, 0.700000, 25.000000) in library 'asap7sc7p5t_INVBUF_SLVT_TT_nldm_220122.lib'.
Info    : Created nominal operating condition. [LBR-412]
        : Operating condition '_nominal_' was created for the PVT values (1.000000, 0.700000, 25.000000) in library 'asap7sc7p5t_OA_SLVT_TT_nldm_211120.lib'.
Info    : Created nominal operating condition. [LBR-412]
        : Operating condition '_nominal_' was created for the PVT values (1.000000, 0.700000, 25.000000) in library 'asap7sc7p5t_SEQ_SLVT_TT_nldm_220123.lib'.
Info    : Created nominal operating condition. [LBR-412]
        : Operating condition '_nominal_' was created for the PVT values (1.000000, 0.700000, 25.000000) in library 'asap7sc7p5t_SIMPLE_SLVT_TT_nldm_211120.lib'.
  Setting attribute of root '/': 'library' =   asap7sc7p5t_AO_LVT_TT_nldm_211120.lib   asap7sc7p5t_INVBUF_LVT_TT_nldm_220122.lib   asap7sc7p5t_OA_LVT_TT_nldm_211120.lib   asap7sc7p5t_SEQ_LVT_TT_nldm_220123.lib   asap7sc7p5t_SIMPLE_LVT_TT_nldm_211120.lib  asap7sc7p5t_AO_SLVT_TT_nldm_211120.lib  asap7sc7p5t_INVBUF_SLVT_TT_nldm_220122.lib  asap7sc7p5t_OA_SLVT_TT_nldm_211120.lib  asap7sc7p5t_SEQ_SLVT_TT_nldm_220123.lib  asap7sc7p5t_SIMPLE_SLVT_TT_nldm_211120.lib
@file(genus_asap7_v2.tcl) 20: set_db lef_library "$LEF_LIST"
Info    : Via with no resistance will have a value of '0.0' assigned for resistance value. [PHYS-129]
        : Via 'VIA9Pad' has no resistance value.
        : If this is the expected behavior, this message can be ignored.
Info    : Via with no resistance will have a value of '0.0' assigned for resistance value. [PHYS-129]
        : Via 'VIA89' has no resistance value.
Info    : Via with no resistance will have a value of '0.0' assigned for resistance value. [PHYS-129]
        : Via 'VIA78' has no resistance value.
Info    : Via with no resistance will have a value of '0.0' assigned for resistance value. [PHYS-129]
        : Via 'VIA67' has no resistance value.
Info    : Via with no resistance will have a value of '0.0' assigned for resistance value. [PHYS-129]
        : Via 'VIA56' has no resistance value.
Info    : Via with no resistance will have a value of '0.0' assigned for resistance value. [PHYS-129]
        : Via 'VIA45' has no resistance value.
Info    : Via with no resistance will have a value of '0.0' assigned for resistance value. [PHYS-129]
        : Via 'VIA34' has no resistance value.
Info    : Via with no resistance will have a value of '0.0' assigned for resistance value. [PHYS-129]
        : Via 'VIA23' has no resistance value.
Info    : Via with no resistance will have a value of '0.0' assigned for resistance value. [PHYS-129]
        : Via 'VIA12' has no resistance value.
Warning : Site already defined before, duplicated site will be ignored. [PHYS-106]
        : Site 'asap7sc7p5t' read already, this site in file '/home/alco9414/pqc/tutorial_innovus/lef/scaled//asap7sc7p5t_28_SL_4x_220121a.lef' is ignored.

  According to lef_library, there are total 10 routing layers [ V(5) / H(5) ]

Warning : Missing wire parameter. [PHYS-15]
        : 'EDGECAPACITANCE' parameter is missing for layer 'M1' [line 144 in file /home/alco9414/pqc/tutorial_innovus/techlef//asap7_tech_4x_201209.lef]
        : Check the wire parameter in LEF technology files.
Warning : Missing wire parameter. [PHYS-15]
        : 'EDGECAPACITANCE' parameter is missing for layer 'M2' [line 215 in file /home/alco9414/pqc/tutorial_innovus/techlef//asap7_tech_4x_201209.lef]
Warning : Missing wire parameter. [PHYS-15]
        : 'EDGECAPACITANCE' parameter is missing for layer 'M3' [line 279 in file /home/alco9414/pqc/tutorial_innovus/techlef//asap7_tech_4x_201209.lef]
Warning : Missing wire parameter. [PHYS-15]
        : 'EDGECAPACITANCE' parameter is missing for layer 'M4' [line 375 in file /home/alco9414/pqc/tutorial_innovus/techlef//asap7_tech_4x_201209.lef]
Warning : Missing wire parameter. [PHYS-15]
        : 'EDGECAPACITANCE' parameter is missing for layer 'M5' [line 476 in file /home/alco9414/pqc/tutorial_innovus/techlef//asap7_tech_4x_201209.lef]
Warning : Missing wire parameter. [PHYS-15]
        : 'EDGECAPACITANCE' parameter is missing for layer 'M6' [line 581 in file /home/alco9414/pqc/tutorial_innovus/techlef//asap7_tech_4x_201209.lef]
Warning : Missing wire parameter. [PHYS-15]
        : 'EDGECAPACITANCE' parameter is missing for layer 'M7' [line 679 in file /home/alco9414/pqc/tutorial_innovus/techlef//asap7_tech_4x_201209.lef]
Warning : Missing wire parameter. [PHYS-15]
        : 'EDGECAPACITANCE' parameter is missing for layer 'M8' [line 707 in file /home/alco9414/pqc/tutorial_innovus/techlef//asap7_tech_4x_201209.lef]
Warning : Missing wire parameter. [PHYS-15]
        : 'EDGECAPACITANCE' parameter is missing for layer 'M9' [line 734 in file /home/alco9414/pqc/tutorial_innovus/techlef//asap7_tech_4x_201209.lef]
Warning : Missing wire parameter. [PHYS-15]
        : 'EDGECAPACITANCE' parameter is missing for layer 'Pad' [line 761 in file /home/alco9414/pqc/tutorial_innovus/techlef//asap7_tech_4x_201209.lef]
Warning : Missing wire parameter. [PHYS-15]
        : 'CPERSQDIST' parameter is missing for layer 'M1' [line 144 in file /home/alco9414/pqc/tutorial_innovus/techlef//asap7_tech_4x_201209.lef]
Warning : Missing wire parameter. [PHYS-15]
        : 'CPERSQDIST' parameter is missing for layer 'M2' [line 215 in file /home/alco9414/pqc/tutorial_innovus/techlef//asap7_tech_4x_201209.lef]
Warning : Missing wire parameter. [PHYS-15]
        : 'CPERSQDIST' parameter is missing for layer 'M3' [line 279 in file /home/alco9414/pqc/tutorial_innovus/techlef//asap7_tech_4x_201209.lef]
Warning : Missing wire parameter. [PHYS-15]
        : 'CPERSQDIST' parameter is missing for layer 'M4' [line 375 in file /home/alco9414/pqc/tutorial_innovus/techlef//asap7_tech_4x_201209.lef]
Warning : Missing wire parameter. [PHYS-15]
        : 'CPERSQDIST' parameter is missing for layer 'M5' [line 476 in file /home/alco9414/pqc/tutorial_innovus/techlef//asap7_tech_4x_201209.lef]
Warning : Missing wire parameter. [PHYS-15]
        : 'CPERSQDIST' parameter is missing for layer 'M6' [line 581 in file /home/alco9414/pqc/tutorial_innovus/techlef//asap7_tech_4x_201209.lef]
Warning : Missing wire parameter. [PHYS-15]
        : 'CPERSQDIST' parameter is missing for layer 'M7' [line 679 in file /home/alco9414/pqc/tutorial_innovus/techlef//asap7_tech_4x_201209.lef]
Warning : Missing wire parameter. [PHYS-15]
        : 'CPERSQDIST' parameter is missing for layer 'M8' [line 707 in file /home/alco9414/pqc/tutorial_innovus/techlef//asap7_tech_4x_201209.lef]
Warning : Missing wire parameter. [PHYS-15]
        : 'CPERSQDIST' parameter is missing for layer 'M9' [line 734 in file /home/alco9414/pqc/tutorial_innovus/techlef//asap7_tech_4x_201209.lef]
Warning : Missing wire parameter. [PHYS-15]
        : 'CPERSQDIST' parameter is missing for layer 'Pad' [line 761 in file /home/alco9414/pqc/tutorial_innovus/techlef//asap7_tech_4x_201209.lef]
Warning : Maximum message print count reached. [MESG-11]
        : Maximum print count of '20' reached for message 'PHYS-15'.
Warning : The variant range of wire parameters is too large. An example of wire parameters are, a WIDTH for layer, PITCH for layer, MINSPACING for layers, etc. [PHYS-12]
        : The variant range (0.072, 8) of 'WIDTH' for layers 'M3' and 'Pad' is too large.
        : Check the consistency of the parameters, and see if you can ignore this message or you're using different LEF file with wrong parameters.
Warning : The value of the wire parameter is too big. [PHYS-13]
        : The 'WIDTH: 8' of layer 'Pad' is much bigger than others.
        : Check the consistency of the specified wire parameter.
Warning : The variant range of wire parameters is too large. An example of wire parameters are, a WIDTH for layer, PITCH for layer, MINSPACING for layers, etc. [PHYS-12]
        : The variant range (0.144, 16) of 'PITCH' for layers 'M1' and 'Pad' is too large.
Warning : The value of the wire parameter is too big. [PHYS-13]
        : The 'PITCH: 16' of layer 'Pad' is much bigger than others.
Warning : The variant range of wire parameters is too large. An example of wire parameters are, a WIDTH for layer, PITCH for layer, MINSPACING for layers, etc. [PHYS-12]
        : The variant range (0.012, 8) of 'OFFSET' for layers 'M4' and 'Pad' is too large.
Warning : The value of the wire parameter is too big. [PHYS-13]
        : The 'OFFSET: 8' of layer 'Pad' is much bigger than others.
Warning : The value of the wire parameter is too small. [PHYS-14]
        : The 'OFFSET: 0.012' of layer 'M4' is much less than others.
        : Check the consistency of the specified wire parameter.
Warning : The value of the wire parameter is too small. [PHYS-14]
        : The 'OFFSET: 0.012' of layer 'M4' is much less than others.
Warning : The value of the wire parameter is too small. [PHYS-14]
        : The 'OFFSET: 0.012' of layer 'M4' is much less than others.
Warning : The value of the wire parameter is too small. [PHYS-14]
        : The 'OFFSET: 0.012' of layer 'M4' is much less than others.
Warning : The variant range of wire parameters is too large. An example of wire parameters are, a WIDTH for layer, PITCH for layer, MINSPACING for layers, etc. [PHYS-12]
        : The variant range (0.072, 8) of 'MINSPACING' for layers 'M1' and 'Pad' is too large.
Warning : The value of the wire parameter is too big. [PHYS-13]
        : The 'MINSPACING: 8' of layer 'Pad' is much bigger than others.
Warning : Physical cell not defined in library. [PHYS-279]
        : The physical (LEF) cell DECAPx10_ASAP7_75t_L cannot be found in library.
        : Ensure that the proper library files are available and have been imported.
Warning : Physical cell not defined in library. [PHYS-279]
        : The physical (LEF) cell DECAPx1_ASAP7_75t_L cannot be found in library.
Warning : Physical cell not defined in library. [PHYS-279]
        : The physical (LEF) cell DECAPx2_ASAP7_75t_L cannot be found in library.
Warning : Physical cell not defined in library. [PHYS-279]
        : The physical (LEF) cell DECAPx2b_ASAP7_75t_L cannot be found in library.
Warning : Physical cell not defined in library. [PHYS-279]
        : The physical (LEF) cell DECAPx4_ASAP7_75t_L cannot be found in library.
Warning : Physical cell not defined in library. [PHYS-279]
        : The physical (LEF) cell DECAPx6_ASAP7_75t_L cannot be found in library.
Warning : Physical cell not defined in library. [PHYS-279]
        : The physical (LEF) cell FILLER_ASAP7_75t_L cannot be found in library.
Warning : Physical cell not defined in library. [PHYS-279]
        : The physical (LEF) cell FILLERxp5_ASAP7_75t_L cannot be found in library.
Warning : Physical cell not defined in library. [PHYS-279]
        : The physical (LEF) cell TAPCELL_ASAP7_75t_L cannot be found in library.
Warning : Physical cell not defined in library. [PHYS-279]
        : The physical (LEF) cell TAPCELL_WITH_FILLER_ASAP7_75t_L cannot be found in library.
Warning : Physical cell not defined in library. [PHYS-279]
        : The physical (LEF) cell DECAPx10_ASAP7_75t_SL cannot be found in library.
Warning : Physical cell not defined in library. [PHYS-279]
        : The physical (LEF) cell DECAPx1_ASAP7_75t_SL cannot be found in library.
Warning : Physical cell not defined in library. [PHYS-279]
        : The physical (LEF) cell DECAPx2_ASAP7_75t_SL cannot be found in library.
Warning : Physical cell not defined in library. [PHYS-279]
        : The physical (LEF) cell DECAPx2b_ASAP7_75t_SL cannot be found in library.
Warning : Physical cell not defined in library. [PHYS-279]
        : The physical (LEF) cell DECAPx4_ASAP7_75t_SL cannot be found in library.
Warning : Physical cell not defined in library. [PHYS-279]
        : The physical (LEF) cell DECAPx6_ASAP7_75t_SL cannot be found in library.
Warning : Physical cell not defined in library. [PHYS-279]
        : The physical (LEF) cell FILLER_ASAP7_75t_SL cannot be found in library.
Warning : Physical cell not defined in library. [PHYS-279]
        : The physical (LEF) cell FILLERxp5_ASAP7_75t_SL cannot be found in library.
Warning : Physical cell not defined in library. [PHYS-279]
        : The physical (LEF) cell TAPCELL_ASAP7_75t_SL cannot be found in library.
Warning : Physical cell not defined in library. [PHYS-279]
        : The physical (LEF) cell TAPCELL_WITH_FILLER_ASAP7_75t_SL cannot be found in library.
  Setting attribute of root '/': 'lef_library' = /home/alco9414/pqc/tutorial_innovus/techlef//asap7_tech_4x_201209.lef /home/alco9414/pqc/tutorial_innovus/lef/scaled//asap7sc7p5t_28_L_4x_220121a.lef /home/alco9414/pqc/tutorial_innovus/lef/scaled//asap7sc7p5t_28_SL_4x_220121a.lef
@file(genus_asap7_v2.tcl) 22: set_db hdl_error_on_blackbox false
  Setting attribute of root '/': 'hdl_error_on_blackbox' = false
@file(genus_asap7_v2.tcl) 26: set vhd [glob -nocomplain $RTL_DIR/*.vhd]
@file(genus_asap7_v2.tcl) 30: if {[llength $vhd] == 0} { set_db hdl_error_on_blackbox true }
  Setting attribute of root '/': 'hdl_error_on_blackbox' = true
@file(genus_asap7_v2.tcl) 31: if {[llength $vhd] > 0} {
  set pkgs {}
  set rest {}
  foreach f $vhd {
    if {[string match "*sha3_pkg.vhd" $f] || [string match "*keccak_pkg.vhd" $f]} {
      lappend pkgs $f
    } else {
      lappend rest $f
    }
  }
  read_hdl -language vhdl [list $RTL_DIR/sha3_pkg.vhd $RTL_DIR/keccak_pkg.vhd]
  read_hdl -language vhdl [lsort $rest]
}
@file(genus_asap7_v2.tcl) 44: read_hdl [glob $RTL_DIR/*.v]
    reg [23:0] aj1 = 0, ajlen1 = 0;
                      |
Warning : Ignoring unsynthesizable construct. [VLOGPT-37]
        : Initial value assignment to reg in file '/home/alco9414/pqc/hqc/asic/arms/bf2x2_baseline/butterfly.v' on line 51, column 23.
        : For example, the following constructs will be ignored:
    - initial block
    - final block
    - program block
    - property block
    - sequence block
    - covergroup
    - checker block
    - gate drive strength
    - system task enable
    - reg declaration with initial value
    - specify block.
    reg [23:0] aj1 = 0, ajlen1 = 0;
                                  |
Warning : Ignoring unsynthesizable construct. [VLOGPT-37]
        : Initial value assignment to reg in file '/home/alco9414/pqc/hqc/asic/arms/bf2x2_baseline/butterfly.v' on line 51, column 35.
    reg [23:0] aj2 = 0, ajlen2_FNTT = 0;
                      |
Warning : Ignoring unsynthesizable construct. [VLOGPT-37]
        : Initial value assignment to reg in file '/home/alco9414/pqc/hqc/asic/arms/bf2x2_baseline/butterfly.v' on line 52, column 23.
    reg [23:0] aj2 = 0, ajlen2_FNTT = 0;
                                       |
Warning : Ignoring unsynthesizable construct. [VLOGPT-37]
        : Initial value assignment to reg in file '/home/alco9414/pqc/hqc/asic/arms/bf2x2_baseline/butterfly.v' on line 52, column 40.
    reg [23:0] ajlen2_INTT = 0;
                              |
Warning : Ignoring unsynthesizable construct. [VLOGPT-37]
        : Initial value assignment to reg in file '/home/alco9414/pqc/hqc/asic/arms/bf2x2_baseline/butterfly.v' on line 53, column 31.
    reg [23:0] ajlen2_MODM = 0;
                              |
Warning : Ignoring unsynthesizable construct. [VLOGPT-37]
        : Initial value assignment to reg in file '/home/alco9414/pqc/hqc/asic/arms/bf2x2_baseline/butterfly.v' on line 54, column 31.
    reg [23:0] ajlen3 = 0;
                         |
Warning : Ignoring unsynthesizable construct. [VLOGPT-37]
        : Initial value assignment to reg in file '/home/alco9414/pqc/hqc/asic/arms/bf2x2_baseline/butterfly.v' on line 57, column 26.
    reg [23:0] aj4 = 0, ajlen4 = 0, ajlen4_sub = 0;
                      |
Warning : Ignoring unsynthesizable construct. [VLOGPT-37]
        : Initial value assignment to reg in file '/home/alco9414/pqc/hqc/asic/arms/bf2x2_baseline/butterfly.v' on line 58, column 23.
    reg [23:0] aj4 = 0, ajlen4 = 0, ajlen4_sub = 0;
                                  |
Warning : Ignoring unsynthesizable construct. [VLOGPT-37]
        : Initial value assignment to reg in file '/home/alco9414/pqc/hqc/asic/arms/bf2x2_baseline/butterfly.v' on line 58, column 35.
    reg [23:0] aj4 = 0, ajlen4 = 0, ajlen4_sub = 0;
                                                  |
Warning : Ignoring unsynthesizable construct. [VLOGPT-37]
        : Initial value assignment to reg in file '/home/alco9414/pqc/hqc/asic/arms/bf2x2_baseline/butterfly.v' on line 58, column 51.
    reg [23:0] aj5 = 0, ajlen5 = 0;
                      |
Warning : Ignoring unsynthesizable construct. [VLOGPT-37]
        : Initial value assignment to reg in file '/home/alco9414/pqc/hqc/asic/arms/bf2x2_baseline/butterfly.v' on line 59, column 23.
    reg [23:0] aj5 = 0, ajlen5 = 0;
                                  |
Warning : Ignoring unsynthesizable construct. [VLOGPT-37]
        : Initial value assignment to reg in file '/home/alco9414/pqc/hqc/asic/arms/bf2x2_baseline/butterfly.v' on line 59, column 35.
    reg [23:0] adda = 0, addb = 0, suba = 0, subb = 0;
                       |
Warning : Ignoring unsynthesizable construct. [VLOGPT-37]
        : Initial value assignment to reg in file '/home/alco9414/pqc/hqc/asic/arms/bf2x2_baseline/butterfly.v' on line 62, column 24.
    reg [23:0] adda = 0, addb = 0, suba = 0, subb = 0;
                                 |
Warning : Ignoring unsynthesizable construct. [VLOGPT-37]
        : Initial value assignment to reg in file '/home/alco9414/pqc/hqc/asic/arms/bf2x2_baseline/butterfly.v' on line 62, column 34.
    reg [23:0] adda = 0, addb = 0, suba = 0, subb = 0;
                                           |
Warning : Ignoring unsynthesizable construct. [VLOGPT-37]
        : Initial value assignment to reg in file '/home/alco9414/pqc/hqc/asic/arms/bf2x2_baseline/butterfly.v' on line 62, column 44.
    reg [23:0] adda = 0, addb = 0, suba = 0, subb = 0;
                                                     |
Warning : Ignoring unsynthesizable construct. [VLOGPT-37]
        : Initial value assignment to reg in file '/home/alco9414/pqc/hqc/asic/arms/bf2x2_baseline/butterfly.v' on line 62, column 54.
    reg [23:0] adder = 0;
                        |
Warning : Ignoring unsynthesizable construct. [VLOGPT-37]
        : Initial value assignment to reg in file '/home/alco9414/pqc/hqc/asic/arms/bf2x2_baseline/butterfly.v' on line 63, column 25.
    reg [24:0] add_tmp = 0;
                          |
Warning : Ignoring unsynthesizable construct. [VLOGPT-37]
        : Initial value assignment to reg in file '/home/alco9414/pqc/hqc/asic/arms/bf2x2_baseline/butterfly.v' on line 64, column 27.
    reg [23:0] sub_tmp = 0;
                          |
Warning : Ignoring unsynthesizable construct. [VLOGPT-37]
        : Initial value assignment to reg in file '/home/alco9414/pqc/hqc/asic/arms/bf2x2_baseline/butterfly.v' on line 65, column 27.
    reg [23:0] subtractor = 0;
                             |
Warning : Ignoring unsynthesizable construct. [VLOGPT-37]
        : Initial value assignment to reg in file '/home/alco9414/pqc/hqc/asic/arms/bf2x2_baseline/butterfly.v' on line 66, column 30.
    (*keep="true"*)reg  [45:0] barrett_datai;
      |
Warning : Unused attribute. [VLOGPT-506]
        : Attribute 'keep' in file '/home/alco9414/pqc/hqc/asic/arms/bf2x2_baseline/butterfly.v' on line 72, column 7.
Warning : Maximum message print count reached. [MESG-11]
        : Maximum print count of '20' reached for message 'VLOGPT-37'.
@file(genus_asap7_v2.tcl) 45: if {[info exists env(GENUS_PARAMS)]} {
  elaborate $DESIGN -parameters $env(GENUS_PARAMS)
} else {
  elaborate $DESIGN
}
  Libraries have 334 usable logic and 46 usable sequential lib-cells.
Info    : Elaborating Design. [ELAB-1]
        : Elaborating top-level block 'butterfly2x2' from file '/home/alco9414/pqc/hqc/asic/arms/bf2x2_baseline/butterfly2x2.v'.
Info    : Done Elaborating Design. [ELAB-3]
        : Done elaborating 'butterfly2x2'.
Checking for source RTL...
Check completed for source RTL.
Running Unified Mux Engine Tricks...
Completed Unified Mux Engine Tricks

Stage: post_elab
-------------------------------------------------------
| Trick             | Accepts | Rejects | Runtime (s) | 
-------------------------------------------------------
| ume_constant_bmux |       0 |       0 |        0.00 | 
| ume_merge         |       0 |       0 |        0.00 | 
| ume_ssm           |       0 |       0 |        0.00 | 
| ume_cse           |       1 |       0 |        0.06 | 
| ume_shrink        |       1 |       0 |        0.00 | 
| ume_sweep         |       0 |       0 |        0.00 | 
| ume_constant_bmux |       0 |       0 |        0.00 | 
| ume_merge         |       0 |       0 |        0.00 | 
| ume_ssm           |       0 |       0 |        0.00 | 
| ume_cse           |       0 |       0 |        0.05 | 
| ume_shrink        |       0 |       0 |        0.00 | 
| ume_sweep         |       0 |       0 |        0.00 | 
-------------------------------------------------------
Starting optimize datapath shifters [v1.0] (stage: post_elab, startdef: butterfly2x2, recur: true)
Completed optimize datapath shifters (accepts: 0, rejects: 0, runtime: 0.000s)
Starting clip mux common data inputs [v1.0] (stage: post_elab, startdef: butterfly2x2, recur: true)
Completed clip mux common data inputs (accepts: 0, rejects: 0, runtime: 0.000s)
Starting clip the non-user hierarchies [v2.0] (stage: post_elab, startdef: butterfly2x2, recur: true)
Completed clip the non-user hierarchies (accepts: 0, rejects: 0, runtime: 0.001s)
Starting basic netlist cleanup [v1.0] (stage: post_elab, startdef: butterfly2x2, recur: true)
Completed basic netlist cleanup (accepts: 0, rejects: 0, runtime: 0.000s)

Stage: post_elab
--------------------------------------------------------------------
| Transform                      | Accepts | Rejects | Runtime (s) | 
--------------------------------------------------------------------
| hlo_optimize_datapath_shifters |       0 |       0 |        0.00 | 
| hlo_clip_mux_input             |       0 |       0 |        0.00 | 
| hlo_clip                       |       0 |       0 |        0.00 | 
| hlo_cleanup                    |       0 |       0 |        0.00 | 
--------------------------------------------------------------------
UM:   flow.cputime  flow.realtime  timing.setup.tns  timing.setup.wns  snapshot
UM:*                                                                   elaborate
@file(genus_asap7_v2.tcl) 51: set PERIOD_PS $PERIOD
@file(genus_asap7_v2.tcl) 52: if {[info exists env(GENUS_SDC)]} {
  source $env(GENUS_SDC)
} else {
  create_clock -name clk -period $PERIOD [get_ports clk]
  set_input_delay  -clock clk [expr $PERIOD * 0.10] [all_inputs]
  set_output_delay -clock clk [expr $PERIOD * 0.10] [all_outputs]
}
Sourcing '/home/alco9414/pqc/hqc/asic/asap7/sdc/butterfly2x2.sdc' (Wed Aug 12 17:32:20 PDT 2026)...
#@ Begin verbose source /home/alco9414/pqc/hqc/asic/asap7/sdc/butterfly2x2.sdc
@file(butterfly2x2.sdc) 3: create_clock -name clk -period $PERIOD_PS [get_ports clk]
@file(butterfly2x2.sdc) 4: set_clock_uncertainty [expr $PERIOD_PS * 0.05] [get_clocks clk]
@file(butterfly2x2.sdc) 6: set_false_path -from [get_ports mode*]
@file(butterfly2x2.sdc) 7: set_false_path -from [get_ports rst]
@file(butterfly2x2.sdc) 9: set IO_DELAY [expr $PERIOD_PS * 0.10]
@file(butterfly2x2.sdc) 10: set_input_delay  -clock clk $IO_DELAY [get_ports {datai* zetai* acci* validi}]
@file(butterfly2x2.sdc) 11: set_output_delay -clock clk $IO_DELAY [all_outputs]
#@ End verbose source /home/alco9414/pqc/hqc/asic/asap7/sdc/butterfly2x2.sdc
@file(genus_asap7_v2.tcl) 60: set_db syn_generic_effort high
  Setting attribute of root '/': 'syn_generic_effort' = high
@file(genus_asap7_v2.tcl) 61: set_db syn_map_effort     high
  Setting attribute of root '/': 'syn_map_effort' = high
@file(genus_asap7_v2.tcl) 62: set_db syn_opt_effort     high
  Setting attribute of root '/': 'syn_opt_effort' = high
@file(genus_asap7_v2.tcl) 64: if {[llength [glob -nocomplain $OUTDIR/*]] > 0} {
  puts "ERROR: OUTDIR $OUTDIR is not empty. Refusing to overwrite."
  exit 1
}
@file(genus_asap7_v2.tcl) 69: proc stamp ...
@file(genus_asap7_v2.tcl) 74: stamp "syn_generic START"
===== [2026-08-12_17:32:20] syn_generic START
@file(genus_asap7_v2.tcl) 75: syn_generic
stamp 'PBS_Generic-Start' being created for table 'pbs_debug'

  Total Time (Wall) |  Stage Time (Wall)  |   % (Wall)   |    Date - Time     |  Memory   | Stage
--------------------+---------------------+--------------+--------------------+-----------+----------------------
 00:00:57(00:00:37) |  00:00:00(00:00:00) |   0.0(  0.0) |   17:32:20 (Aug12) |  768.7 MB | PBS_Generic-Start
--------------------+---------------------+--------------+--------------------+-----------+----------------------
Number of threads: 8 * 1   (id: pbs_debug, time_info v1.57)
Info: (*N*) indicates data that was populated from previously saved time_info database
Info: CPU time includes time of parent + longest thread
Info    : Deleting instances not driving any primary outputs. [GLO-34]
        : Deleting 192 sequential instances.
        : Optimizations such as constant propagation or redundancy removal could change the connections so a hierarchical instance does not drive any primary outputs anymore. To see the list of deleted hierarchical instances, set the 'information_level' attribute to 2 or above. If the message is truncated set the message attribute 'truncate' to false to see the complete list. To prevent this optimization, set the 'delete_unloaded_insts' root/subdesign attribute to 'false' or 'preserve' instance attribute to 'true'.
Info    : Deleting instances not driving any primary outputs. [GLO-34]
        : Deleting 8 hierarchical instances.

Stage: pre_early_cg
-----------------------------------------------
| Transform | Accepts | Rejects | Runtime (s) | 
-----------------------------------------------
-----------------------------------------------
Mapping ChipWare ICG instances in butterfly2x2
Found 0 unmapped ChipWare ICG instances
Mapped 0 of 0 ChipWare ICG instances
##Generic Timing Info: typical gate delay   22.2 ps   std_slew:    4.2 ps   std_load:  1.0 fF  for library domain _default_
Starting mux data reorder optimization [v1.0] (stage: pre_to_gen_setup, startdef: butterfly2x2, recur: true)
Completed mux data reorder optimization (accepts: 0, rejects: 0, runtime: 0.000s)

Stage: pre_to_gen_setup
-----------------------------------------------------
| Transform       | Accepts | Rejects | Runtime (s) | 
-----------------------------------------------------
| hlo_mux_reorder |       0 |       0 |        0.00 | 
-----------------------------------------------------
Running DP early constant propagation (netlist butterfly2x2)...
Running DP early redundancy removal
Completed DP early redundancy removal on butterfly2x2 (runtime = 0.1s)
Multi-threaded constant propagation [4|0] ...
Info    : Replacing a flip-flop with a logic constant 0. [GLO-12]
        : The instance is 'BF2_2/ajlen3_reg[23]'.
        : To prevent this optimization, set the 'optimize_constant_0_flops' root attribute to 'false' or 'optimize_constant_0_seq' instance attribute to 'false'. You can also see the complete list of deleted sequential with command "report sequential -deleted" (on Reason "constant0").
Info    : Replacing a flip-flop with a logic constant 0. [GLO-12]
        : The instance is 'BF2_1/ajlen3_reg[23]'.
Info    : Replacing a flip-flop with a logic constant 0. [GLO-12]
        : The instance is 'BF1_2/ajlen3_reg[23]'.
Info    : Replacing a flip-flop with a logic constant 0. [GLO-12]
        : The instance is 'BF1_1/ajlen3_reg[23]'.
...done running DP early constant propagation (4 seconds CPU time, 4 seconds wall time, netlist butterfly2x2).
Info    : Deleting instances not driving any primary outputs. [GLO-34]
        : Deleting 8 sequential instances.
Current PLE settings:

Aspect ratio        : 1.000
Shrink factor       : 1.000
Scale of res/length : 1.000
Scale of cap/length : 1.000
Net derating factor : 1.000
Thermal factor      : 1.000
Via Resistance      : 0.000 ohm (from default)
Site size           : 1.224 um (from lef [tech+cell])

                                   Capacitance  
  Layer                             / Length         Data source:
Name        Direction Utilization  (pF/micron)       default value
------------------------------------------------
<default>       U         n/a         0.000250  

** = DEFAULT cap per unit length is used for timing analysis

                                    Resistance   
  Layer                              / Length         Data source:
Name        Direction Utilization  (ohm/micron)       default value
-------------------------------------------------
<default>       U         n/a               0.0  

** = DEFAULT res per unit length is used for timing analysis

                                        Area       
  Layer                               / Length          Data source:
Name        Direction Utilization     (micron)          lef_library
---------------------------------------------------
M1              V         0.00         0.072000    
M2              H         1.00         0.072000    
M3              V         1.00         0.072000    
M4              H         1.00         0.096000    
M5              V         1.00         0.096000    
M6              H         1.00         0.128000    
M7              V         1.00         0.128000    
M8              H         1.00         0.160000    
M9              V         1.00         0.160000    
Pad             H         1.00         8.000000 ** 

** = 'Pad' is dropped because its width (8) is too large (threshold 2)

Info    : Synthesizing. [SYNTH-1]
        : Synthesizing 'butterfly2x2' to generic gates using 'high' effort.
Running Synthesis Turbo Flow Version 4.
Info    : Partition Based Synthesis execution skipped. [PHYS-752]
        : Design size is less than the partition size '100000' for distributed generic optimization to kick in.
Starting mux data reorder optimization [v1.0] (stage: pre_to_gen_setup, startdef: butterfly2x2, recur: true)
Completed mux data reorder optimization (accepts: 0, rejects: 0, runtime: 0.027s)

Stage: pre_to_gen_setup
-----------------------------------------------------
| Transform       | Accepts | Rejects | Runtime (s) | 
-----------------------------------------------------
| hlo_mux_reorder |       0 |       0 |        0.03 | 
-----------------------------------------------------
Starting mux data reorder optimization [v1.0] (stage: post_to_gen_setup, startdef: butterfly2x2, recur: true)
Completed mux data reorder optimization (accepts: 0, rejects: 0, runtime: 0.000s)

Stage: post_to_gen_setup
-----------------------------------------------------
| Transform       | Accepts | Rejects | Runtime (s) | 
-----------------------------------------------------
| hlo_mux_reorder |       0 |       0 |        0.00 | 
-----------------------------------------------------
Current PLE settings:

Aspect ratio        : 1.000
Shrink factor       : 1.000
Scale of res/length : 1.000
Scale of cap/length : 1.000
Net derating factor : 1.000
Thermal factor      : 1.000
Via Resistance      : 0.000 ohm (from default)
Site size           : 1.224 um (from lef [tech+cell])

                                   Capacitance  
  Layer                             / Length         Data source:
Name        Direction Utilization  (pF/micron)       default value
------------------------------------------------
<default>       U         n/a         0.000250  

** = DEFAULT cap per unit length is used for timing analysis

                                    Resistance   
  Layer                              / Length         Data source:
Name        Direction Utilization  (ohm/micron)       default value
-------------------------------------------------
<default>       U         n/a               0.0  

** = DEFAULT res per unit length is used for timing analysis

                                        Area       
  Layer                               / Length          Data source:
Name        Direction Utilization     (micron)          lef_library
---------------------------------------------------
M1              V         0.00         0.072000    
M2              H         1.00         0.072000    
M3              V         1.00         0.072000    
M4              H         1.00         0.096000    
M5              V         1.00         0.096000    
M6              H         1.00         0.128000    
M7              V         1.00         0.128000    
M8              H         1.00         0.160000    
M9              V         1.00         0.160000    
Pad             H         1.00         8.000000 ** 

** = 'Pad' is dropped because its width (8) is too large (threshold 2)

Info    : Deleting instances not driving any primary outputs. [GLO-34]
        : Deleting 96 sequential instances.
Running Unified Mux Engine Tricks...
Completed Unified Mux Engine Tricks

Stage: pre_hlo_rtlopt
-----------------------------------------------
| Trick     | Accepts | Rejects | Runtime (s) | 
-----------------------------------------------
| ume_ssm   |       0 |       0 |        0.00 | 
| ume_sweep |       0 |       0 |        0.00 | 
| ume_share |       0 |       0 |        0.00 | 
-----------------------------------------------
Begin SDR optimization CTX_region 
No special hier is found 
End SDR optimization CTX_region 
Begin SDR optimization UME_region 
No special hier is found 
End SDR optimization UME_region 
Begin SDR optimization IMPL_BASED_region 
No special hier is found 
End SDR optimization IMPL_BASED_region 
Starting timing based select reordering [v1.0] (stage: pre_rtlopt, startdef: butterfly2x2, recur: true)
Completed timing based select reordering (accepts: 0, rejects: 0, runtime: 2.054s)
Starting recase case-box optimization [v1.0] (stage: pre_rtlopt, startdef: butterfly2x2, recur: true)
Completed recase case-box optimization (accepts: 0, rejects: 0, runtime: 0.001s)
Starting infer macro optimization [v1.0] (stage: pre_rtlopt, startdef: butterfly2x2, recur: true)
Completed infer macro optimization (accepts: 0, rejects: 0, runtime: 0.083s)
Starting decode mux sandwich optimization [v2.0] (stage: pre_rtlopt, startdef: butterfly2x2, recur: true)
Completed decode mux sandwich optimization (accepts: 0, rejects: 0, runtime: 0.001s)
Starting decode mux optimization [v1.0] (stage: pre_rtlopt, startdef: butterfly2x2, recur: true)
Completed decode mux optimization (accepts: 0, rejects: 0, runtime: 0.000s)
Starting chop wide muxes [v1.0] (stage: pre_rtlopt, startdef: butterfly2x2, recur: true)
Completed chop wide muxes (accepts: 0, rejects: 0, runtime: 0.000s)
Starting common data mux cascade opt [v1.0] (stage: pre_rtlopt, startdef: butterfly2x2, recur: true)
Completed common data mux cascade opt (accepts: 0, rejects: 0, runtime: 0.001s)
Starting mux input consolidation [v1.0] (stage: pre_rtlopt, startdef: butterfly2x2, recur: true)
Completed mux input consolidation (accepts: 0, rejects: 0, runtime: 0.002s)
Starting constant-data mux optimization [v1.0] (stage: pre_rtlopt, startdef: butterfly2x2, recur: true)
Completed constant-data mux optimization (accepts: 0, rejects: 0, runtime: 0.000s)
Starting chain-to-tree inequality transform [v2.0] (stage: pre_rtlopt, startdef: butterfly2x2, recur: true)
Completed chain-to-tree inequality transform (accepts: 0, rejects: 0, runtime: 0.085s)
Starting reconvergence optimization [v1.0] (stage: pre_rtlopt, startdef: butterfly2x2, recur: true)
Completed reconvergence optimization (accepts: 0, rejects: 0, runtime: 0.000s)
Starting logic restructure optimization [v1.0] (stage: pre_rtlopt, startdef: butterfly2x2, recur: true)
Completed logic restructure optimization (accepts: 0, rejects: 0, runtime: 0.007s)
Starting identity transform [v3.0] (stage: pre_rtlopt, startdef: butterfly2x2, recur: true)
Completed identity transform (accepts: 0, rejects: 2, runtime: 0.002s)
Starting reduce operator chain [v1.0] (stage: pre_rtlopt, startdef: butterfly2x2, recur: true)
Completed reduce operator chain (accepts: 0, rejects: 0, runtime: 0.000s)
Starting common data mux cascade opt [v1.0] (stage: pre_rtlopt, startdef: butterfly2x2, recur: true)
Completed common data mux cascade opt (accepts: 0, rejects: 0, runtime: 0.000s)
Starting mux input consolidation [v1.0] (stage: pre_rtlopt, startdef: butterfly2x2, recur: true)
Completed mux input consolidation (accepts: 0, rejects: 0, runtime: 0.002s)
Starting optimize datapath elements [v1.0] (stage: pre_rtlopt, startdef: butterfly2x2, recur: true)
Completed optimize datapath elements (accepts: 0, rejects: 0, runtime: 0.000s)
Starting datapath recasting [v1.0] (stage: pre_rtlopt, startdef: butterfly2x2, recur: true)
Completed datapath recasting (accepts: 0, rejects: 0, runtime: 0.001s)
Starting word-level redundancy removal [v1.0] (stage: pre_rtlopt, startdef: butterfly2x2, recur: true)
Word-level redundancy removal for def butterfly2x2 (round= 0, cands= 6, i/o= 4/3)
Word-level redundancy removal for def butterfly2x2 (round= 1, cands= 6, i/o= 4/3)
Word-level redundancy removal for def butterfly (round= 0, cands= 30, i/o= 23/21)
Word-level redundancy removal for def butterfly (round= 1, cands= 30, i/o= 23/21)
Word-level redundancy removal for def Barrett (round= 0, cands= 1, i/o= 2/1)
Word-level redundancy removal for def Barrett (round= 1, cands= 1, i/o= 2/1)
Word-level redundancy removal for def DecoupledStage (round= 0, cands= 0, i/o= 0/0)
Word-level redundancy removal for def DecoupledStage (round= 1, cands= 0, i/o= 0/0)
Word-level redundancy removal for def DecoupledStage_1 (round= 0, cands= 0, i/o= 0/0)
Word-level redundancy removal for def DecoupledStage_1 (round= 1, cands= 0, i/o= 0/0)
Word-level redundancy removal for def DecoupledStage_2 (round= 0, cands= 0, i/o= 0/0)
Word-level redundancy removal for def DecoupledStage_2 (round= 1, cands= 0, i/o= 0/0)
Completed word-level redundancy removal (accepts: 0, rejects: 0, runtime: 2.079s)
Starting clip mux common data inputs [v1.0] (stage: pre_rtlopt, startdef: butterfly2x2, recur: true)
Completed clip mux common data inputs (accepts: 0, rejects: 0, runtime: 0.001s)
Starting clip the non-user hierarchies [v2.0] (stage: pre_rtlopt, startdef: butterfly2x2, recur: true)
Completed clip the non-user hierarchies (accepts: 0, rejects: 0, runtime: 0.000s)
Starting basic netlist cleanup [v1.0] (stage: pre_rtlopt, startdef: butterfly2x2, recur: true)
Completed basic netlist cleanup (accepts: 0, rejects: 0, runtime: 0.001s)

Stage: pre_rtlopt
-----------------------------------------------------------------
| Transform                   | Accepts | Rejects | Runtime (s) | 
-----------------------------------------------------------------
| hlo_timing_reorder          |       0 |       0 |        2.05 | 
| hlo_recase_casebox          |       0 |       0 |        0.00 | 
| hlo_infer_macro             |       0 |       0 |        0.08 | 
| hlo_decode_mux_sandwich     |       0 |       0 |        0.00 | 
| hlo_mux_decode              |       0 |       0 |        0.00 | 
| hlo_chop_mux                |       0 |       0 |        0.00 | 
| hlo_mux_cascade_opt         |       0 |       0 |        0.00 | 
| hlo_mux_consolidation       |       0 |       0 |        0.00 | 
| hlo_constant_mux_opt        |       0 |       0 |        0.00 | 
| hlo_inequality_transform    |       0 |       0 |        0.09 | 
| hlo_reconv_opt              |       0 |       0 |        0.00 | 
| hlo_restructure             |       0 |       0 |        0.01 | 
| hlo_identity_transform      |       0 |       2 |        0.00 | 
| hlo_reduce_operator_chain   |       0 |       0 |        0.00 | 
| hlo_mux_cascade_opt         |       0 |       0 |        0.00 | 
| hlo_mux_consolidation       |       0 |       0 |        0.00 | 
| hlo_optimize_datapath       |       0 |       0 |        0.00 | 
| hlo_datapath_recast         |       0 |       0 |        0.00 | 
| hlo_redundancy_removal_word |       0 |       0 |        2.08 | 
| hlo_clip_mux_input          |       0 |       0 |        0.00 | 
| hlo_clip                    |       0 |       0 |        0.00 | 
| hlo_cleanup                 |       0 |       0 |        0.00 | 
-----------------------------------------------------------------
Running Unified Mux Engine Tricks...
Completed Unified Mux Engine Tricks

Stage: post_hlo_rtlopt
----------------------------------------------------------
| Trick                | Accepts | Rejects | Runtime (s) | 
----------------------------------------------------------
| ume_sweep_aggressive |       0 |       0 |        0.00 | 
| ume_runtime          |       0 |       0 |        0.00 | 
----------------------------------------------------------
Number of big hc bmuxes before = 0

==========================
 Sanity Check for PRE-DATAPATH 
==========================
                Boundary check : PASS (TOTAL:   57, PASS:   57, BREAK:    0, SKIPPED:    0)
     Hw code and builder check : PASS (TOTAL:    0, PASS:    0, BREAK:    0, SKIPPED:    0)
 PhaseTable connectivity check : PASS (TOTAL:   31, PASS:   31, BREAK:    0, SKIPPED:    0)
          Rebuildability check : PASS (TOTAL:   27, PASS:   27, BREAK:    0, SKIPPED:    0)
==========================

Info    : Pre-processed datapath logic. [DPOPT-6]
        : Pre-processing optimizations applied to datapath logic in 'butterfly2x2':
          live_trim(6) output_trim(1) 

==========================
 Sanity Check for POST-PREPARE-NETLIST 
==========================
 PhaseTable connectivity check : PASS
==========================

Info    : Optimizing datapath logic. [DPOPT-1]
        : Optimizing datapath logic in 'butterfly2x2'.

==========================
 Sanity Check for POST-TIM-MODEL 
==========================
        Model conversion check : PASS (TOTAL:  209, PASS:  209, BREAK:    0, SKIPPED:    0)
==========================

Info    : Implementing datapath configurations. [DPOPT-3]
        : Implementing datapath configurations for 'CDN_DP_region_7_14'
  CSAGen Prep Share:0 Re-Write:0 Speculation: 0

Warning : Ungrouping the instance/module as 'false' cannot be set on tool_generated hierarchies. [GLO-61]
        : The 'false' setting on the 'CDN_DP_region_7_14_c7' tool_generated module is being ignored.
        : Kindly check the script whether the ungroup_ok is set to false. Alternately it can be set to 'strict_no' to disable ungrouping but this can impact PPA.
Warning : Inferred datapath logic has changed and cannot be considered for datapath optimizations. [RTLOPT-55]
        : Module 'CDN_DP_region_7_14_c7' has been invalidated for datapath optimizations.
        : For best results, ensure this command is issued after syn_map, when all datapath optimizations have finished.
Warning : Ungrouping the instance/module as 'false' cannot be set on tool_generated hierarchies. [GLO-61]
        : The 'false' setting on the 'CDN_DP_region_7_14_c7' tool_generated module is being ignored.
Warning : Inferred datapath logic has changed and cannot be considered for datapath optimizations. [RTLOPT-55]
        : Module 'CDN_DP_region_7_14_c7' has been invalidated for datapath optimizations.
Warning : Ungrouping the instance/module as 'false' cannot be set on tool_generated hierarchies. [GLO-61]
        : The 'false' setting on the 'CDN_DP_region_7_14_c7' tool_generated module is being ignored.
Warning : Inferred datapath logic has changed and cannot be considered for datapath optimizations. [RTLOPT-55]
        : Module 'CDN_DP_region_7_14_c7' has been invalidated for datapath optimizations.
Warning : Ungrouping the instance/module as 'false' cannot be set on tool_generated hierarchies. [GLO-61]
        : The 'false' setting on the 'CDN_DP_region_7_14_c7' tool_generated module is being ignored.
Warning : Inferred datapath logic has changed and cannot be considered for datapath optimizations. [RTLOPT-55]
        : Module 'CDN_DP_region_7_14_c7' has been invalidated for datapath optimizations.
Warning : Ungrouping the instance/module as 'false' cannot be set on tool_generated hierarchies. [GLO-61]
        : The 'false' setting on the 'CDN_DP_region_7_14_c7' tool_generated module is being ignored.
Warning : Inferred datapath logic has changed and cannot be considered for datapath optimizations. [RTLOPT-55]
        : Module 'CDN_DP_region_7_14_c7' has been invalidated for datapath optimizations.
Warning : Ungrouping the instance/module as 'false' cannot be set on tool_generated hierarchies. [GLO-61]
        : The 'false' setting on the 'CDN_DP_region_7_14_c7' tool_generated module is being ignored.
Warning : Inferred datapath logic has changed and cannot be considered for datapath optimizations. [RTLOPT-55]
        : Module 'CDN_DP_region_7_14_c7' has been invalidated for datapath optimizations.
Warning : Ungrouping the instance/module as 'false' cannot be set on tool_generated hierarchies. [GLO-61]
        : The 'false' setting on the 'CDN_DP_region_7_14_c7' tool_generated module is being ignored.
Warning : Inferred datapath logic has changed and cannot be considered for datapath optimizations. [RTLOPT-55]
        : Module 'CDN_DP_region_7_14_c7' has been invalidated for datapath optimizations.
Warning : Ungrouping the instance/module as 'false' cannot be set on tool_generated hierarchies. [GLO-61]
        : The 'false' setting on the 'CDN_DP_region_7_14_c7' tool_generated module is being ignored.
Warning : Inferred datapath logic has changed and cannot be considered for datapath optimizations. [RTLOPT-55]
        : Module 'CDN_DP_region_7_14_c7' has been invalidated for datapath optimizations.
Warning : Ungrouping the instance/module as 'false' cannot be set on tool_generated hierarchies. [GLO-61]
        : The 'false' setting on the 'CDN_DP_region_7_14_c7' tool_generated module is being ignored.
Warning : Inferred datapath logic has changed and cannot be considered for datapath optimizations. [RTLOPT-55]
        : Module 'CDN_DP_region_7_14_c7' has been invalidated for datapath optimizations.
Warning : Ungrouping the instance/module as 'false' cannot be set on tool_generated hierarchies. [GLO-61]
        : The 'false' setting on the 'CDN_DP_region_7_14_c7' tool_generated module is being ignored.
Warning : Inferred datapath logic has changed and cannot be considered for datapath optimizations. [RTLOPT-55]
        : Module 'CDN_DP_region_7_14_c7' has been invalidated for datapath optimizations.
Warning : Ungrouping the instance/module as 'false' cannot be set on tool_generated hierarchies. [GLO-61]
        : The 'false' setting on the 'CDN_DP_region_7_14_c7' tool_generated module is being ignored.
Warning : Inferred datapath logic has changed and cannot be considered for datapath optimizations. [RTLOPT-55]
        : Module 'CDN_DP_region_7_14_c7' has been invalidated for datapath optimizations.
Warning : Ungrouping the instance/module as 'false' cannot be set on tool_generated hierarchies. [GLO-61]
        : The 'false' setting on the 'CDN_DP_region_7_14_c7' tool_generated module is being ignored.
Warning : Inferred datapath logic has changed and cannot be considered for datapath optimizations. [RTLOPT-55]
        : Module 'CDN_DP_region_7_14_c7' has been invalidated for datapath optimizations.
Warning : Ungrouping the instance/module as 'false' cannot be set on tool_generated hierarchies. [GLO-61]
        : The 'false' setting on the 'CDN_DP_region_7_14_c7' tool_generated module is being ignored.
Warning : Inferred datapath logic has changed and cannot be considered for datapath optimizations. [RTLOPT-55]
        : Module 'CDN_DP_region_7_14_c7' has been invalidated for datapath optimizations.
Warning : Ungrouping the instance/module as 'false' cannot be set on tool_generated hierarchies. [GLO-61]
        : The 'false' setting on the 'CDN_DP_region_7_14_c7' tool_generated module is being ignored.
Warning : Inferred datapath logic has changed and cannot be considered for datapath optimizations. [RTLOPT-55]
        : Module 'CDN_DP_region_7_14_c7' has been invalidated for datapath optimizations.
Warning : Ungrouping the instance/module as 'false' cannot be set on tool_generated hierarchies. [GLO-61]
        : The 'false' setting on the 'CDN_DP_region_7_14_c7' tool_generated module is being ignored.
Warning : Inferred datapath logic has changed and cannot be considered for datapath optimizations. [RTLOPT-55]
        : Module 'CDN_DP_region_7_14_c7' has been invalidated for datapath optimizations.
Warning : Ungrouping the instance/module as 'false' cannot be set on tool_generated hierarchies. [GLO-61]
        : The 'false' setting on the 'CDN_DP_region_7_14_c7' tool_generated module is being ignored.
Warning : Inferred datapath logic has changed and cannot be considered for datapath optimizations. [RTLOPT-55]
        : Module 'CDN_DP_region_7_14_c7' has been invalidated for datapath optimizations.
Warning : Ungrouping the instance/module as 'false' cannot be set on tool_generated hierarchies. [GLO-61]
        : The 'false' setting on the 'CDN_DP_region_7_14_c7' tool_generated module is being ignored.
Warning : Inferred datapath logic has changed and cannot be considered for datapath optimizations. [RTLOPT-55]
        : Module 'CDN_DP_region_7_14_c7' has been invalidated for datapath optimizations.
Warning : Ungrouping the instance/module as 'false' cannot be set on tool_generated hierarchies. [GLO-61]
        : The 'false' setting on the 'CDN_DP_region_7_14_c7' tool_generated module is being ignored.
Warning : Inferred datapath logic has changed and cannot be considered for datapath optimizations. [RTLOPT-55]
        : Module 'CDN_DP_region_7_14_c7' has been invalidated for datapath optimizations.
Warning : Ungrouping the instance/module as 'false' cannot be set on tool_generated hierarchies. [GLO-61]
        : The 'false' setting on the 'CDN_DP_region_7_14_c7' tool_generated module is being ignored.
Warning : Inferred datapath logic has changed and cannot be considered for datapath optimizations. [RTLOPT-55]
        : Module 'CDN_DP_region_7_14_c7' has been invalidated for datapath optimizations.
Warning : Ungrouping the instance/module as 'false' cannot be set on tool_generated hierarchies. [GLO-61]
        : The 'false' setting on the 'CDN_DP_region_7_14_c7' tool_generated module is being ignored.
Warning : Inferred datapath logic has changed and cannot be considered for datapath optimizations. [RTLOPT-55]
        : Module 'CDN_DP_region_7_14_c7' has been invalidated for datapath optimizations.
Warning : Maximum message print count reached. [MESG-11]
        : Maximum print count of '20' reached for message 'GLO-61'.
Warning : Maximum message print count reached. [MESG-11]
        : Maximum print count of '20' reached for message 'RTLOPT-55'.
Info    : Accepted resource sharing opportunity. [RTLOPT-30]
        : Merged the following sets of instances in 'CDN_DP_region_7_14_c1 in butterfly2x2':
	  (ADD_UNS_OP6, BF2_2_sub_172_61)
	  (ADD_UNS_OP4, BF2_1_sub_172_61)
	  (ADD_UNS_OP2, BF1_2_sub_172_61)
	  (ADD_UNS_OP, BF1_1_sub_172_61)

Info    : Accepted resource sharing opportunity. [RTLOPT-30]
        : Merged the following sets of instances in 'CDN_DP_region_7_14_c2 in butterfly2x2':
	  (ADD_UNS_OP6, BF2_2_sub_172_61)
	  (ADD_UNS_OP4, BF2_1_sub_172_61)
	  (ADD_UNS_OP2, BF1_2_sub_172_61)
	  (ADD_UNS_OP, BF1_1_sub_172_61)

Info    : Accepted resource sharing opportunity. [RTLOPT-30]
        : Merged the following sets of instances in 'CDN_DP_region_7_14_c6 in butterfly2x2':
	  (BF2_1_sub_172_61, BF2_1_sub_172_47)
	  (BF1_1_sub_172_61, BF1_1_sub_172_47)
	  (BF1_2_sub_172_61, BF1_2_sub_172_47)
	  (BF2_2_sub_172_61, BF2_2_sub_172_47)

CDN_DP_region_7_14 level = 0 loads = 0 drivers = 0
CDN_DP_region_7_14_c0 in butterfly2x2: area: 233506371930 , DP = 36  Decode = 20  Mux = 54  ctl_case = 5  other = 52  sg = slow     
    wns: 352  norm_wns:  -1.0000 
    tns:  3796
 skipped
CDN_DP_region_7_14_c1 in butterfly2x2: area: 209024318700 , CSA = 4  DP = 28  Decode = 5  Mux = 62  other = 61  sg = fast     
    wns: 573  norm_wns:  -1.0000 
    tns:  40932
 is current best
CDN_DP_region_7_14_c2 in butterfly2x2: area: 209024318700 , CSA = 4  DP = 28  Decode = 5  Mux = 62  other = 61  sg = very_slow
    wns: 573  norm_wns:  -1.0000 
    tns:  40932
 is current best
CDN_DP_region_7_14_c3 in butterfly2x2: area: 221382535300 , CSA = 4  DP = 28  Decode = 5  Mux = 54  other = 61  sg = very_fast
    wns: 284  norm_wns:  -1.0000 
    tns:  2980
 is current best
CDN_DP_region_7_14_c4 in butterfly2x2: area: 221382535300 , CSA = 4  DP = 28  Decode = 5  Mux = 54  other = 61  sg = very_fast
    wns: 284  norm_wns:  -1.0000 
    tns:  2980
 is current best
CDN_DP_region_7_14_c5 in butterfly2x2: area: 221382535300 , CSA = 4  DP = 28  Decode = 5  Mux = 54  other = 61  sg = very_fast
    wns: 284  norm_wns:  -1.0000 
    tns:  2980
 is current best
CDN_DP_region_7_14_c6 in butterfly2x2: area: 191381899140 , CSA = 4  DP = 24  Decode = 5  Mux = 50  other = 61  sg = very_fast
    wns: 284  norm_wns:  -1.0000 
    tns:  2980
 is current best
CDN_DP_region_7_14_c7 in butterfly2x2: area: 221510378920 , CSA = 4  DP = 28  Decode = 5  Mux = 54  other = 61  sg = very_fast
    wns: 284  norm_wns:  -1.0000 
    tns:  2980

Best config: CDN_DP_region_7_14_c6 in butterfly2x2: area: 191381899140 , CSA = 4  DP = 24  Decode = 5  Mux = 50  other = 61  sg = very_fast
    wns: 284  norm_wns:  -1.0000 
    tns:  2980
  Smallest config area : 191381899140.  Fastest config wns;  284
##>+----------------------------------------------------------------------------------------------------------------------------------------------------------------+
##>Summary table of configs (Best config is CDN_DP_region_7_14_c6)
##>+----------------------------------------------------------------------------------------------------------------------------------------------------------------+
##>                     0                  1                  2                  3                  4                  5                  6                  7            
##>+----------------------------------------------------------------------------------------------------------------------------------------------------------------+
##>           Area     233506371930       209024318700       209024318700       221382535300       221382535300       221382535300       191381899140       221510378920  
##>            WNS           -35.20             -57.30             -57.30             -28.40             -28.40             -28.40             -28.40             -28.40  
##>            TNS             3796              40932              40932               2980               2980               2980               2980               2980  
##>    Num Rewrite                0                  4                  4                  4                  4                  4                  8                  0  
##>      Num Share                0                  4                  4                  0                  0                  0                  4                  0  
##>  Num Speculate                0                  0                  0                  0                  0                  0                  0                  0  
##>        Num CSA                0                  4                  4                  4                  4                  4                  4                  4  
##>         Num DP               36                 28                 28                 28                 28                 28                 24                 28  
##>     Num Decode               20                  5                  5                  5                  5                  5                  5                  5  
##>        Num Mux               54                 62                 62                 54                 54                 54                 50                 54  
##>   Num ctl_case                5                  0                  0                  0                  0                  0                  0                  0  
##>      Num other               52                 61                 61                 61                 61                 61                 61                 61  
##>     Runtime(s)                0                 10                 10                 14                 14                 14                 22                 14  
+----------------------------------------------------------------------------------------------------------------------------------------------------------------+
##>
##>

CSA report for CDN_DP_region_7_14_c6, cover 0 
---------------------------------------------------
| POs | Operation                           | FRC | 
---------------------------------------------------
| 1   | BF2_2_add_171_28                    | -   | 
|     | sharing_mux914                      | -   | 
|     | BF2_2_sub_172_61_Y_BF2_2_sub_172_47 | -   | 
---------------------------------------------------
-----------------------------------------------------------------------------------------------------------------------------------------
| Input/Output                           | Driver                 | Type | Reason | Polarity | Bitwidth | Expression                    | 
-----------------------------------------------------------------------------------------------------------------------------------------
| sharing_mux914[1]                      | BF2_2_mux_suba_125_14  | PI   | -      | unsigned | 24       | BF2_2_mux_suba_125_14[23,0]   | 
| BF2_2_add_171_28[0]                    | BF2_2_mux_suba_125_14  | PI   | -      | unsigned | 24       | BF2_2_mux_suba_125_14[23,0]   | 
| BF2_2_sub_172_61_Y_BF2_2_sub_172_47[1] | BF2_2_mux_subb_125_916 | PI   | -      | unsigned | 24       | BF2_2_mux_subb_125_916[23,0]  | 
| BF2_2_sub_172_61_Y_BF2_2_sub_172_47    | -                      | PO   | -      | unsigned | 24       | sharing_mux914                | 
|                                        |                        |      |        |          |          | -BF2_2_mux_subb_125_916[23,0] | 
-----------------------------------------------------------------------------------------------------------------------------------------
 

CSA report for CDN_DP_region_7_14_c6, cover 1 
---------------------------------------------------
| POs | Operation                           | FRC | 
---------------------------------------------------
| 1   | BF2_1_add_171_28                    | -   | 
|     | sharing_mux                         | -   | 
|     | BF2_1_sub_172_61_Y_BF2_1_sub_172_47 | -   | 
---------------------------------------------------
-----------------------------------------------------------------------------------------------------------------------------------------
| Input/Output                           | Driver                 | Type | Reason | Polarity | Bitwidth | Expression                    | 
-----------------------------------------------------------------------------------------------------------------------------------------
| sharing_mux[1]                         | BF2_1_mux_suba_125_14  | PI   | -      | unsigned | 24       | BF2_1_mux_suba_125_14[23,0]   | 
| BF2_1_add_171_28[0]                    | BF2_1_mux_suba_125_14  | PI   | -      | unsigned | 24       | BF2_1_mux_suba_125_14[23,0]   | 
| BF2_1_sub_172_61_Y_BF2_1_sub_172_47[1] | BF2_1_mux_subb_125_904 | PI   | -      | unsigned | 24       | BF2_1_mux_subb_125_904[23,0]  | 
| BF2_1_sub_172_61_Y_BF2_1_sub_172_47    | -                      | PO   | -      | unsigned | 24       | sharing_mux                   | 
|                                        |                        |      |        |          |          | -BF2_1_mux_subb_125_904[23,0] | 
-----------------------------------------------------------------------------------------------------------------------------------------
 

CSA report for CDN_DP_region_7_14_c6, cover 2 
---------------------------------------------------
| POs | Operation                           | FRC | 
---------------------------------------------------
| 1   | BF1_2_add_171_28                    | -   | 
|     | sharing_mux910                      | -   | 
|     | BF1_2_sub_172_61_Y_BF1_2_sub_172_47 | -   | 
---------------------------------------------------
-----------------------------------------------------------------------------------------------------------------------------------------
| Input/Output                           | Driver                 | Type | Reason | Polarity | Bitwidth | Expression                    | 
-----------------------------------------------------------------------------------------------------------------------------------------
| sharing_mux910[1]                      | BF1_2_mux_suba_125_14  | PI   | -      | unsigned | 24       | BF1_2_mux_suba_125_14[23,0]   | 
| BF1_2_add_171_28[0]                    | BF1_2_mux_suba_125_14  | PI   | -      | unsigned | 24       | BF1_2_mux_suba_125_14[23,0]   | 
| BF1_2_sub_172_61_Y_BF1_2_sub_172_47[1] | BF1_2_mux_subb_125_912 | PI   | -      | unsigned | 24       | BF1_2_mux_subb_125_912[23,0]  | 
| BF1_2_sub_172_61_Y_BF1_2_sub_172_47    | -                      | PO   | -      | unsigned | 24       | sharing_mux910                | 
|                                        |                        |      |        |          |          | -BF1_2_mux_subb_125_912[23,0] | 
-----------------------------------------------------------------------------------------------------------------------------------------
 

CSA report for CDN_DP_region_7_14_c6, cover 3 
---------------------------------------------------
| POs | Operation                           | FRC | 
---------------------------------------------------
| 1   | BF1_1_add_171_28                    | -   | 
|     | sharing_mux906                      | -   | 
|     | BF1_1_sub_172_61_Y_BF1_1_sub_172_47 | -   | 
---------------------------------------------------
-----------------------------------------------------------------------------------------------------------------------------------------
| Input/Output                           | Driver                 | Type | Reason | Polarity | Bitwidth | Expression                    | 
-----------------------------------------------------------------------------------------------------------------------------------------
| sharing_mux906[1]                      | BF1_1_mux_suba_125_14  | PI   | -      | unsigned | 24       | BF1_1_mux_suba_125_14[23,0]   | 
| BF1_1_add_171_28[0]                    | BF1_1_mux_suba_125_14  | PI   | -      | unsigned | 24       | BF1_1_mux_suba_125_14[23,0]   | 
| BF1_1_sub_172_61_Y_BF1_1_sub_172_47[1] | BF1_1_mux_subb_125_908 | PI   | -      | unsigned | 24       | BF1_1_mux_subb_125_908[23,0]  | 
| BF1_1_sub_172_61_Y_BF1_1_sub_172_47    | -                      | PO   | -      | unsigned | 24       | sharing_mux906                | 
|                                        |                        |      |        |          |          | -BF1_1_mux_subb_125_908[23,0] | 
-----------------------------------------------------------------------------------------------------------------------------------------
 

CSA report for CDN_DP_region_7_14_c6, cover 4 
---------------------------------------------------
| POs | Operation                           | FRC | 
---------------------------------------------------
| 1   | ADD_UNS_OP920                       | -   | 
|     | BF2_2_sub_172_61_Y_BF2_2_sub_172_47 | -   | 
---------------------------------------------------
-----------------------------------------------------------------------------------------------------------------------------------------------------------------------------------------------------------------------------------------------------------------------------------------------------------------------------------------------------------------------
| Input/Output                           | Driver                 | Type | Reason      | Polarity | Bitwidth | Expression                                                                                                                                                                                                                                             | 
-----------------------------------------------------------------------------------------------------------------------------------------------------------------------------------------------------------------------------------------------------------------------------------------------------------------------------------------------------------------------
| ADD_UNS_OP920[0]                       | BF2_2_mux_suba_125_14  | PI   | -           | unsigned | 24       | BF2_2_mux_suba_125_14[23,0]                                                                                                                                                                                                                            | 
| ADD_UNS_OP920[1]                       | concat_209             | PI   | part-select | unsigned | 23       |                                                                                                                                                                                                                                                        | 
| BF2_2_sub_172_61_Y_BF2_2_sub_172_47[1] | BF2_2_mux_subb_125_916 | PI   | -           | unsigned | 24       | BF2_2_mux_subb_125_916[23,0]                                                                                                                                                                                                                           | 
| BF2_2_sub_172_61_Y_BF2_2_sub_172_47    | -                      | PO   | -           | unsigned | 24       | BF2_2_mux_suba_125_14[23,0]                                                                                                                                                                                                                            | 
|                                        |                        |      |             |          |          | +{BF2_2_gt_172_29[0,0],BF2_2_gt_172_29[0,0],BF2_2_gt_172_29[0,0],BF2_2_gt_172_29[0,0],BF2_2_gt_172_29[0,0],BF2_2_gt_172_29[0,0],BF2_2_gt_172_29[0,0],BF2_2_gt_172_29[0,0],BF2_2_gt_172_29[0,0],BF2_2_gt_172_29[0,0],000000000000,BF2_2_gt_172_29[0,0]} | 
|                                        |                        |      |             |          |          | -BF2_2_mux_subb_125_916[23,0]                                                                                                                                                                                                                          | 
-----------------------------------------------------------------------------------------------------------------------------------------------------------------------------------------------------------------------------------------------------------------------------------------------------------------------------------------------------------------------
 

CSA report for CDN_DP_region_7_14_c6, cover 5 
---------------------------------------------------
| POs | Operation                           | FRC | 
---------------------------------------------------
| 1   | ADD_UNS_OP919                       | -   | 
|     | BF2_1_sub_172_61_Y_BF2_1_sub_172_47 | -   | 
---------------------------------------------------
-----------------------------------------------------------------------------------------------------------------------------------------------------------------------------------------------------------------------------------------------------------------------------------------------------------------------------------------------------------------------
| Input/Output                           | Driver                 | Type | Reason      | Polarity | Bitwidth | Expression                                                                                                                                                                                                                                             | 
-----------------------------------------------------------------------------------------------------------------------------------------------------------------------------------------------------------------------------------------------------------------------------------------------------------------------------------------------------------------------
| ADD_UNS_OP919[0]                       | BF2_1_mux_suba_125_14  | PI   | -           | unsigned | 24       | BF2_1_mux_suba_125_14[23,0]                                                                                                                                                                                                                            | 
| ADD_UNS_OP919[1]                       | concat_208             | PI   | part-select | unsigned | 23       |                                                                                                                                                                                                                                                        | 
| BF2_1_sub_172_61_Y_BF2_1_sub_172_47[1] | BF2_1_mux_subb_125_904 | PI   | -           | unsigned | 24       | BF2_1_mux_subb_125_904[23,0]                                                                                                                                                                                                                           | 
| BF2_1_sub_172_61_Y_BF2_1_sub_172_47    | -                      | PO   | -           | unsigned | 24       | BF2_1_mux_suba_125_14[23,0]                                                                                                                                                                                                                            | 
|                                        |                        |      |             |          |          | +{BF2_1_gt_172_29[0,0],BF2_1_gt_172_29[0,0],BF2_1_gt_172_29[0,0],BF2_1_gt_172_29[0,0],BF2_1_gt_172_29[0,0],BF2_1_gt_172_29[0,0],BF2_1_gt_172_29[0,0],BF2_1_gt_172_29[0,0],BF2_1_gt_172_29[0,0],BF2_1_gt_172_29[0,0],000000000000,BF2_1_gt_172_29[0,0]} | 
|                                        |                        |      |             |          |          | -BF2_1_mux_subb_125_904[23,0]                                                                                                                                                                                                                          | 
-----------------------------------------------------------------------------------------------------------------------------------------------------------------------------------------------------------------------------------------------------------------------------------------------------------------------------------------------------------------------
 

CSA report for CDN_DP_region_7_14_c6, cover 6 
---------------------------------------------------
| POs | Operation                           | FRC | 
---------------------------------------------------
| 1   | ADD_UNS_OP918                       | -   | 
|     | BF1_2_sub_172_61_Y_BF1_2_sub_172_47 | -   | 
---------------------------------------------------
-----------------------------------------------------------------------------------------------------------------------------------------------------------------------------------------------------------------------------------------------------------------------------------------------------------------------------------------------------------------------
| Input/Output                           | Driver                 | Type | Reason      | Polarity | Bitwidth | Expression                                                                                                                                                                                                                                             | 
-----------------------------------------------------------------------------------------------------------------------------------------------------------------------------------------------------------------------------------------------------------------------------------------------------------------------------------------------------------------------
| ADD_UNS_OP918[0]                       | BF1_2_mux_suba_125_14  | PI   | -           | unsigned | 24       | BF1_2_mux_suba_125_14[23,0]                                                                                                                                                                                                                            | 
| ADD_UNS_OP918[1]                       | concat_207             | PI   | part-select | unsigned | 23       |                                                                                                                                                                                                                                                        | 
| BF1_2_sub_172_61_Y_BF1_2_sub_172_47[1] | BF1_2_mux_subb_125_912 | PI   | -           | unsigned | 24       | BF1_2_mux_subb_125_912[23,0]                                                                                                                                                                                                                           | 
| BF1_2_sub_172_61_Y_BF1_2_sub_172_47    | -                      | PO   | -           | unsigned | 24       | BF1_2_mux_suba_125_14[23,0]                                                                                                                                                                                                                            | 
|                                        |                        |      |             |          |          | +{BF1_2_gt_172_29[0,0],BF1_2_gt_172_29[0,0],BF1_2_gt_172_29[0,0],BF1_2_gt_172_29[0,0],BF1_2_gt_172_29[0,0],BF1_2_gt_172_29[0,0],BF1_2_gt_172_29[0,0],BF1_2_gt_172_29[0,0],BF1_2_gt_172_29[0,0],BF1_2_gt_172_29[0,0],000000000000,BF1_2_gt_172_29[0,0]} | 
|                                        |                        |      |             |          |          | -BF1_2_mux_subb_125_912[23,0]                                                                                                                                                                                                                          | 
-----------------------------------------------------------------------------------------------------------------------------------------------------------------------------------------------------------------------------------------------------------------------------------------------------------------------------------------------------------------------
 

CSA report for CDN_DP_region_7_14_c6, cover 7 
---------------------------------------------------
| POs | Operation                           | FRC | 
---------------------------------------------------
| 1   | ADD_UNS_OP                          | -   | 
|     | BF1_1_sub_172_61_Y_BF1_1_sub_172_47 | -   | 
---------------------------------------------------
-----------------------------------------------------------------------------------------------------------------------------------------------------------------------------------------------------------------------------------------------------------------------------------------------------------------------------------------------------------------------
| Input/Output                           | Driver                 | Type | Reason      | Polarity | Bitwidth | Expression                                                                                                                                                                                                                                             | 
-----------------------------------------------------------------------------------------------------------------------------------------------------------------------------------------------------------------------------------------------------------------------------------------------------------------------------------------------------------------------
| ADD_UNS_OP[0]                          | BF1_1_mux_suba_125_14  | PI   | -           | unsigned | 24       | BF1_1_mux_suba_125_14[23,0]                                                                                                                                                                                                                            | 
| ADD_UNS_OP[1]                          | concat_206             | PI   | part-select | unsigned | 23       |                                                                                                                                                                                                                                                        | 
| BF1_1_sub_172_61_Y_BF1_1_sub_172_47[1] | BF1_1_mux_subb_125_908 | PI   | -           | unsigned | 24       | BF1_1_mux_subb_125_908[23,0]                                                                                                                                                                                                                           | 
| BF1_1_sub_172_61_Y_BF1_1_sub_172_47    | -                      | PO   | -           | unsigned | 24       | BF1_1_mux_suba_125_14[23,0]                                                                                                                                                                                                                            | 
|                                        |                        |      |             |          |          | +{BF1_1_gt_172_29[0,0],BF1_1_gt_172_29[0,0],BF1_1_gt_172_29[0,0],BF1_1_gt_172_29[0,0],BF1_1_gt_172_29[0,0],BF1_1_gt_172_29[0,0],BF1_1_gt_172_29[0,0],BF1_1_gt_172_29[0,0],BF1_1_gt_172_29[0,0],BF1_1_gt_172_29[0,0],000000000000,BF1_1_gt_172_29[0,0]} | 
|                                        |                        |      |             |          |          | -BF1_1_mux_subb_125_908[23,0]                                                                                                                                                                                                                          | 
-----------------------------------------------------------------------------------------------------------------------------------------------------------------------------------------------------------------------------------------------------------------------------------------------------------------------------------------------------------------------
 
##>+-----------------------------------------------------------------------------------------------------------------------------------------------------------------------------------------------------+
##>Optimization Step DEBUG Table for config CDN_DP_region_7_14_c6
##>
##>                          Step                        Area   (  % Chg)         WNS (Change)          TNS (Change)                Power   (  % Chg)        Runtime (s)        Comment                   
##>+-----------------------------------------------------------------------------------------------------------------------------------------------------------------------------------------------------+
##>createMaxCarrySave              START           233506371930 (       )    107374147.20 (        )          0 (        )                    0 (       )              
##> datapath_rewrite_one_def       START           233506371930 (  +0.00)    107374147.20 (   +0.00)          0 (       0)                    0 (  +0.00)              
##>  fast_cse_elim                 START           233506371930 (  +0.00)    107374147.20 (   +0.00)          0 (       0)                    0 (  +0.00)              
##>                                  END           228051710810 (  -2.34)    107374154.00 (   +6.80)          0 (       0)                    0 (  +0.00)           0  
##>  fast_cse_elim                 START           228051710810 (  +0.00)    107374154.00 (   +0.00)          0 (       0)                    0 (  +0.00)              
##>                                  END           228051710810 (  +0.00)    107374154.00 (   +0.00)          0 (       0)                    0 (  +0.00)           0  
##>                                  END           228051710810 (  -2.34)    107374154.00 (   +6.80)          0 (       0)                    0 (  +0.00)           0  
##> dpopt_share_one_def            START           228051710810 (  +0.00)    107374154.00 (   +0.00)          0 (       0)                    0 (  +0.00)              
##>                                  END           199968728950 ( -12.31)    107374154.00 (   +0.00)          0 (       0)                    0 (  +0.00)           8  
##> csa_opto                       START           199968728950 (  +0.00)    214748364.70 (+107374210.70)          0 (       0)                    0 (  +0.00)              
##>                                  END           199968728950 (  +0.00)    214748364.70 (   +0.00)          0 (       0)                    0 (  +0.00)           4  
##>                                  END           199968728950 ( -14.36)    214748364.70 (+107374217.50)          0 (       0)                    0 (  +0.00)          13  
##>canonicalize_by_names           START           199968728950 (  +0.00)    214748364.70 (   +0.00)          0 (       0)                    0 (  +0.00)              
##>                                  END           199968728950 (  +0.00)    214748364.70 (   +0.00)          0 (       0)                    0 (  +0.00)           0  
##>datapath_rewrite_post_csa_one_  START           199968728950 (  +0.00)    214748364.70 (   +0.00)          0 (       0)                    0 (  +0.00)              
##>                                  END           199968728950 (  +0.00)    214748364.70 (   +0.00)          0 (       0)                    0 (  +0.00)           0  
##>datapath_csa_factoring_one_gde  START           199968728950 (  +0.00)    214748364.70 (   +0.00)          0 (       0)                    0 (  +0.00)              
##>                                  END           199968728950 (  +0.00)    214748364.70 (   +0.00)          0 (       0)                    0 (  +0.00)           0  
##>dpopt_share_one_def             START           199968728950 (  +0.00)    214748364.70 (   +0.00)          0 (       0)                    0 (  +0.00)              
##>                                  END           199968728950 (  +0.00)    214748364.70 (   +0.00)          0 (       0)                    0 (  +0.00)           0  
##>datapath_rewrite_post_share     START           199968728950 (  +0.00)    214748364.70 (   +0.00)          0 (       0)                    0 (  +0.00)              
##>                                  END           199968728950 (  +0.00)    214748364.70 (   +0.00)          0 (       0)                    0 (  +0.00)           0  
##>dp_combine_const_mult_with_com  START           199968728950 (  +0.00)    214748364.70 (   +0.00)          0 (       0)                    0 (  +0.00)              
##>                                  END           199968728950 (  +0.00)    214748364.70 (   +0.00)          0 (       0)                    0 (  +0.00)           0  
##>speculate_in_gdef               START           199968728950 (  +0.00)    214748364.70 (   +0.00)          0 (       0)                    0 (  +0.00)              
##> pre_speculate_mux_merge        START           199968728950 (  +0.00)    214748364.70 (   +0.00)          0 (       0)                    0 (  +0.00)              
##>                                  END           199968728950 (  +0.00)    214748364.70 (   +0.00)          0 (       0)                    0 (  +0.00)           0  
##>                                  END           199968728950 (  +0.00)    214748364.70 (   +0.00)          0 (       0)                    0 (  +0.00)           0  
##>dp_operator_level_decompositio  START           199968728950 (  +0.00)    214748364.70 (   +0.00)          0 (       0)                    0 (  +0.00)              
##>                                  END           199968728950 (  +0.00)    214748364.70 (   +0.00)          0 (       0)                    0 (  +0.00)           0  
##>selective_flatten_dp_config     START           199968728950 (  +0.00)    214748364.70 (   +0.00)          0 (       0)                    0 (  +0.00)              
##>                                  END           199968728950 (  +0.00)    214748364.70 (   +0.00)          0 (       0)                    0 (  +0.00)           0  
##>createMaxCarrySave              START           199968728950 (  +0.00)    214748364.70 (   +0.00)          0 (       0)                    0 (  +0.00)              
##> datapath_rewrite_one_def       START           199968728950 (  +0.00)    214748364.70 (   +0.00)          0 (       0)                    0 (  +0.00)              
##>  fast_cse_elim                 START           199968728950 (  +0.00)    214748364.70 (   +0.00)          0 (       0)                    0 (  +0.00)              
##>                                  END           199968728950 (  +0.00)    214748364.70 (   +0.00)          0 (       0)                    0 (  +0.00)           0  
##>  fast_cse_elim                 START           199968728950 (  +0.00)    214748364.70 (   +0.00)          0 (       0)                    0 (  +0.00)              
##>                                  END           199968728950 (  +0.00)    214748364.70 (   +0.00)          0 (       0)                    0 (  +0.00)           0  
##>  rewrite                       START           199968728950 (  +0.00)    214748364.70 (   +0.00)          0 (       0)                    0 (  +0.00)              (na,csaa) add_c_with_select_version1 --> add_c_with_select_version2
##>                                  END           200629254320 (  +0.33)    214748364.70 (   +0.00)          0 (       0)                    0 (  +0.00)           0  
##>  rewrite                       START           199968728950 (  -0.33)    214748364.70 (   +0.00)          0 (       0)                    0 (  +0.00)              (a,ar) add_c_ohmux_version1 --> add_c_ohmux_version2
##>                                  END           200629254320 (  +0.33)    214748364.70 (   +0.00)          0 (       0)                    0 (  +0.00)           0  
##>  rewrite                       START           200629254320 (  +0.00)    214748364.70 (   +0.00)          0 (       0)                    0 (  +0.00)              (a,ar) add_c_ohmux_version1 --> add_c_ohmux_version2
##>                                  END           201289779690 (  +0.33)    214748364.70 (   +0.00)          0 (       0)                    0 (  +0.00)           0  
##>  rewrite                       START           201289779690 (  +0.00)    214748364.70 (   +0.00)          0 (       0)                    0 (  +0.00)              (a,ar) add_c_ohmux_version1 --> add_c_ohmux_version2
##>                                  END           201950305060 (  +0.33)    214748364.70 (   +0.00)          0 (       0)                    0 (  +0.00)           0  
##>  rewrite                       START           201950305060 (  +0.00)    214748364.70 (   +0.00)          0 (       0)                    0 (  +0.00)              (a,ar) add_c_ohmux_version1 --> add_c_ohmux_version2
##>                                  END           202610830430 (  +0.33)    214748364.70 (   +0.00)          0 (       0)                    0 (  +0.00)           0  
##>  fast_cse_elim                 START           202610830430 (  +0.00)    214748364.70 (   +0.00)          0 (       0)                    0 (  +0.00)              
##>                                  END           202610830430 (  +0.00)    214748364.70 (   +0.00)          0 (       0)                    0 (  +0.00)           0  
##>  fast_cse_elim                 START           202610830430 (  +0.00)    214748364.70 (   +0.00)          0 (       0)                    0 (  +0.00)              
##>                                  END           202610830430 (  +0.00)    214748364.70 (   +0.00)          0 (       0)                    0 (  +0.00)           0  
##>                                  END           202610830430 (  +1.32)    214748364.70 (   +0.00)          0 (       0)                    0 (  +0.00)           0  
##> dpopt_share_one_def            START           202610830430 (  +0.00)    214748364.70 (   +0.00)          0 (       0)                    0 (  +0.00)              
##>                                  END           202610830430 (  +0.00)    214748364.70 (   +0.00)          0 (       0)                    0 (  +0.00)           0  
##> csa_opto                       START           202610830430 (  +0.00)    214748364.70 (   +0.00)          0 (       0)                    0 (  +0.00)              
##>                                  END           196431722130 (  -3.05)    214748364.70 (   +0.00)          0 (       0)                    0 (  +0.00)           2  
##>                                  END           196431722130 (  -1.77)    214748364.70 (   +0.00)          0 (       0)                    0 (  +0.00)           3  
##>rewrite                         START           196431722130 (  +0.00)    214748364.70 (   +0.00)          0 (       0)                    0 (  +0.00)              (a,ar) csa_add_and_inc_v2 --> csa_add_ci
##>                                  END           196431722130 (  +0.00)    214748364.70 (   +0.00)          0 (       0)                    0 (  +0.00)           0  
##>rewrite                         START           196431722130 (  +0.00)    214748364.70 (   +0.00)          0 (       0)                    0 (  +0.00)              (a,ar) csa_add_and_inc_v2 --> csa_add_ci
##>                                  END           196431722130 (  +0.00)    214748364.70 (   +0.00)          0 (       0)                    0 (  +0.00)           0  
##>rewrite                         START           196431722130 (  +0.00)    214748364.70 (   +0.00)          0 (       0)                    0 (  +0.00)              (a,ar) csa_add_and_inc_v2 --> csa_add_ci
##>                                  END           196431722130 (  +0.00)    214748364.70 (   +0.00)          0 (       0)                    0 (  +0.00)           0  
##>rewrite                         START           196431722130 (  +0.00)    214748364.70 (   +0.00)          0 (       0)                    0 (  +0.00)              (a,ar) csa_add_and_inc_v2 --> csa_add_ci
##>                                  END           196431722130 (  +0.00)    214748364.70 (   +0.00)          0 (       0)                    0 (  +0.00)           0  
##>datapath_rewrite_post_csa_one_  START           196431722130 (  +0.00)    214748364.70 (   +0.00)          0 (       0)                    0 (  +0.00)              
##>                                  END           196431722130 (  +0.00)    214748364.70 (   +0.00)          0 (       0)                    0 (  +0.00)           0  
##>datapath_csa_factoring_one_gde  START           196431722130 (  +0.00)    214748364.70 (   +0.00)          0 (       0)                    0 (  +0.00)              
##>                                  END           196431722130 (  +0.00)    214748364.70 (   +0.00)          0 (       0)                    0 (  +0.00)           0  
##>dpopt_share_one_def             START           196431722130 (  +0.00)    214748364.70 (   +0.00)          0 (       0)                    0 (  +0.00)              
##>                                  END           196431722130 (  +0.00)    214748364.70 (   +0.00)          0 (       0)                    0 (  +0.00)           0  
##>datapath_rewrite_post_share     START           196431722130 (  +0.00)    214748364.70 (   +0.00)          0 (       0)                    0 (  +0.00)              
##>                                  END           196431722130 (  +0.00)    214748364.70 (   +0.00)          0 (       0)                    0 (  +0.00)           0  
##>dp_combine_const_mult_with_com  START           196431722130 (  +0.00)    214748364.70 (   +0.00)          0 (       0)                    0 (  +0.00)              
##>                                  END           196431722130 (  +0.00)    214748364.70 (   +0.00)          0 (       0)                    0 (  +0.00)           0  
##>speculate_in_gdef               START           196431722130 (  +0.00)    214748364.70 (   +0.00)          0 (       0)                    0 (  +0.00)              
##> pre_speculate_mux_merge        START           196431722130 (  +0.00)    214748364.70 (   +0.00)          0 (       0)                    0 (  +0.00)              
##>                                  END           196431722130 (  +0.00)    214748364.70 (   +0.00)          0 (       0)                    0 (  +0.00)           0  
##>                                  END           196431722130 (  +0.00)    214748364.70 (   +0.00)          0 (       0)                    0 (  +0.00)           0  
##>dp_operator_level_decompositio  START           196431722130 (  +0.00)    214748364.70 (   +0.00)          0 (       0)                    0 (  +0.00)              
##>                                  END           196431722130 (  +0.00)    214748364.70 (   +0.00)          0 (       0)                    0 (  +0.00)           0  
##>selective_flatten_dp_config     START           196431722130 (  +0.00)    214748364.70 (   +0.00)          0 (       0)                    0 (  +0.00)              
##>                                  END           196431722130 (  +0.00)    214748364.70 (   +0.00)          0 (       0)                    0 (  +0.00)           0  
##>createMaxCarrySave              START           196431722130 (  +0.00)    214748364.70 (   +0.00)          0 (       0)                    0 (  +0.00)              
##> datapath_rewrite_one_def       START           196431722130 (  +0.00)    214748364.70 (   +0.00)          0 (       0)                    0 (  +0.00)              
##>  fast_cse_elim                 START           196431722130 (  +0.00)    214748364.70 (   +0.00)          0 (       0)                    0 (  +0.00)              
##>                                  END           196431722130 (  +0.00)    214748364.70 (   +0.00)          0 (       0)                    0 (  +0.00)           0  
##>  fast_cse_elim                 START           196431722130 (  +0.00)    214748364.70 (   +0.00)          0 (       0)                    0 (  +0.00)              
##>                                  END           196431722130 (  +0.00)    214748364.70 (   +0.00)          0 (       0)                    0 (  +0.00)           0  
##>                                  END           196431722130 (  +0.00)    214748364.70 (   +0.00)          0 (       0)                    0 (  +0.00)           0  
##> dpopt_share_one_def            START           196431722130 (  +0.00)    214748364.70 (   +0.00)          0 (       0)                    0 (  +0.00)              
##>                                  END           196431722130 (  +0.00)    214748364.70 (   +0.00)          0 (       0)                    0 (  +0.00)           0  
##> csa_opto                       START           196431722130 (  +0.00)    214748364.70 (   +0.00)          0 (       0)                    0 (  +0.00)              
##>                                  END           196431722130 (  +0.00)    214748364.70 (   +0.00)          0 (       0)                    0 (  +0.00)           2  
##>                                  END           196431722130 (  +0.00)    214748364.70 (   +0.00)          0 (       0)                    0 (  +0.00)           2  
##>context_based_simplify          START           196325185780 (  -0.05)    214748364.70 (   +0.00)          0 (       0)                    0 (  +0.00)              
##>                                  END           191381899140 (  -2.52)    214748364.70 (   +0.00)          0 (       0)                    0 (  +0.00)           0  
##>group_csa_final_adder_dp        START           191381899140 (  +0.00)    214748364.70 (   +0.00)          0 (       0)                    0 (  +0.00)              
##>                                  END           195984269460 (  +2.40)    214748364.70 (   +0.00)          0 (       0)                    0 (  +0.00)           0  
##>dpopt_flatten_critical_muxes_i  START           195984269460 (  +0.00)    214748364.70 (   +0.00)          0 (       0)                    0 (  +0.00)              
##>                                  END           195984269460 (  +0.00)    214748364.70 (   +0.00)          0 (       0)                    0 (  +0.00)           0  
##>speculate_in_gdef               START           195984269460 (  +0.00)    214748364.70 (   +0.00)          0 (       0)                    0 (  +0.00)              
##> pre_speculate_mux_merge        START           195984269460 (  +0.00)    214748364.70 (   +0.00)          0 (       0)                    0 (  +0.00)              
##>                                  END           195984269460 (  +0.00)    214748364.70 (   +0.00)          0 (       0)                    0 (  +0.00)           0  
##>                                  END           195984269460 (  +0.00)    214748364.70 (   +0.00)          0 (       0)                    0 (  +0.00)           0  
##>create_score                    START           191381899140 (  -2.35)      -28.40 (-214748393.10)       2980 (    2980)                    0 (  +0.00)              
##>                                  END           191381899140 (  +0.00)      -28.40 (   +0.00)       2980 (       0)                    0 (  +0.00)           0  
##>+-----------------------------------------------------------------------------------------------------------------------------------------------------------------------------------------------------+
Committed config: CDN_DP_region_7_14_c6
Info    : Done implementing datapath configurations. [DPOPT-4]
        : Selected 'very_fast' configuration 6 for module 'CDN_DP_region_7_14_c6'.
          Optimizations applied to 'very_fast' configuration:
            rewriting(8), factoring(0), sharing(4), cmultcse(0), downsizing(0), speculation(0)
Info    : Implementing datapath configurations. [DPOPT-3]
        : Implementing datapath configurations for 'CDN_DP_region_7_4'
  CSAGen Prep Share:0 Re-Write:0 Speculation: 0

CDN_DP_region_7_4 level = 0 loads = 0 drivers = 0
CDN_DP_region_7_4_c0 in butterfly2x2: area: 14872474460 , DP = 2  Mux = 9  ctl_case = 3  other = 10  sg = slow     
    wns: 0  norm_wns:  -1.0000 
    tns:  0
 skipped
CDN_DP_region_7_4_c1 in butterfly2x2: area: 14595479950 , DP = 2  Mux = 9  other = 28  sg = fast     
    wns: 0  norm_wns:  -1.0000 
    tns:  0
 is current best
CDN_DP_region_7_4_c2 in butterfly2x2: area: 14595479950 , DP = 2  Mux = 9  other = 28  sg = very_slow
    wns: 0  norm_wns:  -1.0000 
    tns:  0
 is current best
CDN_DP_region_7_4_c3 in butterfly2x2: area: 14595479950 , DP = 2  Mux = 9  other = 28  sg = very_fast
    wns: 0  norm_wns:  -1.0000 
    tns:  0
 is current best
CDN_DP_region_7_4_c4 in butterfly2x2: area: 14595479950 , DP = 2  Mux = 9  other = 28  sg = very_fast
    wns: 0  norm_wns:  -1.0000 
    tns:  0
 is current best
CDN_DP_region_7_4_c5 in butterfly2x2: area: 14595479950 , DP = 2  Mux = 9  other = 28  sg = very_fast
    wns: 0  norm_wns:  -1.0000 
    tns:  0
 is current best
CDN_DP_region_7_4_c6 in butterfly2x2: area: 14595479950 , DP = 2  Mux = 9  other = 28  sg = very_fast
    wns: 0  norm_wns:  -1.0000 
    tns:  0
 is current best
CDN_DP_region_7_4_c7 in butterfly2x2: area: 14595479950 , DP = 2  Mux = 9  other = 28  sg = very_fast
    wns: 0  norm_wns:  -1.0000 
    tns:  0
 is current best
Best config: CDN_DP_region_7_4_c7 in butterfly2x2: area: 14595479950 , DP = 2  Mux = 9  other = 28  sg = very_fast
    wns: 0  norm_wns:  -1.0000 
    tns:  0
  Smallest config area : 14595479950.  Fastest config wns;  0
##>+----------------------------------------------------------------------------------------------------------------------------------------------------------------+
##>Summary table of configs (Best config is CDN_DP_region_7_4_c7)
##>+----------------------------------------------------------------------------------------------------------------------------------------------------------------+
##>                     0                  1                  2                  3                  4                  5                  6                  7            
##>+----------------------------------------------------------------------------------------------------------------------------------------------------------------+
##>           Area      14872474460        14595479950        14595479950        14595479950        14595479950        14595479950        14595479950        14595479950  
##>            WNS          +266.40            +266.40            +266.40            +266.40            +266.40            +266.40            +266.40            +266.40  
##>            TNS                0                  0                  0                  0                  0                  0                  0                  0  
##>    Num Rewrite                0                  0                  0                  0                  0                  0                  0                  0  
##>      Num Share                0                  0                  0                  0                  0                  0                  0                  0  
##>  Num Speculate                0                  0                  0                  0                  0                  0                  0                  0  
##>         Num DP                2                  2                  2                  2                  2                  2                  2                  2  
##>        Num Mux                9                  9                  9                  9                  9                  9                  9                  9  
##>   Num ctl_case                3                  0                  0                  0                  0                  0                  0                  0  
##>      Num other               10                 28                 28                 28                 28                 28                 28                 28  
##>     Runtime(s)                0                  1                  1                  1                  1                  1                  1                  1  
+----------------------------------------------------------------------------------------------------------------------------------------------------------------+
##>
##>
##>+-----------------------------------------------------------------------------------------------------------------------------------------------------------------------------------------------------+
##>Optimization Step DEBUG Table for config CDN_DP_region_7_4_c7
##>
##>                          Step                        Area   (  % Chg)         WNS (Change)          TNS (Change)                Power   (  % Chg)        Runtime (s)        Comment                   
##>+-----------------------------------------------------------------------------------------------------------------------------------------------------------------------------------------------------+
##>EquationExtraction              START            14872474460 (       )      266.40 (        )          0 (        )                    0 (       )              
##> rewrite                        START            19623995670 ( +31.95)      246.20 (  -20.20)          0 (       0)                    0 (  +0.00)              (a,ar) Expr16_from --> Expr16_to
##>                                  END            28051020955 ( +42.94)      246.20 (   +0.00)          0 (       0)                    0 (  +0.00)           0  
##> rewrite                        START            28051020955 (  +0.00)      246.20 (   +0.00)          0 (       0)                    0 (  +0.00)              (a,ar) Expr17_from --> Expr17_to
##>                                  END            36478046240 ( +30.04)      246.20 (   +0.00)          0 (       0)                    0 (  +0.00)           0  
##>                                  END            14872474460 (  +0.00)      266.40 (   +0.00)          0 (       0)                    0 (  +0.00)           0  
##>createMaxCarrySave              START            14872474460 (  +0.00)      266.40 (   +0.00)          0 (       0)                    0 (  +0.00)              
##> datapath_rewrite_one_def       START            14872474460 (  +0.00)      266.40 (   +0.00)          0 (       0)                    0 (  +0.00)              
##>                                  END            14872474460 (  +0.00)      266.40 (   +0.00)          0 (       0)                    0 (  +0.00)           0  
##> speculate_in_gdef              START            14872474460 (  +0.00)      266.40 (   +0.00)          0 (       0)                    0 (  +0.00)              
##>  pre_speculate_mux_merge       START            14872474460 (  +0.00)      266.40 (   +0.00)          0 (       0)                    0 (  +0.00)              
##>                                  END            14872474460 (  +0.00)      266.40 (   +0.00)          0 (       0)                    0 (  +0.00)           0  
##>                                  END            14872474460 (  +0.00)      266.40 (   +0.00)          0 (       0)                    0 (  +0.00)           0  
##> csa_opto                       START            14872474460 (  +0.00)      266.40 (   +0.00)          0 (       0)                    0 (  +0.00)              
##>                                  END            14872474460 (  +0.00)      266.40 (   +0.00)          0 (       0)                    0 (  +0.00)           0  
##>                                  END            14872474460 (  +0.00)      266.40 (   +0.00)          0 (       0)                    0 (  +0.00)           0  
##>canonicalize_by_names           START            14872474460 (  +0.00)      266.40 (   +0.00)          0 (       0)                    0 (  +0.00)              
##>                                  END            14872474460 (  +0.00)      266.40 (   +0.00)          0 (       0)                    0 (  +0.00)           0  
##>datapath_rewrite_post_csa_one_  START            14872474460 (  +0.00)      266.40 (   +0.00)          0 (       0)                    0 (  +0.00)              
##>                                  END            14872474460 (  +0.00)      266.40 (   +0.00)          0 (       0)                    0 (  +0.00)           0  
##>datapath_csa_factoring_one_gde  START            14872474460 (  +0.00)      266.40 (   +0.00)          0 (       0)                    0 (  +0.00)              
##>                                  END            14872474460 (  +0.00)      266.40 (   +0.00)          0 (       0)                    0 (  +0.00)           0  
##>dpopt_share_one_def             START            14872474460 (  +0.00)      266.40 (   +0.00)          0 (       0)                    0 (  +0.00)              
##>                                  END            14872474460 (  +0.00)      266.40 (   +0.00)          0 (       0)                    0 (  +0.00)           0  
##>datapath_rewrite_post_share     START            14872474460 (  +0.00)      266.40 (   +0.00)          0 (       0)                    0 (  +0.00)              
##>                                  END            14872474460 (  +0.00)      266.40 (   +0.00)          0 (       0)                    0 (  +0.00)           0  
##>dp_combine_const_mult_with_com  START            14872474460 (  +0.00)      266.40 (   +0.00)          0 (       0)                    0 (  +0.00)              
##>                                  END            14872474460 (  +0.00)      266.40 (   +0.00)          0 (       0)                    0 (  +0.00)           0  
##>speculate_in_gdef               START            14872474460 (  +0.00)      266.40 (   +0.00)          0 (       0)                    0 (  +0.00)              
##> pre_speculate_mux_merge        START            14872474460 (  +0.00)      266.40 (   +0.00)          0 (       0)                    0 (  +0.00)              
##>                                  END            14872474460 (  +0.00)      266.40 (   +0.00)          0 (       0)                    0 (  +0.00)           0  
##>                                  END            14872474460 (  +0.00)      266.40 (   +0.00)          0 (       0)                    0 (  +0.00)           0  
##>dp_operator_level_decompositio  START            14872474460 (  +0.00)      266.40 (   +0.00)          0 (       0)                    0 (  +0.00)              
##>                                  END            14872474460 (  +0.00)      266.40 (   +0.00)          0 (       0)                    0 (  +0.00)           0  
##>selective_flatten_dp_config     START            14872474460 (  +0.00)      266.40 (   +0.00)          0 (       0)                    0 (  +0.00)              
##>                                  END            14872474460 (  +0.00)      266.40 (   +0.00)          0 (       0)                    0 (  +0.00)           0  
##>createMaxCarrySave              START            14872474460 (  +0.00)      266.40 (   +0.00)          0 (       0)                    0 (  +0.00)              
##> datapath_rewrite_one_def       START            14872474460 (  +0.00)      266.40 (   +0.00)          0 (       0)                    0 (  +0.00)              
##>  fast_cse_elim                 START            14872474460 (  +0.00)      266.40 (   +0.00)          0 (       0)                    0 (  +0.00)              
##>                                  END            14627440855 (  -1.65)      266.40 (   +0.00)          0 (       0)                    0 (  +0.00)           0  
##>  fast_cse_elim                 START            14627440855 (  +0.00)      266.40 (   +0.00)          0 (       0)                    0 (  +0.00)              
##>                                  END            14627440855 (  +0.00)      266.40 (   +0.00)          0 (       0)                    0 (  +0.00)           0  
##>                                  END            14627440855 (  -1.65)      266.40 (   +0.00)          0 (       0)                    0 (  +0.00)           0  
##> speculate_in_gdef              START            14627440855 (  +0.00)      266.40 (   +0.00)          0 (       0)                    0 (  +0.00)              
##>  pre_speculate_mux_merge       START            14627440855 (  +0.00)      266.40 (   +0.00)          0 (       0)                    0 (  +0.00)              
##>                                  END            14627440855 (  +0.00)      266.40 (   +0.00)          0 (       0)                    0 (  +0.00)           0  
##>                                  END            14627440855 (  +0.00)      266.40 (   +0.00)          0 (       0)                    0 (  +0.00)           0  
##> csa_opto                       START            14627440855 (  +0.00)      266.40 (   +0.00)          0 (       0)                    0 (  +0.00)              
##>                                  END            14627440855 (  +0.00)      266.40 (   +0.00)          0 (       0)                    0 (  +0.00)           0  
##>                                  END            14627440855 (  -1.65)      266.40 (   +0.00)          0 (       0)                    0 (  +0.00)           0  
##>context_based_simplify          START            14595479950 (  -0.22)      266.40 (   +0.00)          0 (       0)                    0 (  +0.00)              
##>                                  END            14595479950 (  +0.00)      266.40 (   +0.00)          0 (       0)                    0 (  +0.00)           0  
##>group_csa_final_adder_dp        START            14595479950 (  +0.00)      266.40 (   +0.00)          0 (       0)                    0 (  +0.00)              
##>                                  END            14595479950 (  +0.00)      266.40 (   +0.00)          0 (       0)                    0 (  +0.00)           0  
##>dpopt_flatten_critical_muxes_i  START            14595479950 (  +0.00)      266.40 (   +0.00)          0 (       0)                    0 (  +0.00)              
##>                                  END            14595479950 (  +0.00)      266.40 (   +0.00)          0 (       0)                    0 (  +0.00)           0  
##>speculate_in_gdef               START            14595479950 (  +0.00)      266.40 (   +0.00)          0 (       0)                    0 (  +0.00)              
##> pre_speculate_mux_merge        START            14595479950 (  +0.00)      266.40 (   +0.00)          0 (       0)                    0 (  +0.00)              
##>                                  END            14595479950 (  +0.00)      266.40 (   +0.00)          0 (       0)                    0 (  +0.00)           0  
##>                                  END            14595479950 (  +0.00)      266.40 (   +0.00)          0 (       0)                    0 (  +0.00)           0  
##>create_score                    START            14595479950 (  +0.00)      266.40 (   +0.00)          0 (       0)                    0 (  +0.00)              
##>                                  END            14595479950 (  +0.00)      266.40 (   +0.00)          0 (       0)                    0 (  +0.00)           0  
##>+-----------------------------------------------------------------------------------------------------------------------------------------------------------------------------------------------------+
Committed config: CDN_DP_region_7_4_c7
Info    : Done implementing datapath configurations. [DPOPT-4]
        : Selected 'very_fast' configuration 7 for module 'CDN_DP_region_7_4_c7'.
          Optimizations applied to 'very_fast' configuration:
            rewriting(0), factoring(0), sharing(0), cmultcse(0), downsizing(0), speculation(0)
Info    : Implementing datapath configurations. [DPOPT-3]
        : Implementing datapath configurations for 'CDN_DP_region_7_15'
  CSAGen Prep Share:0 Re-Write:0 Speculation: 0

CDN_DP_region_7_15 level = 0 loads = 0 drivers = 0
CDN_DP_region_7_15_c0 in butterfly2x2: area: 77782189135 , DP = 1  Mux = 1  other = 2  sg = slow     
    wns: 385  norm_wns:  -1.0000 
    tns:  5176
 skipped
CDN_DP_region_7_15_c1 in butterfly2x2: area: 78037876375 , DP = 1  Mux = 1  other = 2  sg = fast     
    wns: 382  norm_wns:  -1.0000 
    tns:  5134
 is current best
CDN_DP_region_7_15_c2 in butterfly2x2: area: 78037876375 , DP = 1  Mux = 1  other = 2  sg = very_slow
    wns: 382  norm_wns:  -1.0000 
    tns:  5134
 is current best
CDN_DP_region_7_15_c3 in butterfly2x2: area: 78037876375 , DP = 1  Mux = 1  other = 2  sg = very_fast
    wns: 382  norm_wns:  -1.0000 
    tns:  5134
 is current best
CDN_DP_region_7_15_c4 in butterfly2x2: area: 78037876375 , DP = 1  Mux = 1  other = 2  sg = very_fast
    wns: 382  norm_wns:  -1.0000 
    tns:  5134
 is current best
CDN_DP_region_7_15_c5 in butterfly2x2: area: 78037876375 , DP = 1  Mux = 1  other = 2  sg = very_fast
    wns: 382  norm_wns:  -1.0000 
    tns:  5134
 is current best
CDN_DP_region_7_15_c6 in butterfly2x2: area: 78037876375 , DP = 1  Mux = 1  other = 2  sg = very_fast
    wns: 382  norm_wns:  -1.0000 
    tns:  5134
 is current best
CDN_DP_region_7_15_c7 in butterfly2x2: area: 78037876375 , DP = 1  Mux = 1  other = 2  sg = very_fast
    wns: 382  norm_wns:  -1.0000 
    tns:  5134
 is current best
Best config: CDN_DP_region_7_15_c7 in butterfly2x2: area: 78037876375 , DP = 1  Mux = 1  other = 2  sg = very_fast
    wns: 382  norm_wns:  -1.0000 
    tns:  5134
  Smallest config area : 78037876375.  Fastest config wns;  382
##>+----------------------------------------------------------------------------------------------------------------------------------------------------------------+
##>Summary table of configs (Best config is CDN_DP_region_7_15_c7)
##>+----------------------------------------------------------------------------------------------------------------------------------------------------------------+
##>                     0                  1                  2                  3                  4                  5                  6                  7            
##>+----------------------------------------------------------------------------------------------------------------------------------------------------------------+
##>           Area      77782189135        78037876375        78037876375        78037876375        78037876375        78037876375        78037876375        78037876375  
##>            WNS           -38.50             -38.20             -38.20             -38.20             -38.20             -38.20             -38.20             -38.20  
##>            TNS             5176               5134               5134               5134               5134               5134               5134               5134  
##>    Num Rewrite                0                  0                  0                  0                  0                  0                  0                  0  
##>      Num Share                0                  0                  0                  0                  0                  0                  0                  0  
##>  Num Speculate                0                  0                  0                  0                  0                  0                  0                  0  
##>         Num DP                1                  1                  1                  1                  1                  1                  1                  1  
##>        Num Mux                1                  1                  1                  1                  1                  1                  1                  1  
##>      Num other                2                  2                  2                  2                  2                  2                  2                  2  
##>     Runtime(s)                0                  0                  0                  0                  0                  0                  0                  4  
+----------------------------------------------------------------------------------------------------------------------------------------------------------------+
##>
##>
##>+-----------------------------------------------------------------------------------------------------------------------------------------------------------------------------------------------------+
##>Optimization Step DEBUG Table for config CDN_DP_region_7_15_c7
##>
##>                          Step                        Area   (  % Chg)         WNS (Change)          TNS (Change)                Power   (  % Chg)        Runtime (s)        Comment                   
##>+-----------------------------------------------------------------------------------------------------------------------------------------------------------------------------------------------------+
##>EquationExtraction              START            77782189135 (       )      -38.50 (        )       5176 (        )                    0 (       )              
##> rewrite                        START           319097675520 (+310.25)     -109.40 (  -70.90)      21853 (   16677)                    0 (  +0.00)              (a,ar) Expr18_from --> Expr18_to
##>                                  END           156097060020 ( -51.08)     -112.40 (   -3.00)      22753 (     900)                    0 (  +0.00)           1  
##>                                  END            77782189135 (  +0.00)      -38.50 (   +0.00)       5176 (       0)                    0 (  +0.00)           2  
##>createMaxCarrySave              START            77782189135 (  +0.00)      -38.50 (   +0.00)       5176 (       0)                    0 (  +0.00)              
##> datapath_rewrite_one_def       START            77782189135 (  +0.00)      -38.50 (   +0.00)       5176 (       0)                    0 (  +0.00)              
##>                                  END            77782189135 (  +0.00)      -38.50 (   +0.00)       5176 (       0)                    0 (  +0.00)           0  
##> speculate_in_gdef              START            77782189135 (  +0.00)      -38.50 (   +0.00)       5176 (       0)                    0 (  +0.00)              
##>  pre_speculate_mux_merge       START            77782189135 (  +0.00)      -38.50 (   +0.00)       5176 (       0)                    0 (  +0.00)              
##>                                  END            77782189135 (  +0.00)      -38.50 (   +0.00)       5176 (       0)                    0 (  +0.00)           0  
##>                                  END            77782189135 (  +0.00)      -38.50 (   +0.00)       5176 (       0)                    0 (  +0.00)           0  
##> csa_opto                       START            77782189135 (  +0.00)      -38.50 (   +0.00)       5176 (       0)                    0 (  +0.00)              
##>                                  END            78037876375 (  +0.33)      -38.20 (   +0.30)       5134 (     -42)                    0 (  +0.00)           0  
##>                                  END            78037876375 (  +0.33)      -38.20 (   +0.30)       5134 (     -42)                    0 (  +0.00)           0  
##>canonicalize_by_names           START            78037876375 (  +0.00)      -38.20 (   +0.00)       5134 (       0)                    0 (  +0.00)              
##>                                  END            78037876375 (  +0.00)      -38.20 (   +0.00)       5134 (       0)                    0 (  +0.00)           0  
##>datapath_rewrite_post_csa_one_  START            78037876375 (  +0.00)      -38.20 (   +0.00)       5134 (       0)                    0 (  +0.00)              
##>                                  END            78037876375 (  +0.00)      -38.20 (   +0.00)       5134 (       0)                    0 (  +0.00)           0  
##>datapath_csa_factoring_one_gde  START            78037876375 (  +0.00)      -38.20 (   +0.00)       5134 (       0)                    0 (  +0.00)              
##>                                  END            78037876375 (  +0.00)      -38.20 (   +0.00)       5134 (       0)                    0 (  +0.00)           0  
##>dpopt_share_one_def             START            78037876375 (  +0.00)      -38.20 (   +0.00)       5134 (       0)                    0 (  +0.00)              
##>                                  END            78037876375 (  +0.00)      -38.20 (   +0.00)       5134 (       0)                    0 (  +0.00)           0  
##>datapath_rewrite_post_share     START            78037876375 (  +0.00)      -38.20 (   +0.00)       5134 (       0)                    0 (  +0.00)              
##>                                  END            78037876375 (  +0.00)      -38.20 (   +0.00)       5134 (       0)                    0 (  +0.00)           0  
##>dp_combine_const_mult_with_com  START            78037876375 (  +0.00)      -38.20 (   +0.00)       5134 (       0)                    0 (  +0.00)              
##>                                  END            78037876375 (  +0.00)      -38.20 (   +0.00)       5134 (       0)                    0 (  +0.00)           0  
##>speculate_in_gdef               START            78037876375 (  +0.00)      -38.20 (   +0.00)       5134 (       0)                    0 (  +0.00)              
##> pre_speculate_mux_merge        START            78037876375 (  +0.00)      -38.20 (   +0.00)       5134 (       0)                    0 (  +0.00)              
##>                                  END            78037876375 (  +0.00)      -38.20 (   +0.00)       5134 (       0)                    0 (  +0.00)           0  
##>                                  END            78037876375 (  +0.00)      -38.20 (   +0.00)       5134 (       0)                    0 (  +0.00)           0  
##>dp_operator_level_decompositio  START            78037876375 (  +0.00)      -38.20 (   +0.00)       5134 (       0)                    0 (  +0.00)              
##>                                  END            78037876375 (  +0.00)      -38.20 (   +0.00)       5134 (       0)                    0 (  +0.00)           0  
##>selective_flatten_dp_config     START            78037876375 (  +0.00)      -38.20 (   +0.00)       5134 (       0)                    0 (  +0.00)              
##>                                  END            78037876375 (  +0.00)      -38.20 (   +0.00)       5134 (       0)                    0 (  +0.00)           0  
##>createMaxCarrySave              START            78037876375 (  +0.00)      -38.20 (   +0.00)       5134 (       0)                    0 (  +0.00)              
##> datapath_rewrite_one_def       START            78037876375 (  +0.00)      -38.20 (   +0.00)       5134 (       0)                    0 (  +0.00)              
##>  fast_cse_elim                 START            78037876375 (  +0.00)      -38.20 (   +0.00)       5134 (       0)                    0 (  +0.00)              
##>                                  END            78037876375 (  +0.00)      -38.20 (   +0.00)       5134 (       0)                    0 (  +0.00)           0  
##>  fast_cse_elim                 START            78037876375 (  +0.00)      -38.20 (   +0.00)       5134 (       0)                    0 (  +0.00)              
##>                                  END            78037876375 (  +0.00)      -38.20 (   +0.00)       5134 (       0)                    0 (  +0.00)           0  
##>                                  END            78037876375 (  +0.00)      -38.20 (   +0.00)       5134 (       0)                    0 (  +0.00)           0  
##> speculate_in_gdef              START            78037876375 (  +0.00)      -38.20 (   +0.00)       5134 (       0)                    0 (  +0.00)              
##>  pre_speculate_mux_merge       START            78037876375 (  +0.00)      -38.20 (   +0.00)       5134 (       0)                    0 (  +0.00)              
##>                                  END            78037876375 (  +0.00)      -38.20 (   +0.00)       5134 (       0)                    0 (  +0.00)           0  
##>                                  END            78037876375 (  +0.00)      -38.20 (   +0.00)       5134 (       0)                    0 (  +0.00)           0  
##> csa_opto                       START            78037876375 (  +0.00)      -38.20 (   +0.00)       5134 (       0)                    0 (  +0.00)              
##>                                  END            78037876375 (  +0.00)      -38.20 (   +0.00)       5134 (       0)                    0 (  +0.00)           0  
##>                                  END            78037876375 (  +0.00)      -38.20 (   +0.00)       5134 (       0)                    0 (  +0.00)           0  
##>context_based_simplify          START            78037876375 (  +0.00)      -38.20 (   +0.00)       5134 (       0)                    0 (  +0.00)              
##>                                  END            78037876375 (  +0.00)      -38.20 (   +0.00)       5134 (       0)                    0 (  +0.00)           0  
##>group_csa_final_adder_dp        START            78037876375 (  +0.00)      -38.20 (   +0.00)       5134 (       0)                    0 (  +0.00)              
##>                                  END            78037876375 (  +0.00)      -38.20 (   +0.00)       5134 (       0)                    0 (  +0.00)           0  
##>dpopt_flatten_critical_muxes_i  START            78037876375 (  +0.00)      -38.20 (   +0.00)       5134 (       0)                    0 (  +0.00)              
##>                                  END            78037876375 (  +0.00)      -38.20 (   +0.00)       5134 (       0)                    0 (  +0.00)           0  
##>speculate_in_gdef               START            78037876375 (  +0.00)      -38.20 (   +0.00)       5134 (       0)                    0 (  +0.00)              
##> pre_speculate_mux_merge        START            78037876375 (  +0.00)      -38.20 (   +0.00)       5134 (       0)                    0 (  +0.00)              
##>                                  END            78037876375 (  +0.00)      -38.20 (   +0.00)       5134 (       0)                    0 (  +0.00)           0  
##>                                  END            78037876375 (  +0.00)      -38.20 (   +0.00)       5134 (       0)                    0 (  +0.00)           0  
##>create_score                    START            78037876375 (  +0.00)      -38.20 (   +0.00)       5134 (       0)                    0 (  +0.00)              
##>                                  END            78037876375 (  +0.00)      -38.20 (   +0.00)       5134 (       0)                    0 (  +0.00)           0  
##>+-----------------------------------------------------------------------------------------------------------------------------------------------------------------------------------------------------+
Committed config: CDN_DP_region_7_15_c7
Info    : Done implementing datapath configurations. [DPOPT-4]
        : Selected 'very_fast' configuration 7 for module 'CDN_DP_region_7_15_c7'.
          Optimizations applied to 'very_fast' configuration:
            rewriting(0), factoring(0), sharing(0), cmultcse(0), downsizing(0), speculation(0)
Info    : Implementing datapath configurations. [DPOPT-3]
        : Implementing datapath configurations for 'CDN_DP_region_7_13'
  CSAGen Prep Share:0 Re-Write:0 Speculation: 0

CDN_DP_region_7_13 level = 0 loads = 0 drivers = 0
CDN_DP_region_7_13_c0 in butterfly2x2: area: 77782189135 , DP = 1  Mux = 1  other = 2  sg = slow     
    wns: 385  norm_wns:  -1.0000 
    tns:  5176
 skipped
CDN_DP_region_7_13_c1 in butterfly2x2: area: 78037876375 , DP = 1  Mux = 1  other = 2  sg = fast     
    wns: 382  norm_wns:  -1.0000 
    tns:  5134
 is current best
CDN_DP_region_7_13_c2 in butterfly2x2: area: 78037876375 , DP = 1  Mux = 1  other = 2  sg = very_slow
    wns: 382  norm_wns:  -1.0000 
    tns:  5134
 is current best
CDN_DP_region_7_13_c3 in butterfly2x2: area: 78037876375 , DP = 1  Mux = 1  other = 2  sg = very_fast
    wns: 382  norm_wns:  -1.0000 
    tns:  5134
 is current best
CDN_DP_region_7_13_c4 in butterfly2x2: area: 78037876375 , DP = 1  Mux = 1  other = 2  sg = very_fast
    wns: 382  norm_wns:  -1.0000 
    tns:  5134
 is current best
CDN_DP_region_7_13_c5 in butterfly2x2: area: 78037876375 , DP = 1  Mux = 1  other = 2  sg = very_fast
    wns: 382  norm_wns:  -1.0000 
    tns:  5134
 is current best
CDN_DP_region_7_13_c6 in butterfly2x2: area: 78037876375 , DP = 1  Mux = 1  other = 2  sg = very_fast
    wns: 382  norm_wns:  -1.0000 
    tns:  5134
 is current best
CDN_DP_region_7_13_c7 in butterfly2x2: area: 78037876375 , DP = 1  Mux = 1  other = 2  sg = very_fast
    wns: 382  norm_wns:  -1.0000 
    tns:  5134
 is current best
Best config: CDN_DP_region_7_13_c7 in butterfly2x2: area: 78037876375 , DP = 1  Mux = 1  other = 2  sg = very_fast
    wns: 382  norm_wns:  -1.0000 
    tns:  5134
  Smallest config area : 78037876375.  Fastest config wns;  382
##>+----------------------------------------------------------------------------------------------------------------------------------------------------------------+
##>Summary table of configs (Best config is CDN_DP_region_7_13_c7)
##>+----------------------------------------------------------------------------------------------------------------------------------------------------------------+
##>                     0                  1                  2                  3                  4                  5                  6                  7            
##>+----------------------------------------------------------------------------------------------------------------------------------------------------------------+
##>           Area      77782189135        78037876375        78037876375        78037876375        78037876375        78037876375        78037876375        78037876375  
##>            WNS           -38.50             -38.20             -38.20             -38.20             -38.20             -38.20             -38.20             -38.20  
##>            TNS             5176               5134               5134               5134               5134               5134               5134               5134  
##>    Num Rewrite                0                  0                  0                  0                  0                  0                  0                  0  
##>      Num Share                0                  0                  0                  0                  0                  0                  0                  0  
##>  Num Speculate                0                  0                  0                  0                  0                  0                  0                  0  
##>         Num DP                1                  1                  1                  1                  1                  1                  1                  1  
##>        Num Mux                1                  1                  1                  1                  1                  1                  1                  1  
##>      Num other                2                  2                  2                  2                  2                  2                  2                  2  
##>     Runtime(s)                0                  0                  0                  0                  0                  0                  1                  3  
+----------------------------------------------------------------------------------------------------------------------------------------------------------------+
##>
##>
##>+-----------------------------------------------------------------------------------------------------------------------------------------------------------------------------------------------------+
##>Optimization Step DEBUG Table for config CDN_DP_region_7_13_c7
##>
##>                          Step                        Area   (  % Chg)         WNS (Change)          TNS (Change)                Power   (  % Chg)        Runtime (s)        Comment                   
##>+-----------------------------------------------------------------------------------------------------------------------------------------------------------------------------------------------------+
##>EquationExtraction              START            77782189135 (       )      -38.50 (        )       5176 (        )                    0 (       )              
##> rewrite                        START           319097675520 (+310.25)     -109.40 (  -70.90)      21853 (   16677)                    0 (  +0.00)              (a,ar) Expr19_from --> Expr19_to
##>                                  END           156097060020 ( -51.08)     -112.40 (   -3.00)      22753 (     900)                    0 (  +0.00)           1  
##>                                  END            77782189135 (  +0.00)      -38.50 (   +0.00)       5176 (       0)                    0 (  +0.00)           2  
##>createMaxCarrySave              START            77782189135 (  +0.00)      -38.50 (   +0.00)       5176 (       0)                    0 (  +0.00)              
##> datapath_rewrite_one_def       START            77782189135 (  +0.00)      -38.50 (   +0.00)       5176 (       0)                    0 (  +0.00)              
##>                                  END            77782189135 (  +0.00)      -38.50 (   +0.00)       5176 (       0)                    0 (  +0.00)           0  
##> speculate_in_gdef              START            77782189135 (  +0.00)      -38.50 (   +0.00)       5176 (       0)                    0 (  +0.00)              
##>  pre_speculate_mux_merge       START            77782189135 (  +0.00)      -38.50 (   +0.00)       5176 (       0)                    0 (  +0.00)              
##>                                  END            77782189135 (  +0.00)      -38.50 (   +0.00)       5176 (       0)                    0 (  +0.00)           0  
##>                                  END            77782189135 (  +0.00)      -38.50 (   +0.00)       5176 (       0)                    0 (  +0.00)           0  
##> csa_opto                       START            77782189135 (  +0.00)      -38.50 (   +0.00)       5176 (       0)                    0 (  +0.00)              
##>                                  END            78037876375 (  +0.33)      -38.20 (   +0.30)       5134 (     -42)                    0 (  +0.00)           0  
##>                                  END            78037876375 (  +0.33)      -38.20 (   +0.30)       5134 (     -42)                    0 (  +0.00)           0  
##>canonicalize_by_names           START            78037876375 (  +0.00)      -38.20 (   +0.00)       5134 (       0)                    0 (  +0.00)              
##>                                  END            78037876375 (  +0.00)      -38.20 (   +0.00)       5134 (       0)                    0 (  +0.00)           0  
##>datapath_rewrite_post_csa_one_  START            78037876375 (  +0.00)      -38.20 (   +0.00)       5134 (       0)                    0 (  +0.00)              
##>                                  END            78037876375 (  +0.00)      -38.20 (   +0.00)       5134 (       0)                    0 (  +0.00)           0  
##>datapath_csa_factoring_one_gde  START            78037876375 (  +0.00)      -38.20 (   +0.00)       5134 (       0)                    0 (  +0.00)              
##>                                  END            78037876375 (  +0.00)      -38.20 (   +0.00)       5134 (       0)                    0 (  +0.00)           0  
##>dpopt_share_one_def             START            78037876375 (  +0.00)      -38.20 (   +0.00)       5134 (       0)                    0 (  +0.00)              
##>                                  END            78037876375 (  +0.00)      -38.20 (   +0.00)       5134 (       0)                    0 (  +0.00)           0  
##>datapath_rewrite_post_share     START            78037876375 (  +0.00)      -38.20 (   +0.00)       5134 (       0)                    0 (  +0.00)              
##>                                  END            78037876375 (  +0.00)      -38.20 (   +0.00)       5134 (       0)                    0 (  +0.00)           0  
##>dp_combine_const_mult_with_com  START            78037876375 (  +0.00)      -38.20 (   +0.00)       5134 (       0)                    0 (  +0.00)              
##>                                  END            78037876375 (  +0.00)      -38.20 (   +0.00)       5134 (       0)                    0 (  +0.00)           0  
##>speculate_in_gdef               START            78037876375 (  +0.00)      -38.20 (   +0.00)       5134 (       0)                    0 (  +0.00)              
##> pre_speculate_mux_merge        START            78037876375 (  +0.00)      -38.20 (   +0.00)       5134 (       0)                    0 (  +0.00)              
##>                                  END            78037876375 (  +0.00)      -38.20 (   +0.00)       5134 (       0)                    0 (  +0.00)           0  
##>                                  END            78037876375 (  +0.00)      -38.20 (   +0.00)       5134 (       0)                    0 (  +0.00)           0  
##>dp_operator_level_decompositio  START            78037876375 (  +0.00)      -38.20 (   +0.00)       5134 (       0)                    0 (  +0.00)              
##>                                  END            78037876375 (  +0.00)      -38.20 (   +0.00)       5134 (       0)                    0 (  +0.00)           0  
##>selective_flatten_dp_config     START            78037876375 (  +0.00)      -38.20 (   +0.00)       5134 (       0)                    0 (  +0.00)              
##>                                  END            78037876375 (  +0.00)      -38.20 (   +0.00)       5134 (       0)                    0 (  +0.00)           0  
##>createMaxCarrySave              START            78037876375 (  +0.00)      -38.20 (   +0.00)       5134 (       0)                    0 (  +0.00)              
##> datapath_rewrite_one_def       START            78037876375 (  +0.00)      -38.20 (   +0.00)       5134 (       0)                    0 (  +0.00)              
##>  fast_cse_elim                 START            78037876375 (  +0.00)      -38.20 (   +0.00)       5134 (       0)                    0 (  +0.00)              
##>                                  END            78037876375 (  +0.00)      -38.20 (   +0.00)       5134 (       0)                    0 (  +0.00)           0  
##>  fast_cse_elim                 START            78037876375 (  +0.00)      -38.20 (   +0.00)       5134 (       0)                    0 (  +0.00)              
##>                                  END            78037876375 (  +0.00)      -38.20 (   +0.00)       5134 (       0)                    0 (  +0.00)           0  
##>                                  END            78037876375 (  +0.00)      -38.20 (   +0.00)       5134 (       0)                    0 (  +0.00)           0  
##> speculate_in_gdef              START            78037876375 (  +0.00)      -38.20 (   +0.00)       5134 (       0)                    0 (  +0.00)              
##>  pre_speculate_mux_merge       START            78037876375 (  +0.00)      -38.20 (   +0.00)       5134 (       0)                    0 (  +0.00)              
##>                                  END            78037876375 (  +0.00)      -38.20 (   +0.00)       5134 (       0)                    0 (  +0.00)           0  
##>                                  END            78037876375 (  +0.00)      -38.20 (   +0.00)       5134 (       0)                    0 (  +0.00)           0  
##> csa_opto                       START            78037876375 (  +0.00)      -38.20 (   +0.00)       5134 (       0)                    0 (  +0.00)              
##>                                  END            78037876375 (  +0.00)      -38.20 (   +0.00)       5134 (       0)                    0 (  +0.00)           0  
##>                                  END            78037876375 (  +0.00)      -38.20 (   +0.00)       5134 (       0)                    0 (  +0.00)           0  
##>context_based_simplify          START            78037876375 (  +0.00)      -38.20 (   +0.00)       5134 (       0)                    0 (  +0.00)              
##>                                  END            78037876375 (  +0.00)      -38.20 (   +0.00)       5134 (       0)                    0 (  +0.00)           0  
##>group_csa_final_adder_dp        START            78037876375 (  +0.00)      -38.20 (   +0.00)       5134 (       0)                    0 (  +0.00)              
##>                                  END            78037876375 (  +0.00)      -38.20 (   +0.00)       5134 (       0)                    0 (  +0.00)           0  
##>dpopt_flatten_critical_muxes_i  START            78037876375 (  +0.00)      -38.20 (   +0.00)       5134 (       0)                    0 (  +0.00)              
##>                                  END            78037876375 (  +0.00)      -38.20 (   +0.00)       5134 (       0)                    0 (  +0.00)           0  
##>speculate_in_gdef               START            78037876375 (  +0.00)      -38.20 (   +0.00)       5134 (       0)                    0 (  +0.00)              
##> pre_speculate_mux_merge        START            78037876375 (  +0.00)      -38.20 (   +0.00)       5134 (       0)                    0 (  +0.00)              
##>                                  END            78037876375 (  +0.00)      -38.20 (   +0.00)       5134 (       0)                    0 (  +0.00)           0  
##>                                  END            78037876375 (  +0.00)      -38.20 (   +0.00)       5134 (       0)                    0 (  +0.00)           0  
##>create_score                    START            78037876375 (  +0.00)      -38.20 (   +0.00)       5134 (       0)                    0 (  +0.00)              
##>                                  END            78037876375 (  +0.00)      -38.20 (   +0.00)       5134 (       0)                    0 (  +0.00)           0  
##>+-----------------------------------------------------------------------------------------------------------------------------------------------------------------------------------------------------+
Committed config: CDN_DP_region_7_13_c7
Info    : Done implementing datapath configurations. [DPOPT-4]
        : Selected 'very_fast' configuration 7 for module 'CDN_DP_region_7_13_c7'.
          Optimizations applied to 'very_fast' configuration:
            rewriting(0), factoring(0), sharing(0), cmultcse(0), downsizing(0), speculation(0)
Info    : Implementing datapath configurations. [DPOPT-3]
        : Implementing datapath configurations for 'CDN_DP_region_7_12'
  CSAGen Prep Share:0 Re-Write:0 Speculation: 0

CDN_DP_region_7_12 level = 0 loads = 0 drivers = 0
CDN_DP_region_7_12_c0 in butterfly2x2: area: 77782189135 , DP = 1  Mux = 1  other = 2  sg = slow     
    wns: 385  norm_wns:  -1.0000 
    tns:  5176
 skipped
CDN_DP_region_7_12_c1 in butterfly2x2: area: 78037876375 , DP = 1  Mux = 1  other = 2  sg = fast     
    wns: 382  norm_wns:  -1.0000 
    tns:  5134
 is current best
CDN_DP_region_7_12_c2 in butterfly2x2: area: 78037876375 , DP = 1  Mux = 1  other = 2  sg = very_slow
    wns: 382  norm_wns:  -1.0000 
    tns:  5134
 is current best
CDN_DP_region_7_12_c3 in butterfly2x2: area: 78037876375 , DP = 1  Mux = 1  other = 2  sg = very_fast
    wns: 382  norm_wns:  -1.0000 
    tns:  5134
 is current best
CDN_DP_region_7_12_c4 in butterfly2x2: area: 78037876375 , DP = 1  Mux = 1  other = 2  sg = very_fast
    wns: 382  norm_wns:  -1.0000 
    tns:  5134
 is current best
CDN_DP_region_7_12_c5 in butterfly2x2: area: 78037876375 , DP = 1  Mux = 1  other = 2  sg = very_fast
    wns: 382  norm_wns:  -1.0000 
    tns:  5134
 is current best
CDN_DP_region_7_12_c6 in butterfly2x2: area: 78037876375 , DP = 1  Mux = 1  other = 2  sg = very_fast
    wns: 382  norm_wns:  -1.0000 
    tns:  5134
 is current best
CDN_DP_region_7_12_c7 in butterfly2x2: area: 78037876375 , DP = 1  Mux = 1  other = 2  sg = very_fast
    wns: 382  norm_wns:  -1.0000 
    tns:  5134
 is current best
Best config: CDN_DP_region_7_12_c7 in butterfly2x2: area: 78037876375 , DP = 1  Mux = 1  other = 2  sg = very_fast
    wns: 382  norm_wns:  -1.0000 
    tns:  5134
  Smallest config area : 78037876375.  Fastest config wns;  382
##>+----------------------------------------------------------------------------------------------------------------------------------------------------------------+
##>Summary table of configs (Best config is CDN_DP_region_7_12_c7)
##>+----------------------------------------------------------------------------------------------------------------------------------------------------------------+
##>                     0                  1                  2                  3                  4                  5                  6                  7            
##>+----------------------------------------------------------------------------------------------------------------------------------------------------------------+
##>           Area      77782189135        78037876375        78037876375        78037876375        78037876375        78037876375        78037876375        78037876375  
##>            WNS           -38.50             -38.20             -38.20             -38.20             -38.20             -38.20             -38.20             -38.20  
##>            TNS             5176               5134               5134               5134               5134               5134               5134               5134  
##>    Num Rewrite                0                  0                  0                  0                  0                  0                  0                  0  
##>      Num Share                0                  0                  0                  0                  0                  0                  0                  0  
##>  Num Speculate                0                  0                  0                  0                  0                  0                  0                  0  
##>         Num DP                1                  1                  1                  1                  1                  1                  1                  1  
##>        Num Mux                1                  1                  1                  1                  1                  1                  1                  1  
##>      Num other                2                  2                  2                  2                  2                  2                  2                  2  
##>     Runtime(s)                0                  0                  0                  0                  0                  0                  1                  3  
+----------------------------------------------------------------------------------------------------------------------------------------------------------------+
##>
##>
##>+-----------------------------------------------------------------------------------------------------------------------------------------------------------------------------------------------------+
##>Optimization Step DEBUG Table for config CDN_DP_region_7_12_c7
##>
##>                          Step                        Area   (  % Chg)         WNS (Change)          TNS (Change)                Power   (  % Chg)        Runtime (s)        Comment                   
##>+-----------------------------------------------------------------------------------------------------------------------------------------------------------------------------------------------------+
##>EquationExtraction              START            77782189135 (       )      -38.50 (        )       5176 (        )                    0 (       )              
##> rewrite                        START           319097675520 (+310.25)     -109.40 (  -70.90)      21853 (   16677)                    0 (  +0.00)              (a,ar) Expr20_from --> Expr20_to
##>                                  END           156097060020 ( -51.08)     -112.40 (   -3.00)      22753 (     900)                    0 (  +0.00)           1  
##>                                  END            77782189135 (  +0.00)      -38.50 (   +0.00)       5176 (       0)                    0 (  +0.00)           2  
##>createMaxCarrySave              START            77782189135 (  +0.00)      -38.50 (   +0.00)       5176 (       0)                    0 (  +0.00)              
##> datapath_rewrite_one_def       START            77782189135 (  +0.00)      -38.50 (   +0.00)       5176 (       0)                    0 (  +0.00)              
##>                                  END            77782189135 (  +0.00)      -38.50 (   +0.00)       5176 (       0)                    0 (  +0.00)           0  
##> speculate_in_gdef              START            77782189135 (  +0.00)      -38.50 (   +0.00)       5176 (       0)                    0 (  +0.00)              
##>  pre_speculate_mux_merge       START            77782189135 (  +0.00)      -38.50 (   +0.00)       5176 (       0)                    0 (  +0.00)              
##>                                  END            77782189135 (  +0.00)      -38.50 (   +0.00)       5176 (       0)                    0 (  +0.00)           0  
##>                                  END            77782189135 (  +0.00)      -38.50 (   +0.00)       5176 (       0)                    0 (  +0.00)           0  
##> csa_opto                       START            77782189135 (  +0.00)      -38.50 (   +0.00)       5176 (       0)                    0 (  +0.00)              
##>                                  END            78037876375 (  +0.33)      -38.20 (   +0.30)       5134 (     -42)                    0 (  +0.00)           0  
##>                                  END            78037876375 (  +0.33)      -38.20 (   +0.30)       5134 (     -42)                    0 (  +0.00)           0  
##>canonicalize_by_names           START            78037876375 (  +0.00)      -38.20 (   +0.00)       5134 (       0)                    0 (  +0.00)              
##>                                  END            78037876375 (  +0.00)      -38.20 (   +0.00)       5134 (       0)                    0 (  +0.00)           0  
##>datapath_rewrite_post_csa_one_  START            78037876375 (  +0.00)      -38.20 (   +0.00)       5134 (       0)                    0 (  +0.00)              
##>                                  END            78037876375 (  +0.00)      -38.20 (   +0.00)       5134 (       0)                    0 (  +0.00)           0  
##>datapath_csa_factoring_one_gde  START            78037876375 (  +0.00)      -38.20 (   +0.00)       5134 (       0)                    0 (  +0.00)              
##>                                  END            78037876375 (  +0.00)      -38.20 (   +0.00)       5134 (       0)                    0 (  +0.00)           0  
##>dpopt_share_one_def             START            78037876375 (  +0.00)      -38.20 (   +0.00)       5134 (       0)                    0 (  +0.00)              
##>                                  END            78037876375 (  +0.00)      -38.20 (   +0.00)       5134 (       0)                    0 (  +0.00)           0  
##>datapath_rewrite_post_share     START            78037876375 (  +0.00)      -38.20 (   +0.00)       5134 (       0)                    0 (  +0.00)              
##>                                  END            78037876375 (  +0.00)      -38.20 (   +0.00)       5134 (       0)                    0 (  +0.00)           0  
##>dp_combine_const_mult_with_com  START            78037876375 (  +0.00)      -38.20 (   +0.00)       5134 (       0)                    0 (  +0.00)              
##>                                  END            78037876375 (  +0.00)      -38.20 (   +0.00)       5134 (       0)                    0 (  +0.00)           0  
##>speculate_in_gdef               START            78037876375 (  +0.00)      -38.20 (   +0.00)       5134 (       0)                    0 (  +0.00)              
##> pre_speculate_mux_merge        START            78037876375 (  +0.00)      -38.20 (   +0.00)       5134 (       0)                    0 (  +0.00)              
##>                                  END            78037876375 (  +0.00)      -38.20 (   +0.00)       5134 (       0)                    0 (  +0.00)           0  
##>                                  END            78037876375 (  +0.00)      -38.20 (   +0.00)       5134 (       0)                    0 (  +0.00)           0  
##>dp_operator_level_decompositio  START            78037876375 (  +0.00)      -38.20 (   +0.00)       5134 (       0)                    0 (  +0.00)              
##>                                  END            78037876375 (  +0.00)      -38.20 (   +0.00)       5134 (       0)                    0 (  +0.00)           0  
##>selective_flatten_dp_config     START            78037876375 (  +0.00)      -38.20 (   +0.00)       5134 (       0)                    0 (  +0.00)              
##>                                  END            78037876375 (  +0.00)      -38.20 (   +0.00)       5134 (       0)                    0 (  +0.00)           0  
##>createMaxCarrySave              START            78037876375 (  +0.00)      -38.20 (   +0.00)       5134 (       0)                    0 (  +0.00)              
##> datapath_rewrite_one_def       START            78037876375 (  +0.00)      -38.20 (   +0.00)       5134 (       0)                    0 (  +0.00)              
##>  fast_cse_elim                 START            78037876375 (  +0.00)      -38.20 (   +0.00)       5134 (       0)                    0 (  +0.00)              
##>                                  END            78037876375 (  +0.00)      -38.20 (   +0.00)       5134 (       0)                    0 (  +0.00)           0  
##>  fast_cse_elim                 START            78037876375 (  +0.00)      -38.20 (   +0.00)       5134 (       0)                    0 (  +0.00)              
##>                                  END            78037876375 (  +0.00)      -38.20 (   +0.00)       5134 (       0)                    0 (  +0.00)           0  
##>                                  END            78037876375 (  +0.00)      -38.20 (   +0.00)       5134 (       0)                    0 (  +0.00)           0  
##> speculate_in_gdef              START            78037876375 (  +0.00)      -38.20 (   +0.00)       5134 (       0)                    0 (  +0.00)              
##>  pre_speculate_mux_merge       START            78037876375 (  +0.00)      -38.20 (   +0.00)       5134 (       0)                    0 (  +0.00)              
##>                                  END            78037876375 (  +0.00)      -38.20 (   +0.00)       5134 (       0)                    0 (  +0.00)           0  
##>                                  END            78037876375 (  +0.00)      -38.20 (   +0.00)       5134 (       0)                    0 (  +0.00)           0  
##> csa_opto                       START            78037876375 (  +0.00)      -38.20 (   +0.00)       5134 (       0)                    0 (  +0.00)              
##>                                  END            78037876375 (  +0.00)      -38.20 (   +0.00)       5134 (       0)                    0 (  +0.00)           0  
##>                                  END            78037876375 (  +0.00)      -38.20 (   +0.00)       5134 (       0)                    0 (  +0.00)           0  
##>context_based_simplify          START            78037876375 (  +0.00)      -38.20 (   +0.00)       5134 (       0)                    0 (  +0.00)              
##>                                  END            78037876375 (  +0.00)      -38.20 (   +0.00)       5134 (       0)                    0 (  +0.00)           0  
##>group_csa_final_adder_dp        START            78037876375 (  +0.00)      -38.20 (   +0.00)       5134 (       0)                    0 (  +0.00)              
##>                                  END            78037876375 (  +0.00)      -38.20 (   +0.00)       5134 (       0)                    0 (  +0.00)           0  
##>dpopt_flatten_critical_muxes_i  START            78037876375 (  +0.00)      -38.20 (   +0.00)       5134 (       0)                    0 (  +0.00)              
##>                                  END            78037876375 (  +0.00)      -38.20 (   +0.00)       5134 (       0)                    0 (  +0.00)           0  
##>speculate_in_gdef               START            78037876375 (  +0.00)      -38.20 (   +0.00)       5134 (       0)                    0 (  +0.00)              
##> pre_speculate_mux_merge        START            78037876375 (  +0.00)      -38.20 (   +0.00)       5134 (       0)                    0 (  +0.00)              
##>                                  END            78037876375 (  +0.00)      -38.20 (   +0.00)       5134 (       0)                    0 (  +0.00)           0  
##>                                  END            78037876375 (  +0.00)      -38.20 (   +0.00)       5134 (       0)                    0 (  +0.00)           0  
##>create_score                    START            78037876375 (  +0.00)      -38.20 (   +0.00)       5134 (       0)                    0 (  +0.00)              
##>                                  END            78037876375 (  +0.00)      -38.20 (   +0.00)       5134 (       0)                    0 (  +0.00)           0  
##>+-----------------------------------------------------------------------------------------------------------------------------------------------------------------------------------------------------+
Committed config: CDN_DP_region_7_12_c7
Info    : Done implementing datapath configurations. [DPOPT-4]
        : Selected 'very_fast' configuration 7 for module 'CDN_DP_region_7_12_c7'.
          Optimizations applied to 'very_fast' configuration:
            rewriting(0), factoring(0), sharing(0), cmultcse(0), downsizing(0), speculation(0)
Info    : Implementing datapath configurations. [DPOPT-3]
        : Implementing datapath configurations for 'CDN_DP_region_7_11'
  CSAGen Prep Share:0 Re-Write:0 Speculation: 0

CDN_DP_region_7_11 level = 0 loads = 0 drivers = 0
CDN_DP_region_7_11_c0 in butterfly2x2: area: 77782189135 , DP = 1  Mux = 1  other = 2  sg = slow     
    wns: 385  norm_wns:  -1.0000 
    tns:  5176
 skipped
CDN_DP_region_7_11_c1 in butterfly2x2: area: 78037876375 , DP = 1  Mux = 1  other = 2  sg = fast     
    wns: 382  norm_wns:  -1.0000 
    tns:  5134
 is current best
CDN_DP_region_7_11_c2 in butterfly2x2: area: 78037876375 , DP = 1  Mux = 1  other = 2  sg = very_slow
    wns: 382  norm_wns:  -1.0000 
    tns:  5134
 is current best
CDN_DP_region_7_11_c3 in butterfly2x2: area: 78037876375 , DP = 1  Mux = 1  other = 2  sg = very_fast
    wns: 382  norm_wns:  -1.0000 
    tns:  5134
 is current best
CDN_DP_region_7_11_c4 in butterfly2x2: area: 78037876375 , DP = 1  Mux = 1  other = 2  sg = very_fast
    wns: 382  norm_wns:  -1.0000 
    tns:  5134
 is current best
CDN_DP_region_7_11_c5 in butterfly2x2: area: 78037876375 , DP = 1  Mux = 1  other = 2  sg = very_fast
    wns: 382  norm_wns:  -1.0000 
    tns:  5134
 is current best
CDN_DP_region_7_11_c6 in butterfly2x2: area: 78037876375 , DP = 1  Mux = 1  other = 2  sg = very_fast
    wns: 382  norm_wns:  -1.0000 
    tns:  5134
 is current best
CDN_DP_region_7_11_c7 in butterfly2x2: area: 78037876375 , DP = 1  Mux = 1  other = 2  sg = very_fast
    wns: 382  norm_wns:  -1.0000 
    tns:  5134
 is current best
Best config: CDN_DP_region_7_11_c7 in butterfly2x2: area: 78037876375 , DP = 1  Mux = 1  other = 2  sg = very_fast
    wns: 382  norm_wns:  -1.0000 
    tns:  5134
  Smallest config area : 78037876375.  Fastest config wns;  382
##>+----------------------------------------------------------------------------------------------------------------------------------------------------------------+
##>Summary table of configs (Best config is CDN_DP_region_7_11_c7)
##>+----------------------------------------------------------------------------------------------------------------------------------------------------------------+
##>                     0                  1                  2                  3                  4                  5                  6                  7            
##>+----------------------------------------------------------------------------------------------------------------------------------------------------------------+
##>           Area      77782189135        78037876375        78037876375        78037876375        78037876375        78037876375        78037876375        78037876375  
##>            WNS           -38.50             -38.20             -38.20             -38.20             -38.20             -38.20             -38.20             -38.20  
##>            TNS             5176               5134               5134               5134               5134               5134               5134               5134  
##>    Num Rewrite                0                  0                  0                  0                  0                  0                  0                  0  
##>      Num Share                0                  0                  0                  0                  0                  0                  0                  0  
##>  Num Speculate                0                  0                  0                  0                  0                  0                  0                  0  
##>         Num DP                1                  1                  1                  1                  1                  1                  1                  1  
##>        Num Mux                1                  1                  1                  1                  1                  1                  1                  1  
##>      Num other                2                  2                  2                  2                  2                  2                  2                  2  
##>     Runtime(s)                0                  0                  0                  0                  0                  0                  1                  3  
+----------------------------------------------------------------------------------------------------------------------------------------------------------------+
##>
##>
##>+-----------------------------------------------------------------------------------------------------------------------------------------------------------------------------------------------------+
##>Optimization Step DEBUG Table for config CDN_DP_region_7_11_c7
##>
##>                          Step                        Area   (  % Chg)         WNS (Change)          TNS (Change)                Power   (  % Chg)        Runtime (s)        Comment                   
##>+-----------------------------------------------------------------------------------------------------------------------------------------------------------------------------------------------------+
##>EquationExtraction              START            77782189135 (       )      -38.50 (        )       5176 (        )                    0 (       )              
##> rewrite                        START           319097675520 (+310.25)     -109.40 (  -70.90)      21853 (   16677)                    0 (  +0.00)              (a,ar) Expr21_from --> Expr21_to
##>                                  END           156097060020 ( -51.08)     -112.40 (   -3.00)      22753 (     900)                    0 (  +0.00)           1  
##>                                  END            77782189135 (  +0.00)      -38.50 (   +0.00)       5176 (       0)                    0 (  +0.00)           2  
##>createMaxCarrySave              START            77782189135 (  +0.00)      -38.50 (   +0.00)       5176 (       0)                    0 (  +0.00)              
##> datapath_rewrite_one_def       START            77782189135 (  +0.00)      -38.50 (   +0.00)       5176 (       0)                    0 (  +0.00)              
##>                                  END            77782189135 (  +0.00)      -38.50 (   +0.00)       5176 (       0)                    0 (  +0.00)           0  
##> speculate_in_gdef              START            77782189135 (  +0.00)      -38.50 (   +0.00)       5176 (       0)                    0 (  +0.00)              
##>  pre_speculate_mux_merge       START            77782189135 (  +0.00)      -38.50 (   +0.00)       5176 (       0)                    0 (  +0.00)              
##>                                  END            77782189135 (  +0.00)      -38.50 (   +0.00)       5176 (       0)                    0 (  +0.00)           0  
##>                                  END            77782189135 (  +0.00)      -38.50 (   +0.00)       5176 (       0)                    0 (  +0.00)           0  
##> csa_opto                       START            77782189135 (  +0.00)      -38.50 (   +0.00)       5176 (       0)                    0 (  +0.00)              
##>                                  END            78037876375 (  +0.33)      -38.20 (   +0.30)       5134 (     -42)                    0 (  +0.00)           0  
##>                                  END            78037876375 (  +0.33)      -38.20 (   +0.30)       5134 (     -42)                    0 (  +0.00)           0  
##>canonicalize_by_names           START            78037876375 (  +0.00)      -38.20 (   +0.00)       5134 (       0)                    0 (  +0.00)              
##>                                  END            78037876375 (  +0.00)      -38.20 (   +0.00)       5134 (       0)                    0 (  +0.00)           0  
##>datapath_rewrite_post_csa_one_  START            78037876375 (  +0.00)      -38.20 (   +0.00)       5134 (       0)                    0 (  +0.00)              
##>                                  END            78037876375 (  +0.00)      -38.20 (   +0.00)       5134 (       0)                    0 (  +0.00)           0  
##>datapath_csa_factoring_one_gde  START            78037876375 (  +0.00)      -38.20 (   +0.00)       5134 (       0)                    0 (  +0.00)              
##>                                  END            78037876375 (  +0.00)      -38.20 (   +0.00)       5134 (       0)                    0 (  +0.00)           0  
##>dpopt_share_one_def             START            78037876375 (  +0.00)      -38.20 (   +0.00)       5134 (       0)                    0 (  +0.00)              
##>                                  END            78037876375 (  +0.00)      -38.20 (   +0.00)       5134 (       0)                    0 (  +0.00)           0  
##>datapath_rewrite_post_share     START            78037876375 (  +0.00)      -38.20 (   +0.00)       5134 (       0)                    0 (  +0.00)              
##>                                  END            78037876375 (  +0.00)      -38.20 (   +0.00)       5134 (       0)                    0 (  +0.00)           0  
##>dp_combine_const_mult_with_com  START            78037876375 (  +0.00)      -38.20 (   +0.00)       5134 (       0)                    0 (  +0.00)              
##>                                  END            78037876375 (  +0.00)      -38.20 (   +0.00)       5134 (       0)                    0 (  +0.00)           0  
##>speculate_in_gdef               START            78037876375 (  +0.00)      -38.20 (   +0.00)       5134 (       0)                    0 (  +0.00)              
##> pre_speculate_mux_merge        START            78037876375 (  +0.00)      -38.20 (   +0.00)       5134 (       0)                    0 (  +0.00)              
##>                                  END            78037876375 (  +0.00)      -38.20 (   +0.00)       5134 (       0)                    0 (  +0.00)           0  
##>                                  END            78037876375 (  +0.00)      -38.20 (   +0.00)       5134 (       0)                    0 (  +0.00)           0  
##>dp_operator_level_decompositio  START            78037876375 (  +0.00)      -38.20 (   +0.00)       5134 (       0)                    0 (  +0.00)              
##>                                  END            78037876375 (  +0.00)      -38.20 (   +0.00)       5134 (       0)                    0 (  +0.00)           0  
##>selective_flatten_dp_config     START            78037876375 (  +0.00)      -38.20 (   +0.00)       5134 (       0)                    0 (  +0.00)              
##>                                  END            78037876375 (  +0.00)      -38.20 (   +0.00)       5134 (       0)                    0 (  +0.00)           0  
##>createMaxCarrySave              START            78037876375 (  +0.00)      -38.20 (   +0.00)       5134 (       0)                    0 (  +0.00)              
##> datapath_rewrite_one_def       START            78037876375 (  +0.00)      -38.20 (   +0.00)       5134 (       0)                    0 (  +0.00)              
##>  fast_cse_elim                 START            78037876375 (  +0.00)      -38.20 (   +0.00)       5134 (       0)                    0 (  +0.00)              
##>                                  END            78037876375 (  +0.00)      -38.20 (   +0.00)       5134 (       0)                    0 (  +0.00)           0  
##>  fast_cse_elim                 START            78037876375 (  +0.00)      -38.20 (   +0.00)       5134 (       0)                    0 (  +0.00)              
##>                                  END            78037876375 (  +0.00)      -38.20 (   +0.00)       5134 (       0)                    0 (  +0.00)           0  
##>                                  END            78037876375 (  +0.00)      -38.20 (   +0.00)       5134 (       0)                    0 (  +0.00)           0  
##> speculate_in_gdef              START            78037876375 (  +0.00)      -38.20 (   +0.00)       5134 (       0)                    0 (  +0.00)              
##>  pre_speculate_mux_merge       START            78037876375 (  +0.00)      -38.20 (   +0.00)       5134 (       0)                    0 (  +0.00)              
##>                                  END            78037876375 (  +0.00)      -38.20 (   +0.00)       5134 (       0)                    0 (  +0.00)           0  
##>                                  END            78037876375 (  +0.00)      -38.20 (   +0.00)       5134 (       0)                    0 (  +0.00)           0  
##> csa_opto                       START            78037876375 (  +0.00)      -38.20 (   +0.00)       5134 (       0)                    0 (  +0.00)              
##>                                  END            78037876375 (  +0.00)      -38.20 (   +0.00)       5134 (       0)                    0 (  +0.00)           0  
##>                                  END            78037876375 (  +0.00)      -38.20 (   +0.00)       5134 (       0)                    0 (  +0.00)           0  
##>context_based_simplify          START            78037876375 (  +0.00)      -38.20 (   +0.00)       5134 (       0)                    0 (  +0.00)              
##>                                  END            78037876375 (  +0.00)      -38.20 (   +0.00)       5134 (       0)                    0 (  +0.00)           0  
##>group_csa_final_adder_dp        START            78037876375 (  +0.00)      -38.20 (   +0.00)       5134 (       0)                    0 (  +0.00)              
##>                                  END            78037876375 (  +0.00)      -38.20 (   +0.00)       5134 (       0)                    0 (  +0.00)           0  
##>dpopt_flatten_critical_muxes_i  START            78037876375 (  +0.00)      -38.20 (   +0.00)       5134 (       0)                    0 (  +0.00)              
##>                                  END            78037876375 (  +0.00)      -38.20 (   +0.00)       5134 (       0)                    0 (  +0.00)           0  
##>speculate_in_gdef               START            78037876375 (  +0.00)      -38.20 (   +0.00)       5134 (       0)                    0 (  +0.00)              
##> pre_speculate_mux_merge        START            78037876375 (  +0.00)      -38.20 (   +0.00)       5134 (       0)                    0 (  +0.00)              
##>                                  END            78037876375 (  +0.00)      -38.20 (   +0.00)       5134 (       0)                    0 (  +0.00)           0  
##>                                  END            78037876375 (  +0.00)      -38.20 (   +0.00)       5134 (       0)                    0 (  +0.00)           0  
##>create_score                    START            78037876375 (  +0.00)      -38.20 (   +0.00)       5134 (       0)                    0 (  +0.00)              
##>                                  END            78037876375 (  +0.00)      -38.20 (   +0.00)       5134 (       0)                    0 (  +0.00)           0  
##>+-----------------------------------------------------------------------------------------------------------------------------------------------------------------------------------------------------+
Committed config: CDN_DP_region_7_11_c7
Info    : Done implementing datapath configurations. [DPOPT-4]
        : Selected 'very_fast' configuration 7 for module 'CDN_DP_region_7_11_c7'.
          Optimizations applied to 'very_fast' configuration:
            rewriting(0), factoring(0), sharing(0), cmultcse(0), downsizing(0), speculation(0)
Info    : Implementing datapath configurations. [DPOPT-3]
        : Implementing datapath configurations for 'CDN_DP_region_7_9'
  CSAGen Prep Share:0 Re-Write:0 Speculation: 0

CDN_DP_region_7_9 level = 0 loads = 0 drivers = 0
CDN_DP_region_7_9_c0 in butterfly2x2: area: 3909884045 , DP = 2  Mux = 1  other = 1  sg = slow     
    wns: 0  norm_wns:  -1.0000 
    tns:  0
 skipped
CDN_DP_region_7_9_c1 in butterfly2x2: area: 3675504075 , DP = 2  Mux = 1  other = 1  sg = fast     
    wns: 0  norm_wns:  -1.0000 
    tns:  0
 is current best
CDN_DP_region_7_9_c2 in butterfly2x2: area: 3675504075 , DP = 2  Mux = 1  other = 1  sg = very_slow
    wns: 0  norm_wns:  -1.0000 
    tns:  0
 is current best
CDN_DP_region_7_9_c3 in butterfly2x2: area: 3675504075 , DP = 2  Mux = 1  other = 1  sg = very_fast
    wns: 0  norm_wns:  -1.0000 
    tns:  0
 is current best
CDN_DP_region_7_9_c4 in butterfly2x2: area: 3675504075 , DP = 2  Mux = 1  other = 1  sg = very_fast
    wns: 0  norm_wns:  -1.0000 
    tns:  0
 is current best
CDN_DP_region_7_9_c5 in butterfly2x2: area: 3675504075 , DP = 2  Mux = 1  other = 1  sg = very_fast
    wns: 0  norm_wns:  -1.0000 
    tns:  0
 is current best
CDN_DP_region_7_9_c6 in butterfly2x2: area: 3675504075 , DP = 2  Mux = 1  other = 1  sg = very_fast
    wns: 0  norm_wns:  -1.0000 
    tns:  0
 is current best
CDN_DP_region_7_9_c7 in butterfly2x2: area: 3675504075 , DP = 2  Mux = 1  other = 1  sg = very_fast
    wns: 0  norm_wns:  -1.0000 
    tns:  0
 is current best
Best config: CDN_DP_region_7_9_c7 in butterfly2x2: area: 3675504075 , DP = 2  Mux = 1  other = 1  sg = very_fast
    wns: 0  norm_wns:  -1.0000 
    tns:  0
  Smallest config area : 3675504075.  Fastest config wns;  0
##>+----------------------------------------------------------------------------------------------------------------------------------------------------------------+
##>Summary table of configs (Best config is CDN_DP_region_7_9_c7)
##>+----------------------------------------------------------------------------------------------------------------------------------------------------------------+
##>                     0                  1                  2                  3                  4                  5                  6                  7            
##>+----------------------------------------------------------------------------------------------------------------------------------------------------------------+
##>           Area       3909884045         3675504075         3675504075         3675504075         3675504075         3675504075         3675504075         3675504075  
##>            WNS          +284.60            +284.60            +284.60            +284.60            +284.60            +284.60            +284.60            +284.60  
##>            TNS                0                  0                  0                  0                  0                  0                  0                  0  
##>    Num Rewrite                0                  0                  0                  0                  0                  0                  0                  0  
##>      Num Share                0                  0                  0                  0                  0                  0                  0                  0  
##>  Num Speculate                0                  0                  0                  0                  0                  0                  0                  0  
##>         Num DP                2                  2                  2                  2                  2                  2                  2                  2  
##>        Num Mux                1                  1                  1                  1                  1                  1                  1                  1  
##>      Num other                1                  1                  1                  1                  1                  1                  1                  1  
##>     Runtime(s)                0                  0                  0                  0                  0                  0                  0                  0  
+----------------------------------------------------------------------------------------------------------------------------------------------------------------+
##>
##>
##>+-----------------------------------------------------------------------------------------------------------------------------------------------------------------------------------------------------+
##>Optimization Step DEBUG Table for config CDN_DP_region_7_9_c7
##>
##>                          Step                        Area   (  % Chg)         WNS (Change)          TNS (Change)                Power   (  % Chg)        Runtime (s)        Comment                   
##>+-----------------------------------------------------------------------------------------------------------------------------------------------------------------------------------------------------+
##>EquationExtraction              START             3909884045 (       )      284.60 (        )          0 (        )                    0 (       )              
##> rewrite                        START             6360220095 ( +62.67)      266.90 (  -17.70)          0 (       0)                    0 (  +0.00)              (a,ar) Expr22_from --> Expr22_to
##>                                  END             9439120610 ( +48.41)      266.90 (   +0.00)          0 (       0)                    0 (  +0.00)           0  
##>                                  END             3909884045 (  +0.00)      284.60 (   +0.00)          0 (       0)                    0 (  +0.00)           0  
##>createMaxCarrySave              START             3909884045 (  +0.00)      284.60 (   +0.00)          0 (       0)                    0 (  +0.00)              
##> datapath_rewrite_one_def       START             3909884045 (  +0.00)      284.60 (   +0.00)          0 (       0)                    0 (  +0.00)              
##>  rewrite                       START             3909884045 (  +0.00)      284.60 (   +0.00)          0 (       0)                    0 (  +0.00)              (na,csaa) subt_c_with_select_version1 --> subt_c_with_select_version2
##>                                  END             4431912160 ( +13.35)      182.40 ( -102.20)          0 (       0)                    0 (  +0.00)           0  
##>                                  END             3909884045 (  +0.00)      284.60 (   +0.00)          0 (       0)                    0 (  +0.00)           0  
##> csa_opto                       START             3909884045 (  +0.00)      284.60 (   +0.00)          0 (       0)                    0 (  +0.00)              
##>                                  END             3909884045 (  +0.00)      284.60 (   +0.00)          0 (       0)                    0 (  +0.00)           0  
##>                                  END             3909884045 (  +0.00)      284.60 (   +0.00)          0 (       0)                    0 (  +0.00)           0  
##>canonicalize_by_names           START             3909884045 (  +0.00)      284.60 (   +0.00)          0 (       0)                    0 (  +0.00)              
##>                                  END             3909884045 (  +0.00)      284.60 (   +0.00)          0 (       0)                    0 (  +0.00)           0  
##>datapath_rewrite_post_csa_one_  START             3909884045 (  +0.00)      284.60 (   +0.00)          0 (       0)                    0 (  +0.00)              
##> rewrite                        START             3909884045 (  +0.00)      284.60 (   +0.00)          0 (       0)                    0 (  +0.00)              (na, greater_or_equal_from_uns --> greater_or_equal_to_uns
##>                                  END             5262895690 ( +34.60)      268.50 (  -16.10)          0 (       0)                    0 (  +0.00)           0  
##>                                  END             3909884045 (  +0.00)      284.60 (   +0.00)          0 (       0)                    0 (  +0.00)           0  
##>datapath_csa_factoring_one_gde  START             3909884045 (  +0.00)      284.60 (   +0.00)          0 (       0)                    0 (  +0.00)              
##>                                  END             3909884045 (  +0.00)      284.60 (   +0.00)          0 (       0)                    0 (  +0.00)           0  
##>dpopt_share_one_def             START             3909884045 (  +0.00)      284.60 (   +0.00)          0 (       0)                    0 (  +0.00)              
##>                                  END             3909884045 (  +0.00)      284.60 (   +0.00)          0 (       0)                    0 (  +0.00)           0  
##>datapath_rewrite_post_share     START             3909884045 (  +0.00)      284.60 (   +0.00)          0 (       0)                    0 (  +0.00)              
##>                                  END             3909884045 (  +0.00)      284.60 (   +0.00)          0 (       0)                    0 (  +0.00)           0  
##>dp_combine_const_mult_with_com  START             3909884045 (  +0.00)      284.60 (   +0.00)          0 (       0)                    0 (  +0.00)              
##>                                  END             3909884045 (  +0.00)      284.60 (   +0.00)          0 (       0)                    0 (  +0.00)           0  
##>dp_operator_level_decompositio  START             3909884045 (  +0.00)      284.60 (   +0.00)          0 (       0)                    0 (  +0.00)              
##>                                  END             3909884045 (  +0.00)      284.60 (   +0.00)          0 (       0)                    0 (  +0.00)           0  
##>selective_flatten_dp_config     START             3909884045 (  +0.00)      284.60 (   +0.00)          0 (       0)                    0 (  +0.00)              
##>                                  END             3909884045 (  +0.00)      284.60 (   +0.00)          0 (       0)                    0 (  +0.00)           0  
##>createMaxCarrySave              START             3909884045 (  +0.00)      284.60 (   +0.00)          0 (       0)                    0 (  +0.00)              
##> datapath_rewrite_one_def       START             3909884045 (  +0.00)      284.60 (   +0.00)          0 (       0)                    0 (  +0.00)              
##>  fast_cse_elim                 START             3909884045 (  +0.00)      284.60 (   +0.00)          0 (       0)                    0 (  +0.00)              
##>                                  END             3909884045 (  +0.00)      284.60 (   +0.00)          0 (       0)                    0 (  +0.00)           0  
##>  fast_cse_elim                 START             3909884045 (  +0.00)      284.60 (   +0.00)          0 (       0)                    0 (  +0.00)              
##>                                  END             3909884045 (  +0.00)      284.60 (   +0.00)          0 (       0)                    0 (  +0.00)           0  
##>                                  END             3909884045 (  +0.00)      284.60 (   +0.00)          0 (       0)                    0 (  +0.00)           0  
##> csa_opto                       START             3909884045 (  +0.00)      284.60 (   +0.00)          0 (       0)                    0 (  +0.00)              
##>                                  END             3909884045 (  +0.00)      284.60 (   +0.00)          0 (       0)                    0 (  +0.00)           0  
##>                                  END             3909884045 (  +0.00)      284.60 (   +0.00)          0 (       0)                    0 (  +0.00)           0  
##>context_based_simplify          START             3909884045 (  +0.00)      284.60 (   +0.00)          0 (       0)                    0 (  +0.00)              
##>                                  END             3675504075 (  -5.99)      284.60 (   +0.00)          0 (       0)                    0 (  +0.00)           0  
##>group_csa_final_adder_dp        START             3675504075 (  +0.00)      284.60 (   +0.00)          0 (       0)                    0 (  +0.00)              
##>                                  END             3675504075 (  +0.00)      284.60 (   +0.00)          0 (       0)                    0 (  +0.00)           0  
##>dpopt_flatten_critical_muxes_i  START             3675504075 (  +0.00)      284.60 (   +0.00)          0 (       0)                    0 (  +0.00)              
##>                                  END             3675504075 (  +0.00)      284.60 (   +0.00)          0 (       0)                    0 (  +0.00)           0  
##>create_score                    START             3675504075 (  +0.00)      284.60 (   +0.00)          0 (       0)                    0 (  +0.00)              
##>                                  END             3675504075 (  +0.00)      284.60 (   +0.00)          0 (       0)                    0 (  +0.00)           0  
##>+-----------------------------------------------------------------------------------------------------------------------------------------------------------------------------------------------------+
Committed config: CDN_DP_region_7_9_c7
Info    : Done implementing datapath configurations. [DPOPT-4]
        : Selected 'very_fast' configuration 7 for module 'CDN_DP_region_7_9_c7'.
          Optimizations applied to 'very_fast' configuration:
            rewriting(0), factoring(0), sharing(0), cmultcse(0), downsizing(0), speculation(0)
Info    : Implementing datapath configurations. [DPOPT-3]
        : Implementing datapath configurations for 'CDN_DP_region_7_8'
  CSAGen Prep Share:0 Re-Write:0 Speculation: 0

CDN_DP_region_7_8 level = 0 loads = 0 drivers = 0
CDN_DP_region_7_8_c0 in butterfly2x2: area: 3909884045 , DP = 2  Mux = 1  other = 1  sg = slow     
    wns: 0  norm_wns:  -1.0000 
    tns:  0
 skipped
CDN_DP_region_7_8_c1 in butterfly2x2: area: 3675504075 , DP = 2  Mux = 1  other = 1  sg = fast     
    wns: 0  norm_wns:  -1.0000 
    tns:  0
 is current best
CDN_DP_region_7_8_c2 in butterfly2x2: area: 3675504075 , DP = 2  Mux = 1  other = 1  sg = very_slow
    wns: 0  norm_wns:  -1.0000 
    tns:  0
 is current best
CDN_DP_region_7_8_c3 in butterfly2x2: area: 3675504075 , DP = 2  Mux = 1  other = 1  sg = very_fast
    wns: 0  norm_wns:  -1.0000 
    tns:  0
 is current best
CDN_DP_region_7_8_c4 in butterfly2x2: area: 3675504075 , DP = 2  Mux = 1  other = 1  sg = very_fast
    wns: 0  norm_wns:  -1.0000 
    tns:  0
 is current best
CDN_DP_region_7_8_c5 in butterfly2x2: area: 3675504075 , DP = 2  Mux = 1  other = 1  sg = very_fast
    wns: 0  norm_wns:  -1.0000 
    tns:  0
 is current best
CDN_DP_region_7_8_c6 in butterfly2x2: area: 3675504075 , DP = 2  Mux = 1  other = 1  sg = very_fast
    wns: 0  norm_wns:  -1.0000 
    tns:  0
 is current best
CDN_DP_region_7_8_c7 in butterfly2x2: area: 3675504075 , DP = 2  Mux = 1  other = 1  sg = very_fast
    wns: 0  norm_wns:  -1.0000 
    tns:  0
 is current best
Best config: CDN_DP_region_7_8_c7 in butterfly2x2: area: 3675504075 , DP = 2  Mux = 1  other = 1  sg = very_fast
    wns: 0  norm_wns:  -1.0000 
    tns:  0
  Smallest config area : 3675504075.  Fastest config wns;  0
##>+----------------------------------------------------------------------------------------------------------------------------------------------------------------+
##>Summary table of configs (Best config is CDN_DP_region_7_8_c7)
##>+----------------------------------------------------------------------------------------------------------------------------------------------------------------+
##>                     0                  1                  2                  3                  4                  5                  6                  7            
##>+----------------------------------------------------------------------------------------------------------------------------------------------------------------+
##>           Area       3909884045         3675504075         3675504075         3675504075         3675504075         3675504075         3675504075         3675504075  
##>            WNS          +284.60            +284.60            +284.60            +284.60            +284.60            +284.60            +284.60            +284.60  
##>            TNS                0                  0                  0                  0                  0                  0                  0                  0  
##>    Num Rewrite                0                  0                  0                  0                  0                  0                  0                  0  
##>      Num Share                0                  0                  0                  0                  0                  0                  0                  0  
##>  Num Speculate                0                  0                  0                  0                  0                  0                  0                  0  
##>         Num DP                2                  2                  2                  2                  2                  2                  2                  2  
##>        Num Mux                1                  1                  1                  1                  1                  1                  1                  1  
##>      Num other                1                  1                  1                  1                  1                  1                  1                  1  
##>     Runtime(s)                0                  0                  0                  0                  0                  0                  0                  0  
+----------------------------------------------------------------------------------------------------------------------------------------------------------------+
##>
##>
##>+-----------------------------------------------------------------------------------------------------------------------------------------------------------------------------------------------------+
##>Optimization Step DEBUG Table for config CDN_DP_region_7_8_c7
##>
##>                          Step                        Area   (  % Chg)         WNS (Change)          TNS (Change)                Power   (  % Chg)        Runtime (s)        Comment                   
##>+-----------------------------------------------------------------------------------------------------------------------------------------------------------------------------------------------------+
##>EquationExtraction              START             3909884045 (       )      284.60 (        )          0 (        )                    0 (       )              
##> rewrite                        START             6360220095 ( +62.67)      266.90 (  -17.70)          0 (       0)                    0 (  +0.00)              (a,ar) Expr23_from --> Expr23_to
##>                                  END             9439120610 ( +48.41)      266.90 (   +0.00)          0 (       0)                    0 (  +0.00)           0  
##>                                  END             3909884045 (  +0.00)      284.60 (   +0.00)          0 (       0)                    0 (  +0.00)           0  
##>createMaxCarrySave              START             3909884045 (  +0.00)      284.60 (   +0.00)          0 (       0)                    0 (  +0.00)              
##> datapath_rewrite_one_def       START             3909884045 (  +0.00)      284.60 (   +0.00)          0 (       0)                    0 (  +0.00)              
##>  rewrite                       START             3909884045 (  +0.00)      284.60 (   +0.00)          0 (       0)                    0 (  +0.00)              (na,csaa) subt_c_with_select_version1 --> subt_c_with_select_version2
##>                                  END             4431912160 ( +13.35)      182.40 ( -102.20)          0 (       0)                    0 (  +0.00)           0  
##>                                  END             3909884045 (  +0.00)      284.60 (   +0.00)          0 (       0)                    0 (  +0.00)           0  
##> csa_opto                       START             3909884045 (  +0.00)      284.60 (   +0.00)          0 (       0)                    0 (  +0.00)              
##>                                  END             3909884045 (  +0.00)      284.60 (   +0.00)          0 (       0)                    0 (  +0.00)           0  
##>                                  END             3909884045 (  +0.00)      284.60 (   +0.00)          0 (       0)                    0 (  +0.00)           0  
##>canonicalize_by_names           START             3909884045 (  +0.00)      284.60 (   +0.00)          0 (       0)                    0 (  +0.00)              
##>                                  END             3909884045 (  +0.00)      284.60 (   +0.00)          0 (       0)                    0 (  +0.00)           0  
##>datapath_rewrite_post_csa_one_  START             3909884045 (  +0.00)      284.60 (   +0.00)          0 (       0)                    0 (  +0.00)              
##> rewrite                        START             3909884045 (  +0.00)      284.60 (   +0.00)          0 (       0)                    0 (  +0.00)              (na, greater_or_equal_from_uns --> greater_or_equal_to_uns
##>                                  END             5262895690 ( +34.60)      268.50 (  -16.10)          0 (       0)                    0 (  +0.00)           0  
##>                                  END             3909884045 (  +0.00)      284.60 (   +0.00)          0 (       0)                    0 (  +0.00)           0  
##>datapath_csa_factoring_one_gde  START             3909884045 (  +0.00)      284.60 (   +0.00)          0 (       0)                    0 (  +0.00)              
##>                                  END             3909884045 (  +0.00)      284.60 (   +0.00)          0 (       0)                    0 (  +0.00)           0  
##>dpopt_share_one_def             START             3909884045 (  +0.00)      284.60 (   +0.00)          0 (       0)                    0 (  +0.00)              
##>                                  END             3909884045 (  +0.00)      284.60 (   +0.00)          0 (       0)                    0 (  +0.00)           0  
##>datapath_rewrite_post_share     START             3909884045 (  +0.00)      284.60 (   +0.00)          0 (       0)                    0 (  +0.00)              
##>                                  END             3909884045 (  +0.00)      284.60 (   +0.00)          0 (       0)                    0 (  +0.00)           0  
##>dp_combine_const_mult_with_com  START             3909884045 (  +0.00)      284.60 (   +0.00)          0 (       0)                    0 (  +0.00)              
##>                                  END             3909884045 (  +0.00)      284.60 (   +0.00)          0 (       0)                    0 (  +0.00)           0  
##>dp_operator_level_decompositio  START             3909884045 (  +0.00)      284.60 (   +0.00)          0 (       0)                    0 (  +0.00)              
##>                                  END             3909884045 (  +0.00)      284.60 (   +0.00)          0 (       0)                    0 (  +0.00)           0  
##>selective_flatten_dp_config     START             3909884045 (  +0.00)      284.60 (   +0.00)          0 (       0)                    0 (  +0.00)              
##>                                  END             3909884045 (  +0.00)      284.60 (   +0.00)          0 (       0)                    0 (  +0.00)           0  
##>createMaxCarrySave              START             3909884045 (  +0.00)      284.60 (   +0.00)          0 (       0)                    0 (  +0.00)              
##> datapath_rewrite_one_def       START             3909884045 (  +0.00)      284.60 (   +0.00)          0 (       0)                    0 (  +0.00)              
##>  fast_cse_elim                 START             3909884045 (  +0.00)      284.60 (   +0.00)          0 (       0)                    0 (  +0.00)              
##>                                  END             3909884045 (  +0.00)      284.60 (   +0.00)          0 (       0)                    0 (  +0.00)           0  
##>  fast_cse_elim                 START             3909884045 (  +0.00)      284.60 (   +0.00)          0 (       0)                    0 (  +0.00)              
##>                                  END             3909884045 (  +0.00)      284.60 (   +0.00)          0 (       0)                    0 (  +0.00)           0  
##>                                  END             3909884045 (  +0.00)      284.60 (   +0.00)          0 (       0)                    0 (  +0.00)           0  
##> csa_opto                       START             3909884045 (  +0.00)      284.60 (   +0.00)          0 (       0)                    0 (  +0.00)              
##>                                  END             3909884045 (  +0.00)      284.60 (   +0.00)          0 (       0)                    0 (  +0.00)           0  
##>                                  END             3909884045 (  +0.00)      284.60 (   +0.00)          0 (       0)                    0 (  +0.00)           0  
##>context_based_simplify          START             3909884045 (  +0.00)      284.60 (   +0.00)          0 (       0)                    0 (  +0.00)              
##>                                  END             3675504075 (  -5.99)      284.60 (   +0.00)          0 (       0)                    0 (  +0.00)           0  
##>group_csa_final_adder_dp        START             3675504075 (  +0.00)      284.60 (   +0.00)          0 (       0)                    0 (  +0.00)              
##>                                  END             3675504075 (  +0.00)      284.60 (   +0.00)          0 (       0)                    0 (  +0.00)           0  
##>dpopt_flatten_critical_muxes_i  START             3675504075 (  +0.00)      284.60 (   +0.00)          0 (       0)                    0 (  +0.00)              
##>                                  END             3675504075 (  +0.00)      284.60 (   +0.00)          0 (       0)                    0 (  +0.00)           0  
##>create_score                    START             3675504075 (  +0.00)      284.60 (   +0.00)          0 (       0)                    0 (  +0.00)              
##>                                  END             3675504075 (  +0.00)      284.60 (   +0.00)          0 (       0)                    0 (  +0.00)           0  
##>+-----------------------------------------------------------------------------------------------------------------------------------------------------------------------------------------------------+
Committed config: CDN_DP_region_7_8_c7
Info    : Done implementing datapath configurations. [DPOPT-4]
        : Selected 'very_fast' configuration 7 for module 'CDN_DP_region_7_8_c7'.
          Optimizations applied to 'very_fast' configuration:
            rewriting(0), factoring(0), sharing(0), cmultcse(0), downsizing(0), speculation(0)
Info    : Implementing datapath configurations. [DPOPT-3]
        : Implementing datapath configurations for 'CDN_DP_region_7_6'
  CSAGen Prep Share:0 Re-Write:0 Speculation: 0

CDN_DP_region_7_6 level = 0 loads = 0 drivers = 0
CDN_DP_region_7_6_c0 in butterfly2x2: area: 3909884045 , DP = 2  Mux = 1  other = 1  sg = slow     
    wns: 0  norm_wns:  -1.0000 
    tns:  0
 skipped
CDN_DP_region_7_6_c1 in butterfly2x2: area: 3675504075 , DP = 2  Mux = 1  other = 1  sg = fast     
    wns: 0  norm_wns:  -1.0000 
    tns:  0
 is current best
CDN_DP_region_7_6_c2 in butterfly2x2: area: 3675504075 , DP = 2  Mux = 1  other = 1  sg = very_slow
    wns: 0  norm_wns:  -1.0000 
    tns:  0
 is current best
CDN_DP_region_7_6_c3 in butterfly2x2: area: 3675504075 , DP = 2  Mux = 1  other = 1  sg = very_fast
    wns: 0  norm_wns:  -1.0000 
    tns:  0
 is current best
CDN_DP_region_7_6_c4 in butterfly2x2: area: 3675504075 , DP = 2  Mux = 1  other = 1  sg = very_fast
    wns: 0  norm_wns:  -1.0000 
    tns:  0
 is current best
CDN_DP_region_7_6_c5 in butterfly2x2: area: 3675504075 , DP = 2  Mux = 1  other = 1  sg = very_fast
    wns: 0  norm_wns:  -1.0000 
    tns:  0
 is current best
CDN_DP_region_7_6_c6 in butterfly2x2: area: 3675504075 , DP = 2  Mux = 1  other = 1  sg = very_fast
    wns: 0  norm_wns:  -1.0000 
    tns:  0
 is current best
CDN_DP_region_7_6_c7 in butterfly2x2: area: 3675504075 , DP = 2  Mux = 1  other = 1  sg = very_fast
    wns: 0  norm_wns:  -1.0000 
    tns:  0
 is current best
Best config: CDN_DP_region_7_6_c7 in butterfly2x2: area: 3675504075 , DP = 2  Mux = 1  other = 1  sg = very_fast
    wns: 0  norm_wns:  -1.0000 
    tns:  0
  Smallest config area : 3675504075.  Fastest config wns;  0
##>+----------------------------------------------------------------------------------------------------------------------------------------------------------------+
##>Summary table of configs (Best config is CDN_DP_region_7_6_c7)
##>+----------------------------------------------------------------------------------------------------------------------------------------------------------------+
##>                     0                  1                  2                  3                  4                  5                  6                  7            
##>+----------------------------------------------------------------------------------------------------------------------------------------------------------------+
##>           Area       3909884045         3675504075         3675504075         3675504075         3675504075         3675504075         3675504075         3675504075  
##>            WNS          +284.60            +284.60            +284.60            +284.60            +284.60            +284.60            +284.60            +284.60  
##>            TNS                0                  0                  0                  0                  0                  0                  0                  0  
##>    Num Rewrite                0                  0                  0                  0                  0                  0                  0                  0  
##>      Num Share                0                  0                  0                  0                  0                  0                  0                  0  
##>  Num Speculate                0                  0                  0                  0                  0                  0                  0                  0  
##>         Num DP                2                  2                  2                  2                  2                  2                  2                  2  
##>        Num Mux                1                  1                  1                  1                  1                  1                  1                  1  
##>      Num other                1                  1                  1                  1                  1                  1                  1                  1  
##>     Runtime(s)                0                  0                  0                  0                  0                  0                  0                  0  
+----------------------------------------------------------------------------------------------------------------------------------------------------------------+
##>
##>
##>+-----------------------------------------------------------------------------------------------------------------------------------------------------------------------------------------------------+
##>Optimization Step DEBUG Table for config CDN_DP_region_7_6_c7
##>
##>                          Step                        Area   (  % Chg)         WNS (Change)          TNS (Change)                Power   (  % Chg)        Runtime (s)        Comment                   
##>+-----------------------------------------------------------------------------------------------------------------------------------------------------------------------------------------------------+
##>EquationExtraction              START             3909884045 (       )      284.60 (        )          0 (        )                    0 (       )              
##> rewrite                        START             6360220095 ( +62.67)      266.90 (  -17.70)          0 (       0)                    0 (  +0.00)              (a,ar) Expr24_from --> Expr24_to
##>                                  END             9439120610 ( +48.41)      266.90 (   +0.00)          0 (       0)                    0 (  +0.00)           0  
##>                                  END             3909884045 (  +0.00)      284.60 (   +0.00)          0 (       0)                    0 (  +0.00)           0  
##>createMaxCarrySave              START             3909884045 (  +0.00)      284.60 (   +0.00)          0 (       0)                    0 (  +0.00)              
##> datapath_rewrite_one_def       START             3909884045 (  +0.00)      284.60 (   +0.00)          0 (       0)                    0 (  +0.00)              
##>  rewrite                       START             3909884045 (  +0.00)      284.60 (   +0.00)          0 (       0)                    0 (  +0.00)              (na,csaa) subt_c_with_select_version1 --> subt_c_with_select_version2
##>                                  END             4431912160 ( +13.35)      182.40 ( -102.20)          0 (       0)                    0 (  +0.00)           0  
##>                                  END             3909884045 (  +0.00)      284.60 (   +0.00)          0 (       0)                    0 (  +0.00)           0  
##> csa_opto                       START             3909884045 (  +0.00)      284.60 (   +0.00)          0 (       0)                    0 (  +0.00)              
##>                                  END             3909884045 (  +0.00)      284.60 (   +0.00)          0 (       0)                    0 (  +0.00)           0  
##>                                  END             3909884045 (  +0.00)      284.60 (   +0.00)          0 (       0)                    0 (  +0.00)           0  
##>canonicalize_by_names           START             3909884045 (  +0.00)      284.60 (   +0.00)          0 (       0)                    0 (  +0.00)              
##>                                  END             3909884045 (  +0.00)      284.60 (   +0.00)          0 (       0)                    0 (  +0.00)           0  
##>datapath_rewrite_post_csa_one_  START             3909884045 (  +0.00)      284.60 (   +0.00)          0 (       0)                    0 (  +0.00)              
##> rewrite                        START             3909884045 (  +0.00)      284.60 (   +0.00)          0 (       0)                    0 (  +0.00)              (na, greater_or_equal_from_uns --> greater_or_equal_to_uns
##>                                  END             5262895690 ( +34.60)      268.50 (  -16.10)          0 (       0)                    0 (  +0.00)           0  
##>                                  END             3909884045 (  +0.00)      284.60 (   +0.00)          0 (       0)                    0 (  +0.00)           0  
##>datapath_csa_factoring_one_gde  START             3909884045 (  +0.00)      284.60 (   +0.00)          0 (       0)                    0 (  +0.00)              
##>                                  END             3909884045 (  +0.00)      284.60 (   +0.00)          0 (       0)                    0 (  +0.00)           0  
##>dpopt_share_one_def             START             3909884045 (  +0.00)      284.60 (   +0.00)          0 (       0)                    0 (  +0.00)              
##>                                  END             3909884045 (  +0.00)      284.60 (   +0.00)          0 (       0)                    0 (  +0.00)           0  
##>datapath_rewrite_post_share     START             3909884045 (  +0.00)      284.60 (   +0.00)          0 (       0)                    0 (  +0.00)              
##>                                  END             3909884045 (  +0.00)      284.60 (   +0.00)          0 (       0)                    0 (  +0.00)           0  
##>dp_combine_const_mult_with_com  START             3909884045 (  +0.00)      284.60 (   +0.00)          0 (       0)                    0 (  +0.00)              
##>                                  END             3909884045 (  +0.00)      284.60 (   +0.00)          0 (       0)                    0 (  +0.00)           0  
##>dp_operator_level_decompositio  START             3909884045 (  +0.00)      284.60 (   +0.00)          0 (       0)                    0 (  +0.00)              
##>                                  END             3909884045 (  +0.00)      284.60 (   +0.00)          0 (       0)                    0 (  +0.00)           0  
##>selective_flatten_dp_config     START             3909884045 (  +0.00)      284.60 (   +0.00)          0 (       0)                    0 (  +0.00)              
##>                                  END             3909884045 (  +0.00)      284.60 (   +0.00)          0 (       0)                    0 (  +0.00)           0  
##>createMaxCarrySave              START             3909884045 (  +0.00)      284.60 (   +0.00)          0 (       0)                    0 (  +0.00)              
##> datapath_rewrite_one_def       START             3909884045 (  +0.00)      284.60 (   +0.00)          0 (       0)                    0 (  +0.00)              
##>  fast_cse_elim                 START             3909884045 (  +0.00)      284.60 (   +0.00)          0 (       0)                    0 (  +0.00)              
##>                                  END             3909884045 (  +0.00)      284.60 (   +0.00)          0 (       0)                    0 (  +0.00)           0  
##>  fast_cse_elim                 START             3909884045 (  +0.00)      284.60 (   +0.00)          0 (       0)                    0 (  +0.00)              
##>                                  END             3909884045 (  +0.00)      284.60 (   +0.00)          0 (       0)                    0 (  +0.00)           0  
##>                                  END             3909884045 (  +0.00)      284.60 (   +0.00)          0 (       0)                    0 (  +0.00)           0  
##> csa_opto                       START             3909884045 (  +0.00)      284.60 (   +0.00)          0 (       0)                    0 (  +0.00)              
##>                                  END             3909884045 (  +0.00)      284.60 (   +0.00)          0 (       0)                    0 (  +0.00)           0  
##>                                  END             3909884045 (  +0.00)      284.60 (   +0.00)          0 (       0)                    0 (  +0.00)           0  
##>context_based_simplify          START             3909884045 (  +0.00)      284.60 (   +0.00)          0 (       0)                    0 (  +0.00)              
##>                                  END             3675504075 (  -5.99)      284.60 (   +0.00)          0 (       0)                    0 (  +0.00)           0  
##>group_csa_final_adder_dp        START             3675504075 (  +0.00)      284.60 (   +0.00)          0 (       0)                    0 (  +0.00)              
##>                                  END             3675504075 (  +0.00)      284.60 (   +0.00)          0 (       0)                    0 (  +0.00)           0  
##>dpopt_flatten_critical_muxes_i  START             3675504075 (  +0.00)      284.60 (   +0.00)          0 (       0)                    0 (  +0.00)              
##>                                  END             3675504075 (  +0.00)      284.60 (   +0.00)          0 (       0)                    0 (  +0.00)           0  
##>create_score                    START             3675504075 (  +0.00)      284.60 (   +0.00)          0 (       0)                    0 (  +0.00)              
##>                                  END             3675504075 (  +0.00)      284.60 (   +0.00)          0 (       0)                    0 (  +0.00)           0  
##>+-----------------------------------------------------------------------------------------------------------------------------------------------------------------------------------------------------+
Committed config: CDN_DP_region_7_6_c7
Info    : Done implementing datapath configurations. [DPOPT-4]
        : Selected 'very_fast' configuration 7 for module 'CDN_DP_region_7_6_c7'.
          Optimizations applied to 'very_fast' configuration:
            rewriting(0), factoring(0), sharing(0), cmultcse(0), downsizing(0), speculation(0)
Info    : Implementing datapath configurations. [DPOPT-3]
        : Implementing datapath configurations for 'CDN_DP_region_7_5'
  CSAGen Prep Share:0 Re-Write:0 Speculation: 0

CDN_DP_region_7_5 level = 0 loads = 0 drivers = 0
CDN_DP_region_7_5_c0 in butterfly2x2: area: 3909884045 , DP = 2  Mux = 1  other = 1  sg = slow     
    wns: 0  norm_wns:  -1.0000 
    tns:  0
 skipped
CDN_DP_region_7_5_c1 in butterfly2x2: area: 3675504075 , DP = 2  Mux = 1  other = 1  sg = fast     
    wns: 0  norm_wns:  -1.0000 
    tns:  0
 is current best
CDN_DP_region_7_5_c2 in butterfly2x2: area: 3675504075 , DP = 2  Mux = 1  other = 1  sg = very_slow
    wns: 0  norm_wns:  -1.0000 
    tns:  0
 is current best
CDN_DP_region_7_5_c3 in butterfly2x2: area: 3675504075 , DP = 2  Mux = 1  other = 1  sg = very_fast
    wns: 0  norm_wns:  -1.0000 
    tns:  0
 is current best
CDN_DP_region_7_5_c4 in butterfly2x2: area: 3675504075 , DP = 2  Mux = 1  other = 1  sg = very_fast
    wns: 0  norm_wns:  -1.0000 
    tns:  0
 is current best
CDN_DP_region_7_5_c5 in butterfly2x2: area: 3675504075 , DP = 2  Mux = 1  other = 1  sg = very_fast
    wns: 0  norm_wns:  -1.0000 
    tns:  0
 is current best
CDN_DP_region_7_5_c6 in butterfly2x2: area: 3675504075 , DP = 2  Mux = 1  other = 1  sg = very_fast
    wns: 0  norm_wns:  -1.0000 
    tns:  0
 is current best
CDN_DP_region_7_5_c7 in butterfly2x2: area: 3675504075 , DP = 2  Mux = 1  other = 1  sg = very_fast
    wns: 0  norm_wns:  -1.0000 
    tns:  0
 is current best
Best config: CDN_DP_region_7_5_c7 in butterfly2x2: area: 3675504075 , DP = 2  Mux = 1  other = 1  sg = very_fast
    wns: 0  norm_wns:  -1.0000 
    tns:  0
  Smallest config area : 3675504075.  Fastest config wns;  0
##>+----------------------------------------------------------------------------------------------------------------------------------------------------------------+
##>Summary table of configs (Best config is CDN_DP_region_7_5_c7)
##>+----------------------------------------------------------------------------------------------------------------------------------------------------------------+
##>                     0                  1                  2                  3                  4                  5                  6                  7            
##>+----------------------------------------------------------------------------------------------------------------------------------------------------------------+
##>           Area       3909884045         3675504075         3675504075         3675504075         3675504075         3675504075         3675504075         3675504075  
##>            WNS          +284.60            +284.60            +284.60            +284.60            +284.60            +284.60            +284.60            +284.60  
##>            TNS                0                  0                  0                  0                  0                  0                  0                  0  
##>    Num Rewrite                0                  0                  0                  0                  0                  0                  0                  0  
##>      Num Share                0                  0                  0                  0                  0                  0                  0                  0  
##>  Num Speculate                0                  0                  0                  0                  0                  0                  0                  0  
##>         Num DP                2                  2                  2                  2                  2                  2                  2                  2  
##>        Num Mux                1                  1                  1                  1                  1                  1                  1                  1  
##>      Num other                1                  1                  1                  1                  1                  1                  1                  1  
##>     Runtime(s)                0                  0                  0                  0                  0                  0                  0                  0  
+----------------------------------------------------------------------------------------------------------------------------------------------------------------+
##>
##>
##>+-----------------------------------------------------------------------------------------------------------------------------------------------------------------------------------------------------+
##>Optimization Step DEBUG Table for config CDN_DP_region_7_5_c7
##>
##>                          Step                        Area   (  % Chg)         WNS (Change)          TNS (Change)                Power   (  % Chg)        Runtime (s)        Comment                   
##>+-----------------------------------------------------------------------------------------------------------------------------------------------------------------------------------------------------+
##>EquationExtraction              START             3909884045 (       )      284.60 (        )          0 (        )                    0 (       )              
##> rewrite                        START             6360220095 ( +62.67)      266.90 (  -17.70)          0 (       0)                    0 (  +0.00)              (a,ar) Expr25_from --> Expr25_to
##>                                  END             9439120610 ( +48.41)      266.90 (   +0.00)          0 (       0)                    0 (  +0.00)           0  
##>                                  END             3909884045 (  +0.00)      284.60 (   +0.00)          0 (       0)                    0 (  +0.00)           0  
##>createMaxCarrySave              START             3909884045 (  +0.00)      284.60 (   +0.00)          0 (       0)                    0 (  +0.00)              
##> datapath_rewrite_one_def       START             3909884045 (  +0.00)      284.60 (   +0.00)          0 (       0)                    0 (  +0.00)              
##>  rewrite                       START             3909884045 (  +0.00)      284.60 (   +0.00)          0 (       0)                    0 (  +0.00)              (na,csaa) subt_c_with_select_version1 --> subt_c_with_select_version2
##>                                  END             4431912160 ( +13.35)      182.40 ( -102.20)          0 (       0)                    0 (  +0.00)           0  
##>                                  END             3909884045 (  +0.00)      284.60 (   +0.00)          0 (       0)                    0 (  +0.00)           0  
##> csa_opto                       START             3909884045 (  +0.00)      284.60 (   +0.00)          0 (       0)                    0 (  +0.00)              
##>                                  END             3909884045 (  +0.00)      284.60 (   +0.00)          0 (       0)                    0 (  +0.00)           0  
##>                                  END             3909884045 (  +0.00)      284.60 (   +0.00)          0 (       0)                    0 (  +0.00)           0  
##>canonicalize_by_names           START             3909884045 (  +0.00)      284.60 (   +0.00)          0 (       0)                    0 (  +0.00)              
##>                                  END             3909884045 (  +0.00)      284.60 (   +0.00)          0 (       0)                    0 (  +0.00)           0  
##>datapath_rewrite_post_csa_one_  START             3909884045 (  +0.00)      284.60 (   +0.00)          0 (       0)                    0 (  +0.00)              
##> rewrite                        START             3909884045 (  +0.00)      284.60 (   +0.00)          0 (       0)                    0 (  +0.00)              (na, greater_or_equal_from_uns --> greater_or_equal_to_uns
##>                                  END             5262895690 ( +34.60)      268.50 (  -16.10)          0 (       0)                    0 (  +0.00)           0  
##>                                  END             3909884045 (  +0.00)      284.60 (   +0.00)          0 (       0)                    0 (  +0.00)           0  
##>datapath_csa_factoring_one_gde  START             3909884045 (  +0.00)      284.60 (   +0.00)          0 (       0)                    0 (  +0.00)              
##>                                  END             3909884045 (  +0.00)      284.60 (   +0.00)          0 (       0)                    0 (  +0.00)           0  
##>dpopt_share_one_def             START             3909884045 (  +0.00)      284.60 (   +0.00)          0 (       0)                    0 (  +0.00)              
##>                                  END             3909884045 (  +0.00)      284.60 (   +0.00)          0 (       0)                    0 (  +0.00)           0  
##>datapath_rewrite_post_share     START             3909884045 (  +0.00)      284.60 (   +0.00)          0 (       0)                    0 (  +0.00)              
##>                                  END             3909884045 (  +0.00)      284.60 (   +0.00)          0 (       0)                    0 (  +0.00)           0  
##>dp_combine_const_mult_with_com  START             3909884045 (  +0.00)      284.60 (   +0.00)          0 (       0)                    0 (  +0.00)              
##>                                  END             3909884045 (  +0.00)      284.60 (   +0.00)          0 (       0)                    0 (  +0.00)           0  
##>dp_operator_level_decompositio  START             3909884045 (  +0.00)      284.60 (   +0.00)          0 (       0)                    0 (  +0.00)              
##>                                  END             3909884045 (  +0.00)      284.60 (   +0.00)          0 (       0)                    0 (  +0.00)           0  
##>selective_flatten_dp_config     START             3909884045 (  +0.00)      284.60 (   +0.00)          0 (       0)                    0 (  +0.00)              
##>                                  END             3909884045 (  +0.00)      284.60 (   +0.00)          0 (       0)                    0 (  +0.00)           0  
##>createMaxCarrySave              START             3909884045 (  +0.00)      284.60 (   +0.00)          0 (       0)                    0 (  +0.00)              
##> datapath_rewrite_one_def       START             3909884045 (  +0.00)      284.60 (   +0.00)          0 (       0)                    0 (  +0.00)              
##>  fast_cse_elim                 START             3909884045 (  +0.00)      284.60 (   +0.00)          0 (       0)                    0 (  +0.00)              
##>                                  END             3909884045 (  +0.00)      284.60 (   +0.00)          0 (       0)                    0 (  +0.00)           0  
##>  fast_cse_elim                 START             3909884045 (  +0.00)      284.60 (   +0.00)          0 (       0)                    0 (  +0.00)              
##>                                  END             3909884045 (  +0.00)      284.60 (   +0.00)          0 (       0)                    0 (  +0.00)           0  
##>                                  END             3909884045 (  +0.00)      284.60 (   +0.00)          0 (       0)                    0 (  +0.00)           0  
##> csa_opto                       START             3909884045 (  +0.00)      284.60 (   +0.00)          0 (       0)                    0 (  +0.00)              
##>                                  END             3909884045 (  +0.00)      284.60 (   +0.00)          0 (       0)                    0 (  +0.00)           0  
##>                                  END             3909884045 (  +0.00)      284.60 (   +0.00)          0 (       0)                    0 (  +0.00)           0  
##>context_based_simplify          START             3909884045 (  +0.00)      284.60 (   +0.00)          0 (       0)                    0 (  +0.00)              
##>                                  END             3675504075 (  -5.99)      284.60 (   +0.00)          0 (       0)                    0 (  +0.00)           0  
##>group_csa_final_adder_dp        START             3675504075 (  +0.00)      284.60 (   +0.00)          0 (       0)                    0 (  +0.00)              
##>                                  END             3675504075 (  +0.00)      284.60 (   +0.00)          0 (       0)                    0 (  +0.00)           0  
##>dpopt_flatten_critical_muxes_i  START             3675504075 (  +0.00)      284.60 (   +0.00)          0 (       0)                    0 (  +0.00)              
##>                                  END             3675504075 (  +0.00)      284.60 (   +0.00)          0 (       0)                    0 (  +0.00)           0  
##>create_score                    START             3675504075 (  +0.00)      284.60 (   +0.00)          0 (       0)                    0 (  +0.00)              
##>                                  END             3675504075 (  +0.00)      284.60 (   +0.00)          0 (       0)                    0 (  +0.00)           0  
##>+-----------------------------------------------------------------------------------------------------------------------------------------------------------------------------------------------------+
Committed config: CDN_DP_region_7_5_c7
Info    : Done implementing datapath configurations. [DPOPT-4]
        : Selected 'very_fast' configuration 7 for module 'CDN_DP_region_7_5_c7'.
          Optimizations applied to 'very_fast' configuration:
            rewriting(0), factoring(0), sharing(0), cmultcse(0), downsizing(0), speculation(0)
Info    : Implementing datapath configurations. [DPOPT-3]
        : Implementing datapath configurations for 'CDN_DP_region_7_3'
  CSAGen Prep Share:0 Re-Write:0 Speculation: 0

CDN_DP_region_7_3 level = 0 loads = 0 drivers = 0
CDN_DP_region_7_3_c0 in butterfly2x2: area: 3909884045 , DP = 2  Mux = 1  other = 1  sg = slow     
    wns: 0  norm_wns:  -1.0000 
    tns:  0
 skipped
CDN_DP_region_7_3_c1 in butterfly2x2: area: 3675504075 , DP = 2  Mux = 1  other = 1  sg = fast     
    wns: 0  norm_wns:  -1.0000 
    tns:  0
 is current best
CDN_DP_region_7_3_c2 in butterfly2x2: area: 3675504075 , DP = 2  Mux = 1  other = 1  sg = very_slow
    wns: 0  norm_wns:  -1.0000 
    tns:  0
 is current best
CDN_DP_region_7_3_c3 in butterfly2x2: area: 3675504075 , DP = 2  Mux = 1  other = 1  sg = very_fast
    wns: 0  norm_wns:  -1.0000 
    tns:  0
 is current best
CDN_DP_region_7_3_c4 in butterfly2x2: area: 3675504075 , DP = 2  Mux = 1  other = 1  sg = very_fast
    wns: 0  norm_wns:  -1.0000 
    tns:  0
 is current best
CDN_DP_region_7_3_c5 in butterfly2x2: area: 3675504075 , DP = 2  Mux = 1  other = 1  sg = very_fast
    wns: 0  norm_wns:  -1.0000 
    tns:  0
 is current best
CDN_DP_region_7_3_c6 in butterfly2x2: area: 3675504075 , DP = 2  Mux = 1  other = 1  sg = very_fast
    wns: 0  norm_wns:  -1.0000 
    tns:  0
 is current best
CDN_DP_region_7_3_c7 in butterfly2x2: area: 3675504075 , DP = 2  Mux = 1  other = 1  sg = very_fast
    wns: 0  norm_wns:  -1.0000 
    tns:  0
 is current best
Best config: CDN_DP_region_7_3_c7 in butterfly2x2: area: 3675504075 , DP = 2  Mux = 1  other = 1  sg = very_fast
    wns: 0  norm_wns:  -1.0000 
    tns:  0
  Smallest config area : 3675504075.  Fastest config wns;  0
##>+----------------------------------------------------------------------------------------------------------------------------------------------------------------+
##>Summary table of configs (Best config is CDN_DP_region_7_3_c7)
##>+----------------------------------------------------------------------------------------------------------------------------------------------------------------+
##>                     0                  1                  2                  3                  4                  5                  6                  7            
##>+----------------------------------------------------------------------------------------------------------------------------------------------------------------+
##>           Area       3909884045         3675504075         3675504075         3675504075         3675504075         3675504075         3675504075         3675504075  
##>            WNS          +284.60            +284.60            +284.60            +284.60            +284.60            +284.60            +284.60            +284.60  
##>            TNS                0                  0                  0                  0                  0                  0                  0                  0  
##>    Num Rewrite                0                  0                  0                  0                  0                  0                  0                  0  
##>      Num Share                0                  0                  0                  0                  0                  0                  0                  0  
##>  Num Speculate                0                  0                  0                  0                  0                  0                  0                  0  
##>         Num DP                2                  2                  2                  2                  2                  2                  2                  2  
##>        Num Mux                1                  1                  1                  1                  1                  1                  1                  1  
##>      Num other                1                  1                  1                  1                  1                  1                  1                  1  
##>     Runtime(s)                0                  0                  0                  0                  0                  0                  0                  0  
+----------------------------------------------------------------------------------------------------------------------------------------------------------------+
##>
##>
##>+-----------------------------------------------------------------------------------------------------------------------------------------------------------------------------------------------------+
##>Optimization Step DEBUG Table for config CDN_DP_region_7_3_c7
##>
##>                          Step                        Area   (  % Chg)         WNS (Change)          TNS (Change)                Power   (  % Chg)        Runtime (s)        Comment                   
##>+-----------------------------------------------------------------------------------------------------------------------------------------------------------------------------------------------------+
##>EquationExtraction              START             3909884045 (       )      284.60 (        )          0 (        )                    0 (       )              
##> rewrite                        START             6360220095 ( +62.67)      266.90 (  -17.70)          0 (       0)                    0 (  +0.00)              (a,ar) Expr26_from --> Expr26_to
##>                                  END             9439120610 ( +48.41)      266.90 (   +0.00)          0 (       0)                    0 (  +0.00)           0  
##>                                  END             3909884045 (  +0.00)      284.60 (   +0.00)          0 (       0)                    0 (  +0.00)           0  
##>createMaxCarrySave              START             3909884045 (  +0.00)      284.60 (   +0.00)          0 (       0)                    0 (  +0.00)              
##> datapath_rewrite_one_def       START             3909884045 (  +0.00)      284.60 (   +0.00)          0 (       0)                    0 (  +0.00)              
##>  rewrite                       START             3909884045 (  +0.00)      284.60 (   +0.00)          0 (       0)                    0 (  +0.00)              (na,csaa) subt_c_with_select_version1 --> subt_c_with_select_version2
##>                                  END             4431912160 ( +13.35)      182.40 ( -102.20)          0 (       0)                    0 (  +0.00)           0  
##>                                  END             3909884045 (  +0.00)      284.60 (   +0.00)          0 (       0)                    0 (  +0.00)           0  
##> csa_opto                       START             3909884045 (  +0.00)      284.60 (   +0.00)          0 (       0)                    0 (  +0.00)              
##>                                  END             3909884045 (  +0.00)      284.60 (   +0.00)          0 (       0)                    0 (  +0.00)           0  
##>                                  END             3909884045 (  +0.00)      284.60 (   +0.00)          0 (       0)                    0 (  +0.00)           0  
##>canonicalize_by_names           START             3909884045 (  +0.00)      284.60 (   +0.00)          0 (       0)                    0 (  +0.00)              
##>                                  END             3909884045 (  +0.00)      284.60 (   +0.00)          0 (       0)                    0 (  +0.00)           0  
##>datapath_rewrite_post_csa_one_  START             3909884045 (  +0.00)      284.60 (   +0.00)          0 (       0)                    0 (  +0.00)              
##> rewrite                        START             3909884045 (  +0.00)      284.60 (   +0.00)          0 (       0)                    0 (  +0.00)              (na, greater_or_equal_from_uns --> greater_or_equal_to_uns
##>                                  END             5262895690 ( +34.60)      268.50 (  -16.10)          0 (       0)                    0 (  +0.00)           0  
##>                                  END             3909884045 (  +0.00)      284.60 (   +0.00)          0 (       0)                    0 (  +0.00)           0  
##>datapath_csa_factoring_one_gde  START             3909884045 (  +0.00)      284.60 (   +0.00)          0 (       0)                    0 (  +0.00)              
##>                                  END             3909884045 (  +0.00)      284.60 (   +0.00)          0 (       0)                    0 (  +0.00)           0  
##>dpopt_share_one_def             START             3909884045 (  +0.00)      284.60 (   +0.00)          0 (       0)                    0 (  +0.00)              
##>                                  END             3909884045 (  +0.00)      284.60 (   +0.00)          0 (       0)                    0 (  +0.00)           0  
##>datapath_rewrite_post_share     START             3909884045 (  +0.00)      284.60 (   +0.00)          0 (       0)                    0 (  +0.00)              
##>                                  END             3909884045 (  +0.00)      284.60 (   +0.00)          0 (       0)                    0 (  +0.00)           0  
##>dp_combine_const_mult_with_com  START             3909884045 (  +0.00)      284.60 (   +0.00)          0 (       0)                    0 (  +0.00)              
##>                                  END             3909884045 (  +0.00)      284.60 (   +0.00)          0 (       0)                    0 (  +0.00)           0  
##>dp_operator_level_decompositio  START             3909884045 (  +0.00)      284.60 (   +0.00)          0 (       0)                    0 (  +0.00)              
##>                                  END             3909884045 (  +0.00)      284.60 (   +0.00)          0 (       0)                    0 (  +0.00)           0  
##>selective_flatten_dp_config     START             3909884045 (  +0.00)      284.60 (   +0.00)          0 (       0)                    0 (  +0.00)              
##>                                  END             3909884045 (  +0.00)      284.60 (   +0.00)          0 (       0)                    0 (  +0.00)           0  
##>createMaxCarrySave              START             3909884045 (  +0.00)      284.60 (   +0.00)          0 (       0)                    0 (  +0.00)              
##> datapath_rewrite_one_def       START             3909884045 (  +0.00)      284.60 (   +0.00)          0 (       0)                    0 (  +0.00)              
##>  fast_cse_elim                 START             3909884045 (  +0.00)      284.60 (   +0.00)          0 (       0)                    0 (  +0.00)              
##>                                  END             3909884045 (  +0.00)      284.60 (   +0.00)          0 (       0)                    0 (  +0.00)           0  
##>  fast_cse_elim                 START             3909884045 (  +0.00)      284.60 (   +0.00)          0 (       0)                    0 (  +0.00)              
##>                                  END             3909884045 (  +0.00)      284.60 (   +0.00)          0 (       0)                    0 (  +0.00)           0  
##>                                  END             3909884045 (  +0.00)      284.60 (   +0.00)          0 (       0)                    0 (  +0.00)           0  
##> csa_opto                       START             3909884045 (  +0.00)      284.60 (   +0.00)          0 (       0)                    0 (  +0.00)              
##>                                  END             3909884045 (  +0.00)      284.60 (   +0.00)          0 (       0)                    0 (  +0.00)           0  
##>                                  END             3909884045 (  +0.00)      284.60 (   +0.00)          0 (       0)                    0 (  +0.00)           0  
##>context_based_simplify          START             3909884045 (  +0.00)      284.60 (   +0.00)          0 (       0)                    0 (  +0.00)              
##>                                  END             3675504075 (  -5.99)      284.60 (   +0.00)          0 (       0)                    0 (  +0.00)           0  
##>group_csa_final_adder_dp        START             3675504075 (  +0.00)      284.60 (   +0.00)          0 (       0)                    0 (  +0.00)              
##>                                  END             3675504075 (  +0.00)      284.60 (   +0.00)          0 (       0)                    0 (  +0.00)           0  
##>dpopt_flatten_critical_muxes_i  START             3675504075 (  +0.00)      284.60 (   +0.00)          0 (       0)                    0 (  +0.00)              
##>                                  END             3675504075 (  +0.00)      284.60 (   +0.00)          0 (       0)                    0 (  +0.00)           0  
##>create_score                    START             3675504075 (  +0.00)      284.60 (   +0.00)          0 (       0)                    0 (  +0.00)              
##>                                  END             3675504075 (  +0.00)      284.60 (   +0.00)          0 (       0)                    0 (  +0.00)           0  
##>+-----------------------------------------------------------------------------------------------------------------------------------------------------------------------------------------------------+
Committed config: CDN_DP_region_7_3_c7
Info    : Done implementing datapath configurations. [DPOPT-4]
        : Selected 'very_fast' configuration 7 for module 'CDN_DP_region_7_3_c7'.
          Optimizations applied to 'very_fast' configuration:
            rewriting(0), factoring(0), sharing(0), cmultcse(0), downsizing(0), speculation(0)
Info    : Implementing datapath configurations. [DPOPT-3]
        : Implementing datapath configurations for 'CDN_DP_region_7_2'
  CSAGen Prep Share:0 Re-Write:0 Speculation: 0

CDN_DP_region_7_2 level = 0 loads = 0 drivers = 0
CDN_DP_region_7_2_c0 in butterfly2x2: area: 3909884045 , DP = 2  Mux = 1  other = 1  sg = slow     
    wns: 0  norm_wns:  -1.0000 
    tns:  0
 skipped
CDN_DP_region_7_2_c1 in butterfly2x2: area: 3675504075 , DP = 2  Mux = 1  other = 1  sg = fast     
    wns: 0  norm_wns:  -1.0000 
    tns:  0
 is current best
CDN_DP_region_7_2_c2 in butterfly2x2: area: 3675504075 , DP = 2  Mux = 1  other = 1  sg = very_slow
    wns: 0  norm_wns:  -1.0000 
    tns:  0
 is current best
CDN_DP_region_7_2_c3 in butterfly2x2: area: 3675504075 , DP = 2  Mux = 1  other = 1  sg = very_fast
    wns: 0  norm_wns:  -1.0000 
    tns:  0
 is current best
CDN_DP_region_7_2_c4 in butterfly2x2: area: 3675504075 , DP = 2  Mux = 1  other = 1  sg = very_fast
    wns: 0  norm_wns:  -1.0000 
    tns:  0
 is current best
CDN_DP_region_7_2_c5 in butterfly2x2: area: 3675504075 , DP = 2  Mux = 1  other = 1  sg = very_fast
    wns: 0  norm_wns:  -1.0000 
    tns:  0
 is current best
CDN_DP_region_7_2_c6 in butterfly2x2: area: 3675504075 , DP = 2  Mux = 1  other = 1  sg = very_fast
    wns: 0  norm_wns:  -1.0000 
    tns:  0
 is current best
CDN_DP_region_7_2_c7 in butterfly2x2: area: 3675504075 , DP = 2  Mux = 1  other = 1  sg = very_fast
    wns: 0  norm_wns:  -1.0000 
    tns:  0
 is current best
Best config: CDN_DP_region_7_2_c7 in butterfly2x2: area: 3675504075 , DP = 2  Mux = 1  other = 1  sg = very_fast
    wns: 0  norm_wns:  -1.0000 
    tns:  0
  Smallest config area : 3675504075.  Fastest config wns;  0
##>+----------------------------------------------------------------------------------------------------------------------------------------------------------------+
##>Summary table of configs (Best config is CDN_DP_region_7_2_c7)
##>+----------------------------------------------------------------------------------------------------------------------------------------------------------------+
##>                     0                  1                  2                  3                  4                  5                  6                  7            
##>+----------------------------------------------------------------------------------------------------------------------------------------------------------------+
##>           Area       3909884045         3675504075         3675504075         3675504075         3675504075         3675504075         3675504075         3675504075  
##>            WNS          +284.60            +284.60            +284.60            +284.60            +284.60            +284.60            +284.60            +284.60  
##>            TNS                0                  0                  0                  0                  0                  0                  0                  0  
##>    Num Rewrite                0                  0                  0                  0                  0                  0                  0                  0  
##>      Num Share                0                  0                  0                  0                  0                  0                  0                  0  
##>  Num Speculate                0                  0                  0                  0                  0                  0                  0                  0  
##>         Num DP                2                  2                  2                  2                  2                  2                  2                  2  
##>        Num Mux                1                  1                  1                  1                  1                  1                  1                  1  
##>      Num other                1                  1                  1                  1                  1                  1                  1                  1  
##>     Runtime(s)                0                  0                  0                  0                  0                  0                  0                  0  
+----------------------------------------------------------------------------------------------------------------------------------------------------------------+
##>
##>
##>+-----------------------------------------------------------------------------------------------------------------------------------------------------------------------------------------------------+
##>Optimization Step DEBUG Table for config CDN_DP_region_7_2_c7
##>
##>                          Step                        Area   (  % Chg)         WNS (Change)          TNS (Change)                Power   (  % Chg)        Runtime (s)        Comment                   
##>+-----------------------------------------------------------------------------------------------------------------------------------------------------------------------------------------------------+
##>EquationExtraction              START             3909884045 (       )      284.60 (        )          0 (        )                    0 (       )              
##> rewrite                        START             6360220095 ( +62.67)      266.90 (  -17.70)          0 (       0)                    0 (  +0.00)              (a,ar) Expr27_from --> Expr27_to
##>                                  END             9439120610 ( +48.41)      266.90 (   +0.00)          0 (       0)                    0 (  +0.00)           0  
##>                                  END             3909884045 (  +0.00)      284.60 (   +0.00)          0 (       0)                    0 (  +0.00)           0  
##>createMaxCarrySave              START             3909884045 (  +0.00)      284.60 (   +0.00)          0 (       0)                    0 (  +0.00)              
##> datapath_rewrite_one_def       START             3909884045 (  +0.00)      284.60 (   +0.00)          0 (       0)                    0 (  +0.00)              
##>  rewrite                       START             3909884045 (  +0.00)      284.60 (   +0.00)          0 (       0)                    0 (  +0.00)              (na,csaa) subt_c_with_select_version1 --> subt_c_with_select_version2
##>                                  END             4431912160 ( +13.35)      182.40 ( -102.20)          0 (       0)                    0 (  +0.00)           0  
##>                                  END             3909884045 (  +0.00)      284.60 (   +0.00)          0 (       0)                    0 (  +0.00)           0  
##> csa_opto                       START             3909884045 (  +0.00)      284.60 (   +0.00)          0 (       0)                    0 (  +0.00)              
##>                                  END             3909884045 (  +0.00)      284.60 (   +0.00)          0 (       0)                    0 (  +0.00)           0  
##>                                  END             3909884045 (  +0.00)      284.60 (   +0.00)          0 (       0)                    0 (  +0.00)           0  
##>canonicalize_by_names           START             3909884045 (  +0.00)      284.60 (   +0.00)          0 (       0)                    0 (  +0.00)              
##>                                  END             3909884045 (  +0.00)      284.60 (   +0.00)          0 (       0)                    0 (  +0.00)           0  
##>datapath_rewrite_post_csa_one_  START             3909884045 (  +0.00)      284.60 (   +0.00)          0 (       0)                    0 (  +0.00)              
##> rewrite                        START             3909884045 (  +0.00)      284.60 (   +0.00)          0 (       0)                    0 (  +0.00)              (na, greater_or_equal_from_uns --> greater_or_equal_to_uns
##>                                  END             5262895690 ( +34.60)      268.50 (  -16.10)          0 (       0)                    0 (  +0.00)           0  
##>                                  END             3909884045 (  +0.00)      284.60 (   +0.00)          0 (       0)                    0 (  +0.00)           0  
##>datapath_csa_factoring_one_gde  START             3909884045 (  +0.00)      284.60 (   +0.00)          0 (       0)                    0 (  +0.00)              
##>                                  END             3909884045 (  +0.00)      284.60 (   +0.00)          0 (       0)                    0 (  +0.00)           0  
##>dpopt_share_one_def             START             3909884045 (  +0.00)      284.60 (   +0.00)          0 (       0)                    0 (  +0.00)              
##>                                  END             3909884045 (  +0.00)      284.60 (   +0.00)          0 (       0)                    0 (  +0.00)           0  
##>datapath_rewrite_post_share     START             3909884045 (  +0.00)      284.60 (   +0.00)          0 (       0)                    0 (  +0.00)              
##>                                  END             3909884045 (  +0.00)      284.60 (   +0.00)          0 (       0)                    0 (  +0.00)           0  
##>dp_combine_const_mult_with_com  START             3909884045 (  +0.00)      284.60 (   +0.00)          0 (       0)                    0 (  +0.00)              
##>                                  END             3909884045 (  +0.00)      284.60 (   +0.00)          0 (       0)                    0 (  +0.00)           0  
##>dp_operator_level_decompositio  START             3909884045 (  +0.00)      284.60 (   +0.00)          0 (       0)                    0 (  +0.00)              
##>                                  END             3909884045 (  +0.00)      284.60 (   +0.00)          0 (       0)                    0 (  +0.00)           0  
##>selective_flatten_dp_config     START             3909884045 (  +0.00)      284.60 (   +0.00)          0 (       0)                    0 (  +0.00)              
##>                                  END             3909884045 (  +0.00)      284.60 (   +0.00)          0 (       0)                    0 (  +0.00)           0  
##>createMaxCarrySave              START             3909884045 (  +0.00)      284.60 (   +0.00)          0 (       0)                    0 (  +0.00)              
##> datapath_rewrite_one_def       START             3909884045 (  +0.00)      284.60 (   +0.00)          0 (       0)                    0 (  +0.00)              
##>  fast_cse_elim                 START             3909884045 (  +0.00)      284.60 (   +0.00)          0 (       0)                    0 (  +0.00)              
##>                                  END             3909884045 (  +0.00)      284.60 (   +0.00)          0 (       0)                    0 (  +0.00)           0  
##>  fast_cse_elim                 START             3909884045 (  +0.00)      284.60 (   +0.00)          0 (       0)                    0 (  +0.00)              
##>                                  END             3909884045 (  +0.00)      284.60 (   +0.00)          0 (       0)                    0 (  +0.00)           0  
##>                                  END             3909884045 (  +0.00)      284.60 (   +0.00)          0 (       0)                    0 (  +0.00)           0  
##> csa_opto                       START             3909884045 (  +0.00)      284.60 (   +0.00)          0 (       0)                    0 (  +0.00)              
##>                                  END             3909884045 (  +0.00)      284.60 (   +0.00)          0 (       0)                    0 (  +0.00)           0  
##>                                  END             3909884045 (  +0.00)      284.60 (   +0.00)          0 (       0)                    0 (  +0.00)           0  
##>context_based_simplify          START             3909884045 (  +0.00)      284.60 (   +0.00)          0 (       0)                    0 (  +0.00)              
##>                                  END             3675504075 (  -5.99)      284.60 (   +0.00)          0 (       0)                    0 (  +0.00)           0  
##>group_csa_final_adder_dp        START             3675504075 (  +0.00)      284.60 (   +0.00)          0 (       0)                    0 (  +0.00)              
##>                                  END             3675504075 (  +0.00)      284.60 (   +0.00)          0 (       0)                    0 (  +0.00)           0  
##>dpopt_flatten_critical_muxes_i  START             3675504075 (  +0.00)      284.60 (   +0.00)          0 (       0)                    0 (  +0.00)              
##>                                  END             3675504075 (  +0.00)      284.60 (   +0.00)          0 (       0)                    0 (  +0.00)           0  
##>create_score                    START             3675504075 (  +0.00)      284.60 (   +0.00)          0 (       0)                    0 (  +0.00)              
##>                                  END             3675504075 (  +0.00)      284.60 (   +0.00)          0 (       0)                    0 (  +0.00)           0  
##>+-----------------------------------------------------------------------------------------------------------------------------------------------------------------------------------------------------+
Committed config: CDN_DP_region_7_2_c7
Info    : Done implementing datapath configurations. [DPOPT-4]
        : Selected 'very_fast' configuration 7 for module 'CDN_DP_region_7_2_c7'.
          Optimizations applied to 'very_fast' configuration:
            rewriting(0), factoring(0), sharing(0), cmultcse(0), downsizing(0), speculation(0)
Info    : Implementing datapath configurations. [DPOPT-3]
        : Implementing datapath configurations for 'CDN_DP_region_7_1'
  CSAGen Prep Share:0 Re-Write:0 Speculation: 0

CDN_DP_region_7_1 level = 0 loads = 0 drivers = 0
CDN_DP_region_7_1_c0 in butterfly2x2: area: 3909884045 , DP = 2  Mux = 1  other = 1  sg = slow     
    wns: 0  norm_wns:  -1.0000 
    tns:  0
 skipped
CDN_DP_region_7_1_c1 in butterfly2x2: area: 3675504075 , DP = 2  Mux = 1  other = 1  sg = fast     
    wns: 0  norm_wns:  -1.0000 
    tns:  0
 is current best
CDN_DP_region_7_1_c2 in butterfly2x2: area: 3675504075 , DP = 2  Mux = 1  other = 1  sg = very_slow
    wns: 0  norm_wns:  -1.0000 
    tns:  0
 is current best
CDN_DP_region_7_1_c3 in butterfly2x2: area: 3675504075 , DP = 2  Mux = 1  other = 1  sg = very_fast
    wns: 0  norm_wns:  -1.0000 
    tns:  0
 is current best
CDN_DP_region_7_1_c4 in butterfly2x2: area: 3675504075 , DP = 2  Mux = 1  other = 1  sg = very_fast
    wns: 0  norm_wns:  -1.0000 
    tns:  0
 is current best
CDN_DP_region_7_1_c5 in butterfly2x2: area: 3675504075 , DP = 2  Mux = 1  other = 1  sg = very_fast
    wns: 0  norm_wns:  -1.0000 
    tns:  0
 is current best
CDN_DP_region_7_1_c6 in butterfly2x2: area: 3675504075 , DP = 2  Mux = 1  other = 1  sg = very_fast
    wns: 0  norm_wns:  -1.0000 
    tns:  0
 is current best
CDN_DP_region_7_1_c7 in butterfly2x2: area: 3675504075 , DP = 2  Mux = 1  other = 1  sg = very_fast
    wns: 0  norm_wns:  -1.0000 
    tns:  0
 is current best
Best config: CDN_DP_region_7_1_c7 in butterfly2x2: area: 3675504075 , DP = 2  Mux = 1  other = 1  sg = very_fast
    wns: 0  norm_wns:  -1.0000 
    tns:  0
  Smallest config area : 3675504075.  Fastest config wns;  0
##>+----------------------------------------------------------------------------------------------------------------------------------------------------------------+
##>Summary table of configs (Best config is CDN_DP_region_7_1_c7)
##>+----------------------------------------------------------------------------------------------------------------------------------------------------------------+
##>                     0                  1                  2                  3                  4                  5                  6                  7            
##>+----------------------------------------------------------------------------------------------------------------------------------------------------------------+
##>           Area       3909884045         3675504075         3675504075         3675504075         3675504075         3675504075         3675504075         3675504075  
##>            WNS          +284.60            +284.60            +284.60            +284.60            +284.60            +284.60            +284.60            +284.60  
##>            TNS                0                  0                  0                  0                  0                  0                  0                  0  
##>    Num Rewrite                0                  0                  0                  0                  0                  0                  0                  0  
##>      Num Share                0                  0                  0                  0                  0                  0                  0                  0  
##>  Num Speculate                0                  0                  0                  0                  0                  0                  0                  0  
##>         Num DP                2                  2                  2                  2                  2                  2                  2                  2  
##>        Num Mux                1                  1                  1                  1                  1                  1                  1                  1  
##>      Num other                1                  1                  1                  1                  1                  1                  1                  1  
##>     Runtime(s)                0                  0                  0                  0                  0                  0                  0                  0  
+----------------------------------------------------------------------------------------------------------------------------------------------------------------+
##>
##>
##>+-----------------------------------------------------------------------------------------------------------------------------------------------------------------------------------------------------+
##>Optimization Step DEBUG Table for config CDN_DP_region_7_1_c7
##>
##>                          Step                        Area   (  % Chg)         WNS (Change)          TNS (Change)                Power   (  % Chg)        Runtime (s)        Comment                   
##>+-----------------------------------------------------------------------------------------------------------------------------------------------------------------------------------------------------+
##>EquationExtraction              START             3909884045 (       )      284.60 (        )          0 (        )                    0 (       )              
##> rewrite                        START             6360220095 ( +62.67)      266.90 (  -17.70)          0 (       0)                    0 (  +0.00)              (a,ar) Expr28_from --> Expr28_to
##>                                  END             9439120610 ( +48.41)      266.90 (   +0.00)          0 (       0)                    0 (  +0.00)           0  
##>                                  END             3909884045 (  +0.00)      284.60 (   +0.00)          0 (       0)                    0 (  +0.00)           0  
##>createMaxCarrySave              START             3909884045 (  +0.00)      284.60 (   +0.00)          0 (       0)                    0 (  +0.00)              
##> datapath_rewrite_one_def       START             3909884045 (  +0.00)      284.60 (   +0.00)          0 (       0)                    0 (  +0.00)              
##>  rewrite                       START             3909884045 (  +0.00)      284.60 (   +0.00)          0 (       0)                    0 (  +0.00)              (na,csaa) subt_c_with_select_version1 --> subt_c_with_select_version2
##>                                  END             4431912160 ( +13.35)      182.40 ( -102.20)          0 (       0)                    0 (  +0.00)           0  
##>                                  END             3909884045 (  +0.00)      284.60 (   +0.00)          0 (       0)                    0 (  +0.00)           0  
##> csa_opto                       START             3909884045 (  +0.00)      284.60 (   +0.00)          0 (       0)                    0 (  +0.00)              
##>                                  END             3909884045 (  +0.00)      284.60 (   +0.00)          0 (       0)                    0 (  +0.00)           0  
##>                                  END             3909884045 (  +0.00)      284.60 (   +0.00)          0 (       0)                    0 (  +0.00)           0  
##>canonicalize_by_names           START             3909884045 (  +0.00)      284.60 (   +0.00)          0 (       0)                    0 (  +0.00)              
##>                                  END             3909884045 (  +0.00)      284.60 (   +0.00)          0 (       0)                    0 (  +0.00)           0  
##>datapath_rewrite_post_csa_one_  START             3909884045 (  +0.00)      284.60 (   +0.00)          0 (       0)                    0 (  +0.00)              
##> rewrite                        START             3909884045 (  +0.00)      284.60 (   +0.00)          0 (       0)                    0 (  +0.00)              (na, greater_or_equal_from_uns --> greater_or_equal_to_uns
##>                                  END             5262895690 ( +34.60)      268.50 (  -16.10)          0 (       0)                    0 (  +0.00)           0  
##>                                  END             3909884045 (  +0.00)      284.60 (   +0.00)          0 (       0)                    0 (  +0.00)           0  
##>datapath_csa_factoring_one_gde  START             3909884045 (  +0.00)      284.60 (   +0.00)          0 (       0)                    0 (  +0.00)              
##>                                  END             3909884045 (  +0.00)      284.60 (   +0.00)          0 (       0)                    0 (  +0.00)           0  
##>dpopt_share_one_def             START             3909884045 (  +0.00)      284.60 (   +0.00)          0 (       0)                    0 (  +0.00)              
##>                                  END             3909884045 (  +0.00)      284.60 (   +0.00)          0 (       0)                    0 (  +0.00)           0  
##>datapath_rewrite_post_share     START             3909884045 (  +0.00)      284.60 (   +0.00)          0 (       0)                    0 (  +0.00)              
##>                                  END             3909884045 (  +0.00)      284.60 (   +0.00)          0 (       0)                    0 (  +0.00)           0  
##>dp_combine_const_mult_with_com  START             3909884045 (  +0.00)      284.60 (   +0.00)          0 (       0)                    0 (  +0.00)              
##>                                  END             3909884045 (  +0.00)      284.60 (   +0.00)          0 (       0)                    0 (  +0.00)           0  
##>dp_operator_level_decompositio  START             3909884045 (  +0.00)      284.60 (   +0.00)          0 (       0)                    0 (  +0.00)              
##>                                  END             3909884045 (  +0.00)      284.60 (   +0.00)          0 (       0)                    0 (  +0.00)           0  
##>selective_flatten_dp_config     START             3909884045 (  +0.00)      284.60 (   +0.00)          0 (       0)                    0 (  +0.00)              
##>                                  END             3909884045 (  +0.00)      284.60 (   +0.00)          0 (       0)                    0 (  +0.00)           0  
##>createMaxCarrySave              START             3909884045 (  +0.00)      284.60 (   +0.00)          0 (       0)                    0 (  +0.00)              
##> datapath_rewrite_one_def       START             3909884045 (  +0.00)      284.60 (   +0.00)          0 (       0)                    0 (  +0.00)              
##>  fast_cse_elim                 START             3909884045 (  +0.00)      284.60 (   +0.00)          0 (       0)                    0 (  +0.00)              
##>                                  END             3909884045 (  +0.00)      284.60 (   +0.00)          0 (       0)                    0 (  +0.00)           0  
##>  fast_cse_elim                 START             3909884045 (  +0.00)      284.60 (   +0.00)          0 (       0)                    0 (  +0.00)              
##>                                  END             3909884045 (  +0.00)      284.60 (   +0.00)          0 (       0)                    0 (  +0.00)           0  
##>                                  END             3909884045 (  +0.00)      284.60 (   +0.00)          0 (       0)                    0 (  +0.00)           0  
##> csa_opto                       START             3909884045 (  +0.00)      284.60 (   +0.00)          0 (       0)                    0 (  +0.00)              
##>                                  END             3909884045 (  +0.00)      284.60 (   +0.00)          0 (       0)                    0 (  +0.00)           0  
##>                                  END             3909884045 (  +0.00)      284.60 (   +0.00)          0 (       0)                    0 (  +0.00)           0  
##>context_based_simplify          START             3909884045 (  +0.00)      284.60 (   +0.00)          0 (       0)                    0 (  +0.00)              
##>                                  END             3675504075 (  -5.99)      284.60 (   +0.00)          0 (       0)                    0 (  +0.00)           0  
##>group_csa_final_adder_dp        START             3675504075 (  +0.00)      284.60 (   +0.00)          0 (       0)                    0 (  +0.00)              
##>                                  END             3675504075 (  +0.00)      284.60 (   +0.00)          0 (       0)                    0 (  +0.00)           0  
##>dpopt_flatten_critical_muxes_i  START             3675504075 (  +0.00)      284.60 (   +0.00)          0 (       0)                    0 (  +0.00)              
##>                                  END             3675504075 (  +0.00)      284.60 (   +0.00)          0 (       0)                    0 (  +0.00)           0  
##>create_score                    START             3675504075 (  +0.00)      284.60 (   +0.00)          0 (       0)                    0 (  +0.00)              
##>                                  END             3675504075 (  +0.00)      284.60 (   +0.00)          0 (       0)                    0 (  +0.00)           0  
##>+-----------------------------------------------------------------------------------------------------------------------------------------------------------------------------------------------------+
Committed config: CDN_DP_region_7_1_c7
Info    : Done implementing datapath configurations. [DPOPT-4]
        : Selected 'very_fast' configuration 7 for module 'CDN_DP_region_7_1_c7'.
          Optimizations applied to 'very_fast' configuration:
            rewriting(0), factoring(0), sharing(0), cmultcse(0), downsizing(0), speculation(0)
Info    : Implementing datapath configurations. [DPOPT-3]
        : Implementing datapath configurations for 'CDN_DP_region_7_0'
  CSAGen Prep Share:0 Re-Write:0 Speculation: 0

CDN_DP_region_7_0 level = 0 loads = 0 drivers = 0
CDN_DP_region_7_0_c0 in butterfly2x2: area: 3909884045 , DP = 2  Mux = 1  other = 1  sg = slow     
    wns: 0  norm_wns:  -1.0000 
    tns:  0
 skipped
CDN_DP_region_7_0_c1 in butterfly2x2: area: 3675504075 , DP = 2  Mux = 1  other = 1  sg = fast     
    wns: 0  norm_wns:  -1.0000 
    tns:  0
 is current best
CDN_DP_region_7_0_c2 in butterfly2x2: area: 3675504075 , DP = 2  Mux = 1  other = 1  sg = very_slow
    wns: 0  norm_wns:  -1.0000 
    tns:  0
 is current best
CDN_DP_region_7_0_c3 in butterfly2x2: area: 3675504075 , DP = 2  Mux = 1  other = 1  sg = very_fast
    wns: 0  norm_wns:  -1.0000 
    tns:  0
 is current best
CDN_DP_region_7_0_c4 in butterfly2x2: area: 3675504075 , DP = 2  Mux = 1  other = 1  sg = very_fast
    wns: 0  norm_wns:  -1.0000 
    tns:  0
 is current best
CDN_DP_region_7_0_c5 in butterfly2x2: area: 3675504075 , DP = 2  Mux = 1  other = 1  sg = very_fast
    wns: 0  norm_wns:  -1.0000 
    tns:  0
 is current best
CDN_DP_region_7_0_c6 in butterfly2x2: area: 3675504075 , DP = 2  Mux = 1  other = 1  sg = very_fast
    wns: 0  norm_wns:  -1.0000 
    tns:  0
 is current best
CDN_DP_region_7_0_c7 in butterfly2x2: area: 3675504075 , DP = 2  Mux = 1  other = 1  sg = very_fast
    wns: 0  norm_wns:  -1.0000 
    tns:  0
 is current best
Best config: CDN_DP_region_7_0_c7 in butterfly2x2: area: 3675504075 , DP = 2  Mux = 1  other = 1  sg = very_fast
    wns: 0  norm_wns:  -1.0000 
    tns:  0
  Smallest config area : 3675504075.  Fastest config wns;  0
##>+----------------------------------------------------------------------------------------------------------------------------------------------------------------+
##>Summary table of configs (Best config is CDN_DP_region_7_0_c7)
##>+----------------------------------------------------------------------------------------------------------------------------------------------------------------+
##>                     0                  1                  2                  3                  4                  5                  6                  7            
##>+----------------------------------------------------------------------------------------------------------------------------------------------------------------+
##>           Area       3909884045         3675504075         3675504075         3675504075         3675504075         3675504075         3675504075         3675504075  
##>            WNS          +284.60            +284.60            +284.60            +284.60            +284.60            +284.60            +284.60            +284.60  
##>            TNS                0                  0                  0                  0                  0                  0                  0                  0  
##>    Num Rewrite                0                  0                  0                  0                  0                  0                  0                  0  
##>      Num Share                0                  0                  0                  0                  0                  0                  0                  0  
##>  Num Speculate                0                  0                  0                  0                  0                  0                  0                  0  
##>         Num DP                2                  2                  2                  2                  2                  2                  2                  2  
##>        Num Mux                1                  1                  1                  1                  1                  1                  1                  1  
##>      Num other                1                  1                  1                  1                  1                  1                  1                  1  
##>     Runtime(s)                0                  0                  0                  0                  0                  0                  0                  0  
+----------------------------------------------------------------------------------------------------------------------------------------------------------------+
##>
##>
##>+-----------------------------------------------------------------------------------------------------------------------------------------------------------------------------------------------------+
##>Optimization Step DEBUG Table for config CDN_DP_region_7_0_c7
##>
##>                          Step                        Area   (  % Chg)         WNS (Change)          TNS (Change)                Power   (  % Chg)        Runtime (s)        Comment                   
##>+-----------------------------------------------------------------------------------------------------------------------------------------------------------------------------------------------------+
##>EquationExtraction              START             3909884045 (       )      284.60 (        )          0 (        )                    0 (       )              
##> rewrite                        START             6360220095 ( +62.67)      266.90 (  -17.70)          0 (       0)                    0 (  +0.00)              (a,ar) Expr29_from --> Expr29_to
##>                                  END             9439120610 ( +48.41)      266.90 (   +0.00)          0 (       0)                    0 (  +0.00)           0  
##>                                  END             3909884045 (  +0.00)      284.60 (   +0.00)          0 (       0)                    0 (  +0.00)           0  
##>createMaxCarrySave              START             3909884045 (  +0.00)      284.60 (   +0.00)          0 (       0)                    0 (  +0.00)              
##> datapath_rewrite_one_def       START             3909884045 (  +0.00)      284.60 (   +0.00)          0 (       0)                    0 (  +0.00)              
##>  rewrite                       START             3909884045 (  +0.00)      284.60 (   +0.00)          0 (       0)                    0 (  +0.00)              (na,csaa) subt_c_with_select_version1 --> subt_c_with_select_version2
##>                                  END             4431912160 ( +13.35)      182.40 ( -102.20)          0 (       0)                    0 (  +0.00)           0  
##>                                  END             3909884045 (  +0.00)      284.60 (   +0.00)          0 (       0)                    0 (  +0.00)           0  
##> csa_opto                       START             3909884045 (  +0.00)      284.60 (   +0.00)          0 (       0)                    0 (  +0.00)              
##>                                  END             3909884045 (  +0.00)      284.60 (   +0.00)          0 (       0)                    0 (  +0.00)           0  
##>                                  END             3909884045 (  +0.00)      284.60 (   +0.00)          0 (       0)                    0 (  +0.00)           0  
##>canonicalize_by_names           START             3909884045 (  +0.00)      284.60 (   +0.00)          0 (       0)                    0 (  +0.00)              
##>                                  END             3909884045 (  +0.00)      284.60 (   +0.00)          0 (       0)                    0 (  +0.00)           0  
##>datapath_rewrite_post_csa_one_  START             3909884045 (  +0.00)      284.60 (   +0.00)          0 (       0)                    0 (  +0.00)              
##> rewrite                        START             3909884045 (  +0.00)      284.60 (   +0.00)          0 (       0)                    0 (  +0.00)              (na, greater_or_equal_from_uns --> greater_or_equal_to_uns
##>                                  END             5262895690 ( +34.60)      268.50 (  -16.10)          0 (       0)                    0 (  +0.00)           0  
##>                                  END             3909884045 (  +0.00)      284.60 (   +0.00)          0 (       0)                    0 (  +0.00)           0  
##>datapath_csa_factoring_one_gde  START             3909884045 (  +0.00)      284.60 (   +0.00)          0 (       0)                    0 (  +0.00)              
##>                                  END             3909884045 (  +0.00)      284.60 (   +0.00)          0 (       0)                    0 (  +0.00)           0  
##>dpopt_share_one_def             START             3909884045 (  +0.00)      284.60 (   +0.00)          0 (       0)                    0 (  +0.00)              
##>                                  END             3909884045 (  +0.00)      284.60 (   +0.00)          0 (       0)                    0 (  +0.00)           0  
##>datapath_rewrite_post_share     START             3909884045 (  +0.00)      284.60 (   +0.00)          0 (       0)                    0 (  +0.00)              
##>                                  END             3909884045 (  +0.00)      284.60 (   +0.00)          0 (       0)                    0 (  +0.00)           0  
##>dp_combine_const_mult_with_com  START             3909884045 (  +0.00)      284.60 (   +0.00)          0 (       0)                    0 (  +0.00)              
##>                                  END             3909884045 (  +0.00)      284.60 (   +0.00)          0 (       0)                    0 (  +0.00)           0  
##>dp_operator_level_decompositio  START             3909884045 (  +0.00)      284.60 (   +0.00)          0 (       0)                    0 (  +0.00)              
##>                                  END             3909884045 (  +0.00)      284.60 (   +0.00)          0 (       0)                    0 (  +0.00)           0  
##>selective_flatten_dp_config     START             3909884045 (  +0.00)      284.60 (   +0.00)          0 (       0)                    0 (  +0.00)              
##>                                  END             3909884045 (  +0.00)      284.60 (   +0.00)          0 (       0)                    0 (  +0.00)           0  
##>createMaxCarrySave              START             3909884045 (  +0.00)      284.60 (   +0.00)          0 (       0)                    0 (  +0.00)              
##> datapath_rewrite_one_def       START             3909884045 (  +0.00)      284.60 (   +0.00)          0 (       0)                    0 (  +0.00)              
##>  fast_cse_elim                 START             3909884045 (  +0.00)      284.60 (   +0.00)          0 (       0)                    0 (  +0.00)              
##>                                  END             3909884045 (  +0.00)      284.60 (   +0.00)          0 (       0)                    0 (  +0.00)           0  
##>  fast_cse_elim                 START             3909884045 (  +0.00)      284.60 (   +0.00)          0 (       0)                    0 (  +0.00)              
##>                                  END             3909884045 (  +0.00)      284.60 (   +0.00)          0 (       0)                    0 (  +0.00)           0  
##>                                  END             3909884045 (  +0.00)      284.60 (   +0.00)          0 (       0)                    0 (  +0.00)           0  
##> csa_opto                       START             3909884045 (  +0.00)      284.60 (   +0.00)          0 (       0)                    0 (  +0.00)              
##>                                  END             3909884045 (  +0.00)      284.60 (   +0.00)          0 (       0)                    0 (  +0.00)           0  
##>                                  END             3909884045 (  +0.00)      284.60 (   +0.00)          0 (       0)                    0 (  +0.00)           0  
##>context_based_simplify          START             3909884045 (  +0.00)      284.60 (   +0.00)          0 (       0)                    0 (  +0.00)              
##>                                  END             3675504075 (  -5.99)      284.60 (   +0.00)          0 (       0)                    0 (  +0.00)           0  
##>group_csa_final_adder_dp        START             3675504075 (  +0.00)      284.60 (   +0.00)          0 (       0)                    0 (  +0.00)              
##>                                  END             3675504075 (  +0.00)      284.60 (   +0.00)          0 (       0)                    0 (  +0.00)           0  
##>dpopt_flatten_critical_muxes_i  START             3675504075 (  +0.00)      284.60 (   +0.00)          0 (       0)                    0 (  +0.00)              
##>                                  END             3675504075 (  +0.00)      284.60 (   +0.00)          0 (       0)                    0 (  +0.00)           0  
##>create_score                    START             3675504075 (  +0.00)      284.60 (   +0.00)          0 (       0)                    0 (  +0.00)              
##>                                  END             3675504075 (  +0.00)      284.60 (   +0.00)          0 (       0)                    0 (  +0.00)           0  
##>+-----------------------------------------------------------------------------------------------------------------------------------------------------------------------------------------------------+
Committed config: CDN_DP_region_7_0_c7
Info    : Done implementing datapath configurations. [DPOPT-4]
        : Selected 'very_fast' configuration 7 for module 'CDN_DP_region_7_0_c7'.
          Optimizations applied to 'very_fast' configuration:
            rewriting(0), factoring(0), sharing(0), cmultcse(0), downsizing(0), speculation(0)
Info    : Implementing datapath configurations. [DPOPT-3]
        : Implementing datapath configurations for 'CDN_DP_region_7_10'
  CSAGen Prep Share:0 Re-Write:0 Speculation: 0

CDN_DP_region_7_10 level = 0 loads = 0 drivers = 0
CDN_DP_region_7_10_c0 in butterfly2x2: area: 2855174180 , DP = 1  Mux = 1  other = 2  sg = slow     
    wns: 0  norm_wns:  -1.0000 
    tns:  0
 skipped
CDN_DP_region_7_10_c1 in butterfly2x2: area: 2855174180 , DP = 1  Mux = 1  other = 2  sg = fast     
    wns: 0  norm_wns:  -1.0000 
    tns:  0
 is current best
CDN_DP_region_7_10_c2 in butterfly2x2: area: 2855174180 , DP = 1  Mux = 1  other = 2  sg = very_slow
    wns: 0  norm_wns:  -1.0000 
    tns:  0
 is current best
CDN_DP_region_7_10_c3 in butterfly2x2: area: 2855174180 , DP = 1  Mux = 1  other = 2  sg = very_fast
    wns: 0  norm_wns:  -1.0000 
    tns:  0
 is current best
CDN_DP_region_7_10_c4 in butterfly2x2: area: 2855174180 , DP = 1  Mux = 1  other = 2  sg = very_fast
    wns: 0  norm_wns:  -1.0000 
    tns:  0
 is current best
CDN_DP_region_7_10_c5 in butterfly2x2: area: 2855174180 , DP = 1  Mux = 1  other = 2  sg = very_fast
    wns: 0  norm_wns:  -1.0000 
    tns:  0
 is current best
CDN_DP_region_7_10_c6 in butterfly2x2: area: 2855174180 , DP = 1  Mux = 1  other = 2  sg = very_fast
    wns: 0  norm_wns:  -1.0000 
    tns:  0
 is current best
CDN_DP_region_7_10_c7 in butterfly2x2: area: 2855174180 , DP = 1  Mux = 1  other = 2  sg = very_fast
    wns: 0  norm_wns:  -1.0000 
    tns:  0
 is current best
Best config: CDN_DP_region_7_10_c7 in butterfly2x2: area: 2855174180 , DP = 1  Mux = 1  other = 2  sg = very_fast
    wns: 0  norm_wns:  -1.0000 
    tns:  0
  Smallest config area : 2855174180.  Fastest config wns;  0
##>+----------------------------------------------------------------------------------------------------------------------------------------------------------------+
##>Summary table of configs (Best config is CDN_DP_region_7_10_c7)
##>+----------------------------------------------------------------------------------------------------------------------------------------------------------------+
##>                     0                  1                  2                  3                  4                  5                  6                  7            
##>+----------------------------------------------------------------------------------------------------------------------------------------------------------------+
##>           Area       2855174180         2855174180         2855174180         2855174180         2855174180         2855174180         2855174180         2855174180  
##>            WNS          +291.00            +291.00            +291.00            +291.00            +291.00            +291.00            +291.00            +291.00  
##>            TNS                0                  0                  0                  0                  0                  0                  0                  0  
##>    Num Rewrite                0                  0                  0                  0                  0                  0                  0                  0  
##>      Num Share                0                  0                  0                  0                  0                  0                  0                  0  
##>  Num Speculate                0                  0                  0                  0                  0                  0                  0                  0  
##>         Num DP                1                  1                  1                  1                  1                  1                  1                  1  
##>        Num Mux                1                  1                  1                  1                  1                  1                  1                  1  
##>      Num other                2                  2                  2                  2                  2                  2                  2                  2  
##>     Runtime(s)                0                  0                  0                  0                  0                  0                  0                  0  
+----------------------------------------------------------------------------------------------------------------------------------------------------------------+
##>
##>
##>+-----------------------------------------------------------------------------------------------------------------------------------------------------------------------------------------------------+
##>Optimization Step DEBUG Table for config CDN_DP_region_7_10_c7
##>
##>                          Step                        Area   (  % Chg)         WNS (Change)          TNS (Change)                Power   (  % Chg)        Runtime (s)        Comment                   
##>+-----------------------------------------------------------------------------------------------------------------------------------------------------------------------------------------------------+
##>EquationExtraction              START             2855174180 (       )      291.00 (        )          0 (        )                    0 (       )              
##> rewrite                        START             5124398435 ( +79.48)      283.20 (   -7.80)          0 (       0)                    0 (  +0.00)              (a,ar) Expr30_from --> Expr30_to
##>                                  END            13657960070 (+166.53)      283.20 (   +0.00)          0 (       0)                    0 (  +0.00)           0  
##>                                  END             2855174180 (  +0.00)      291.00 (   +0.00)          0 (       0)                    0 (  +0.00)           0  
##>createMaxCarrySave              START             2855174180 (  +0.00)      291.00 (   +0.00)          0 (       0)                    0 (  +0.00)              
##> datapath_rewrite_one_def       START             2855174180 (  +0.00)      291.00 (   +0.00)          0 (       0)                    0 (  +0.00)              
##>                                  END             2855174180 (  +0.00)      291.00 (   +0.00)          0 (       0)                    0 (  +0.00)           0  
##> csa_opto                       START             2855174180 (  +0.00)      291.00 (   +0.00)          0 (       0)                    0 (  +0.00)              
##>                                  END             2855174180 (  +0.00)      291.00 (   +0.00)          0 (       0)                    0 (  +0.00)           0  
##>                                  END             2855174180 (  +0.00)      291.00 (   +0.00)          0 (       0)                    0 (  +0.00)           0  
##>canonicalize_by_names           START             2855174180 (  +0.00)      291.00 (   +0.00)          0 (       0)                    0 (  +0.00)              
##>                                  END             2855174180 (  +0.00)      291.00 (   +0.00)          0 (       0)                    0 (  +0.00)           0  
##>datapath_rewrite_post_csa_one_  START             2855174180 (  +0.00)      291.00 (   +0.00)          0 (       0)                    0 (  +0.00)              
##>                                  END             2855174180 (  +0.00)      291.00 (   +0.00)          0 (       0)                    0 (  +0.00)           0  
##>datapath_csa_factoring_one_gde  START             2855174180 (  +0.00)      291.00 (   +0.00)          0 (       0)                    0 (  +0.00)              
##>                                  END             2855174180 (  +0.00)      291.00 (   +0.00)          0 (       0)                    0 (  +0.00)           0  
##>dpopt_share_one_def             START             2855174180 (  +0.00)      291.00 (   +0.00)          0 (       0)                    0 (  +0.00)              
##>                                  END             2855174180 (  +0.00)      291.00 (   +0.00)          0 (       0)                    0 (  +0.00)           0  
##>datapath_rewrite_post_share     START             2855174180 (  +0.00)      291.00 (   +0.00)          0 (       0)                    0 (  +0.00)              
##>                                  END             2855174180 (  +0.00)      291.00 (   +0.00)          0 (       0)                    0 (  +0.00)           0  
##>dp_combine_const_mult_with_com  START             2855174180 (  +0.00)      291.00 (   +0.00)          0 (       0)                    0 (  +0.00)              
##>                                  END             2855174180 (  +0.00)      291.00 (   +0.00)          0 (       0)                    0 (  +0.00)           0  
##>dp_operator_level_decompositio  START             2855174180 (  +0.00)      291.00 (   +0.00)          0 (       0)                    0 (  +0.00)              
##>                                  END             2855174180 (  +0.00)      291.00 (   +0.00)          0 (       0)                    0 (  +0.00)           0  
##>selective_flatten_dp_config     START             2855174180 (  +0.00)      291.00 (   +0.00)          0 (       0)                    0 (  +0.00)              
##>                                  END             2855174180 (  +0.00)      291.00 (   +0.00)          0 (       0)                    0 (  +0.00)           0  
##>createMaxCarrySave              START             2855174180 (  +0.00)      291.00 (   +0.00)          0 (       0)                    0 (  +0.00)              
##> datapath_rewrite_one_def       START             2855174180 (  +0.00)      291.00 (   +0.00)          0 (       0)                    0 (  +0.00)              
##>  fast_cse_elim                 START             2855174180 (  +0.00)      291.00 (   +0.00)          0 (       0)                    0 (  +0.00)              
##>                                  END             2855174180 (  +0.00)      291.00 (   +0.00)          0 (       0)                    0 (  +0.00)           0  
##>  fast_cse_elim                 START             2855174180 (  +0.00)      291.00 (   +0.00)          0 (       0)                    0 (  +0.00)              
##>                                  END             2855174180 (  +0.00)      291.00 (   +0.00)          0 (       0)                    0 (  +0.00)           0  
##>                                  END             2855174180 (  +0.00)      291.00 (   +0.00)          0 (       0)                    0 (  +0.00)           0  
##> csa_opto                       START             2855174180 (  +0.00)      291.00 (   +0.00)          0 (       0)                    0 (  +0.00)              
##>                                  END             2855174180 (  +0.00)      291.00 (   +0.00)          0 (       0)                    0 (  +0.00)           0  
##>                                  END             2855174180 (  +0.00)      291.00 (   +0.00)          0 (       0)                    0 (  +0.00)           0  
##>context_based_simplify          START             2855174180 (  +0.00)      291.00 (   +0.00)          0 (       0)                    0 (  +0.00)              
##>                                  END             2855174180 (  +0.00)      291.00 (   +0.00)          0 (       0)                    0 (  +0.00)           0  
##>group_csa_final_adder_dp        START             2855174180 (  +0.00)      291.00 (   +0.00)          0 (       0)                    0 (  +0.00)              
##>                                  END             2855174180 (  +0.00)      291.00 (   +0.00)          0 (       0)                    0 (  +0.00)           0  
##>dpopt_flatten_critical_muxes_i  START             2855174180 (  +0.00)      291.00 (   +0.00)          0 (       0)                    0 (  +0.00)              
##>                                  END             2855174180 (  +0.00)      291.00 (   +0.00)          0 (       0)                    0 (  +0.00)           0  
##>create_score                    START             2855174180 (  +0.00)      291.00 (   +0.00)          0 (       0)                    0 (  +0.00)              
##>                                  END             2855174180 (  +0.00)      291.00 (   +0.00)          0 (       0)                    0 (  +0.00)           0  
##>+-----------------------------------------------------------------------------------------------------------------------------------------------------------------------------------------------------+
Committed config: CDN_DP_region_7_10_c7
Info    : Done implementing datapath configurations. [DPOPT-4]
        : Selected 'very_fast' configuration 7 for module 'CDN_DP_region_7_10_c7'.
          Optimizations applied to 'very_fast' configuration:
            rewriting(0), factoring(0), sharing(0), cmultcse(0), downsizing(0), speculation(0)
Info    : Implementing datapath configurations. [DPOPT-3]
        : Implementing datapath configurations for 'CDN_DP_region_7_7'
  CSAGen Prep Share:0 Re-Write:0 Speculation: 0

CDN_DP_region_7_7 level = 0 loads = 0 drivers = 0
CDN_DP_region_7_7_c0 in butterfly2x2: area: 2855174180 , DP = 1  Mux = 1  other = 2  sg = slow     
    wns: 0  norm_wns:  -1.0000 
    tns:  0
 skipped
CDN_DP_region_7_7_c1 in butterfly2x2: area: 2855174180 , DP = 1  Mux = 1  other = 2  sg = fast     
    wns: 0  norm_wns:  -1.0000 
    tns:  0
 is current best
CDN_DP_region_7_7_c2 in butterfly2x2: area: 2855174180 , DP = 1  Mux = 1  other = 2  sg = very_slow
    wns: 0  norm_wns:  -1.0000 
    tns:  0
 is current best
CDN_DP_region_7_7_c3 in butterfly2x2: area: 2855174180 , DP = 1  Mux = 1  other = 2  sg = very_fast
    wns: 0  norm_wns:  -1.0000 
    tns:  0
 is current best
CDN_DP_region_7_7_c4 in butterfly2x2: area: 2855174180 , DP = 1  Mux = 1  other = 2  sg = very_fast
    wns: 0  norm_wns:  -1.0000 
    tns:  0
 is current best
CDN_DP_region_7_7_c5 in butterfly2x2: area: 2855174180 , DP = 1  Mux = 1  other = 2  sg = very_fast
    wns: 0  norm_wns:  -1.0000 
    tns:  0
 is current best
CDN_DP_region_7_7_c6 in butterfly2x2: area: 2855174180 , DP = 1  Mux = 1  other = 2  sg = very_fast
    wns: 0  norm_wns:  -1.0000 
    tns:  0
 is current best
CDN_DP_region_7_7_c7 in butterfly2x2: area: 2855174180 , DP = 1  Mux = 1  other = 2  sg = very_fast
    wns: 0  norm_wns:  -1.0000 
    tns:  0
 is current best
Best config: CDN_DP_region_7_7_c7 in butterfly2x2: area: 2855174180 , DP = 1  Mux = 1  other = 2  sg = very_fast
    wns: 0  norm_wns:  -1.0000 
    tns:  0
  Smallest config area : 2855174180.  Fastest config wns;  0
##>+----------------------------------------------------------------------------------------------------------------------------------------------------------------+
##>Summary table of configs (Best config is CDN_DP_region_7_7_c7)
##>+----------------------------------------------------------------------------------------------------------------------------------------------------------------+
##>                     0                  1                  2                  3                  4                  5                  6                  7            
##>+----------------------------------------------------------------------------------------------------------------------------------------------------------------+
##>           Area       2855174180         2855174180         2855174180         2855174180         2855174180         2855174180         2855174180         2855174180  
##>            WNS          +291.00            +291.00            +291.00            +291.00            +291.00            +291.00            +291.00            +291.00  
##>            TNS                0                  0                  0                  0                  0                  0                  0                  0  
##>    Num Rewrite                0                  0                  0                  0                  0                  0                  0                  0  
##>      Num Share                0                  0                  0                  0                  0                  0                  0                  0  
##>  Num Speculate                0                  0                  0                  0                  0                  0                  0                  0  
##>         Num DP                1                  1                  1                  1                  1                  1                  1                  1  
##>        Num Mux                1                  1                  1                  1                  1                  1                  1                  1  
##>      Num other                2                  2                  2                  2                  2                  2                  2                  2  
##>     Runtime(s)                0                  0                  0                  0                  0                  0                  0                  0  
+----------------------------------------------------------------------------------------------------------------------------------------------------------------+
##>
##>
##>+-----------------------------------------------------------------------------------------------------------------------------------------------------------------------------------------------------+
##>Optimization Step DEBUG Table for config CDN_DP_region_7_7_c7
##>
##>                          Step                        Area   (  % Chg)         WNS (Change)          TNS (Change)                Power   (  % Chg)        Runtime (s)        Comment                   
##>+-----------------------------------------------------------------------------------------------------------------------------------------------------------------------------------------------------+
##>EquationExtraction              START             2855174180 (       )      291.00 (        )          0 (        )                    0 (       )              
##> rewrite                        START             5124398435 ( +79.48)      283.20 (   -7.80)          0 (       0)                    0 (  +0.00)              (a,ar) Expr31_from --> Expr31_to
##>                                  END            13657960070 (+166.53)      283.20 (   +0.00)          0 (       0)                    0 (  +0.00)           0  
##>                                  END             2855174180 (  +0.00)      291.00 (   +0.00)          0 (       0)                    0 (  +0.00)           0  
##>createMaxCarrySave              START             2855174180 (  +0.00)      291.00 (   +0.00)          0 (       0)                    0 (  +0.00)              
##> datapath_rewrite_one_def       START             2855174180 (  +0.00)      291.00 (   +0.00)          0 (       0)                    0 (  +0.00)              
##>                                  END             2855174180 (  +0.00)      291.00 (   +0.00)          0 (       0)                    0 (  +0.00)           0  
##> csa_opto                       START             2855174180 (  +0.00)      291.00 (   +0.00)          0 (       0)                    0 (  +0.00)              
##>                                  END             2855174180 (  +0.00)      291.00 (   +0.00)          0 (       0)                    0 (  +0.00)           0  
##>                                  END             2855174180 (  +0.00)      291.00 (   +0.00)          0 (       0)                    0 (  +0.00)           0  
##>canonicalize_by_names           START             2855174180 (  +0.00)      291.00 (   +0.00)          0 (       0)                    0 (  +0.00)              
##>                                  END             2855174180 (  +0.00)      291.00 (   +0.00)          0 (       0)                    0 (  +0.00)           0  
##>datapath_rewrite_post_csa_one_  START             2855174180 (  +0.00)      291.00 (   +0.00)          0 (       0)                    0 (  +0.00)              
##>                                  END             2855174180 (  +0.00)      291.00 (   +0.00)          0 (       0)                    0 (  +0.00)           0  
##>datapath_csa_factoring_one_gde  START             2855174180 (  +0.00)      291.00 (   +0.00)          0 (       0)                    0 (  +0.00)              
##>                                  END             2855174180 (  +0.00)      291.00 (   +0.00)          0 (       0)                    0 (  +0.00)           0  
##>dpopt_share_one_def             START             2855174180 (  +0.00)      291.00 (   +0.00)          0 (       0)                    0 (  +0.00)              
##>                                  END             2855174180 (  +0.00)      291.00 (   +0.00)          0 (       0)                    0 (  +0.00)           0  
##>datapath_rewrite_post_share     START             2855174180 (  +0.00)      291.00 (   +0.00)          0 (       0)                    0 (  +0.00)              
##>                                  END             2855174180 (  +0.00)      291.00 (   +0.00)          0 (       0)                    0 (  +0.00)           0  
##>dp_combine_const_mult_with_com  START             2855174180 (  +0.00)      291.00 (   +0.00)          0 (       0)                    0 (  +0.00)              
##>                                  END             2855174180 (  +0.00)      291.00 (   +0.00)          0 (       0)                    0 (  +0.00)           0  
##>dp_operator_level_decompositio  START             2855174180 (  +0.00)      291.00 (   +0.00)          0 (       0)                    0 (  +0.00)              
##>                                  END             2855174180 (  +0.00)      291.00 (   +0.00)          0 (       0)                    0 (  +0.00)           0  
##>selective_flatten_dp_config     START             2855174180 (  +0.00)      291.00 (   +0.00)          0 (       0)                    0 (  +0.00)              
##>                                  END             2855174180 (  +0.00)      291.00 (   +0.00)          0 (       0)                    0 (  +0.00)           0  
##>createMaxCarrySave              START             2855174180 (  +0.00)      291.00 (   +0.00)          0 (       0)                    0 (  +0.00)              
##> datapath_rewrite_one_def       START             2855174180 (  +0.00)      291.00 (   +0.00)          0 (       0)                    0 (  +0.00)              
##>  fast_cse_elim                 START             2855174180 (  +0.00)      291.00 (   +0.00)          0 (       0)                    0 (  +0.00)              
##>                                  END             2855174180 (  +0.00)      291.00 (   +0.00)          0 (       0)                    0 (  +0.00)           0  
##>  fast_cse_elim                 START             2855174180 (  +0.00)      291.00 (   +0.00)          0 (       0)                    0 (  +0.00)              
##>                                  END             2855174180 (  +0.00)      291.00 (   +0.00)          0 (       0)                    0 (  +0.00)           0  
##>                                  END             2855174180 (  +0.00)      291.00 (   +0.00)          0 (       0)                    0 (  +0.00)           0  
##> csa_opto                       START             2855174180 (  +0.00)      291.00 (   +0.00)          0 (       0)                    0 (  +0.00)              
##>                                  END             2855174180 (  +0.00)      291.00 (   +0.00)          0 (       0)                    0 (  +0.00)           0  
##>                                  END             2855174180 (  +0.00)      291.00 (   +0.00)          0 (       0)                    0 (  +0.00)           0  
##>context_based_simplify          START             2855174180 (  +0.00)      291.00 (   +0.00)          0 (       0)                    0 (  +0.00)              
##>                                  END             2855174180 (  +0.00)      291.00 (   +0.00)          0 (       0)                    0 (  +0.00)           0  
##>group_csa_final_adder_dp        START             2855174180 (  +0.00)      291.00 (   +0.00)          0 (       0)                    0 (  +0.00)              
##>                                  END             2855174180 (  +0.00)      291.00 (   +0.00)          0 (       0)                    0 (  +0.00)           0  
##>dpopt_flatten_critical_muxes_i  START             2855174180 (  +0.00)      291.00 (   +0.00)          0 (       0)                    0 (  +0.00)              
##>                                  END             2855174180 (  +0.00)      291.00 (   +0.00)          0 (       0)                    0 (  +0.00)           0  
##>create_score                    START             2855174180 (  +0.00)      291.00 (   +0.00)          0 (       0)                    0 (  +0.00)              
##>                                  END             2855174180 (  +0.00)      291.00 (   +0.00)          0 (       0)                    0 (  +0.00)           0  
##>+-----------------------------------------------------------------------------------------------------------------------------------------------------------------------------------------------------+
Committed config: CDN_DP_region_7_7_c7
Info    : Done implementing datapath configurations. [DPOPT-4]
        : Selected 'very_fast' configuration 7 for module 'CDN_DP_region_7_7_c7'.
          Optimizations applied to 'very_fast' configuration:
            rewriting(0), factoring(0), sharing(0), cmultcse(0), downsizing(0), speculation(0)
Info    : Implementing datapath configurations. [DPOPT-3]
        : Implementing datapath configurations for 'CDN_DP_region_1_0'
  CSAGen Prep Share:0 Re-Write:0 Speculation: 0

CDN_DP_region_1_0 level = 0 loads = 0 drivers = 0
CDN_DP_region_1_0_c0 in Barrett_118: area: 8608137080 , DP = 2  Mux = 1  other = 1  sg = slow     
    wns: 0  norm_wns:  -1.0000 
    tns:  0
 skipped
CDN_DP_region_1_0_c1 in Barrett_118: area: 14425021790 , CSA = 2  DP = 1  Mux = 1  other = 1  sg = fast     
    wns: 0  norm_wns:  -1.0000 
    tns:  0
 is current best
CDN_DP_region_1_0_c2 in Barrett_118: area: 8608137080 , DP = 2  Mux = 1  other = 1  sg = very_slow
    wns: 0  norm_wns:  -1.0000 
    tns:  0
 is current best
CDN_DP_region_1_0_c3 in Barrett_118: area: 14425021790 , CSA = 2  DP = 1  Mux = 1  other = 1  sg = very_fast
    wns: 0  norm_wns:  -1.0000 
    tns:  0

CDN_DP_region_1_0_c4 in Barrett_118: area: 8608137080 , DP = 2  Mux = 1  other = 1  sg = very_fast
    wns: 0  norm_wns:  -1.0000 
    tns:  0
 is current best
CDN_DP_region_1_0_c5 in Barrett_118: area: 8608137080 , DP = 2  Mux = 1  other = 1  sg = very_fast
    wns: 0  norm_wns:  -1.0000 
    tns:  0
 is current best
CDN_DP_region_1_0_c6 in Barrett_118: area: 14425021790 , CSA = 2  DP = 1  Mux = 1  other = 1  sg = very_fast
    wns: 0  norm_wns:  -1.0000 
    tns:  0

CDN_DP_region_1_0_c7 in Barrett_118: area: 12390177505 , CSA = 1  DP = 1  Mux = 1  other = 1  sg = very_fast
    wns: 0  norm_wns:  -1.0000 
    tns:  0

Best config: CDN_DP_region_1_0_c5 in Barrett_118: area: 8608137080 , DP = 2  Mux = 1  other = 1  sg = very_fast
    wns: 0  norm_wns:  -1.0000 
    tns:  0
  Smallest config area : 8608137080.  Fastest config wns;  0
##>+----------------------------------------------------------------------------------------------------------------------------------------------------------------+
##>Summary table of configs (Best config is CDN_DP_region_1_0_c5)
##>+----------------------------------------------------------------------------------------------------------------------------------------------------------------+
##>                     0                  1                  2                  3                  4                  5                  6                  7            
##>+----------------------------------------------------------------------------------------------------------------------------------------------------------------+
##>           Area       8608137080        14425021790         8608137080        14425021790         8608137080         8608137080        14425021790        12390177505  
##>            WNS          +126.40            +197.00            +126.40            +197.00            +126.40            +126.40            +197.00            +217.90  
##>            TNS                0                  0                  0                  0                  0                  0                  0                  0  
##>    Num Rewrite                0                  0                  0                  0                  0                  0                  0                  0  
##>      Num Share                0                  0                  0                  0                  0                  0                  0                  0  
##>  Num Speculate                0                  0                  0                  0                  0                  0                  0                  0  
##>        Num CSA                0                  2                  0                  2                  0                  0                  2                  1  
##>         Num DP                2                  1                  2                  1                  2                  2                  1                  1  
##>        Num Mux                1                  1                  1                  1                  1                  1                  1                  1  
##>      Num other                1                  1                  1                  1                  1                  1                  1                  1  
##>     Runtime(s)                0                  0                  0                  0                  0                  0                  0                  1  
+----------------------------------------------------------------------------------------------------------------------------------------------------------------+
##>
##>
##>+-----------------------------------------------------------------------------------------------------------------------------------------------------------------------------------------------------+
##>Optimization Step DEBUG Table for config CDN_DP_region_1_0_c5
##>
##>                          Step                        Area   (  % Chg)         WNS (Change)          TNS (Change)                Power   (  % Chg)        Runtime (s)        Comment                   
##>+-----------------------------------------------------------------------------------------------------------------------------------------------------------------------------------------------------+
##>createMaxCarrySave              START             8608137080 (       )      126.40 (        )          0 (        )                    0 (       )              
##> datapath_rewrite_one_def       START             8608137080 (  +0.00)      126.40 (   +0.00)          0 (       0)                    0 (  +0.00)              
##>  fast_cse_elim                 START             8608137080 (  +0.00)      126.40 (   +0.00)          0 (       0)                    0 (  +0.00)              
##>                                  END             8608137080 (  +0.00)      126.40 (   +0.00)          0 (       0)                    0 (  +0.00)           0  
##>  fast_cse_elim                 START             8608137080 (  +0.00)      126.40 (   +0.00)          0 (       0)                    0 (  +0.00)              
##>                                  END             8608137080 (  +0.00)      126.40 (   +0.00)          0 (       0)                    0 (  +0.00)           0  
##>                                  END             8608137080 (  +0.00)      126.40 (   +0.00)          0 (       0)                    0 (  +0.00)           0  
##> csa_opto                       START             8608137080 (  +0.00)      126.40 (   +0.00)          0 (       0)                    0 (  +0.00)              
##>                                  END             8608137080 (  +0.00)      126.40 (   +0.00)          0 (       0)                    0 (  +0.00)           0  
##>                                  END             8608137080 (  +0.00)      126.40 (   +0.00)          0 (       0)                    0 (  +0.00)           0  
##>canonicalize_by_names           START             8608137080 (  +0.00)      126.40 (   +0.00)          0 (       0)                    0 (  +0.00)              
##>                                  END             8608137080 (  +0.00)      126.40 (   +0.00)          0 (       0)                    0 (  +0.00)           0  
##>datapath_rewrite_post_csa_one_  START             8608137080 (  +0.00)      126.40 (   +0.00)          0 (       0)                    0 (  +0.00)              
##> rewrite                        START             8608137080 (  +0.00)      126.40 (   +0.00)          0 (       0)                    0 (  +0.00)              (na,csaa) base_comb_unsigned_sub_exs_sub_from --> comb_unsigned_sub_exs_sub_to
##>                                  END            12486060220 ( +45.05)      224.10 (  +97.70)          0 (       0)                    0 (  +0.00)           0  
##>                                  END             8608137080 (  +0.00)      126.40 (   +0.00)          0 (       0)                    0 (  +0.00)           0  
##>datapath_csa_factoring_one_gde  START             8608137080 (  +0.00)      126.40 (   +0.00)          0 (       0)                    0 (  +0.00)              
##>                                  END             8608137080 (  +0.00)      126.40 (   +0.00)          0 (       0)                    0 (  +0.00)           0  
##>dpopt_share_one_def             START             8608137080 (  +0.00)      126.40 (   +0.00)          0 (       0)                    0 (  +0.00)              
##>                                  END             8608137080 (  +0.00)      126.40 (   +0.00)          0 (       0)                    0 (  +0.00)           0  
##>datapath_rewrite_post_share     START             8608137080 (  +0.00)      126.40 (   +0.00)          0 (       0)                    0 (  +0.00)              
##>                                  END             8608137080 (  +0.00)      126.40 (   +0.00)          0 (       0)                    0 (  +0.00)           0  
##>dp_combine_const_mult_with_com  START             8608137080 (  +0.00)      126.40 (   +0.00)          0 (       0)                    0 (  +0.00)              
##>                                  END             8608137080 (  +0.00)      126.40 (   +0.00)          0 (       0)                    0 (  +0.00)           0  
##>dp_operator_level_decompositio  START             8608137080 (  +0.00)      126.40 (   +0.00)          0 (       0)                    0 (  +0.00)              
##>                                  END             8608137080 (  +0.00)      126.40 (   +0.00)          0 (       0)                    0 (  +0.00)           0  
##>selective_flatten_dp_config     START             8608137080 (  +0.00)      126.40 (   +0.00)          0 (       0)                    0 (  +0.00)              
##>                                  END             8608137080 (  +0.00)      126.40 (   +0.00)          0 (       0)                    0 (  +0.00)           0  
##>createMaxCarrySave              START             8608137080 (  +0.00)      126.40 (   +0.00)          0 (       0)                    0 (  +0.00)              
##> datapath_rewrite_one_def       START             8608137080 (  +0.00)      126.40 (   +0.00)          0 (       0)                    0 (  +0.00)              
##>  fast_cse_elim                 START             8608137080 (  +0.00)      126.40 (   +0.00)          0 (       0)                    0 (  +0.00)              
##>                                  END             8608137080 (  +0.00)      126.40 (   +0.00)          0 (       0)                    0 (  +0.00)           0  
##>  fast_cse_elim                 START             8608137080 (  +0.00)      126.40 (   +0.00)          0 (       0)                    0 (  +0.00)              
##>                                  END             8608137080 (  +0.00)      126.40 (   +0.00)          0 (       0)                    0 (  +0.00)           0  
##>                                  END             8608137080 (  +0.00)      126.40 (   +0.00)          0 (       0)                    0 (  +0.00)           0  
##> csa_opto                       START             8608137080 (  +0.00)      126.40 (   +0.00)          0 (       0)                    0 (  +0.00)              
##>                                  END             8608137080 (  +0.00)      126.40 (   +0.00)          0 (       0)                    0 (  +0.00)           0  
##>                                  END             8608137080 (  +0.00)      126.40 (   +0.00)          0 (       0)                    0 (  +0.00)           0  
##>context_based_simplify          START             8608137080 (  +0.00)      126.40 (   +0.00)          0 (       0)                    0 (  +0.00)              
##>                                  END             8608137080 (  +0.00)      126.40 (   +0.00)          0 (       0)                    0 (  +0.00)           0  
##>group_csa_final_adder_dp        START             8608137080 (  +0.00)      126.40 (   +0.00)          0 (       0)                    0 (  +0.00)              
##>                                  END             8608137080 (  +0.00)      126.40 (   +0.00)          0 (       0)                    0 (  +0.00)           0  
##>dpopt_flatten_critical_muxes_i  START             8608137080 (  +0.00)      126.40 (   +0.00)          0 (       0)                    0 (  +0.00)              
##>                                  END             8608137080 (  +0.00)      126.40 (   +0.00)          0 (       0)                    0 (  +0.00)           0  
##>create_score                    START             8608137080 (  +0.00)      126.40 (   +0.00)          0 (       0)                    0 (  +0.00)              
##>                                  END             8608137080 (  +0.00)      126.40 (   +0.00)          0 (       0)                    0 (  +0.00)           0  
##>+-----------------------------------------------------------------------------------------------------------------------------------------------------------------------------------------------------+
Committed config: CDN_DP_region_1_0_c5
Info    : Done implementing datapath configurations. [DPOPT-4]
        : Selected 'very_fast' configuration 5 for module 'CDN_DP_region_1_0_c5'.
          Optimizations applied to 'very_fast' configuration:
            rewriting(0), factoring(0), sharing(0), cmultcse(0), downsizing(0), speculation(0)
Info    : Implementing datapath configurations. [DPOPT-3]
        : Implementing datapath configurations for 'CDN_DP_region_2_0'
  CSAGen Prep Share:0 Re-Write:0 Speculation: 0

CDN_DP_region_2_0 level = 0 loads = 0 drivers = 0
CDN_DP_region_2_0_c0 in Barrett_119: area: 8608137080 , DP = 2  Mux = 1  other = 1  sg = slow     
    wns: 0  norm_wns:  -1.0000 
    tns:  0
 skipped
CDN_DP_region_2_0_c1 in Barrett_119: area: 14425021790 , CSA = 2  DP = 1  Mux = 1  other = 1  sg = fast     
    wns: 0  norm_wns:  -1.0000 
    tns:  0
 is current best
CDN_DP_region_2_0_c2 in Barrett_119: area: 8608137080 , DP = 2  Mux = 1  other = 1  sg = very_slow
    wns: 0  norm_wns:  -1.0000 
    tns:  0
 is current best
CDN_DP_region_2_0_c3 in Barrett_119: area: 14425021790 , CSA = 2  DP = 1  Mux = 1  other = 1  sg = very_fast
    wns: 0  norm_wns:  -1.0000 
    tns:  0

CDN_DP_region_2_0_c4 in Barrett_119: area: 8608137080 , DP = 2  Mux = 1  other = 1  sg = very_fast
    wns: 0  norm_wns:  -1.0000 
    tns:  0
 is current best
CDN_DP_region_2_0_c5 in Barrett_119: area: 8608137080 , DP = 2  Mux = 1  other = 1  sg = very_fast
    wns: 0  norm_wns:  -1.0000 
    tns:  0
 is current best
CDN_DP_region_2_0_c6 in Barrett_119: area: 14425021790 , CSA = 2  DP = 1  Mux = 1  other = 1  sg = very_fast
    wns: 0  norm_wns:  -1.0000 
    tns:  0

CDN_DP_region_2_0_c7 in Barrett_119: area: 12390177505 , CSA = 1  DP = 1  Mux = 1  other = 1  sg = very_fast
    wns: 0  norm_wns:  -1.0000 
    tns:  0

Best config: CDN_DP_region_2_0_c5 in Barrett_119: area: 8608137080 , DP = 2  Mux = 1  other = 1  sg = very_fast
    wns: 0  norm_wns:  -1.0000 
    tns:  0
  Smallest config area : 8608137080.  Fastest config wns;  0
##>+----------------------------------------------------------------------------------------------------------------------------------------------------------------+
##>Summary table of configs (Best config is CDN_DP_region_2_0_c5)
##>+----------------------------------------------------------------------------------------------------------------------------------------------------------------+
##>                     0                  1                  2                  3                  4                  5                  6                  7            
##>+----------------------------------------------------------------------------------------------------------------------------------------------------------------+
##>           Area       8608137080        14425021790         8608137080        14425021790         8608137080         8608137080        14425021790        12390177505  
##>            WNS          +126.40            +197.00            +126.40            +197.00            +126.40            +126.40            +197.00            +217.90  
##>            TNS                0                  0                  0                  0                  0                  0                  0                  0  
##>    Num Rewrite                0                  0                  0                  0                  0                  0                  0                  0  
##>      Num Share                0                  0                  0                  0                  0                  0                  0                  0  
##>  Num Speculate                0                  0                  0                  0                  0                  0                  0                  0  
##>        Num CSA                0                  2                  0                  2                  0                  0                  2                  1  
##>         Num DP                2                  1                  2                  1                  2                  2                  1                  1  
##>        Num Mux                1                  1                  1                  1                  1                  1                  1                  1  
##>      Num other                1                  1                  1                  1                  1                  1                  1                  1  
##>     Runtime(s)                0                  0                  0                  0                  0                  0                  0                  1  
+----------------------------------------------------------------------------------------------------------------------------------------------------------------+
##>
##>
##>+-----------------------------------------------------------------------------------------------------------------------------------------------------------------------------------------------------+
##>Optimization Step DEBUG Table for config CDN_DP_region_2_0_c5
##>
##>                          Step                        Area   (  % Chg)         WNS (Change)          TNS (Change)                Power   (  % Chg)        Runtime (s)        Comment                   
##>+-----------------------------------------------------------------------------------------------------------------------------------------------------------------------------------------------------+
##>createMaxCarrySave              START             8608137080 (       )      126.40 (        )          0 (        )                    0 (       )              
##> datapath_rewrite_one_def       START             8608137080 (  +0.00)      126.40 (   +0.00)          0 (       0)                    0 (  +0.00)              
##>  fast_cse_elim                 START             8608137080 (  +0.00)      126.40 (   +0.00)          0 (       0)                    0 (  +0.00)              
##>                                  END             8608137080 (  +0.00)      126.40 (   +0.00)          0 (       0)                    0 (  +0.00)           0  
##>  fast_cse_elim                 START             8608137080 (  +0.00)      126.40 (   +0.00)          0 (       0)                    0 (  +0.00)              
##>                                  END             8608137080 (  +0.00)      126.40 (   +0.00)          0 (       0)                    0 (  +0.00)           0  
##>                                  END             8608137080 (  +0.00)      126.40 (   +0.00)          0 (       0)                    0 (  +0.00)           0  
##> csa_opto                       START             8608137080 (  +0.00)      126.40 (   +0.00)          0 (       0)                    0 (  +0.00)              
##>                                  END             8608137080 (  +0.00)      126.40 (   +0.00)          0 (       0)                    0 (  +0.00)           0  
##>                                  END             8608137080 (  +0.00)      126.40 (   +0.00)          0 (       0)                    0 (  +0.00)           0  
##>canonicalize_by_names           START             8608137080 (  +0.00)      126.40 (   +0.00)          0 (       0)                    0 (  +0.00)              
##>                                  END             8608137080 (  +0.00)      126.40 (   +0.00)          0 (       0)                    0 (  +0.00)           0  
##>datapath_rewrite_post_csa_one_  START             8608137080 (  +0.00)      126.40 (   +0.00)          0 (       0)                    0 (  +0.00)              
##> rewrite                        START             8608137080 (  +0.00)      126.40 (   +0.00)          0 (       0)                    0 (  +0.00)              (na,csaa) base_comb_unsigned_sub_exs_sub_from --> comb_unsigned_sub_exs_sub_to
##>                                  END            12486060220 ( +45.05)      224.10 (  +97.70)          0 (       0)                    0 (  +0.00)           0  
##>                                  END             8608137080 (  +0.00)      126.40 (   +0.00)          0 (       0)                    0 (  +0.00)           0  
##>datapath_csa_factoring_one_gde  START             8608137080 (  +0.00)      126.40 (   +0.00)          0 (       0)                    0 (  +0.00)              
##>                                  END             8608137080 (  +0.00)      126.40 (   +0.00)          0 (       0)                    0 (  +0.00)           0  
##>dpopt_share_one_def             START             8608137080 (  +0.00)      126.40 (   +0.00)          0 (       0)                    0 (  +0.00)              
##>                                  END             8608137080 (  +0.00)      126.40 (   +0.00)          0 (       0)                    0 (  +0.00)           0  
##>datapath_rewrite_post_share     START             8608137080 (  +0.00)      126.40 (   +0.00)          0 (       0)                    0 (  +0.00)              
##>                                  END             8608137080 (  +0.00)      126.40 (   +0.00)          0 (       0)                    0 (  +0.00)           0  
##>dp_combine_const_mult_with_com  START             8608137080 (  +0.00)      126.40 (   +0.00)          0 (       0)                    0 (  +0.00)              
##>                                  END             8608137080 (  +0.00)      126.40 (   +0.00)          0 (       0)                    0 (  +0.00)           0  
##>dp_operator_level_decompositio  START             8608137080 (  +0.00)      126.40 (   +0.00)          0 (       0)                    0 (  +0.00)              
##>                                  END             8608137080 (  +0.00)      126.40 (   +0.00)          0 (       0)                    0 (  +0.00)           0  
##>selective_flatten_dp_config     START             8608137080 (  +0.00)      126.40 (   +0.00)          0 (       0)                    0 (  +0.00)              
##>                                  END             8608137080 (  +0.00)      126.40 (   +0.00)          0 (       0)                    0 (  +0.00)           0  
##>createMaxCarrySave              START             8608137080 (  +0.00)      126.40 (   +0.00)          0 (       0)                    0 (  +0.00)              
##> datapath_rewrite_one_def       START             8608137080 (  +0.00)      126.40 (   +0.00)          0 (       0)                    0 (  +0.00)              
##>  fast_cse_elim                 START             8608137080 (  +0.00)      126.40 (   +0.00)          0 (       0)                    0 (  +0.00)              
##>                                  END             8608137080 (  +0.00)      126.40 (   +0.00)          0 (       0)                    0 (  +0.00)           0  
##>  fast_cse_elim                 START             8608137080 (  +0.00)      126.40 (   +0.00)          0 (       0)                    0 (  +0.00)              
##>                                  END             8608137080 (  +0.00)      126.40 (   +0.00)          0 (       0)                    0 (  +0.00)           0  
##>                                  END             8608137080 (  +0.00)      126.40 (   +0.00)          0 (       0)                    0 (  +0.00)           0  
##> csa_opto                       START             8608137080 (  +0.00)      126.40 (   +0.00)          0 (       0)                    0 (  +0.00)              
##>                                  END             8608137080 (  +0.00)      126.40 (   +0.00)          0 (       0)                    0 (  +0.00)           0  
##>                                  END             8608137080 (  +0.00)      126.40 (   +0.00)          0 (       0)                    0 (  +0.00)           0  
##>context_based_simplify          START             8608137080 (  +0.00)      126.40 (   +0.00)          0 (       0)                    0 (  +0.00)              
##>                                  END             8608137080 (  +0.00)      126.40 (   +0.00)          0 (       0)                    0 (  +0.00)           0  
##>group_csa_final_adder_dp        START             8608137080 (  +0.00)      126.40 (   +0.00)          0 (       0)                    0 (  +0.00)              
##>                                  END             8608137080 (  +0.00)      126.40 (   +0.00)          0 (       0)                    0 (  +0.00)           0  
##>dpopt_flatten_critical_muxes_i  START             8608137080 (  +0.00)      126.40 (   +0.00)          0 (       0)                    0 (  +0.00)              
##>                                  END             8608137080 (  +0.00)      126.40 (   +0.00)          0 (       0)                    0 (  +0.00)           0  
##>create_score                    START             8608137080 (  +0.00)      126.40 (   +0.00)          0 (       0)                    0 (  +0.00)              
##>                                  END             8608137080 (  +0.00)      126.40 (   +0.00)          0 (       0)                    0 (  +0.00)           0  
##>+-----------------------------------------------------------------------------------------------------------------------------------------------------------------------------------------------------+
Committed config: CDN_DP_region_2_0_c5
Info    : Done implementing datapath configurations. [DPOPT-4]
        : Selected 'very_fast' configuration 5 for module 'CDN_DP_region_2_0_c5'.
          Optimizations applied to 'very_fast' configuration:
            rewriting(0), factoring(0), sharing(0), cmultcse(0), downsizing(0), speculation(0)
Info    : Implementing datapath configurations. [DPOPT-3]
        : Implementing datapath configurations for 'CDN_DP_region_3_0'
  CSAGen Prep Share:0 Re-Write:0 Speculation: 0

CDN_DP_region_3_0 level = 0 loads = 0 drivers = 0
CDN_DP_region_3_0_c0 in Barrett_120: area: 8608137080 , DP = 2  Mux = 1  other = 1  sg = slow     
    wns: 0  norm_wns:  -1.0000 
    tns:  0
 skipped
CDN_DP_region_3_0_c1 in Barrett_120: area: 14425021790 , CSA = 2  DP = 1  Mux = 1  other = 1  sg = fast     
    wns: 0  norm_wns:  -1.0000 
    tns:  0
 is current best
CDN_DP_region_3_0_c2 in Barrett_120: area: 8608137080 , DP = 2  Mux = 1  other = 1  sg = very_slow
    wns: 0  norm_wns:  -1.0000 
    tns:  0
 is current best
CDN_DP_region_3_0_c3 in Barrett_120: area: 14425021790 , CSA = 2  DP = 1  Mux = 1  other = 1  sg = very_fast
    wns: 0  norm_wns:  -1.0000 
    tns:  0

CDN_DP_region_3_0_c4 in Barrett_120: area: 8608137080 , DP = 2  Mux = 1  other = 1  sg = very_fast
    wns: 0  norm_wns:  -1.0000 
    tns:  0
 is current best
CDN_DP_region_3_0_c5 in Barrett_120: area: 8608137080 , DP = 2  Mux = 1  other = 1  sg = very_fast
    wns: 0  norm_wns:  -1.0000 
    tns:  0
 is current best
CDN_DP_region_3_0_c6 in Barrett_120: area: 14425021790 , CSA = 2  DP = 1  Mux = 1  other = 1  sg = very_fast
    wns: 0  norm_wns:  -1.0000 
    tns:  0

CDN_DP_region_3_0_c7 in Barrett_120: area: 12390177505 , CSA = 1  DP = 1  Mux = 1  other = 1  sg = very_fast
    wns: 0  norm_wns:  -1.0000 
    tns:  0

Best config: CDN_DP_region_3_0_c5 in Barrett_120: area: 8608137080 , DP = 2  Mux = 1  other = 1  sg = very_fast
    wns: 0  norm_wns:  -1.0000 
    tns:  0
  Smallest config area : 8608137080.  Fastest config wns;  0
##>+----------------------------------------------------------------------------------------------------------------------------------------------------------------+
##>Summary table of configs (Best config is CDN_DP_region_3_0_c5)
##>+----------------------------------------------------------------------------------------------------------------------------------------------------------------+
##>                     0                  1                  2                  3                  4                  5                  6                  7            
##>+----------------------------------------------------------------------------------------------------------------------------------------------------------------+
##>           Area       8608137080        14425021790         8608137080        14425021790         8608137080         8608137080        14425021790        12390177505  
##>            WNS          +126.40            +197.00            +126.40            +197.00            +126.40            +126.40            +197.00            +217.90  
##>            TNS                0                  0                  0                  0                  0                  0                  0                  0  
##>    Num Rewrite                0                  0                  0                  0                  0                  0                  0                  0  
##>      Num Share                0                  0                  0                  0                  0                  0                  0                  0  
##>  Num Speculate                0                  0                  0                  0                  0                  0                  0                  0  
##>        Num CSA                0                  2                  0                  2                  0                  0                  2                  1  
##>         Num DP                2                  1                  2                  1                  2                  2                  1                  1  
##>        Num Mux                1                  1                  1                  1                  1                  1                  1                  1  
##>      Num other                1                  1                  1                  1                  1                  1                  1                  1  
##>     Runtime(s)                0                  0                  0                  0                  0                  0                  0                  1  
+----------------------------------------------------------------------------------------------------------------------------------------------------------------+
##>
##>
##>+-----------------------------------------------------------------------------------------------------------------------------------------------------------------------------------------------------+
##>Optimization Step DEBUG Table for config CDN_DP_region_3_0_c5
##>
##>                          Step                        Area   (  % Chg)         WNS (Change)          TNS (Change)                Power   (  % Chg)        Runtime (s)        Comment                   
##>+-----------------------------------------------------------------------------------------------------------------------------------------------------------------------------------------------------+
##>createMaxCarrySave              START             8608137080 (       )      126.40 (        )          0 (        )                    0 (       )              
##> datapath_rewrite_one_def       START             8608137080 (  +0.00)      126.40 (   +0.00)          0 (       0)                    0 (  +0.00)              
##>  fast_cse_elim                 START             8608137080 (  +0.00)      126.40 (   +0.00)          0 (       0)                    0 (  +0.00)              
##>                                  END             8608137080 (  +0.00)      126.40 (   +0.00)          0 (       0)                    0 (  +0.00)           0  
##>  fast_cse_elim                 START             8608137080 (  +0.00)      126.40 (   +0.00)          0 (       0)                    0 (  +0.00)              
##>                                  END             8608137080 (  +0.00)      126.40 (   +0.00)          0 (       0)                    0 (  +0.00)           0  
##>                                  END             8608137080 (  +0.00)      126.40 (   +0.00)          0 (       0)                    0 (  +0.00)           0  
##> csa_opto                       START             8608137080 (  +0.00)      126.40 (   +0.00)          0 (       0)                    0 (  +0.00)              
##>                                  END             8608137080 (  +0.00)      126.40 (   +0.00)          0 (       0)                    0 (  +0.00)           0  
##>                                  END             8608137080 (  +0.00)      126.40 (   +0.00)          0 (       0)                    0 (  +0.00)           0  
##>canonicalize_by_names           START             8608137080 (  +0.00)      126.40 (   +0.00)          0 (       0)                    0 (  +0.00)              
##>                                  END             8608137080 (  +0.00)      126.40 (   +0.00)          0 (       0)                    0 (  +0.00)           0  
##>datapath_rewrite_post_csa_one_  START             8608137080 (  +0.00)      126.40 (   +0.00)          0 (       0)                    0 (  +0.00)              
##> rewrite                        START             8608137080 (  +0.00)      126.40 (   +0.00)          0 (       0)                    0 (  +0.00)              (na,csaa) base_comb_unsigned_sub_exs_sub_from --> comb_unsigned_sub_exs_sub_to
##>                                  END            12486060220 ( +45.05)      224.10 (  +97.70)          0 (       0)                    0 (  +0.00)           0  
##>                                  END             8608137080 (  +0.00)      126.40 (   +0.00)          0 (       0)                    0 (  +0.00)           0  
##>datapath_csa_factoring_one_gde  START             8608137080 (  +0.00)      126.40 (   +0.00)          0 (       0)                    0 (  +0.00)              
##>                                  END             8608137080 (  +0.00)      126.40 (   +0.00)          0 (       0)                    0 (  +0.00)           0  
##>dpopt_share_one_def             START             8608137080 (  +0.00)      126.40 (   +0.00)          0 (       0)                    0 (  +0.00)              
##>                                  END             8608137080 (  +0.00)      126.40 (   +0.00)          0 (       0)                    0 (  +0.00)           0  
##>datapath_rewrite_post_share     START             8608137080 (  +0.00)      126.40 (   +0.00)          0 (       0)                    0 (  +0.00)              
##>                                  END             8608137080 (  +0.00)      126.40 (   +0.00)          0 (       0)                    0 (  +0.00)           0  
##>dp_combine_const_mult_with_com  START             8608137080 (  +0.00)      126.40 (   +0.00)          0 (       0)                    0 (  +0.00)              
##>                                  END             8608137080 (  +0.00)      126.40 (   +0.00)          0 (       0)                    0 (  +0.00)           0  
##>dp_operator_level_decompositio  START             8608137080 (  +0.00)      126.40 (   +0.00)          0 (       0)                    0 (  +0.00)              
##>                                  END             8608137080 (  +0.00)      126.40 (   +0.00)          0 (       0)                    0 (  +0.00)           0  
##>selective_flatten_dp_config     START             8608137080 (  +0.00)      126.40 (   +0.00)          0 (       0)                    0 (  +0.00)              
##>                                  END             8608137080 (  +0.00)      126.40 (   +0.00)          0 (       0)                    0 (  +0.00)           0  
##>createMaxCarrySave              START             8608137080 (  +0.00)      126.40 (   +0.00)          0 (       0)                    0 (  +0.00)              
##> datapath_rewrite_one_def       START             8608137080 (  +0.00)      126.40 (   +0.00)          0 (       0)                    0 (  +0.00)              
##>  fast_cse_elim                 START             8608137080 (  +0.00)      126.40 (   +0.00)          0 (       0)                    0 (  +0.00)              
##>                                  END             8608137080 (  +0.00)      126.40 (   +0.00)          0 (       0)                    0 (  +0.00)           0  
##>  fast_cse_elim                 START             8608137080 (  +0.00)      126.40 (   +0.00)          0 (       0)                    0 (  +0.00)              
##>                                  END             8608137080 (  +0.00)      126.40 (   +0.00)          0 (       0)                    0 (  +0.00)           0  
##>                                  END             8608137080 (  +0.00)      126.40 (   +0.00)          0 (       0)                    0 (  +0.00)           0  
##> csa_opto                       START             8608137080 (  +0.00)      126.40 (   +0.00)          0 (       0)                    0 (  +0.00)              
##>                                  END             8608137080 (  +0.00)      126.40 (   +0.00)          0 (       0)                    0 (  +0.00)           0  
##>                                  END             8608137080 (  +0.00)      126.40 (   +0.00)          0 (       0)                    0 (  +0.00)           0  
##>context_based_simplify          START             8608137080 (  +0.00)      126.40 (   +0.00)          0 (       0)                    0 (  +0.00)              
##>                                  END             8608137080 (  +0.00)      126.40 (   +0.00)          0 (       0)                    0 (  +0.00)           0  
##>group_csa_final_adder_dp        START             8608137080 (  +0.00)      126.40 (   +0.00)          0 (       0)                    0 (  +0.00)              
##>                                  END             8608137080 (  +0.00)      126.40 (   +0.00)          0 (       0)                    0 (  +0.00)           0  
##>dpopt_flatten_critical_muxes_i  START             8608137080 (  +0.00)      126.40 (   +0.00)          0 (       0)                    0 (  +0.00)              
##>                                  END             8608137080 (  +0.00)      126.40 (   +0.00)          0 (       0)                    0 (  +0.00)           0  
##>create_score                    START             8608137080 (  +0.00)      126.40 (   +0.00)          0 (       0)                    0 (  +0.00)              
##>                                  END             8608137080 (  +0.00)      126.40 (   +0.00)          0 (       0)                    0 (  +0.00)           0  
##>+-----------------------------------------------------------------------------------------------------------------------------------------------------------------------------------------------------+
Committed config: CDN_DP_region_3_0_c5
Info    : Done implementing datapath configurations. [DPOPT-4]
        : Selected 'very_fast' configuration 5 for module 'CDN_DP_region_3_0_c5'.
          Optimizations applied to 'very_fast' configuration:
            rewriting(0), factoring(0), sharing(0), cmultcse(0), downsizing(0), speculation(0)
Info    : Implementing datapath configurations. [DPOPT-3]
        : Implementing datapath configurations for 'CDN_DP_region_0_0'
  CSAGen Prep Share:0 Re-Write:0 Speculation: 0

CDN_DP_region_0_0 level = 0 loads = 0 drivers = 0
CDN_DP_region_0_0_c0 in Barrett: area: 8608137080 , DP = 2  Mux = 1  other = 1  sg = slow     
    wns: 0  norm_wns:  -1.0000 
    tns:  0
 skipped
CDN_DP_region_0_0_c1 in Barrett: area: 14425021790 , CSA = 2  DP = 1  Mux = 1  other = 1  sg = fast     
    wns: 0  norm_wns:  -1.0000 
    tns:  0
 is current best
CDN_DP_region_0_0_c2 in Barrett: area: 8608137080 , DP = 2  Mux = 1  other = 1  sg = very_slow
    wns: 0  norm_wns:  -1.0000 
    tns:  0
 is current best
CDN_DP_region_0_0_c3 in Barrett: area: 14425021790 , CSA = 2  DP = 1  Mux = 1  other = 1  sg = very_fast
    wns: 0  norm_wns:  -1.0000 
    tns:  0

CDN_DP_region_0_0_c4 in Barrett: area: 8608137080 , DP = 2  Mux = 1  other = 1  sg = very_fast
    wns: 0  norm_wns:  -1.0000 
    tns:  0
 is current best
CDN_DP_region_0_0_c5 in Barrett: area: 8608137080 , DP = 2  Mux = 1  other = 1  sg = very_fast
    wns: 0  norm_wns:  -1.0000 
    tns:  0
 is current best
CDN_DP_region_0_0_c6 in Barrett: area: 14425021790 , CSA = 2  DP = 1  Mux = 1  other = 1  sg = very_fast
    wns: 0  norm_wns:  -1.0000 
    tns:  0

CDN_DP_region_0_0_c7 in Barrett: area: 12390177505 , CSA = 1  DP = 1  Mux = 1  other = 1  sg = very_fast
    wns: 0  norm_wns:  -1.0000 
    tns:  0

Best config: CDN_DP_region_0_0_c5 in Barrett: area: 8608137080 , DP = 2  Mux = 1  other = 1  sg = very_fast
    wns: 0  norm_wns:  -1.0000 
    tns:  0
  Smallest config area : 8608137080.  Fastest config wns;  0
##>+----------------------------------------------------------------------------------------------------------------------------------------------------------------+
##>Summary table of configs (Best config is CDN_DP_region_0_0_c5)
##>+----------------------------------------------------------------------------------------------------------------------------------------------------------------+
##>                     0                  1                  2                  3                  4                  5                  6                  7            
##>+----------------------------------------------------------------------------------------------------------------------------------------------------------------+
##>           Area       8608137080        14425021790         8608137080        14425021790         8608137080         8608137080        14425021790        12390177505  
##>            WNS          +126.40            +197.00            +126.40            +197.00            +126.40            +126.40            +197.00            +217.90  
##>            TNS                0                  0                  0                  0                  0                  0                  0                  0  
##>    Num Rewrite                0                  0                  0                  0                  0                  0                  0                  0  
##>      Num Share                0                  0                  0                  0                  0                  0                  0                  0  
##>  Num Speculate                0                  0                  0                  0                  0                  0                  0                  0  
##>        Num CSA                0                  2                  0                  2                  0                  0                  2                  1  
##>         Num DP                2                  1                  2                  1                  2                  2                  1                  1  
##>        Num Mux                1                  1                  1                  1                  1                  1                  1                  1  
##>      Num other                1                  1                  1                  1                  1                  1                  1                  1  
##>     Runtime(s)                0                  0                  0                  0                  0                  0                  0                  1  
+----------------------------------------------------------------------------------------------------------------------------------------------------------------+
##>
##>
##>+-----------------------------------------------------------------------------------------------------------------------------------------------------------------------------------------------------+
##>Optimization Step DEBUG Table for config CDN_DP_region_0_0_c5
##>
##>                          Step                        Area   (  % Chg)         WNS (Change)          TNS (Change)                Power   (  % Chg)        Runtime (s)        Comment                   
##>+-----------------------------------------------------------------------------------------------------------------------------------------------------------------------------------------------------+
##>createMaxCarrySave              START             8608137080 (       )      126.40 (        )          0 (        )                    0 (       )              
##> datapath_rewrite_one_def       START             8608137080 (  +0.00)      126.40 (   +0.00)          0 (       0)                    0 (  +0.00)              
##>  fast_cse_elim                 START             8608137080 (  +0.00)      126.40 (   +0.00)          0 (       0)                    0 (  +0.00)              
##>                                  END             8608137080 (  +0.00)      126.40 (   +0.00)          0 (       0)                    0 (  +0.00)           0  
##>  fast_cse_elim                 START             8608137080 (  +0.00)      126.40 (   +0.00)          0 (       0)                    0 (  +0.00)              
##>                                  END             8608137080 (  +0.00)      126.40 (   +0.00)          0 (       0)                    0 (  +0.00)           0  
##>                                  END             8608137080 (  +0.00)      126.40 (   +0.00)          0 (       0)                    0 (  +0.00)           0  
##> csa_opto                       START             8608137080 (  +0.00)      126.40 (   +0.00)          0 (       0)                    0 (  +0.00)              
##>                                  END             8608137080 (  +0.00)      126.40 (   +0.00)          0 (       0)                    0 (  +0.00)           0  
##>                                  END             8608137080 (  +0.00)      126.40 (   +0.00)          0 (       0)                    0 (  +0.00)           0  
##>canonicalize_by_names           START             8608137080 (  +0.00)      126.40 (   +0.00)          0 (       0)                    0 (  +0.00)              
##>                                  END             8608137080 (  +0.00)      126.40 (   +0.00)          0 (       0)                    0 (  +0.00)           0  
##>datapath_rewrite_post_csa_one_  START             8608137080 (  +0.00)      126.40 (   +0.00)          0 (       0)                    0 (  +0.00)              
##> rewrite                        START             8608137080 (  +0.00)      126.40 (   +0.00)          0 (       0)                    0 (  +0.00)              (na,csaa) base_comb_unsigned_sub_exs_sub_from --> comb_unsigned_sub_exs_sub_to
##>                                  END            12486060220 ( +45.05)      224.10 (  +97.70)          0 (       0)                    0 (  +0.00)           0  
##>                                  END             8608137080 (  +0.00)      126.40 (   +0.00)          0 (       0)                    0 (  +0.00)           0  
##>datapath_csa_factoring_one_gde  START             8608137080 (  +0.00)      126.40 (   +0.00)          0 (       0)                    0 (  +0.00)              
##>                                  END             8608137080 (  +0.00)      126.40 (   +0.00)          0 (       0)                    0 (  +0.00)           0  
##>dpopt_share_one_def             START             8608137080 (  +0.00)      126.40 (   +0.00)          0 (       0)                    0 (  +0.00)              
##>                                  END             8608137080 (  +0.00)      126.40 (   +0.00)          0 (       0)                    0 (  +0.00)           0  
##>datapath_rewrite_post_share     START             8608137080 (  +0.00)      126.40 (   +0.00)          0 (       0)                    0 (  +0.00)              
##>                                  END             8608137080 (  +0.00)      126.40 (   +0.00)          0 (       0)                    0 (  +0.00)           0  
##>dp_combine_const_mult_with_com  START             8608137080 (  +0.00)      126.40 (   +0.00)          0 (       0)                    0 (  +0.00)              
##>                                  END             8608137080 (  +0.00)      126.40 (   +0.00)          0 (       0)                    0 (  +0.00)           0  
##>dp_operator_level_decompositio  START             8608137080 (  +0.00)      126.40 (   +0.00)          0 (       0)                    0 (  +0.00)              
##>                                  END             8608137080 (  +0.00)      126.40 (   +0.00)          0 (       0)                    0 (  +0.00)           0  
##>selective_flatten_dp_config     START             8608137080 (  +0.00)      126.40 (   +0.00)          0 (       0)                    0 (  +0.00)              
##>                                  END             8608137080 (  +0.00)      126.40 (   +0.00)          0 (       0)                    0 (  +0.00)           0  
##>createMaxCarrySave              START             8608137080 (  +0.00)      126.40 (   +0.00)          0 (       0)                    0 (  +0.00)              
##> datapath_rewrite_one_def       START             8608137080 (  +0.00)      126.40 (   +0.00)          0 (       0)                    0 (  +0.00)              
##>  fast_cse_elim                 START             8608137080 (  +0.00)      126.40 (   +0.00)          0 (       0)                    0 (  +0.00)              
##>                                  END             8608137080 (  +0.00)      126.40 (   +0.00)          0 (       0)                    0 (  +0.00)           0  
##>  fast_cse_elim                 START             8608137080 (  +0.00)      126.40 (   +0.00)          0 (       0)                    0 (  +0.00)              
##>                                  END             8608137080 (  +0.00)      126.40 (   +0.00)          0 (       0)                    0 (  +0.00)           0  
##>                                  END             8608137080 (  +0.00)      126.40 (   +0.00)          0 (       0)                    0 (  +0.00)           0  
##> csa_opto                       START             8608137080 (  +0.00)      126.40 (   +0.00)          0 (       0)                    0 (  +0.00)              
##>                                  END             8608137080 (  +0.00)      126.40 (   +0.00)          0 (       0)                    0 (  +0.00)           0  
##>                                  END             8608137080 (  +0.00)      126.40 (   +0.00)          0 (       0)                    0 (  +0.00)           0  
##>context_based_simplify          START             8608137080 (  +0.00)      126.40 (   +0.00)          0 (       0)                    0 (  +0.00)              
##>                                  END             8608137080 (  +0.00)      126.40 (   +0.00)          0 (       0)                    0 (  +0.00)           0  
##>group_csa_final_adder_dp        START             8608137080 (  +0.00)      126.40 (   +0.00)          0 (       0)                    0 (  +0.00)              
##>                                  END             8608137080 (  +0.00)      126.40 (   +0.00)          0 (       0)                    0 (  +0.00)           0  
##>dpopt_flatten_critical_muxes_i  START             8608137080 (  +0.00)      126.40 (   +0.00)          0 (       0)                    0 (  +0.00)              
##>                                  END             8608137080 (  +0.00)      126.40 (   +0.00)          0 (       0)                    0 (  +0.00)           0  
##>create_score                    START             8608137080 (  +0.00)      126.40 (   +0.00)          0 (       0)                    0 (  +0.00)              
##>                                  END             8608137080 (  +0.00)      126.40 (   +0.00)          0 (       0)                    0 (  +0.00)           0  
##>+-----------------------------------------------------------------------------------------------------------------------------------------------------------------------------------------------------+
Committed config: CDN_DP_region_0_0_c5
Info    : Done implementing datapath configurations. [DPOPT-4]
        : Selected 'very_fast' configuration 5 for module 'CDN_DP_region_0_0_c5'.
          Optimizations applied to 'very_fast' configuration:
            rewriting(0), factoring(0), sharing(0), cmultcse(0), downsizing(0), speculation(0)
Warning : Maximum message print count reached. [MESG-11]
        : Maximum print count of '20' reached for message 'DPOPT-3'.
  CSAGen Prep Share:0 Re-Write:0 Speculation: 0

CDN_DP_region_1_2 level = 0 loads = 0 drivers = 0
CDN_DP_region_1_2_c0 in Barrett_118: area: 16076335215 , DP = 3  sg = slow     
    wns: 0  norm_wns:  -1.0000 
    tns:  0
 skipped
CDN_DP_region_1_2_c1 in Barrett_118: area: 14254563630 , CSA = 1  DP = 1  sg = fast     
    wns: 0  norm_wns:  -1.0000 
    tns:  0
 is current best
CDN_DP_region_1_2_c2 in Barrett_118: area: 14254563630 , CSA = 1  DP = 1  sg = very_slow
    wns: 0  norm_wns:  -1.0000 
    tns:  0
 is current best
CDN_DP_region_1_2_c3 in Barrett_118: area: 14254563630 , CSA = 1  DP = 1  sg = very_fast
    wns: 0  norm_wns:  -1.0000 
    tns:  0
 is current best
CDN_DP_region_1_2_c4 in Barrett_118: area: 14254563630 , CSA = 1  DP = 1  sg = very_fast
    wns: 0  norm_wns:  -1.0000 
    tns:  0
 is current best
CDN_DP_region_1_2_c5 in Barrett_118: area: 14254563630 , CSA = 1  DP = 1  sg = very_fast
    wns: 0  norm_wns:  -1.0000 
    tns:  0
 is current best
CDN_DP_region_1_2_c6 in Barrett_118: area: 14254563630 , CSA = 1  DP = 1  sg = very_fast
    wns: 0  norm_wns:  -1.0000 
    tns:  0
 is current best
CDN_DP_region_1_2_c7 in Barrett_118: area: 14190641820 , CSA = 1  DP = 1  sg = very_fast
    wns: 0  norm_wns:  -1.0000 
    tns:  0
 is current best
Best config: CDN_DP_region_1_2_c7 in Barrett_118: area: 14190641820 , CSA = 1  DP = 1  sg = very_fast
    wns: 0  norm_wns:  -1.0000 
    tns:  0
  Smallest config area : 14190641820.  Fastest config wns;  0
##>+----------------------------------------------------------------------------------------------------------------------------------------------------------------+
##>Summary table of configs (Best config is CDN_DP_region_1_2_c7)
##>+----------------------------------------------------------------------------------------------------------------------------------------------------------------+
##>                     0                  1                  2                  3                  4                  5                  6                  7            
##>+----------------------------------------------------------------------------------------------------------------------------------------------------------------+
##>           Area      16076335215        14254563630        14254563630        14254563630        14254563630        14254563630        14254563630        14190641820  
##>            WNS           +70.50             +27.10             +27.10             +27.10             +27.10             +27.10             +27.10             +38.00  
##>            TNS                0                  0                  0                  0                  0                  0                  0                  0  
##>    Num Rewrite                0                  1                  1                  1                  1                  1                  1                  0  
##>      Num Share                0                  0                  0                  0                  0                  0                  0                  0  
##>  Num Speculate                0                  0                  0                  0                  0                  0                  0                  0  
##>        Num CSA                0                  1                  1                  1                  1                  1                  1                  1  
##>         Num DP                3                  1                  1                  1                  1                  1                  1                  1  
##>     Runtime(s)                0                  2                  1                  1                  1                  1                  1                  1  
+----------------------------------------------------------------------------------------------------------------------------------------------------------------+
##>
##>

CSA report for CDN_DP_region_1_2_c7, cover 0 
----------------------------
| POs | Operation    | FRC | 
----------------------------
| 1   | MULT_TC_OP_2 | -   | 
|     | ADD_TC_OP    | -   | 
----------------------------
---------------------------------------------------------------------------------------------------------
| Input/Output    | Driver     | Type | Reason        | Polarity | Bitwidth | Expression                | 
---------------------------------------------------------------------------------------------------------
| MULT_TC_OP_2[1] | in_23      | PI   | soft_op,      | signed   | 25       | {1'b0,in_23[23,0]}        | 
|                 |            |      | duplication   |          |          |                           | 
| ADD_TC_OP[1]    | MULT_TC_OP | PI   | sign_mismatch | signed   | 16       | {1'b0,MULT_TC_OP[27,13]}  | 
| ADD_TC_OP       | -          | PO   | -             | signed   | 35       | 1025*{1'b0,in_23[23,0]}   | 
|                 |            |      |               |          |          | +{1'b0,MULT_TC_OP[27,13]} | 
---------------------------------------------------------------------------------------------------------
 
##>+-----------------------------------------------------------------------------------------------------------------------------------------------------------------------------------------------------+
##>Optimization Step DEBUG Table for config CDN_DP_region_1_2_c7
##>
##>                          Step                        Area   (  % Chg)         WNS (Change)          TNS (Change)                Power   (  % Chg)        Runtime (s)        Comment                   
##>+-----------------------------------------------------------------------------------------------------------------------------------------------------------------------------------------------------+
##>EquationExtraction              START            16076335215 (       )       70.50 (        )          0 (        )                    0 (       )              
##> rewrite                        START            36808308925 (+128.96)      -32.90 ( -103.40)       7076 (    7076)                    0 (  +0.00)              (a,ar) Expr36_from --> Expr36_to
##>                                  END            76759440175 (+108.54)      -70.20 (  -37.30)       5852 (   -1224)                    0 (  +0.00)           0  
##>                                  END            60683104960 (+277.47)      -73.30 ( -143.80)       5614 (    5614)                    0 (  +0.00)           0  
##>createMaxCarrySave              START            60683104960 (  +0.00)      -73.30 (   +0.00)       5614 (       0)                    0 (  +0.00)              
##> datapath_rewrite_one_def       START            60683104960 (  +0.00)      -73.30 (   +0.00)       5614 (       0)                    0 (  +0.00)              
##>                                  END            60683104960 (  +0.00)      -73.30 (   +0.00)       5614 (       0)                    0 (  +0.00)           0  
##> csa_opto                       START            60683104960 (  +0.00)      -73.30 (   +0.00)       5614 (       0)                    0 (  +0.00)              
##>                                  END            15596921640 ( -74.30)       41.80 ( +115.10)          0 (   -5614)                    0 (  +0.00)           0  
##>                                  END            15596921640 ( -74.30)       41.80 ( +115.10)          0 (   -5614)                    0 (  +0.00)           0  
##>canonicalize_by_names           START            15596921640 (  +0.00)       41.80 (   +0.00)          0 (       0)                    0 (  +0.00)              
##>                                  END            15596921640 (  +0.00)       41.80 (   +0.00)          0 (       0)                    0 (  +0.00)           0  
##>datapath_rewrite_post_csa_one_  START            15596921640 (  +0.00)       41.80 (   +0.00)          0 (       0)                    0 (  +0.00)              
##>                                  END            15596921640 (  +0.00)       41.80 (   +0.00)          0 (       0)                    0 (  +0.00)           0  
##>datapath_csa_factoring_one_gde  START            15596921640 (  +0.00)       41.80 (   +0.00)          0 (       0)                    0 (  +0.00)              
##>                                  END            15596921640 (  +0.00)       41.80 (   +0.00)          0 (       0)                    0 (  +0.00)           0  
##>dpopt_share_one_def             START            15596921640 (  +0.00)       41.80 (   +0.00)          0 (       0)                    0 (  +0.00)              
##>                                  END            15596921640 (  +0.00)       41.80 (   +0.00)          0 (       0)                    0 (  +0.00)           0  
##>datapath_rewrite_post_share     START            15596921640 (  +0.00)       41.80 (   +0.00)          0 (       0)                    0 (  +0.00)              
##>                                  END            15596921640 (  +0.00)       41.80 (   +0.00)          0 (       0)                    0 (  +0.00)           0  
##>dp_combine_const_mult_with_com  START            15596921640 (  +0.00)       41.80 (   +0.00)          0 (       0)                    0 (  +0.00)              
##>                                  END            15596921640 (  +0.00)       41.80 (   +0.00)          0 (       0)                    0 (  +0.00)           0  
##>dp_operator_level_decompositio  START            15596921640 (  +0.00)       41.80 (   +0.00)          0 (       0)                    0 (  +0.00)              
##>                                  END            15596921640 (  +0.00)       41.80 (   +0.00)          0 (       0)                    0 (  +0.00)           0  
##>selective_flatten_dp_config     START            15596921640 (  +0.00)       41.80 (   +0.00)          0 (       0)                    0 (  +0.00)              
##>                                  END            15596921640 (  +0.00)       41.80 (   +0.00)          0 (       0)                    0 (  +0.00)           0  
##>createMaxCarrySave              START            15596921640 (  +0.00)       41.80 (   +0.00)          0 (       0)                    0 (  +0.00)              
##> datapath_rewrite_one_def       START            15596921640 (  +0.00)       41.80 (   +0.00)          0 (       0)                    0 (  +0.00)              
##>  fast_cse_elim                 START            15596921640 (  +0.00)       41.80 (   +0.00)          0 (       0)                    0 (  +0.00)              
##>                                  END            15596921640 (  +0.00)       41.80 (   +0.00)          0 (       0)                    0 (  +0.00)           0  
##>  fast_cse_elim                 START            15596921640 (  +0.00)       41.80 (   +0.00)          0 (       0)                    0 (  +0.00)              
##>                                  END            15596921640 (  +0.00)       41.80 (   +0.00)          0 (       0)                    0 (  +0.00)           0  
##>                                  END            15596921640 (  +0.00)       41.80 (   +0.00)          0 (       0)                    0 (  +0.00)           0  
##> csa_opto                       START            15596921640 (  +0.00)       41.80 (   +0.00)          0 (       0)                    0 (  +0.00)              
##>                                  END            15596921640 (  +0.00)       41.80 (   +0.00)          0 (       0)                    0 (  +0.00)           0  
##>                                  END            15596921640 (  +0.00)       41.80 (   +0.00)          0 (       0)                    0 (  +0.00)           0  
##>context_based_simplify          START            14190641820 (  -9.02)       44.20 (   +2.40)          0 (       0)                    0 (  +0.00)              
##>                                  END            14190641820 (  +0.00)       44.20 (   +0.00)          0 (       0)                    0 (  +0.00)           0  
##>group_csa_final_adder_dp        START            14190641820 (  +0.00)       44.20 (   +0.00)          0 (       0)                    0 (  +0.00)              
##>                                  END            14190641820 (  +0.00)       38.00 (   -6.20)          0 (       0)                    0 (  +0.00)           0  
##>dpopt_flatten_critical_muxes_i  START            14190641820 (  +0.00)       38.00 (   +0.00)          0 (       0)                    0 (  +0.00)              
##>                                  END            14190641820 (  +0.00)       38.00 (   +0.00)          0 (       0)                    0 (  +0.00)           0  
##>create_score                    START            14190641820 (  +0.00)       38.00 (   +0.00)          0 (       0)                    0 (  +0.00)              
##>                                  END            14190641820 (  +0.00)       38.00 (   +0.00)          0 (       0)                    0 (  +0.00)           0  
##>+-----------------------------------------------------------------------------------------------------------------------------------------------------------------------------------------------------+
Committed config: CDN_DP_region_1_2_c7
Warning : Maximum message print count reached. [MESG-11]
        : Maximum print count of '20' reached for message 'DPOPT-4'.
          Optimizations applied to 'very_fast' configuration:
            rewriting(0), factoring(0), sharing(0), cmultcse(0), downsizing(0), speculation(0)
  CSAGen Prep Share:0 Re-Write:0 Speculation: 0

CDN_DP_region_1_1 level = 0 loads = 0 drivers = 0
CDN_DP_region_1_1_c0 in Barrett_118: area: 7425583595 , DP = 2  sg = slow     
    wns: 0  norm_wns:  -1.0000 
    tns:  0
 skipped
CDN_DP_region_1_1_c1 in Barrett_118: area: 2098766095 , CSA = 1  sg = fast     
    wns: 0  norm_wns:  -1.0000 
    tns:  0
 is current best
CDN_DP_region_1_1_c2 in Barrett_118: area: 2098766095 , CSA = 1  sg = very_slow
    wns: 0  norm_wns:  -1.0000 
    tns:  0
 is current best
CDN_DP_region_1_1_c3 in Barrett_118: area: 2098766095 , CSA = 1  sg = very_fast
    wns: 0  norm_wns:  -1.0000 
    tns:  0
 is current best
CDN_DP_region_1_1_c4 in Barrett_118: area: 2098766095 , CSA = 1  sg = very_fast
    wns: 0  norm_wns:  -1.0000 
    tns:  0
 is current best
CDN_DP_region_1_1_c5 in Barrett_118: area: 2098766095 , CSA = 1  sg = very_fast
    wns: 0  norm_wns:  -1.0000 
    tns:  0
 is current best
CDN_DP_region_1_1_c6 in Barrett_118: area: 2098766095 , CSA = 1  sg = very_fast
    wns: 0  norm_wns:  -1.0000 
    tns:  0
 is current best
CDN_DP_region_1_1_c7 in Barrett_118: area: 2098766095 , CSA = 1  sg = very_fast
    wns: 0  norm_wns:  -1.0000 
    tns:  0
 is current best
Best config: CDN_DP_region_1_1_c7 in Barrett_118: area: 2098766095 , CSA = 1  sg = very_fast
    wns: 0  norm_wns:  -1.0000 
    tns:  0
  Smallest config area : 2098766095.  Fastest config wns;  0
##>+----------------------------------------------------------------------------------------------------------------------------------------------------------------+
##>Summary table of configs (Best config is CDN_DP_region_1_1_c7)
##>+----------------------------------------------------------------------------------------------------------------------------------------------------------------+
##>                     0                  1                  2                  3                  4                  5                  6                  7            
##>+----------------------------------------------------------------------------------------------------------------------------------------------------------------+
##>           Area       7425583595         2098766095         2098766095         2098766095         2098766095         2098766095         2098766095         2098766095  
##>            WNS          +213.90            +272.40            +272.40            +272.40            +272.40            +272.40            +272.40            +271.30  
##>            TNS                0                  0                  0                  0                  0                  0                  0                  0  
##>    Num Rewrite                0                  0                  0                  0                  0                  0                  0                  0  
##>      Num Share                0                  0                  0                  0                  0                  0                  0                  0  
##>  Num Speculate                0                  0                  0                  0                  0                  0                  0                  0  
##>        Num CSA                0                  1                  1                  1                  1                  1                  1                  1  
##>         Num DP                2                  0                  0                  0                  0                  0                  0                  0  
##>     Runtime(s)                0                  0                  0                  0                  0                  0                  0                  0  
+----------------------------------------------------------------------------------------------------------------------------------------------------------------+
##>
##>

CSA report for CDN_DP_region_1_1_c7, cover 0 
-------------------------
| POs | Operation | FRC | 
-------------------------
| 1   | ADD_TC_OP | -   | 
|     | SUB_TC_OP | -   | 
-------------------------
---------------------------------------------------------------------------------------
| Input/Output | Driver | Type | Reason | Polarity | Bitwidth | Expression            | 
---------------------------------------------------------------------------------------
| ADD_TC_OP[0] | in_23  | PI   | -      | signed   | 11       | in_23<<10             | 
| ADD_TC_OP[1] | in_10  | PI   | -      | signed   | 11       | in_10[10,0]           | 
| SUB_TC_OP[1] | in_23  | PI   | -      | signed   | 11       | in_23[10,0]           | 
| SUB_TC_OP    | -      | PO   | -      | signed   | 11       | in_23<<10+in_10[10,0] | 
|              |        |      |        |          |          | -in_23[10,0]          | 
---------------------------------------------------------------------------------------
 
##>+-----------------------------------------------------------------------------------------------------------------------------------------------------------------------------------------------------+
##>Optimization Step DEBUG Table for config CDN_DP_region_1_1_c7
##>
##>                          Step                        Area   (  % Chg)         WNS (Change)          TNS (Change)                Power   (  % Chg)        Runtime (s)        Comment                   
##>+-----------------------------------------------------------------------------------------------------------------------------------------------------------------------------------------------------+
##>EquationExtraction              START             7425583595 (       )      213.90 (        )          0 (        )                    0 (       )              
##> rewrite                        START            10046377805 ( +35.29)      246.20 (  +32.30)          0 (       0)                    0 (  +0.00)              (a,ar) Expr37_from --> Expr37_to
##>                                  END            11324814005 ( +12.73)      224.50 (  -21.70)          0 (       0)                    0 (  +0.00)           0  
##>                                  END             3899230410 ( -47.49)      206.90 (   -7.00)          0 (       0)                    0 (  +0.00)           0  
##>createMaxCarrySave              START             3899230410 (  +0.00)      206.90 (   +0.00)          0 (       0)                    0 (  +0.00)              
##> datapath_rewrite_one_def       START             3899230410 (  +0.00)      206.90 (   +0.00)          0 (       0)                    0 (  +0.00)              
##>                                  END             3899230410 (  +0.00)      206.90 (   +0.00)          0 (       0)                    0 (  +0.00)           0  
##> csa_opto                       START             3899230410 (  +0.00)      206.90 (   +0.00)          0 (       0)                    0 (  +0.00)              
##>                                  END             2141380635 ( -45.08)      282.10 (  +75.20)          0 (       0)                    0 (  +0.00)           0  
##>                                  END             2141380635 ( -45.08)      282.10 (  +75.20)          0 (       0)                    0 (  +0.00)           0  
##>canonicalize_by_names           START             2141380635 (  +0.00)      282.10 (   +0.00)          0 (       0)                    0 (  +0.00)              
##>                                  END             2141380635 (  +0.00)      282.10 (   +0.00)          0 (       0)                    0 (  +0.00)           0  
##>datapath_rewrite_post_csa_one_  START             2141380635 (  +0.00)      282.10 (   +0.00)          0 (       0)                    0 (  +0.00)              
##>                                  END             2141380635 (  +0.00)      282.10 (   +0.00)          0 (       0)                    0 (  +0.00)           0  
##>datapath_csa_factoring_one_gde  START             2141380635 (  +0.00)      282.10 (   +0.00)          0 (       0)                    0 (  +0.00)              
##>                                  END             2141380635 (  +0.00)      282.10 (   +0.00)          0 (       0)                    0 (  +0.00)           0  
##>dpopt_share_one_def             START             2141380635 (  +0.00)      282.10 (   +0.00)          0 (       0)                    0 (  +0.00)              
##>                                  END             2141380635 (  +0.00)      282.10 (   +0.00)          0 (       0)                    0 (  +0.00)           0  
##>datapath_rewrite_post_share     START             2141380635 (  +0.00)      282.10 (   +0.00)          0 (       0)                    0 (  +0.00)              
##>                                  END             2141380635 (  +0.00)      282.10 (   +0.00)          0 (       0)                    0 (  +0.00)           0  
##>dp_combine_const_mult_with_com  START             2141380635 (  +0.00)      282.10 (   +0.00)          0 (       0)                    0 (  +0.00)              
##>                                  END             2141380635 (  +0.00)      282.10 (   +0.00)          0 (       0)                    0 (  +0.00)           0  
##>dp_operator_level_decompositio  START             2141380635 (  +0.00)      282.10 (   +0.00)          0 (       0)                    0 (  +0.00)              
##>                                  END             2141380635 (  +0.00)      282.10 (   +0.00)          0 (       0)                    0 (  +0.00)           0  
##>selective_flatten_dp_config     START             2141380635 (  +0.00)      282.10 (   +0.00)          0 (       0)                    0 (  +0.00)              
##>                                  END             2141380635 (  +0.00)      282.10 (   +0.00)          0 (       0)                    0 (  +0.00)           0  
##>createMaxCarrySave              START             2141380635 (  +0.00)      282.10 (   +0.00)          0 (       0)                    0 (  +0.00)              
##> datapath_rewrite_one_def       START             2141380635 (  +0.00)      282.10 (   +0.00)          0 (       0)                    0 (  +0.00)              
##>  fast_cse_elim                 START             2141380635 (  +0.00)      282.10 (   +0.00)          0 (       0)                    0 (  +0.00)              
##>                                  END             2141380635 (  +0.00)      282.10 (   +0.00)          0 (       0)                    0 (  +0.00)           0  
##>  fast_cse_elim                 START             2141380635 (  +0.00)      282.10 (   +0.00)          0 (       0)                    0 (  +0.00)              
##>                                  END             2141380635 (  +0.00)      282.10 (   +0.00)          0 (       0)                    0 (  +0.00)           0  
##>                                  END             2141380635 (  +0.00)      282.10 (   +0.00)          0 (       0)                    0 (  +0.00)           0  
##> csa_opto                       START             2141380635 (  +0.00)      282.10 (   +0.00)          0 (       0)                    0 (  +0.00)              
##>                                  END             2141380635 (  +0.00)      282.10 (   +0.00)          0 (       0)                    0 (  +0.00)           0  
##>                                  END             2141380635 (  +0.00)      282.10 (   +0.00)          0 (       0)                    0 (  +0.00)           0  
##>context_based_simplify          START             2098766095 (  -1.99)      282.10 (   +0.00)          0 (       0)                    0 (  +0.00)              
##>                                  END             2098766095 (  +0.00)      282.10 (   +0.00)          0 (       0)                    0 (  +0.00)           0  
##>group_csa_final_adder_dp        START             2098766095 (  +0.00)      282.10 (   +0.00)          0 (       0)                    0 (  +0.00)              
##>                                  END             3387855930 ( +61.42)      238.20 (  -43.90)          0 (       0)                    0 (  +0.00)           0  
##>dpopt_flatten_critical_muxes_i  START             3387855930 (  +0.00)      238.20 (   +0.00)          0 (       0)                    0 (  +0.00)              
##>                                  END             3387855930 (  +0.00)      238.20 (   +0.00)          0 (       0)                    0 (  +0.00)           0  
##>create_score                    START             2098766095 ( -38.05)      271.30 (  +33.10)          0 (       0)                    0 (  +0.00)              
##>                                  END             2098766095 (  +0.00)      271.30 (   +0.00)          0 (       0)                    0 (  +0.00)           0  
##>+-----------------------------------------------------------------------------------------------------------------------------------------------------------------------------------------------------+
Committed config: CDN_DP_region_1_1_c7
          Optimizations applied to 'very_fast' configuration:
            rewriting(0), factoring(0), sharing(0), cmultcse(0), downsizing(0), speculation(0)
  CSAGen Prep Share:0 Re-Write:0 Speculation: 0

CDN_DP_region_2_2 level = 0 loads = 0 drivers = 0
CDN_DP_region_2_2_c0 in Barrett_119: area: 16076335215 , DP = 3  sg = slow     
    wns: 0  norm_wns:  -1.0000 
    tns:  0
 skipped
CDN_DP_region_2_2_c1 in Barrett_119: area: 14254563630 , CSA = 1  DP = 1  sg = fast     
    wns: 0  norm_wns:  -1.0000 
    tns:  0
 is current best
CDN_DP_region_2_2_c2 in Barrett_119: area: 14254563630 , CSA = 1  DP = 1  sg = very_slow
    wns: 0  norm_wns:  -1.0000 
    tns:  0
 is current best
CDN_DP_region_2_2_c3 in Barrett_119: area: 14254563630 , CSA = 1  DP = 1  sg = very_fast
    wns: 0  norm_wns:  -1.0000 
    tns:  0
 is current best
CDN_DP_region_2_2_c4 in Barrett_119: area: 14254563630 , CSA = 1  DP = 1  sg = very_fast
    wns: 0  norm_wns:  -1.0000 
    tns:  0
 is current best
CDN_DP_region_2_2_c5 in Barrett_119: area: 14254563630 , CSA = 1  DP = 1  sg = very_fast
    wns: 0  norm_wns:  -1.0000 
    tns:  0
 is current best
CDN_DP_region_2_2_c6 in Barrett_119: area: 14254563630 , CSA = 1  DP = 1  sg = very_fast
    wns: 0  norm_wns:  -1.0000 
    tns:  0
 is current best
CDN_DP_region_2_2_c7 in Barrett_119: area: 14190641820 , CSA = 1  DP = 1  sg = very_fast
    wns: 0  norm_wns:  -1.0000 
    tns:  0
 is current best
Best config: CDN_DP_region_2_2_c7 in Barrett_119: area: 14190641820 , CSA = 1  DP = 1  sg = very_fast
    wns: 0  norm_wns:  -1.0000 
    tns:  0
  Smallest config area : 14190641820.  Fastest config wns;  0
##>+----------------------------------------------------------------------------------------------------------------------------------------------------------------+
##>Summary table of configs (Best config is CDN_DP_region_2_2_c7)
##>+----------------------------------------------------------------------------------------------------------------------------------------------------------------+
##>                     0                  1                  2                  3                  4                  5                  6                  7            
##>+----------------------------------------------------------------------------------------------------------------------------------------------------------------+
##>           Area      16076335215        14254563630        14254563630        14254563630        14254563630        14254563630        14254563630        14190641820  
##>            WNS           +70.50             +27.10             +27.10             +27.10             +27.10             +27.10             +27.10             +38.00  
##>            TNS                0                  0                  0                  0                  0                  0                  0                  0  
##>    Num Rewrite                0                  1                  1                  1                  1                  1                  1                  0  
##>      Num Share                0                  0                  0                  0                  0                  0                  0                  0  
##>  Num Speculate                0                  0                  0                  0                  0                  0                  0                  0  
##>        Num CSA                0                  1                  1                  1                  1                  1                  1                  1  
##>         Num DP                3                  1                  1                  1                  1                  1                  1                  1  
##>     Runtime(s)                0                  1                  1                  1                  1                  1                  1                  1  
+----------------------------------------------------------------------------------------------------------------------------------------------------------------+
##>
##>

CSA report for CDN_DP_region_2_2_c7, cover 0 
----------------------------
| POs | Operation    | FRC | 
----------------------------
| 1   | MULT_TC_OP_2 | -   | 
|     | ADD_TC_OP    | -   | 
----------------------------
---------------------------------------------------------------------------------------------------------
| Input/Output    | Driver     | Type | Reason        | Polarity | Bitwidth | Expression                | 
---------------------------------------------------------------------------------------------------------
| MULT_TC_OP_2[1] | in_23      | PI   | soft_op,      | signed   | 25       | {1'b0,in_23[23,0]}        | 
|                 |            |      | duplication   |          |          |                           | 
| ADD_TC_OP[1]    | MULT_TC_OP | PI   | sign_mismatch | signed   | 16       | {1'b0,MULT_TC_OP[27,13]}  | 
| ADD_TC_OP       | -          | PO   | -             | signed   | 35       | 1025*{1'b0,in_23[23,0]}   | 
|                 |            |      |               |          |          | +{1'b0,MULT_TC_OP[27,13]} | 
---------------------------------------------------------------------------------------------------------
 
##>+-----------------------------------------------------------------------------------------------------------------------------------------------------------------------------------------------------+
##>Optimization Step DEBUG Table for config CDN_DP_region_2_2_c7
##>
##>                          Step                        Area   (  % Chg)         WNS (Change)          TNS (Change)                Power   (  % Chg)        Runtime (s)        Comment                   
##>+-----------------------------------------------------------------------------------------------------------------------------------------------------------------------------------------------------+
##>EquationExtraction              START            16076335215 (       )       70.50 (        )          0 (        )                    0 (       )              
##> rewrite                        START            36808308925 (+128.96)      -32.90 ( -103.40)       7076 (    7076)                    0 (  +0.00)              (a,ar) Expr38_from --> Expr38_to
##>                                  END            76759440175 (+108.54)      -70.20 (  -37.30)       5852 (   -1224)                    0 (  +0.00)           0  
##>                                  END            60683104960 (+277.47)      -73.30 ( -143.80)       5614 (    5614)                    0 (  +0.00)           0  
##>createMaxCarrySave              START            60683104960 (  +0.00)      -73.30 (   +0.00)       5614 (       0)                    0 (  +0.00)              
##> datapath_rewrite_one_def       START            60683104960 (  +0.00)      -73.30 (   +0.00)       5614 (       0)                    0 (  +0.00)              
##>                                  END            60683104960 (  +0.00)      -73.30 (   +0.00)       5614 (       0)                    0 (  +0.00)           0  
##> csa_opto                       START            60683104960 (  +0.00)      -73.30 (   +0.00)       5614 (       0)                    0 (  +0.00)              
##>                                  END            15596921640 ( -74.30)       41.80 ( +115.10)          0 (   -5614)                    0 (  +0.00)           0  
##>                                  END            15596921640 ( -74.30)       41.80 ( +115.10)          0 (   -5614)                    0 (  +0.00)           0  
##>canonicalize_by_names           START            15596921640 (  +0.00)       41.80 (   +0.00)          0 (       0)                    0 (  +0.00)              
##>                                  END            15596921640 (  +0.00)       41.80 (   +0.00)          0 (       0)                    0 (  +0.00)           0  
##>datapath_rewrite_post_csa_one_  START            15596921640 (  +0.00)       41.80 (   +0.00)          0 (       0)                    0 (  +0.00)              
##>                                  END            15596921640 (  +0.00)       41.80 (   +0.00)          0 (       0)                    0 (  +0.00)           0  
##>datapath_csa_factoring_one_gde  START            15596921640 (  +0.00)       41.80 (   +0.00)          0 (       0)                    0 (  +0.00)              
##>                                  END            15596921640 (  +0.00)       41.80 (   +0.00)          0 (       0)                    0 (  +0.00)           0  
##>dpopt_share_one_def             START            15596921640 (  +0.00)       41.80 (   +0.00)          0 (       0)                    0 (  +0.00)              
##>                                  END            15596921640 (  +0.00)       41.80 (   +0.00)          0 (       0)                    0 (  +0.00)           0  
##>datapath_rewrite_post_share     START            15596921640 (  +0.00)       41.80 (   +0.00)          0 (       0)                    0 (  +0.00)              
##>                                  END            15596921640 (  +0.00)       41.80 (   +0.00)          0 (       0)                    0 (  +0.00)           0  
##>dp_combine_const_mult_with_com  START            15596921640 (  +0.00)       41.80 (   +0.00)          0 (       0)                    0 (  +0.00)              
##>                                  END            15596921640 (  +0.00)       41.80 (   +0.00)          0 (       0)                    0 (  +0.00)           0  
##>dp_operator_level_decompositio  START            15596921640 (  +0.00)       41.80 (   +0.00)          0 (       0)                    0 (  +0.00)              
##>                                  END            15596921640 (  +0.00)       41.80 (   +0.00)          0 (       0)                    0 (  +0.00)           0  
##>selective_flatten_dp_config     START            15596921640 (  +0.00)       41.80 (   +0.00)          0 (       0)                    0 (  +0.00)              
##>                                  END            15596921640 (  +0.00)       41.80 (   +0.00)          0 (       0)                    0 (  +0.00)           0  
##>createMaxCarrySave              START            15596921640 (  +0.00)       41.80 (   +0.00)          0 (       0)                    0 (  +0.00)              
##> datapath_rewrite_one_def       START            15596921640 (  +0.00)       41.80 (   +0.00)          0 (       0)                    0 (  +0.00)              
##>  fast_cse_elim                 START            15596921640 (  +0.00)       41.80 (   +0.00)          0 (       0)                    0 (  +0.00)              
##>                                  END            15596921640 (  +0.00)       41.80 (   +0.00)          0 (       0)                    0 (  +0.00)           0  
##>  fast_cse_elim                 START            15596921640 (  +0.00)       41.80 (   +0.00)          0 (       0)                    0 (  +0.00)              
##>                                  END            15596921640 (  +0.00)       41.80 (   +0.00)          0 (       0)                    0 (  +0.00)           0  
##>                                  END            15596921640 (  +0.00)       41.80 (   +0.00)          0 (       0)                    0 (  +0.00)           0  
##> csa_opto                       START            15596921640 (  +0.00)       41.80 (   +0.00)          0 (       0)                    0 (  +0.00)              
##>                                  END            15596921640 (  +0.00)       41.80 (   +0.00)          0 (       0)                    0 (  +0.00)           0  
##>                                  END            15596921640 (  +0.00)       41.80 (   +0.00)          0 (       0)                    0 (  +0.00)           0  
##>context_based_simplify          START            14190641820 (  -9.02)       44.20 (   +2.40)          0 (       0)                    0 (  +0.00)              
##>                                  END            14190641820 (  +0.00)       44.20 (   +0.00)          0 (       0)                    0 (  +0.00)           0  
##>group_csa_final_adder_dp        START            14190641820 (  +0.00)       44.20 (   +0.00)          0 (       0)                    0 (  +0.00)              
##>                                  END            14190641820 (  +0.00)       38.00 (   -6.20)          0 (       0)                    0 (  +0.00)           0  
##>dpopt_flatten_critical_muxes_i  START            14190641820 (  +0.00)       38.00 (   +0.00)          0 (       0)                    0 (  +0.00)              
##>                                  END            14190641820 (  +0.00)       38.00 (   +0.00)          0 (       0)                    0 (  +0.00)           0  
##>create_score                    START            14190641820 (  +0.00)       38.00 (   +0.00)          0 (       0)                    0 (  +0.00)              
##>                                  END            14190641820 (  +0.00)       38.00 (   +0.00)          0 (       0)                    0 (  +0.00)           0  
##>+-----------------------------------------------------------------------------------------------------------------------------------------------------------------------------------------------------+
Committed config: CDN_DP_region_2_2_c7
          Optimizations applied to 'very_fast' configuration:
            rewriting(0), factoring(0), sharing(0), cmultcse(0), downsizing(0), speculation(0)
  CSAGen Prep Share:0 Re-Write:0 Speculation: 0

CDN_DP_region_2_1 level = 0 loads = 0 drivers = 0
CDN_DP_region_2_1_c0 in Barrett_119: area: 7425583595 , DP = 2  sg = slow     
    wns: 0  norm_wns:  -1.0000 
    tns:  0
 skipped
CDN_DP_region_2_1_c1 in Barrett_119: area: 2098766095 , CSA = 1  sg = fast     
    wns: 0  norm_wns:  -1.0000 
    tns:  0
 is current best
CDN_DP_region_2_1_c2 in Barrett_119: area: 2098766095 , CSA = 1  sg = very_slow
    wns: 0  norm_wns:  -1.0000 
    tns:  0
 is current best
CDN_DP_region_2_1_c3 in Barrett_119: area: 2098766095 , CSA = 1  sg = very_fast
    wns: 0  norm_wns:  -1.0000 
    tns:  0
 is current best
CDN_DP_region_2_1_c4 in Barrett_119: area: 2098766095 , CSA = 1  sg = very_fast
    wns: 0  norm_wns:  -1.0000 
    tns:  0
 is current best
CDN_DP_region_2_1_c5 in Barrett_119: area: 2098766095 , CSA = 1  sg = very_fast
    wns: 0  norm_wns:  -1.0000 
    tns:  0
 is current best
CDN_DP_region_2_1_c6 in Barrett_119: area: 2098766095 , CSA = 1  sg = very_fast
    wns: 0  norm_wns:  -1.0000 
    tns:  0
 is current best
CDN_DP_region_2_1_c7 in Barrett_119: area: 2098766095 , CSA = 1  sg = very_fast
    wns: 0  norm_wns:  -1.0000 
    tns:  0
 is current best
Best config: CDN_DP_region_2_1_c7 in Barrett_119: area: 2098766095 , CSA = 1  sg = very_fast
    wns: 0  norm_wns:  -1.0000 
    tns:  0
  Smallest config area : 2098766095.  Fastest config wns;  0
##>+----------------------------------------------------------------------------------------------------------------------------------------------------------------+
##>Summary table of configs (Best config is CDN_DP_region_2_1_c7)
##>+----------------------------------------------------------------------------------------------------------------------------------------------------------------+
##>                     0                  1                  2                  3                  4                  5                  6                  7            
##>+----------------------------------------------------------------------------------------------------------------------------------------------------------------+
##>           Area       7425583595         2098766095         2098766095         2098766095         2098766095         2098766095         2098766095         2098766095  
##>            WNS          +213.90            +272.40            +272.40            +272.40            +272.40            +272.40            +272.40            +271.30  
##>            TNS                0                  0                  0                  0                  0                  0                  0                  0  
##>    Num Rewrite                0                  0                  0                  0                  0                  0                  0                  0  
##>      Num Share                0                  0                  0                  0                  0                  0                  0                  0  
##>  Num Speculate                0                  0                  0                  0                  0                  0                  0                  0  
##>        Num CSA                0                  1                  1                  1                  1                  1                  1                  1  
##>         Num DP                2                  0                  0                  0                  0                  0                  0                  0  
##>     Runtime(s)                0                  0                  0                  0                  0                  0                  0                  0  
+----------------------------------------------------------------------------------------------------------------------------------------------------------------+
##>
##>

CSA report for CDN_DP_region_2_1_c7, cover 0 
-------------------------
| POs | Operation | FRC | 
-------------------------
| 1   | ADD_TC_OP | -   | 
|     | SUB_TC_OP | -   | 
-------------------------
---------------------------------------------------------------------------------------
| Input/Output | Driver | Type | Reason | Polarity | Bitwidth | Expression            | 
---------------------------------------------------------------------------------------
| ADD_TC_OP[0] | in_23  | PI   | -      | signed   | 11       | in_23<<10             | 
| ADD_TC_OP[1] | in_10  | PI   | -      | signed   | 11       | in_10[10,0]           | 
| SUB_TC_OP[1] | in_23  | PI   | -      | signed   | 11       | in_23[10,0]           | 
| SUB_TC_OP    | -      | PO   | -      | signed   | 11       | in_23<<10+in_10[10,0] | 
|              |        |      |        |          |          | -in_23[10,0]          | 
---------------------------------------------------------------------------------------
 
##>+-----------------------------------------------------------------------------------------------------------------------------------------------------------------------------------------------------+
##>Optimization Step DEBUG Table for config CDN_DP_region_2_1_c7
##>
##>                          Step                        Area   (  % Chg)         WNS (Change)          TNS (Change)                Power   (  % Chg)        Runtime (s)        Comment                   
##>+-----------------------------------------------------------------------------------------------------------------------------------------------------------------------------------------------------+
##>EquationExtraction              START             7425583595 (       )      213.90 (        )          0 (        )                    0 (       )              
##> rewrite                        START            10046377805 ( +35.29)      246.20 (  +32.30)          0 (       0)                    0 (  +0.00)              (a,ar) Expr39_from --> Expr39_to
##>                                  END            11324814005 ( +12.73)      224.50 (  -21.70)          0 (       0)                    0 (  +0.00)           0  
##>                                  END             3899230410 ( -47.49)      206.90 (   -7.00)          0 (       0)                    0 (  +0.00)           0  
##>createMaxCarrySave              START             3899230410 (  +0.00)      206.90 (   +0.00)          0 (       0)                    0 (  +0.00)              
##> datapath_rewrite_one_def       START             3899230410 (  +0.00)      206.90 (   +0.00)          0 (       0)                    0 (  +0.00)              
##>                                  END             3899230410 (  +0.00)      206.90 (   +0.00)          0 (       0)                    0 (  +0.00)           0  
##> csa_opto                       START             3899230410 (  +0.00)      206.90 (   +0.00)          0 (       0)                    0 (  +0.00)              
##>                                  END             2141380635 ( -45.08)      282.10 (  +75.20)          0 (       0)                    0 (  +0.00)           0  
##>                                  END             2141380635 ( -45.08)      282.10 (  +75.20)          0 (       0)                    0 (  +0.00)           0  
##>canonicalize_by_names           START             2141380635 (  +0.00)      282.10 (   +0.00)          0 (       0)                    0 (  +0.00)              
##>                                  END             2141380635 (  +0.00)      282.10 (   +0.00)          0 (       0)                    0 (  +0.00)           0  
##>datapath_rewrite_post_csa_one_  START             2141380635 (  +0.00)      282.10 (   +0.00)          0 (       0)                    0 (  +0.00)              
##>                                  END             2141380635 (  +0.00)      282.10 (   +0.00)          0 (       0)                    0 (  +0.00)           0  
##>datapath_csa_factoring_one_gde  START             2141380635 (  +0.00)      282.10 (   +0.00)          0 (       0)                    0 (  +0.00)              
##>                                  END             2141380635 (  +0.00)      282.10 (   +0.00)          0 (       0)                    0 (  +0.00)           0  
##>dpopt_share_one_def             START             2141380635 (  +0.00)      282.10 (   +0.00)          0 (       0)                    0 (  +0.00)              
##>                                  END             2141380635 (  +0.00)      282.10 (   +0.00)          0 (       0)                    0 (  +0.00)           0  
##>datapath_rewrite_post_share     START             2141380635 (  +0.00)      282.10 (   +0.00)          0 (       0)                    0 (  +0.00)              
##>                                  END             2141380635 (  +0.00)      282.10 (   +0.00)          0 (       0)                    0 (  +0.00)           0  
##>dp_combine_const_mult_with_com  START             2141380635 (  +0.00)      282.10 (   +0.00)          0 (       0)                    0 (  +0.00)              
##>                                  END             2141380635 (  +0.00)      282.10 (   +0.00)          0 (       0)                    0 (  +0.00)           0  
##>dp_operator_level_decompositio  START             2141380635 (  +0.00)      282.10 (   +0.00)          0 (       0)                    0 (  +0.00)              
##>                                  END             2141380635 (  +0.00)      282.10 (   +0.00)          0 (       0)                    0 (  +0.00)           0  
##>selective_flatten_dp_config     START             2141380635 (  +0.00)      282.10 (   +0.00)          0 (       0)                    0 (  +0.00)              
##>                                  END             2141380635 (  +0.00)      282.10 (   +0.00)          0 (       0)                    0 (  +0.00)           0  
##>createMaxCarrySave              START             2141380635 (  +0.00)      282.10 (   +0.00)          0 (       0)                    0 (  +0.00)              
##> datapath_rewrite_one_def       START             2141380635 (  +0.00)      282.10 (   +0.00)          0 (       0)                    0 (  +0.00)              
##>  fast_cse_elim                 START             2141380635 (  +0.00)      282.10 (   +0.00)          0 (       0)                    0 (  +0.00)              
##>                                  END             2141380635 (  +0.00)      282.10 (   +0.00)          0 (       0)                    0 (  +0.00)           0  
##>  fast_cse_elim                 START             2141380635 (  +0.00)      282.10 (   +0.00)          0 (       0)                    0 (  +0.00)              
##>                                  END             2141380635 (  +0.00)      282.10 (   +0.00)          0 (       0)                    0 (  +0.00)           0  
##>                                  END             2141380635 (  +0.00)      282.10 (   +0.00)          0 (       0)                    0 (  +0.00)           0  
##> csa_opto                       START             2141380635 (  +0.00)      282.10 (   +0.00)          0 (       0)                    0 (  +0.00)              
##>                                  END             2141380635 (  +0.00)      282.10 (   +0.00)          0 (       0)                    0 (  +0.00)           0  
##>                                  END             2141380635 (  +0.00)      282.10 (   +0.00)          0 (       0)                    0 (  +0.00)           0  
##>context_based_simplify          START             2098766095 (  -1.99)      282.10 (   +0.00)          0 (       0)                    0 (  +0.00)              
##>                                  END             2098766095 (  +0.00)      282.10 (   +0.00)          0 (       0)                    0 (  +0.00)           0  
##>group_csa_final_adder_dp        START             2098766095 (  +0.00)      282.10 (   +0.00)          0 (       0)                    0 (  +0.00)              
##>                                  END             3387855930 ( +61.42)      238.20 (  -43.90)          0 (       0)                    0 (  +0.00)           0  
##>dpopt_flatten_critical_muxes_i  START             3387855930 (  +0.00)      238.20 (   +0.00)          0 (       0)                    0 (  +0.00)              
##>                                  END             3387855930 (  +0.00)      238.20 (   +0.00)          0 (       0)                    0 (  +0.00)           0  
##>create_score                    START             2098766095 ( -38.05)      271.30 (  +33.10)          0 (       0)                    0 (  +0.00)              
##>                                  END             2098766095 (  +0.00)      271.30 (   +0.00)          0 (       0)                    0 (  +0.00)           0  
##>+-----------------------------------------------------------------------------------------------------------------------------------------------------------------------------------------------------+
Committed config: CDN_DP_region_2_1_c7
          Optimizations applied to 'very_fast' configuration:
            rewriting(0), factoring(0), sharing(0), cmultcse(0), downsizing(0), speculation(0)
  CSAGen Prep Share:0 Re-Write:0 Speculation: 0

CDN_DP_region_3_2 level = 0 loads = 0 drivers = 0
CDN_DP_region_3_2_c0 in Barrett_120: area: 16076335215 , DP = 3  sg = slow     
    wns: 0  norm_wns:  -1.0000 
    tns:  0
 skipped
CDN_DP_region_3_2_c1 in Barrett_120: area: 14254563630 , CSA = 1  DP = 1  sg = fast     
    wns: 0  norm_wns:  -1.0000 
    tns:  0
 is current best
CDN_DP_region_3_2_c2 in Barrett_120: area: 14254563630 , CSA = 1  DP = 1  sg = very_slow
    wns: 0  norm_wns:  -1.0000 
    tns:  0
 is current best
CDN_DP_region_3_2_c3 in Barrett_120: area: 14254563630 , CSA = 1  DP = 1  sg = very_fast
    wns: 0  norm_wns:  -1.0000 
    tns:  0
 is current best
CDN_DP_region_3_2_c4 in Barrett_120: area: 14254563630 , CSA = 1  DP = 1  sg = very_fast
    wns: 0  norm_wns:  -1.0000 
    tns:  0
 is current best
CDN_DP_region_3_2_c5 in Barrett_120: area: 14254563630 , CSA = 1  DP = 1  sg = very_fast
    wns: 0  norm_wns:  -1.0000 
    tns:  0
 is current best
CDN_DP_region_3_2_c6 in Barrett_120: area: 14254563630 , CSA = 1  DP = 1  sg = very_fast
    wns: 0  norm_wns:  -1.0000 
    tns:  0
 is current best
CDN_DP_region_3_2_c7 in Barrett_120: area: 14190641820 , CSA = 1  DP = 1  sg = very_fast
    wns: 0  norm_wns:  -1.0000 
    tns:  0
 is current best
Best config: CDN_DP_region_3_2_c7 in Barrett_120: area: 14190641820 , CSA = 1  DP = 1  sg = very_fast
    wns: 0  norm_wns:  -1.0000 
    tns:  0
  Smallest config area : 14190641820.  Fastest config wns;  0
##>+----------------------------------------------------------------------------------------------------------------------------------------------------------------+
##>Summary table of configs (Best config is CDN_DP_region_3_2_c7)
##>+----------------------------------------------------------------------------------------------------------------------------------------------------------------+
##>                     0                  1                  2                  3                  4                  5                  6                  7            
##>+----------------------------------------------------------------------------------------------------------------------------------------------------------------+
##>           Area      16076335215        14254563630        14254563630        14254563630        14254563630        14254563630        14254563630        14190641820  
##>            WNS           +70.50             +27.10             +27.10             +27.10             +27.10             +27.10             +27.10             +38.00  
##>            TNS                0                  0                  0                  0                  0                  0                  0                  0  
##>    Num Rewrite                0                  1                  1                  1                  1                  1                  1                  0  
##>      Num Share                0                  0                  0                  0                  0                  0                  0                  0  
##>  Num Speculate                0                  0                  0                  0                  0                  0                  0                  0  
##>        Num CSA                0                  1                  1                  1                  1                  1                  1                  1  
##>         Num DP                3                  1                  1                  1                  1                  1                  1                  1  
##>     Runtime(s)                0                  2                  2                  2                  2                  2                  2                  1  
+----------------------------------------------------------------------------------------------------------------------------------------------------------------+
##>
##>

CSA report for CDN_DP_region_3_2_c7, cover 0 
----------------------------
| POs | Operation    | FRC | 
----------------------------
| 1   | MULT_TC_OP_2 | -   | 
|     | ADD_TC_OP    | -   | 
----------------------------
---------------------------------------------------------------------------------------------------------
| Input/Output    | Driver     | Type | Reason        | Polarity | Bitwidth | Expression                | 
---------------------------------------------------------------------------------------------------------
| MULT_TC_OP_2[1] | in_23      | PI   | soft_op,      | signed   | 25       | {1'b0,in_23[23,0]}        | 
|                 |            |      | duplication   |          |          |                           | 
| ADD_TC_OP[1]    | MULT_TC_OP | PI   | sign_mismatch | signed   | 16       | {1'b0,MULT_TC_OP[27,13]}  | 
| ADD_TC_OP       | -          | PO   | -             | signed   | 35       | 1025*{1'b0,in_23[23,0]}   | 
|                 |            |      |               |          |          | +{1'b0,MULT_TC_OP[27,13]} | 
---------------------------------------------------------------------------------------------------------
 
##>+-----------------------------------------------------------------------------------------------------------------------------------------------------------------------------------------------------+
##>Optimization Step DEBUG Table for config CDN_DP_region_3_2_c7
##>
##>                          Step                        Area   (  % Chg)         WNS (Change)          TNS (Change)                Power   (  % Chg)        Runtime (s)        Comment                   
##>+-----------------------------------------------------------------------------------------------------------------------------------------------------------------------------------------------------+
##>EquationExtraction              START            16076335215 (       )       70.50 (        )          0 (        )                    0 (       )              
##> rewrite                        START            36808308925 (+128.96)      -32.90 ( -103.40)       7076 (    7076)                    0 (  +0.00)              (a,ar) Expr40_from --> Expr40_to
##>                                  END            76759440175 (+108.54)      -70.20 (  -37.30)       5852 (   -1224)                    0 (  +0.00)           0  
##>                                  END            60683104960 (+277.47)      -73.30 ( -143.80)       5614 (    5614)                    0 (  +0.00)           0  
##>createMaxCarrySave              START            60683104960 (  +0.00)      -73.30 (   +0.00)       5614 (       0)                    0 (  +0.00)              
##> datapath_rewrite_one_def       START            60683104960 (  +0.00)      -73.30 (   +0.00)       5614 (       0)                    0 (  +0.00)              
##>                                  END            60683104960 (  +0.00)      -73.30 (   +0.00)       5614 (       0)                    0 (  +0.00)           0  
##> csa_opto                       START            60683104960 (  +0.00)      -73.30 (   +0.00)       5614 (       0)                    0 (  +0.00)              
##>                                  END            15596921640 ( -74.30)       41.80 ( +115.10)          0 (   -5614)                    0 (  +0.00)           0  
##>                                  END            15596921640 ( -74.30)       41.80 ( +115.10)          0 (   -5614)                    0 (  +0.00)           0  
##>canonicalize_by_names           START            15596921640 (  +0.00)       41.80 (   +0.00)          0 (       0)                    0 (  +0.00)              
##>                                  END            15596921640 (  +0.00)       41.80 (   +0.00)          0 (       0)                    0 (  +0.00)           0  
##>datapath_rewrite_post_csa_one_  START            15596921640 (  +0.00)       41.80 (   +0.00)          0 (       0)                    0 (  +0.00)              
##>                                  END            15596921640 (  +0.00)       41.80 (   +0.00)          0 (       0)                    0 (  +0.00)           0  
##>datapath_csa_factoring_one_gde  START            15596921640 (  +0.00)       41.80 (   +0.00)          0 (       0)                    0 (  +0.00)              
##>                                  END            15596921640 (  +0.00)       41.80 (   +0.00)          0 (       0)                    0 (  +0.00)           0  
##>dpopt_share_one_def             START            15596921640 (  +0.00)       41.80 (   +0.00)          0 (       0)                    0 (  +0.00)              
##>                                  END            15596921640 (  +0.00)       41.80 (   +0.00)          0 (       0)                    0 (  +0.00)           0  
##>datapath_rewrite_post_share     START            15596921640 (  +0.00)       41.80 (   +0.00)          0 (       0)                    0 (  +0.00)              
##>                                  END            15596921640 (  +0.00)       41.80 (   +0.00)          0 (       0)                    0 (  +0.00)           0  
##>dp_combine_const_mult_with_com  START            15596921640 (  +0.00)       41.80 (   +0.00)          0 (       0)                    0 (  +0.00)              
##>                                  END            15596921640 (  +0.00)       41.80 (   +0.00)          0 (       0)                    0 (  +0.00)           0  
##>dp_operator_level_decompositio  START            15596921640 (  +0.00)       41.80 (   +0.00)          0 (       0)                    0 (  +0.00)              
##>                                  END            15596921640 (  +0.00)       41.80 (   +0.00)          0 (       0)                    0 (  +0.00)           0  
##>selective_flatten_dp_config     START            15596921640 (  +0.00)       41.80 (   +0.00)          0 (       0)                    0 (  +0.00)              
##>                                  END            15596921640 (  +0.00)       41.80 (   +0.00)          0 (       0)                    0 (  +0.00)           0  
##>createMaxCarrySave              START            15596921640 (  +0.00)       41.80 (   +0.00)          0 (       0)                    0 (  +0.00)              
##> datapath_rewrite_one_def       START            15596921640 (  +0.00)       41.80 (   +0.00)          0 (       0)                    0 (  +0.00)              
##>  fast_cse_elim                 START            15596921640 (  +0.00)       41.80 (   +0.00)          0 (       0)                    0 (  +0.00)              
##>                                  END            15596921640 (  +0.00)       41.80 (   +0.00)          0 (       0)                    0 (  +0.00)           0  
##>  fast_cse_elim                 START            15596921640 (  +0.00)       41.80 (   +0.00)          0 (       0)                    0 (  +0.00)              
##>                                  END            15596921640 (  +0.00)       41.80 (   +0.00)          0 (       0)                    0 (  +0.00)           0  
##>                                  END            15596921640 (  +0.00)       41.80 (   +0.00)          0 (       0)                    0 (  +0.00)           0  
##> csa_opto                       START            15596921640 (  +0.00)       41.80 (   +0.00)          0 (       0)                    0 (  +0.00)              
##>                                  END            15596921640 (  +0.00)       41.80 (   +0.00)          0 (       0)                    0 (  +0.00)           0  
##>                                  END            15596921640 (  +0.00)       41.80 (   +0.00)          0 (       0)                    0 (  +0.00)           0  
##>context_based_simplify          START            14190641820 (  -9.02)       44.20 (   +2.40)          0 (       0)                    0 (  +0.00)              
##>                                  END            14190641820 (  +0.00)       44.20 (   +0.00)          0 (       0)                    0 (  +0.00)           0  
##>group_csa_final_adder_dp        START            14190641820 (  +0.00)       44.20 (   +0.00)          0 (       0)                    0 (  +0.00)              
##>                                  END            14190641820 (  +0.00)       38.00 (   -6.20)          0 (       0)                    0 (  +0.00)           0  
##>dpopt_flatten_critical_muxes_i  START            14190641820 (  +0.00)       38.00 (   +0.00)          0 (       0)                    0 (  +0.00)              
##>                                  END            14190641820 (  +0.00)       38.00 (   +0.00)          0 (       0)                    0 (  +0.00)           0  
##>create_score                    START            14190641820 (  +0.00)       38.00 (   +0.00)          0 (       0)                    0 (  +0.00)              
##>                                  END            14190641820 (  +0.00)       38.00 (   +0.00)          0 (       0)                    0 (  +0.00)           0  
##>+-----------------------------------------------------------------------------------------------------------------------------------------------------------------------------------------------------+
Committed config: CDN_DP_region_3_2_c7
          Optimizations applied to 'very_fast' configuration:
            rewriting(0), factoring(0), sharing(0), cmultcse(0), downsizing(0), speculation(0)
  CSAGen Prep Share:0 Re-Write:0 Speculation: 0

CDN_DP_region_3_1 level = 0 loads = 0 drivers = 0
CDN_DP_region_3_1_c0 in Barrett_120: area: 7425583595 , DP = 2  sg = slow     
    wns: 0  norm_wns:  -1.0000 
    tns:  0
 skipped
CDN_DP_region_3_1_c1 in Barrett_120: area: 2098766095 , CSA = 1  sg = fast     
    wns: 0  norm_wns:  -1.0000 
    tns:  0
 is current best
CDN_DP_region_3_1_c2 in Barrett_120: area: 2098766095 , CSA = 1  sg = very_slow
    wns: 0  norm_wns:  -1.0000 
    tns:  0
 is current best
CDN_DP_region_3_1_c3 in Barrett_120: area: 2098766095 , CSA = 1  sg = very_fast
    wns: 0  norm_wns:  -1.0000 
    tns:  0
 is current best
CDN_DP_region_3_1_c4 in Barrett_120: area: 2098766095 , CSA = 1  sg = very_fast
    wns: 0  norm_wns:  -1.0000 
    tns:  0
 is current best
CDN_DP_region_3_1_c5 in Barrett_120: area: 2098766095 , CSA = 1  sg = very_fast
    wns: 0  norm_wns:  -1.0000 
    tns:  0
 is current best
CDN_DP_region_3_1_c6 in Barrett_120: area: 2098766095 , CSA = 1  sg = very_fast
    wns: 0  norm_wns:  -1.0000 
    tns:  0
 is current best
CDN_DP_region_3_1_c7 in Barrett_120: area: 2098766095 , CSA = 1  sg = very_fast
    wns: 0  norm_wns:  -1.0000 
    tns:  0
 is current best
Best config: CDN_DP_region_3_1_c7 in Barrett_120: area: 2098766095 , CSA = 1  sg = very_fast
    wns: 0  norm_wns:  -1.0000 
    tns:  0
  Smallest config area : 2098766095.  Fastest config wns;  0
##>+----------------------------------------------------------------------------------------------------------------------------------------------------------------+
##>Summary table of configs (Best config is CDN_DP_region_3_1_c7)
##>+----------------------------------------------------------------------------------------------------------------------------------------------------------------+
##>                     0                  1                  2                  3                  4                  5                  6                  7            
##>+----------------------------------------------------------------------------------------------------------------------------------------------------------------+
##>           Area       7425583595         2098766095         2098766095         2098766095         2098766095         2098766095         2098766095         2098766095  
##>            WNS          +213.90            +272.40            +272.40            +272.40            +272.40            +272.40            +272.40            +271.30  
##>            TNS                0                  0                  0                  0                  0                  0                  0                  0  
##>    Num Rewrite                0                  0                  0                  0                  0                  0                  0                  0  
##>      Num Share                0                  0                  0                  0                  0                  0                  0                  0  
##>  Num Speculate                0                  0                  0                  0                  0                  0                  0                  0  
##>        Num CSA                0                  1                  1                  1                  1                  1                  1                  1  
##>         Num DP                2                  0                  0                  0                  0                  0                  0                  0  
##>     Runtime(s)                0                  0                  0                  0                  0                  0                  0                  0  
+----------------------------------------------------------------------------------------------------------------------------------------------------------------+
##>
##>

CSA report for CDN_DP_region_3_1_c7, cover 0 
-------------------------
| POs | Operation | FRC | 
-------------------------
| 1   | ADD_TC_OP | -   | 
|     | SUB_TC_OP | -   | 
-------------------------
---------------------------------------------------------------------------------------
| Input/Output | Driver | Type | Reason | Polarity | Bitwidth | Expression            | 
---------------------------------------------------------------------------------------
| ADD_TC_OP[0] | in_23  | PI   | -      | signed   | 11       | in_23<<10             | 
| ADD_TC_OP[1] | in_10  | PI   | -      | signed   | 11       | in_10[10,0]           | 
| SUB_TC_OP[1] | in_23  | PI   | -      | signed   | 11       | in_23[10,0]           | 
| SUB_TC_OP    | -      | PO   | -      | signed   | 11       | in_23<<10+in_10[10,0] | 
|              |        |      |        |          |          | -in_23[10,0]          | 
---------------------------------------------------------------------------------------
 
##>+-----------------------------------------------------------------------------------------------------------------------------------------------------------------------------------------------------+
##>Optimization Step DEBUG Table for config CDN_DP_region_3_1_c7
##>
##>                          Step                        Area   (  % Chg)         WNS (Change)          TNS (Change)                Power   (  % Chg)        Runtime (s)        Comment                   
##>+-----------------------------------------------------------------------------------------------------------------------------------------------------------------------------------------------------+
##>EquationExtraction              START             7425583595 (       )      213.90 (        )          0 (        )                    0 (       )              
##> rewrite                        START            10046377805 ( +35.29)      246.20 (  +32.30)          0 (       0)                    0 (  +0.00)              (a,ar) Expr41_from --> Expr41_to
##>                                  END            11324814005 ( +12.73)      224.50 (  -21.70)          0 (       0)                    0 (  +0.00)           0  
##>                                  END             3899230410 ( -47.49)      206.90 (   -7.00)          0 (       0)                    0 (  +0.00)           0  
##>createMaxCarrySave              START             3899230410 (  +0.00)      206.90 (   +0.00)          0 (       0)                    0 (  +0.00)              
##> datapath_rewrite_one_def       START             3899230410 (  +0.00)      206.90 (   +0.00)          0 (       0)                    0 (  +0.00)              
##>                                  END             3899230410 (  +0.00)      206.90 (   +0.00)          0 (       0)                    0 (  +0.00)           0  
##> csa_opto                       START             3899230410 (  +0.00)      206.90 (   +0.00)          0 (       0)                    0 (  +0.00)              
##>                                  END             2141380635 ( -45.08)      282.10 (  +75.20)          0 (       0)                    0 (  +0.00)           0  
##>                                  END             2141380635 ( -45.08)      282.10 (  +75.20)          0 (       0)                    0 (  +0.00)           0  
##>canonicalize_by_names           START             2141380635 (  +0.00)      282.10 (   +0.00)          0 (       0)                    0 (  +0.00)              
##>                                  END             2141380635 (  +0.00)      282.10 (   +0.00)          0 (       0)                    0 (  +0.00)           0  
##>datapath_rewrite_post_csa_one_  START             2141380635 (  +0.00)      282.10 (   +0.00)          0 (       0)                    0 (  +0.00)              
##>                                  END             2141380635 (  +0.00)      282.10 (   +0.00)          0 (       0)                    0 (  +0.00)           0  
##>datapath_csa_factoring_one_gde  START             2141380635 (  +0.00)      282.10 (   +0.00)          0 (       0)                    0 (  +0.00)              
##>                                  END             2141380635 (  +0.00)      282.10 (   +0.00)          0 (       0)                    0 (  +0.00)           0  
##>dpopt_share_one_def             START             2141380635 (  +0.00)      282.10 (   +0.00)          0 (       0)                    0 (  +0.00)              
##>                                  END             2141380635 (  +0.00)      282.10 (   +0.00)          0 (       0)                    0 (  +0.00)           0  
##>datapath_rewrite_post_share     START             2141380635 (  +0.00)      282.10 (   +0.00)          0 (       0)                    0 (  +0.00)              
##>                                  END             2141380635 (  +0.00)      282.10 (   +0.00)          0 (       0)                    0 (  +0.00)           0  
##>dp_combine_const_mult_with_com  START             2141380635 (  +0.00)      282.10 (   +0.00)          0 (       0)                    0 (  +0.00)              
##>                                  END             2141380635 (  +0.00)      282.10 (   +0.00)          0 (       0)                    0 (  +0.00)           0  
##>dp_operator_level_decompositio  START             2141380635 (  +0.00)      282.10 (   +0.00)          0 (       0)                    0 (  +0.00)              
##>                                  END             2141380635 (  +0.00)      282.10 (   +0.00)          0 (       0)                    0 (  +0.00)           0  
##>selective_flatten_dp_config     START             2141380635 (  +0.00)      282.10 (   +0.00)          0 (       0)                    0 (  +0.00)              
##>                                  END             2141380635 (  +0.00)      282.10 (   +0.00)          0 (       0)                    0 (  +0.00)           0  
##>createMaxCarrySave              START             2141380635 (  +0.00)      282.10 (   +0.00)          0 (       0)                    0 (  +0.00)              
##> datapath_rewrite_one_def       START             2141380635 (  +0.00)      282.10 (   +0.00)          0 (       0)                    0 (  +0.00)              
##>  fast_cse_elim                 START             2141380635 (  +0.00)      282.10 (   +0.00)          0 (       0)                    0 (  +0.00)              
##>                                  END             2141380635 (  +0.00)      282.10 (   +0.00)          0 (       0)                    0 (  +0.00)           0  
##>  fast_cse_elim                 START             2141380635 (  +0.00)      282.10 (   +0.00)          0 (       0)                    0 (  +0.00)              
##>                                  END             2141380635 (  +0.00)      282.10 (   +0.00)          0 (       0)                    0 (  +0.00)           0  
##>                                  END             2141380635 (  +0.00)      282.10 (   +0.00)          0 (       0)                    0 (  +0.00)           0  
##> csa_opto                       START             2141380635 (  +0.00)      282.10 (   +0.00)          0 (       0)                    0 (  +0.00)              
##>                                  END             2141380635 (  +0.00)      282.10 (   +0.00)          0 (       0)                    0 (  +0.00)           0  
##>                                  END             2141380635 (  +0.00)      282.10 (   +0.00)          0 (       0)                    0 (  +0.00)           0  
##>context_based_simplify          START             2098766095 (  -1.99)      282.10 (   +0.00)          0 (       0)                    0 (  +0.00)              
##>                                  END             2098766095 (  +0.00)      282.10 (   +0.00)          0 (       0)                    0 (  +0.00)           0  
##>group_csa_final_adder_dp        START             2098766095 (  +0.00)      282.10 (   +0.00)          0 (       0)                    0 (  +0.00)              
##>                                  END             3387855930 ( +61.42)      238.20 (  -43.90)          0 (       0)                    0 (  +0.00)           0  
##>dpopt_flatten_critical_muxes_i  START             3387855930 (  +0.00)      238.20 (   +0.00)          0 (       0)                    0 (  +0.00)              
##>                                  END             3387855930 (  +0.00)      238.20 (   +0.00)          0 (       0)                    0 (  +0.00)           0  
##>create_score                    START             2098766095 ( -38.05)      271.30 (  +33.10)          0 (       0)                    0 (  +0.00)              
##>                                  END             2098766095 (  +0.00)      271.30 (   +0.00)          0 (       0)                    0 (  +0.00)           0  
##>+-----------------------------------------------------------------------------------------------------------------------------------------------------------------------------------------------------+
Committed config: CDN_DP_region_3_1_c7
          Optimizations applied to 'very_fast' configuration:
            rewriting(0), factoring(0), sharing(0), cmultcse(0), downsizing(0), speculation(0)
  CSAGen Prep Share:0 Re-Write:0 Speculation: 0

CDN_DP_region_0_2 level = 0 loads = 0 drivers = 0
CDN_DP_region_0_2_c0 in Barrett: area: 16076335215 , DP = 3  sg = slow     
    wns: 0  norm_wns:  -1.0000 
    tns:  0
 skipped
CDN_DP_region_0_2_c1 in Barrett: area: 14254563630 , CSA = 1  DP = 1  sg = fast     
    wns: 0  norm_wns:  -1.0000 
    tns:  0
 is current best
CDN_DP_region_0_2_c2 in Barrett: area: 14254563630 , CSA = 1  DP = 1  sg = very_slow
    wns: 0  norm_wns:  -1.0000 
    tns:  0
 is current best
CDN_DP_region_0_2_c3 in Barrett: area: 14254563630 , CSA = 1  DP = 1  sg = very_fast
    wns: 0  norm_wns:  -1.0000 
    tns:  0
 is current best
CDN_DP_region_0_2_c4 in Barrett: area: 14254563630 , CSA = 1  DP = 1  sg = very_fast
    wns: 0  norm_wns:  -1.0000 
    tns:  0
 is current best
CDN_DP_region_0_2_c5 in Barrett: area: 14254563630 , CSA = 1  DP = 1  sg = very_fast
    wns: 0  norm_wns:  -1.0000 
    tns:  0
 is current best
CDN_DP_region_0_2_c6 in Barrett: area: 14254563630 , CSA = 1  DP = 1  sg = very_fast
    wns: 0  norm_wns:  -1.0000 
    tns:  0
 is current best
CDN_DP_region_0_2_c7 in Barrett: area: 14190641820 , CSA = 1  DP = 1  sg = very_fast
    wns: 0  norm_wns:  -1.0000 
    tns:  0
 is current best
Best config: CDN_DP_region_0_2_c7 in Barrett: area: 14190641820 , CSA = 1  DP = 1  sg = very_fast
    wns: 0  norm_wns:  -1.0000 
    tns:  0
  Smallest config area : 14190641820.  Fastest config wns;  0
##>+----------------------------------------------------------------------------------------------------------------------------------------------------------------+
##>Summary table of configs (Best config is CDN_DP_region_0_2_c7)
##>+----------------------------------------------------------------------------------------------------------------------------------------------------------------+
##>                     0                  1                  2                  3                  4                  5                  6                  7            
##>+----------------------------------------------------------------------------------------------------------------------------------------------------------------+
##>           Area      16076335215        14254563630        14254563630        14254563630        14254563630        14254563630        14254563630        14190641820  
##>            WNS           +70.50             +27.10             +27.10             +27.10             +27.10             +27.10             +27.10             +38.00  
##>            TNS                0                  0                  0                  0                  0                  0                  0                  0  
##>    Num Rewrite                0                  1                  1                  1                  1                  1                  1                  0  
##>      Num Share                0                  0                  0                  0                  0                  0                  0                  0  
##>  Num Speculate                0                  0                  0                  0                  0                  0                  0                  0  
##>        Num CSA                0                  1                  1                  1                  1                  1                  1                  1  
##>         Num DP                3                  1                  1                  1                  1                  1                  1                  1  
##>     Runtime(s)                0                  1                  1                  1                  1                  1                  1                  1  
+----------------------------------------------------------------------------------------------------------------------------------------------------------------+
##>
##>

CSA report for CDN_DP_region_0_2_c7, cover 0 
----------------------------
| POs | Operation    | FRC | 
----------------------------
| 1   | MULT_TC_OP_2 | -   | 
|     | ADD_TC_OP    | -   | 
----------------------------
---------------------------------------------------------------------------------------------------------
| Input/Output    | Driver     | Type | Reason        | Polarity | Bitwidth | Expression                | 
---------------------------------------------------------------------------------------------------------
| MULT_TC_OP_2[1] | in_23      | PI   | soft_op,      | signed   | 25       | {1'b0,in_23[23,0]}        | 
|                 |            |      | duplication   |          |          |                           | 
| ADD_TC_OP[1]    | MULT_TC_OP | PI   | sign_mismatch | signed   | 16       | {1'b0,MULT_TC_OP[27,13]}  | 
| ADD_TC_OP       | -          | PO   | -             | signed   | 35       | 1025*{1'b0,in_23[23,0]}   | 
|                 |            |      |               |          |          | +{1'b0,MULT_TC_OP[27,13]} | 
---------------------------------------------------------------------------------------------------------
 
##>+-----------------------------------------------------------------------------------------------------------------------------------------------------------------------------------------------------+
##>Optimization Step DEBUG Table for config CDN_DP_region_0_2_c7
##>
##>                          Step                        Area   (  % Chg)         WNS (Change)          TNS (Change)                Power   (  % Chg)        Runtime (s)        Comment                   
##>+-----------------------------------------------------------------------------------------------------------------------------------------------------------------------------------------------------+
##>EquationExtraction              START            16076335215 (       )       70.50 (        )          0 (        )                    0 (       )              
##> rewrite                        START            36808308925 (+128.96)      -32.90 ( -103.40)       7076 (    7076)                    0 (  +0.00)              (a,ar) Expr42_from --> Expr42_to
##>                                  END            76759440175 (+108.54)      -70.20 (  -37.30)       5852 (   -1224)                    0 (  +0.00)           0  
##>                                  END            60683104960 (+277.47)      -73.30 ( -143.80)       5614 (    5614)                    0 (  +0.00)           0  
##>createMaxCarrySave              START            60683104960 (  +0.00)      -73.30 (   +0.00)       5614 (       0)                    0 (  +0.00)              
##> datapath_rewrite_one_def       START            60683104960 (  +0.00)      -73.30 (   +0.00)       5614 (       0)                    0 (  +0.00)              
##>                                  END            60683104960 (  +0.00)      -73.30 (   +0.00)       5614 (       0)                    0 (  +0.00)           0  
##> csa_opto                       START            60683104960 (  +0.00)      -73.30 (   +0.00)       5614 (       0)                    0 (  +0.00)              
##>                                  END            15596921640 ( -74.30)       41.80 ( +115.10)          0 (   -5614)                    0 (  +0.00)           0  
##>                                  END            15596921640 ( -74.30)       41.80 ( +115.10)          0 (   -5614)                    0 (  +0.00)           0  
##>canonicalize_by_names           START            15596921640 (  +0.00)       41.80 (   +0.00)          0 (       0)                    0 (  +0.00)              
##>                                  END            15596921640 (  +0.00)       41.80 (   +0.00)          0 (       0)                    0 (  +0.00)           0  
##>datapath_rewrite_post_csa_one_  START            15596921640 (  +0.00)       41.80 (   +0.00)          0 (       0)                    0 (  +0.00)              
##>                                  END            15596921640 (  +0.00)       41.80 (   +0.00)          0 (       0)                    0 (  +0.00)           0  
##>datapath_csa_factoring_one_gde  START            15596921640 (  +0.00)       41.80 (   +0.00)          0 (       0)                    0 (  +0.00)              
##>                                  END            15596921640 (  +0.00)       41.80 (   +0.00)          0 (       0)                    0 (  +0.00)           0  
##>dpopt_share_one_def             START            15596921640 (  +0.00)       41.80 (   +0.00)          0 (       0)                    0 (  +0.00)              
##>                                  END            15596921640 (  +0.00)       41.80 (   +0.00)          0 (       0)                    0 (  +0.00)           0  
##>datapath_rewrite_post_share     START            15596921640 (  +0.00)       41.80 (   +0.00)          0 (       0)                    0 (  +0.00)              
##>                                  END            15596921640 (  +0.00)       41.80 (   +0.00)          0 (       0)                    0 (  +0.00)           0  
##>dp_combine_const_mult_with_com  START            15596921640 (  +0.00)       41.80 (   +0.00)          0 (       0)                    0 (  +0.00)              
##>                                  END            15596921640 (  +0.00)       41.80 (   +0.00)          0 (       0)                    0 (  +0.00)           0  
##>dp_operator_level_decompositio  START            15596921640 (  +0.00)       41.80 (   +0.00)          0 (       0)                    0 (  +0.00)              
##>                                  END            15596921640 (  +0.00)       41.80 (   +0.00)          0 (       0)                    0 (  +0.00)           0  
##>selective_flatten_dp_config     START            15596921640 (  +0.00)       41.80 (   +0.00)          0 (       0)                    0 (  +0.00)              
##>                                  END            15596921640 (  +0.00)       41.80 (   +0.00)          0 (       0)                    0 (  +0.00)           0  
##>createMaxCarrySave              START            15596921640 (  +0.00)       41.80 (   +0.00)          0 (       0)                    0 (  +0.00)              
##> datapath_rewrite_one_def       START            15596921640 (  +0.00)       41.80 (   +0.00)          0 (       0)                    0 (  +0.00)              
##>  fast_cse_elim                 START            15596921640 (  +0.00)       41.80 (   +0.00)          0 (       0)                    0 (  +0.00)              
##>                                  END            15596921640 (  +0.00)       41.80 (   +0.00)          0 (       0)                    0 (  +0.00)           0  
##>  fast_cse_elim                 START            15596921640 (  +0.00)       41.80 (   +0.00)          0 (       0)                    0 (  +0.00)              
##>                                  END            15596921640 (  +0.00)       41.80 (   +0.00)          0 (       0)                    0 (  +0.00)           0  
##>                                  END            15596921640 (  +0.00)       41.80 (   +0.00)          0 (       0)                    0 (  +0.00)           0  
##> csa_opto                       START            15596921640 (  +0.00)       41.80 (   +0.00)          0 (       0)                    0 (  +0.00)              
##>                                  END            15596921640 (  +0.00)       41.80 (   +0.00)          0 (       0)                    0 (  +0.00)           0  
##>                                  END            15596921640 (  +0.00)       41.80 (   +0.00)          0 (       0)                    0 (  +0.00)           0  
##>context_based_simplify          START            14190641820 (  -9.02)       44.20 (   +2.40)          0 (       0)                    0 (  +0.00)              
##>                                  END            14190641820 (  +0.00)       44.20 (   +0.00)          0 (       0)                    0 (  +0.00)           0  
##>group_csa_final_adder_dp        START            14190641820 (  +0.00)       44.20 (   +0.00)          0 (       0)                    0 (  +0.00)              
##>                                  END            14190641820 (  +0.00)       38.00 (   -6.20)          0 (       0)                    0 (  +0.00)           0  
##>dpopt_flatten_critical_muxes_i  START            14190641820 (  +0.00)       38.00 (   +0.00)          0 (       0)                    0 (  +0.00)              
##>                                  END            14190641820 (  +0.00)       38.00 (   +0.00)          0 (       0)                    0 (  +0.00)           0  
##>create_score                    START            14190641820 (  +0.00)       38.00 (   +0.00)          0 (       0)                    0 (  +0.00)              
##>                                  END            14190641820 (  +0.00)       38.00 (   +0.00)          0 (       0)                    0 (  +0.00)           0  
##>+-----------------------------------------------------------------------------------------------------------------------------------------------------------------------------------------------------+
Committed config: CDN_DP_region_0_2_c7
          Optimizations applied to 'very_fast' configuration:
            rewriting(0), factoring(0), sharing(0), cmultcse(0), downsizing(0), speculation(0)
  CSAGen Prep Share:0 Re-Write:0 Speculation: 0

CDN_DP_region_0_1 level = 0 loads = 0 drivers = 0
CDN_DP_region_0_1_c0 in Barrett: area: 7425583595 , DP = 2  sg = slow     
    wns: 0  norm_wns:  -1.0000 
    tns:  0
 skipped
CDN_DP_region_0_1_c1 in Barrett: area: 2098766095 , CSA = 1  sg = fast     
    wns: 0  norm_wns:  -1.0000 
    tns:  0
 is current best
CDN_DP_region_0_1_c2 in Barrett: area: 2098766095 , CSA = 1  sg = very_slow
    wns: 0  norm_wns:  -1.0000 
    tns:  0
 is current best
CDN_DP_region_0_1_c3 in Barrett: area: 2098766095 , CSA = 1  sg = very_fast
    wns: 0  norm_wns:  -1.0000 
    tns:  0
 is current best
CDN_DP_region_0_1_c4 in Barrett: area: 2098766095 , CSA = 1  sg = very_fast
    wns: 0  norm_wns:  -1.0000 
    tns:  0
 is current best
CDN_DP_region_0_1_c5 in Barrett: area: 2098766095 , CSA = 1  sg = very_fast
    wns: 0  norm_wns:  -1.0000 
    tns:  0
 is current best
CDN_DP_region_0_1_c6 in Barrett: area: 2098766095 , CSA = 1  sg = very_fast
    wns: 0  norm_wns:  -1.0000 
    tns:  0
 is current best
CDN_DP_region_0_1_c7 in Barrett: area: 2098766095 , CSA = 1  sg = very_fast
    wns: 0  norm_wns:  -1.0000 
    tns:  0
 is current best
Best config: CDN_DP_region_0_1_c7 in Barrett: area: 2098766095 , CSA = 1  sg = very_fast
    wns: 0  norm_wns:  -1.0000 
    tns:  0
  Smallest config area : 2098766095.  Fastest config wns;  0
##>+----------------------------------------------------------------------------------------------------------------------------------------------------------------+
##>Summary table of configs (Best config is CDN_DP_region_0_1_c7)
##>+----------------------------------------------------------------------------------------------------------------------------------------------------------------+
##>                     0                  1                  2                  3                  4                  5                  6                  7            
##>+----------------------------------------------------------------------------------------------------------------------------------------------------------------+
##>           Area       7425583595         2098766095         2098766095         2098766095         2098766095         2098766095         2098766095         2098766095  
##>            WNS          +213.90            +272.40            +272.40            +272.40            +272.40            +272.40            +272.40            +271.30  
##>            TNS                0                  0                  0                  0                  0                  0                  0                  0  
##>    Num Rewrite                0                  0                  0                  0                  0                  0                  0                  0  
##>      Num Share                0                  0                  0                  0                  0                  0                  0                  0  
##>  Num Speculate                0                  0                  0                  0                  0                  0                  0                  0  
##>        Num CSA                0                  1                  1                  1                  1                  1                  1                  1  
##>         Num DP                2                  0                  0                  0                  0                  0                  0                  0  
##>     Runtime(s)                0                  0                  0                  0                  0                  0                  0                  0  
+----------------------------------------------------------------------------------------------------------------------------------------------------------------+
##>
##>

CSA report for CDN_DP_region_0_1_c7, cover 0 
-------------------------
| POs | Operation | FRC | 
-------------------------
| 1   | ADD_TC_OP | -   | 
|     | SUB_TC_OP | -   | 
-------------------------
---------------------------------------------------------------------------------------
| Input/Output | Driver | Type | Reason | Polarity | Bitwidth | Expression            | 
---------------------------------------------------------------------------------------
| ADD_TC_OP[0] | in_23  | PI   | -      | signed   | 11       | in_23<<10             | 
| ADD_TC_OP[1] | in_10  | PI   | -      | signed   | 11       | in_10[10,0]           | 
| SUB_TC_OP[1] | in_23  | PI   | -      | signed   | 11       | in_23[10,0]           | 
| SUB_TC_OP    | -      | PO   | -      | signed   | 11       | in_23<<10+in_10[10,0] | 
|              |        |      |        |          |          | -in_23[10,0]          | 
---------------------------------------------------------------------------------------
 
##>+-----------------------------------------------------------------------------------------------------------------------------------------------------------------------------------------------------+
##>Optimization Step DEBUG Table for config CDN_DP_region_0_1_c7
##>
##>                          Step                        Area   (  % Chg)         WNS (Change)          TNS (Change)                Power   (  % Chg)        Runtime (s)        Comment                   
##>+-----------------------------------------------------------------------------------------------------------------------------------------------------------------------------------------------------+
##>EquationExtraction              START             7425583595 (       )      213.90 (        )          0 (        )                    0 (       )              
##> rewrite                        START            10046377805 ( +35.29)      246.20 (  +32.30)          0 (       0)                    0 (  +0.00)              (a,ar) Expr43_from --> Expr43_to
##>                                  END            11324814005 ( +12.73)      224.50 (  -21.70)          0 (       0)                    0 (  +0.00)           0  
##>                                  END             3899230410 ( -47.49)      206.90 (   -7.00)          0 (       0)                    0 (  +0.00)           0  
##>createMaxCarrySave              START             3899230410 (  +0.00)      206.90 (   +0.00)          0 (       0)                    0 (  +0.00)              
##> datapath_rewrite_one_def       START             3899230410 (  +0.00)      206.90 (   +0.00)          0 (       0)                    0 (  +0.00)              
##>                                  END             3899230410 (  +0.00)      206.90 (   +0.00)          0 (       0)                    0 (  +0.00)           0  
##> csa_opto                       START             3899230410 (  +0.00)      206.90 (   +0.00)          0 (       0)                    0 (  +0.00)              
##>                                  END             2141380635 ( -45.08)      282.10 (  +75.20)          0 (       0)                    0 (  +0.00)           0  
##>                                  END             2141380635 ( -45.08)      282.10 (  +75.20)          0 (       0)                    0 (  +0.00)           0  
##>canonicalize_by_names           START             2141380635 (  +0.00)      282.10 (   +0.00)          0 (       0)                    0 (  +0.00)              
##>                                  END             2141380635 (  +0.00)      282.10 (   +0.00)          0 (       0)                    0 (  +0.00)           0  
##>datapath_rewrite_post_csa_one_  START             2141380635 (  +0.00)      282.10 (   +0.00)          0 (       0)                    0 (  +0.00)              
##>                                  END             2141380635 (  +0.00)      282.10 (   +0.00)          0 (       0)                    0 (  +0.00)           0  
##>datapath_csa_factoring_one_gde  START             2141380635 (  +0.00)      282.10 (   +0.00)          0 (       0)                    0 (  +0.00)              
##>                                  END             2141380635 (  +0.00)      282.10 (   +0.00)          0 (       0)                    0 (  +0.00)           0  
##>dpopt_share_one_def             START             2141380635 (  +0.00)      282.10 (   +0.00)          0 (       0)                    0 (  +0.00)              
##>                                  END             2141380635 (  +0.00)      282.10 (   +0.00)          0 (       0)                    0 (  +0.00)           0  
##>datapath_rewrite_post_share     START             2141380635 (  +0.00)      282.10 (   +0.00)          0 (       0)                    0 (  +0.00)              
##>                                  END             2141380635 (  +0.00)      282.10 (   +0.00)          0 (       0)                    0 (  +0.00)           0  
##>dp_combine_const_mult_with_com  START             2141380635 (  +0.00)      282.10 (   +0.00)          0 (       0)                    0 (  +0.00)              
##>                                  END             2141380635 (  +0.00)      282.10 (   +0.00)          0 (       0)                    0 (  +0.00)           0  
##>dp_operator_level_decompositio  START             2141380635 (  +0.00)      282.10 (   +0.00)          0 (       0)                    0 (  +0.00)              
##>                                  END             2141380635 (  +0.00)      282.10 (   +0.00)          0 (       0)                    0 (  +0.00)           0  
##>selective_flatten_dp_config     START             2141380635 (  +0.00)      282.10 (   +0.00)          0 (       0)                    0 (  +0.00)              
##>                                  END             2141380635 (  +0.00)      282.10 (   +0.00)          0 (       0)                    0 (  +0.00)           0  
##>createMaxCarrySave              START             2141380635 (  +0.00)      282.10 (   +0.00)          0 (       0)                    0 (  +0.00)              
##> datapath_rewrite_one_def       START             2141380635 (  +0.00)      282.10 (   +0.00)          0 (       0)                    0 (  +0.00)              
##>  fast_cse_elim                 START             2141380635 (  +0.00)      282.10 (   +0.00)          0 (       0)                    0 (  +0.00)              
##>                                  END             2141380635 (  +0.00)      282.10 (   +0.00)          0 (       0)                    0 (  +0.00)           0  
##>  fast_cse_elim                 START             2141380635 (  +0.00)      282.10 (   +0.00)          0 (       0)                    0 (  +0.00)              
##>                                  END             2141380635 (  +0.00)      282.10 (   +0.00)          0 (       0)                    0 (  +0.00)           0  
##>                                  END             2141380635 (  +0.00)      282.10 (   +0.00)          0 (       0)                    0 (  +0.00)           0  
##> csa_opto                       START             2141380635 (  +0.00)      282.10 (   +0.00)          0 (       0)                    0 (  +0.00)              
##>                                  END             2141380635 (  +0.00)      282.10 (   +0.00)          0 (       0)                    0 (  +0.00)           0  
##>                                  END             2141380635 (  +0.00)      282.10 (   +0.00)          0 (       0)                    0 (  +0.00)           0  
##>context_based_simplify          START             2098766095 (  -1.99)      282.10 (   +0.00)          0 (       0)                    0 (  +0.00)              
##>                                  END             2098766095 (  +0.00)      282.10 (   +0.00)          0 (       0)                    0 (  +0.00)           0  
##>group_csa_final_adder_dp        START             2098766095 (  +0.00)      282.10 (   +0.00)          0 (       0)                    0 (  +0.00)              
##>                                  END             3387855930 ( +61.42)      238.20 (  -43.90)          0 (       0)                    0 (  +0.00)           0  
##>dpopt_flatten_critical_muxes_i  START             3387855930 (  +0.00)      238.20 (   +0.00)          0 (       0)                    0 (  +0.00)              
##>                                  END             3387855930 (  +0.00)      238.20 (   +0.00)          0 (       0)                    0 (  +0.00)           0  
##>create_score                    START             2098766095 ( -38.05)      271.30 (  +33.10)          0 (       0)                    0 (  +0.00)              
##>                                  END             2098766095 (  +0.00)      271.30 (   +0.00)          0 (       0)                    0 (  +0.00)           0  
##>+-----------------------------------------------------------------------------------------------------------------------------------------------------------------------------------------------------+
Committed config: CDN_DP_region_0_1_c7
          Optimizations applied to 'very_fast' configuration:
            rewriting(0), factoring(0), sharing(0), cmultcse(0), downsizing(0), speculation(0)
Info:  Ungrouped 0 dp-cluster instances.  0 cluster instances were left intact, to aid verification.
Info    : Deleting instances not driving any primary outputs. [GLO-34]
        : Deleting 18 sequential instances.

==========================
 Sanity Check for POST-DATAPATH 
==========================
     DPOPT_INTERNAL_HIER check : PASS
 Components naming style check : PASS
==========================

Info    : Done optimizing datapath logic. [DPOPT-2]
        : Done optimizing datapath logic in 'butterfly2x2'.
Number of big hc bmuxes after = 0
Starting bit-level redundancy removal [v1.0] (stage: post_rtlopt, startdef: butterfly2x2, recur: true)
Bit-level redundancy removal for def butterfly2x2 (round= 0, cands= 38, i/o= 62/29)
Bit-level redundancy removal for def butterfly2x2 (round= 1, cands= 38, i/o= 62/29)
Bit-level redundancy removal for def Barrett (round= 0, cands= 1, i/o= 2/1)
Bit-level redundancy removal for def Barrett (round= 1, cands= 1, i/o= 2/1)
Bit-level redundancy removal for def DecoupledStage (round= 0, cands= 0, i/o= 0/0)
Bit-level redundancy removal for def DecoupledStage (round= 1, cands= 0, i/o= 0/0)
Bit-level redundancy removal for def DecoupledStage_1 (round= 0, cands= 0, i/o= 0/0)
Bit-level redundancy removal for def DecoupledStage_1 (round= 1, cands= 0, i/o= 0/0)
Bit-level redundancy removal for def DecoupledStage_2 (round= 0, cands= 0, i/o= 0/0)
Bit-level redundancy removal for def DecoupledStage_2 (round= 1, cands= 0, i/o= 0/0)
Bit-level redundancy removal for def Barrett_120 (round= 0, cands= 1, i/o= 2/1)
Bit-level redundancy removal for def Barrett_120 (round= 1, cands= 1, i/o= 2/1)
Bit-level redundancy removal for def Barrett_119 (round= 0, cands= 1, i/o= 2/1)
Bit-level redundancy removal for def Barrett_119 (round= 1, cands= 1, i/o= 2/1)
Bit-level redundancy removal for def Barrett_118 (round= 0, cands= 1, i/o= 2/1)
Bit-level redundancy removal for def Barrett_118 (round= 1, cands= 1, i/o= 2/1)
Completed bit-level redundancy removal (accepts: 0, rejects: 0, runtime: 1.468s)
Starting logic reduction [v1.0] (stage: post_rtlopt, startdef: butterfly2x2, recur: true)
Completed logic reduction (accepts: 0, rejects: 0, runtime: 0.000s)
Starting mux data reorder optimization [v1.0] (stage: post_rtlopt, startdef: butterfly2x2, recur: true)
Completed mux data reorder optimization (accepts: 0, rejects: 0, runtime: 0.001s)
Starting timing based select reordering [v1.0] (stage: post_rtlopt, startdef: butterfly2x2, recur: true)
Completed timing based select reordering (accepts: 0, rejects: 0, runtime: 1.336s)

Stage: post_rtlopt
----------------------------------------------------------------
| Transform                  | Accepts | Rejects | Runtime (s) | 
----------------------------------------------------------------
| hlo_redundancy_removal_bit |       0 |       0 |        1.47 | 
| hlo_logic_reduction        |       0 |       0 |        0.00 | 
| hlo_mux_reorder            |       0 |       0 |        0.00 | 
| hlo_timing_reorder         |       0 |       0 |        1.34 | 
----------------------------------------------------------------
Info    : Deleting instances not driving any primary outputs. [GLO-34]
        : Deleting 9 sequential instances.
Running post blast mux optimization. Please follow up with Cadence support if runtime issues are seen with this optimization.
Running post blast mux optimization. Please follow up with Cadence support if runtime issues are seen with this optimization.
Running post blast mux optimization. Please follow up with Cadence support if runtime issues are seen with this optimization.
Running post blast mux optimization. Please follow up with Cadence support if runtime issues are seen with this optimization.
Running post blast mux optimization. Please follow up with Cadence support if runtime issues are seen with this optimization.
Starting mux speculation [v1.0] (stage: post_muxopt, startdef: butterfly2x2, recur: true)
Starting speculation optimization
Completed speculation optimization (accepts:0)
Completed mux speculation (accepts: 0, rejects: 0, runtime: 1.423s)
Starting timing based select reordering [v1.0] (stage: post_muxopt, startdef: butterfly2x2, recur: true)
Completed timing based select reordering (accepts: 0, rejects: 0, runtime: 1.238s)

Stage: post_muxopt
--------------------------------------------------------
| Transform          | Accepts | Rejects | Runtime (s) | 
--------------------------------------------------------
| hlo_speculation    |       0 |       0 |        1.42 | 
| hlo_timing_reorder |       0 |       0 |        1.24 | 
--------------------------------------------------------
==================================
Stage : to_generic 
==================================
  =================
   Message Summary
  =================
---------------------------------------------------------------------------
|    Id    |  Sev  |Count|                  Message Text                  |
---------------------------------------------------------------------------
|CDFG-250  |Info   |    3|Processing multi-dimensional arrays.            |
|CDFG-372  |Info   |   32|Bitwidth mismatch in assignment.                |
|          |       |     |Review and make sure the mismatch is            |
|          |       |     | intentional. Genus can possibly issue bitwidth |
|          |       |     | mismatch warning for explicit assignments      |
|          |       |     | present in RTL as-well-as for implicit         |
|          |       |     | assignments inferred by the tool. For example, |
|          |       |     | in case of enum declaration without value, the |
|          |       |     | tool will implicitly assign value to the enum  |
|          |       |     | variables. It also issues the warning for any  |
|          |       |     | bitwidth mismatch that appears in this implicit|
|          |       |     | assignment.                                    |
|CDFG-373  |Info   |    6|Sign mismatch in assignment.                    |
|CDFG-567  |Info   |    8|Instantiating Subdesign.                        |
|CDFG-738  |Info   |    5|Common subexpression eliminated.                |
|CDFG-739  |Info   |    5|Common subexpression kept.                      |
|CWD-19    |Info   | 1655|An implementation was inferred.                 |
|DPOPT-1   |Info   |    1|Optimizing datapath logic.                      |
|DPOPT-2   |Info   |    1|Done optimizing datapath logic.                 |
|DPOPT-3   |Info   |   28|Implementing datapath configurations.           |
|DPOPT-4   |Info   |   28|Done implementing datapath configurations.      |
|DPOPT-6   |Info   |    1|Pre-processed datapath logic.                   |
|DPOPT-10  |Info   |    8|Optimized a mux chain.                          |
|ELAB-1    |Info   |    1|Elaborating Design.                             |
|ELAB-2    |Info   |    5|Elaborating Subdesign.                          |
|ELAB-3    |Info   |    1|Done Elaborating Design.                        |
|GB-6      |Info   |   12|A datapath component has been ungrouped.        |
|GLO-12    |Info   |    4|Replacing a flip-flop with a logic constant 0.  |
|          |       |     |To prevent this optimization, set the           |
|          |       |     | 'optimize_constant_0_flops' root attribute to  |
|          |       |     | 'false' or 'optimize_constant_0_seq' instance  |
|          |       |     | attribute to 'false'. You can also see the     |
|          |       |     | complete list of deleted sequential with       |
|          |       |     | command 'report sequential -deleted'           |
|          |       |     | (on Reason 'constant0').                       |
|GLO-34    |Info   |    6|Deleting instances not driving any primary      |
|          |       |     | outputs.                                       |
|          |       |     |Optimizations such as constant propagation or   |
|          |       |     | redundancy removal could change the connections|
|          |       |     | so a hierarchical instance does not drive any  |
|          |       |     | primary outputs anymore. To see the list of    |
|          |       |     | deleted hierarchical instances, set the        |
|          |       |     | 'information_level' attribute to 2 or above. If|
|          |       |     | the message is truncated set the message       |
|          |       |     | attribute 'truncate' to false to see the       |
|          |       |     | complete list. To prevent this optimization,   |
|          |       |     | set the 'delete_unloaded_insts' root/subdesign |
|          |       |     | attribute to 'false' or 'preserve' instance    |
|          |       |     | attribute to 'true'.                           |
|GLO-42    |Info   |   51|Equivalent sequential instances have been       |
|          |       |     | merged.                                        |
|          |       |     |To prevent merging of sequential instances, set |
|          |       |     | the 'optimize_merge_flops' and                 |
|          |       |     | 'optimize_merge_latches' root attributes to    |
|          |       |     | 'false' or the 'optimize_merge_seq' instance   |
|          |       |     | attribute to 'false'.                          |
|GLO-51    |Info   |    4|Hierarchical instance automatically ungrouped.  |
|          |       |     |Hierarchical instances can be automatically     |
|          |       |     | ungrouped to allow for better area or timing   |
|          |       |     | optimization. To prevent this ungroup, set the |
|          |       |     | root-level attribute 'auto_ungroup' to 'none'. |
|          |       |     | You can also prevent individual ungroup with   |
|          |       |     | setting the attribute 'ungroup_ok' of instances|
|          |       |     | or modules to 'false'.                         |
|GLO-61    |Warning|  516|Ungrouping the instance/module as 'false' cannot|
|          |       |     | be set on tool_generated hierarchies.          |
|          |       |     |Kindly check the script whether the ungroup_ok  |
|          |       |     | is set to false. Alternately it can be set to  |
|          |       |     | 'strict_no' to disable ungrouping but this can |
|          |       |     | impact PPA.                                    |
|GLO-62    |Info   |  118|On tool_generated instance/module 'strict_no' is|
|          |       |     | set.                                           |
|          |       |     |This shall only be used for special purposes    |
|          |       |     | like formal verification.                      |
|LBR-155   |Info   |    4|Mismatch in unateness between 'timing_sense'    |
|          |       |     | attribute and the function.                    |
|          |       |     |The 'timing_sense' attribute will be respected. |
|LBR-162   |Info   |   34|Both 'pos_unate' and 'neg_unate' timing_sense   |
|          |       |     | arcs have been processed.                      |
|          |       |     |Setting the 'timing_sense' to non_unate.        |
|LBR-412   |Info   |   10|Created nominal operating condition.            |
|          |       |     |The nominal operating condition is represented, |
|          |       |     | either by the nominal PVT values specified in  |
|          |       |     | the library source                             |
|          |       |     | (via nom_process,nom_voltage and nom_temperatur|
|          |       |     | e respectively)                                |
|          |       |     | , or by the default PVT values (1.0,1.0,1.0).  |
|PHYS-12   |Warning|    4|The variant range of wire parameters is too     |
|          |       |     | large. An example of wire parameters are, a    |
|          |       |     | WIDTH for layer, PITCH for layer, MINSPACING   |
|          |       |     | for layers, etc.                               |
|          |       |     |Check the consistency of the parameters, and see|
|          |       |     | if you can ignore this message or you're using |
|          |       |     | different LEF file with wrong parameters.      |
|PHYS-13   |Warning|    4|The value of the wire parameter is too big.     |
|          |       |     |Check the consistency of the specified wire     |
|          |       |     | parameter.                                     |
|PHYS-14   |Warning|    4|The value of the wire parameter is too small.   |
|          |       |     |Check the consistency of the specified wire     |
|          |       |     | parameter.                                     |
|PHYS-15   |Warning|   30|Missing wire parameter.                         |
|          |       |     |Check the wire parameter in LEF technology      |
|          |       |     | files.                                         |
|PHYS-106  |Warning|    1|Site already defined before, duplicated site    |
|          |       |     | will be ignored.                               |
|PHYS-129  |Info   |    9|Via with no resistance will have a value of     |
|          |       |     | '0.0' assigned for resistance value.           |
|          |       |     |If this is the expected behavior, this message  |
|          |       |     | can be ignored.                                |
|PHYS-279  |Warning|   20|Physical cell not defined in library.           |
|          |       |     |Ensure that the proper library files are        |
|          |       |     | available and have been imported.              |
|PHYS-752  |Info   |    1|Partition Based Synthesis execution skipped.    |
|RTLOPT-30 |Info   |    3|Accepted resource sharing opportunity.          |
|RTLOPT-40 |Info   |   30|Transformed datapath macro.                     |
|RTLOPT-55 |Warning|  516|Inferred datapath logic has changed and cannot  |
|          |       |     | be considered for datapath optimizations.      |
|          |       |     |For best results, ensure this command is issued |
|          |       |     | after syn_map, when all datapath optimizations |
|          |       |     | have finished.                                 |
|SYNTH-1   |Info   |    1|Synthesizing.                                   |
|TIM-1000  |Info   |    1|Multimode clock gating check is disabled.       |
|VLOGPT-37 |Warning|   25|Ignoring unsynthesizable construct.             |
|          |       |     |For example, the following constructs will be   |
|          |       |     | ignored:
    - initial block
    - final block
|
|          |       |     | - program block
    - property block
    -     |
|          |       |     | sequence block
    - covergroup
    - checker  |
|          |       |     | block
    - gate drive strength
    - system   |
|          |       |     | task enable
    - reg declaration with initial |
|          |       |     | value
    - specify block.                     |
|VLOGPT-506|Warning|    1|Unused attribute.                               |
---------------------------------------------------------------------------
	1344	 CDN_PAS_CONNECTED_MUXi
Ungrouping: BF1_1_REDUCER/stg1/CDN_PAS_CONNECTED_MUXi count=147 ratio=1.0
Ungrouping: BF1_1_REDUCER/stg2/CDN_PAS_CONNECTED_MUXi count=69 ratio=1.0
Ungrouping: BF1_1_REDUCER/CDN_PAS_CONNECTED_MUXi count=69 ratio=1.0
Ungrouping: BF1_2_REDUCER/CDN_PAS_CONNECTED_MUXi count=69 ratio=1.0
Ungrouping: BF2_1_REDUCER/CDN_PAS_CONNECTED_MUXi count=69 ratio=1.0
Ungrouping: BF2_2_REDUCER/CDN_PAS_CONNECTED_MUXi count=69 ratio=1.0
Ungrouping: CDN_PAS_CONNECTED_MUXi count=7258 ratio=1.0
Current PLE settings:

Aspect ratio        : 1.000
Shrink factor       : 1.000
Scale of res/length : 1.000
Scale of cap/length : 1.000
Net derating factor : 1.000
Thermal factor      : 1.000
Via Resistance      : 0.000 ohm (from default)
Site size           : 1.224 um (from lef [tech+cell])

                                   Capacitance  
  Layer                             / Length         Data source:
Name        Direction Utilization  (pF/micron)       default value
------------------------------------------------
<default>       U         n/a         0.000250  

** = DEFAULT cap per unit length is used for timing analysis

                                    Resistance   
  Layer                              / Length         Data source:
Name        Direction Utilization  (ohm/micron)       default value
-------------------------------------------------
<default>       U         n/a               0.0  

** = DEFAULT res per unit length is used for timing analysis

                                        Area       
  Layer                               / Length          Data source:
Name        Direction Utilization     (micron)          lef_library
---------------------------------------------------
M1              V         0.00         0.072000    
M2              H         1.00         0.072000    
M3              V         1.00         0.072000    
M4              H         1.00         0.096000    
M5              V         1.00         0.096000    
M6              H         1.00         0.128000    
M7              V         1.00         0.128000    
M8              H         1.00         0.160000    
M9              V         1.00         0.160000    
Pad             H         1.00         8.000000 ** 

** = 'Pad' is dropped because its width (8) is too large (threshold 2)

Mapper: Libraries have:
	domain _default_: 334 combo usable cells and 46 sequential usable cells
Info    : Attempting to launch a super-threading server. [ST-120]
        : Attempting to Launch server 1 of 8.
        : The tool is entering super-threading mode and is launching a CPU server process.  This is enabled by the root attribute 'super_thread_servers' or 'auto_super_thread'.
Info    : Connection established with super-threading server. [ST-110]
        : The server 'localhost_1_0' is forked process '928006' on this host.
        : The tool is entering super-threading mode and has established a connection with a CPU server process.  This is enabled by the root attributes 'super_thread_servers' or 'auto_super_thread'.
Info    : Connection established with super-threading server. [ST-110]
        : The server 'localhost_1_1' is forked process '928009' on this host.
Info    : Connection established with super-threading server. [ST-110]
        : The server 'localhost_1_2' is forked process '928011' on this host.
Info    : Connection established with super-threading server. [ST-110]
        : The server 'localhost_1_3' is forked process '928013' on this host.
Info    : Connection established with super-threading server. [ST-110]
        : The server 'localhost_1_4' is forked process '928015' on this host.
Info    : Connection established with super-threading server. [ST-110]
        : The server 'localhost_1_5' is forked process '928017' on this host.
Info    : Connection established with super-threading server. [ST-110]
        : The server 'localhost_1_6' is forked process '928019' on this host.
Info    : Connection established with super-threading server. [ST-110]
        : The server 'localhost_1_7' is forked process '928021' on this host.
Multi-threaded Virtual Mapping    (8 threads per ST process, 8 of 80 CPUs usable)
        Distributing super-thread jobs: cb_part sub_unsigned_9_11
          Sending 'cb_part' to server 'localhost_1_5'...
            Sent 'cb_part' to server 'localhost_1_5'.
          Sending 'sub_unsigned_9_11' to server 'localhost_1_3'...
            Sent 'sub_unsigned_9_11' to server 'localhost_1_3'.
          Received 'sub_unsigned_9_11' from server 'localhost_1_3'. (245 ms elapsed)
          Received 'cb_part' from server 'localhost_1_5'. (19938 ms elapsed)
Normal Structuring mode def=cb_part
Normal Structuring mode def=sub_unsigned_9_11
Normal Structuring mode def=cb_oseq
Working on Hinst: CDN_PAS_SKIP_FFC_0i
[gig_analyze] should_ungroup = 0
[gig_analyze] should_ungroup = 0
[gig_analyze] should_ungroup = 0
[gig_analyze] should_ungroup = 0
[gig_analyze] should_ungroup = 0
[gig_analyze] should_ungroup = 0

INFO: Identified hierarchy for CAS: hinst:iopt_partition/CDN_PAS_SKIP_FFC_0i

        Distributing super-thread jobs: cb_part_861 cb_part_867 cb_part_873 WALLACE_CSA_DUMMY_OP_group_5557 cb_part_877
          Sending 'cb_part_861' to server 'localhost_1_5'...
            Sent 'cb_part_861' to server 'localhost_1_5'.
          Sending 'cb_part_867' to server 'localhost_1_3'...
            Sent 'cb_part_867' to server 'localhost_1_3'.
          Sending 'cb_part_873' to server 'localhost_1_2'...
            Sent 'cb_part_873' to server 'localhost_1_2'.
          Sending 'WALLACE_CSA_DUMMY_OP_group_5557' to server 'localhost_1_6'...
            Sent 'WALLACE_CSA_DUMMY_OP_group_5557' to server 'localhost_1_6'.
          Sending 'cb_part_877' to server 'localhost_1_0'...
            Sent 'cb_part_877' to server 'localhost_1_0'.
          Received 'WALLACE_CSA_DUMMY_OP_group_5557' from server 'localhost_1_6'. (923 ms elapsed)
          Received 'cb_part_877' from server 'localhost_1_0'. (1699 ms elapsed)
          Received 'cb_part_873' from server 'localhost_1_2'. (2636 ms elapsed)
          Received 'cb_part_867' from server 'localhost_1_3'. (2760 ms elapsed)
          Received 'cb_part_861' from server 'localhost_1_5'. (8439 ms elapsed)
Normal Structuring mode def=cb_part_861
Normal Structuring mode def=cb_part_867
Normal Structuring mode def=cb_part_873
Normal Structuring mode def=WALLACE_CSA_DUMMY_OP_group_5557
Normal Structuring mode def=cb_part_877
Working on Hinst: CDN_PAS_SKIP_FFC_0i
[gig_analyze] should_ungroup = 0
[gig_analyze] should_ungroup = 0
[gig_analyze] should_ungroup = 0
[gig_analyze] should_ungroup = 0
[gig_analyze] should_ungroup = 0
[gig_analyze] should_ungroup = 0

INFO: Identified hierarchy for CAS: hinst:iopt_partition/CDN_PAS_SKIP_FFC_0i

Normal Structuring mode def=cb_oseq_860
Working on Hinst: CDN_PAS_SKIP_FFC_0i
[gig_analyze] should_ungroup = 0
[gig_analyze] should_ungroup = 0
[gig_analyze] should_ungroup = 0
[gig_analyze] should_ungroup = 0
[gig_analyze] should_ungroup = 0
[gig_analyze] should_ungroup = 0

INFO: Identified hierarchy for CAS: hinst:iopt_partition/CDN_PAS_SKIP_FFC_0i

Normal Structuring mode def=cb_oseq_872
Working on Hinst: CDN_PAS_SKIP_FFC_0i
[gig_analyze] should_ungroup = 0
[gig_analyze] should_ungroup = 0
[gig_analyze] should_ungroup = 0
[gig_analyze] should_ungroup = 0
[gig_analyze] should_ungroup = 0
[gig_analyze] should_ungroup = 0

INFO: Identified hierarchy for CAS: hinst:iopt_partition/CDN_PAS_SKIP_FFC_0i

Normal Structuring mode def=cb_oseq_866
Working on Hinst: CDN_PAS_SKIP_FFC_0i
[gig_analyze] should_ungroup = 0
[gig_analyze] should_ungroup = 0
[gig_analyze] should_ungroup = 0
[gig_analyze] should_ungroup = 0
[gig_analyze] should_ungroup = 0
[gig_analyze] should_ungroup = 0

INFO: Identified hierarchy for CAS: hinst:iopt_partition/CDN_PAS_SKIP_FFC_0i

        Distributing super-thread jobs: WALLACE_CSA_DUMMY_OP925_group_5554 WALLACE_CSA_DUMMY_OP923_group_5555 WALLACE_CSA_DUMMY_OP921_group_5556 cb_part_885 cb_part_889 cb_part_881
          Sending 'WALLACE_CSA_DUMMY_OP925_group_5554' to server 'localhost_1_5'...
            Sent 'WALLACE_CSA_DUMMY_OP925_group_5554' to server 'localhost_1_5'.
          Sending 'WALLACE_CSA_DUMMY_OP923_group_5555' to server 'localhost_1_3'...
            Sent 'WALLACE_CSA_DUMMY_OP923_group_5555' to server 'localhost_1_3'.
          Sending 'WALLACE_CSA_DUMMY_OP921_group_5556' to server 'localhost_1_2'...
            Sent 'WALLACE_CSA_DUMMY_OP921_group_5556' to server 'localhost_1_2'.
          Sending 'cb_part_885' to server 'localhost_1_6'...
            Sent 'cb_part_885' to server 'localhost_1_6'.
          Sending 'cb_part_889' to server 'localhost_1_0'...
            Sent 'cb_part_889' to server 'localhost_1_0'.
          Sending 'cb_part_881' to server 'localhost_1_7'...
            Sent 'cb_part_881' to server 'localhost_1_7'.
          Received 'WALLACE_CSA_DUMMY_OP921_group_5556' from server 'localhost_1_2'. (940 ms elapsed)
          Received 'WALLACE_CSA_DUMMY_OP925_group_5554' from server 'localhost_1_5'. (1005 ms elapsed)
Normal Structuring mode def=WALLACE_CSA_DUMMY_OP925_group_5554
          Received 'cb_part_889' from server 'localhost_1_0'. (914 ms elapsed)
          Received 'WALLACE_CSA_DUMMY_OP923_group_5555' from server 'localhost_1_3'. (1403 ms elapsed)
Normal Structuring mode def=WALLACE_CSA_DUMMY_OP923_group_5555
Normal Structuring mode def=WALLACE_CSA_DUMMY_OP921_group_5556
          Received 'cb_part_885' from server 'localhost_1_6'. (1460 ms elapsed)
Normal Structuring mode def=cb_part_885
Working on Hinst: CDN_PAS_SKIP_FFC_0i
[gig_analyze] should_ungroup = 0
[gig_analyze] should_ungroup = 0
[gig_analyze] should_ungroup = 0
[gig_analyze] should_ungroup = 0
[gig_analyze] should_ungroup = 0
[gig_analyze] should_ungroup = 0

INFO: Identified hierarchy for CAS: hinst:iopt_partition/CDN_PAS_SKIP_FFC_0i

Normal Structuring mode def=cb_part_889
Working on Hinst: CDN_PAS_SKIP_FFC_0i
[gig_analyze] should_ungroup = 0
[gig_analyze] should_ungroup = 0
[gig_analyze] should_ungroup = 0
[gig_analyze] should_ungroup = 0
[gig_analyze] should_ungroup = 0
[gig_analyze] should_ungroup = 0

INFO: Identified hierarchy for CAS: hinst:iopt_partition/CDN_PAS_SKIP_FFC_0i

          Received 'cb_part_881' from server 'localhost_1_7'. (1485 ms elapsed)
Normal Structuring mode def=cb_part_881
Working on Hinst: CDN_PAS_SKIP_FFC_0i
[gig_analyze] should_ungroup = 0
[gig_analyze] should_ungroup = 0
[gig_analyze] should_ungroup = 0
[gig_analyze] should_ungroup = 0
[gig_analyze] should_ungroup = 0
[gig_analyze] should_ungroup = 0

INFO: Identified hierarchy for CAS: hinst:iopt_partition/CDN_PAS_SKIP_FFC_0i

        Distributing super-thread jobs: add_unsigned_25_3
          Sending 'add_unsigned_25_3' to server 'localhost_1_5'...
            Sent 'add_unsigned_25_3' to server 'localhost_1_5'.
          Received 'add_unsigned_25_3' from server 'localhost_1_5'. (147 ms elapsed)
Normal Structuring mode def=add_unsigned_25_3
        Distributing super-thread jobs: cb_part_890
          Sending 'cb_part_890' to server 'localhost_1_5'...
            Sent 'cb_part_890' to server 'localhost_1_5'.
          Received 'cb_part_890' from server 'localhost_1_5'. (37468 ms elapsed)
Normal Structuring mode def=cb_part_890
Working on Hinst: CDN_PAS_SKIP_FFC_0i
[gig_analyze] should_ungroup = 0
[gig_analyze] should_ungroup = 0
[gig_analyze] should_ungroup = 0
[gig_analyze] should_ungroup = 0
[gig_analyze] should_ungroup = 0
[gig_analyze] should_ungroup = 0

INFO: Identified hierarchy for CAS: hinst:iopt_partition/CDN_PAS_SKIP_FFC_0i

        Distributing super-thread jobs: mult_unsigned_6036
          Sending 'mult_unsigned_6036' to server 'localhost_1_5'...
            Sent 'mult_unsigned_6036' to server 'localhost_1_5'.
          Received 'mult_unsigned_6036' from server 'localhost_1_5'. (8142 ms elapsed)
Normal Structuring mode def=mult_unsigned_6036
Normal Structuring mode def=cb_part_887
Normal Structuring mode def=cb_part_883
Normal Structuring mode def=cb_part_875
Normal Structuring mode def=cb_part_879
        Distributing super-thread jobs: cb_seq mult_const_trivial_24553_645 mult_const_trivial_24553
          Sending 'cb_seq' to server 'localhost_1_5'...
            Sent 'cb_seq' to server 'localhost_1_5'.
          Sending 'mult_const_trivial_24553_645' to server 'localhost_1_3'...
            Sent 'mult_const_trivial_24553_645' to server 'localhost_1_3'.
          Sending 'mult_const_trivial_24553' to server 'localhost_1_2'...
            Sent 'mult_const_trivial_24553' to server 'localhost_1_2'.
          Received 'mult_const_trivial_24553' from server 'localhost_1_2'. (462 ms elapsed)
          Received 'mult_const_trivial_24553_645' from server 'localhost_1_3'. (490 ms elapsed)
          Received 'cb_seq' from server 'localhost_1_5'. (1090 ms elapsed)
Normal Structuring mode def=cb_seq
Normal Structuring mode def=mult_const_trivial_24553_645
Normal Structuring mode def=mult_const_trivial_24553
        Distributing super-thread jobs: csa_tree_ADD_TC_OP_group_2 csa_tree_ADD_TC_OP_group_2_3
          Sending 'csa_tree_ADD_TC_OP_group_2' to server 'localhost_1_5'...
            Sent 'csa_tree_ADD_TC_OP_group_2' to server 'localhost_1_5'.
          Sending 'csa_tree_ADD_TC_OP_group_2_3' to server 'localhost_1_3'...
            Sent 'csa_tree_ADD_TC_OP_group_2_3' to server 'localhost_1_3'.
          Received 'csa_tree_ADD_TC_OP_group_2' from server 'localhost_1_5'. (740 ms elapsed)
Normal Structuring mode def=csa_tree_ADD_TC_OP_group_2
          Received 'csa_tree_ADD_TC_OP_group_2_3' from server 'localhost_1_3'. (789 ms elapsed)
Normal Structuring mode def=csa_tree_ADD_TC_OP_group_2_3
        Distributing super-thread jobs: mux_ctl_0x_851 mux_ctl_0x_852 mux_ctl_0x mux_ctl_0x_850
          Sending 'mux_ctl_0x_851' to server 'localhost_1_5'...
            Sent 'mux_ctl_0x_851' to server 'localhost_1_5'.
          Sending 'mux_ctl_0x_852' to server 'localhost_1_3'...
            Sent 'mux_ctl_0x_852' to server 'localhost_1_3'.
          Sending 'mux_ctl_0x' to server 'localhost_1_2'...
            Sent 'mux_ctl_0x' to server 'localhost_1_2'.
          Sending 'mux_ctl_0x_850' to server 'localhost_1_6'...
            Sent 'mux_ctl_0x_850' to server 'localhost_1_6'.
          Received 'mux_ctl_0x_851' from server 'localhost_1_5'. (3771 ms elapsed)
          Received 'mux_ctl_0x' from server 'localhost_1_2'. (3797 ms elapsed)
          Received 'mux_ctl_0x_852' from server 'localhost_1_3'. (4102 ms elapsed)
          Received 'mux_ctl_0x_850' from server 'localhost_1_6'. (4201 ms elapsed)
Normal Structuring mode def=cb_seq_859
Normal Structuring mode def=cb_seq_855
Normal Structuring mode def=cb_seq_871
Normal Structuring mode def=cb_seq_865
Normal Structuring mode def=mux_ctl_0x_851
Normal Structuring mode def=mux_ctl_0x_852
Normal Structuring mode def=mux_ctl_0x
Normal Structuring mode def=mux_ctl_0x_850
==================================
Stage : first_condense 
==================================
  =================
   Message Summary
  =================
---------------------------------------------------------------------------
|  Id  |Sev |Count|                     Message Text                      |
---------------------------------------------------------------------------
|GB-6  |Info|   48|A datapath component has been ungrouped.               |
|GLO-51|Info|   12|Hierarchical instance automatically ungrouped.         |
|      |    |     |Hierarchical instances can be automatically ungrouped  |
|      |    |     | to allow for better area or timing optimization. To   |
|      |    |     | prevent this ungroup, set the root-level attribute    |
|      |    |     | 'auto_ungroup' to 'none'. You can also prevent        |
|      |    |     | individual ungroup with setting the attribute         |
|      |    |     | 'ungroup_ok' of instances or modules to 'false'.      |
|GLO-62|Info|   23|On tool_generated instance/module 'strict_no' is set.  |
|      |    |     |This shall only be used for special purposes like      |
|      |    |     | formal verification.                                  |
|ST-110|Info|    8|Connection established with super-threading server.    |
|      |    |     |The tool is entering super-threading mode and has      |
|      |    |     | established a connection with a CPU server process.   |
|      |    |     | This is enabled by the root attributes                |
|      |    |     | 'super_thread_servers' or 'auto_super_thread'.        |
|ST-120|Info|    1|Attempting to launch a super-threading server.         |
|      |    |     |The tool is entering super-threading mode and is       |
|      |    |     | launching a CPU server process.  This is enabled by   |
|      |    |     | the root attribute 'super_thread_servers' or          |
|      |    |     | 'auto_super_thread'.                                  |
|ST-128|Info|    2|Super thread servers are launched successfully.        |
---------------------------------------------------------------------------
 
Global mapping target info
==========================
Cost Group 'clk' target slack:   -11 ps
Target path end-point (Pin: BF1_1_barrett_datai_reg[45]/d)


+-----------+------------------------------+-----+----------------------+---------------------------+
|   Host    |           Machine            | CPU | Physical Memory (MB) | Peak Physical Memory (MB) |
+-----------+------------------------------+-----+----------------------+---------------------------+
| localhost | engr-r940s01.engr.uidaho.edu |  8  |        1980.1        |          2044.3           |
+-----------+------------------------------+-----+----------------------+---------------------------+

+---------------+----------------------+---------------------------+
|    Server     | Physical Memory (MB) | Peak Physical Memory (MB) |
+---------------+----------------------+---------------------------+
| localhost_1_1 |      173.1 [1]       |          [1] [2]          |
| localhost_1_4 |      173.1 [1]       |          [1] [2]          |
| localhost_1_3 |      207.1 [1]       |          [1] [2]          |
| localhost_1_7 |      191.8 [1]       |          [1] [2]          |
| localhost_1_2 |      205.5 [1]       |          [1] [2]          |
| localhost_1_0 |    1602.9 [3] [4]    |        [3] [2] [4]        |
| localhost_1_6 |      204.3 [1]       |          [1] [2]          |
| localhost_1_5 |      252.3 [1]       |          [1] [2]          |
+---------------+----------------------+---------------------------+
[1] Memory is included in parent localhost_1_0.
[2] Peak physical memory is not available for forked background servers.
[3] Memory is included in main process.
[4] Memory of child processes is included.


State Retention Synthesis Status
================================

Category                        Flops   Percentage
--------------------------------------------------
Total instances                  2845        100.0
Excluded from State Retention    2845        100.0
    - Will not convert           2845        100.0
      - Preserved                   0          0.0
      - Power intent excluded    2845        100.0
    - Could not convert             0          0.0
      - Scan type                   0          0.0
      - No suitable cell            0          0.0
State Retention instances           0          0.0
--------------------------------------------------

Info    : Using '2' number of super-threading servers using the attribute 'super_thread_servers' could have
          saved '20' more seconds during global map.
Starting post first-condense unobservable FF removal
Detecting unobservable FF's ... (design is not uniquified)
Detected 0 unobservable FF's cputime(detection/total) = 0.305 /0.639 seconds
Unobservable FF redundancy removal succeeded.
Done post first-condense unobservable FF removal (3.00 cpu seconds) (2.00 elapsed cpu seconds)
Advanced structuring report (syn_gen):
---------------------------------------------------------------------------------------------------------------------
|                                  | Graph                | Opt. Graph           | Result          |                | 
|----------------------------------+----------------------+----------------------+-----------------+----------------|
| Name                     | Tag   | #nodes | #and | #lvl | #nodes | #and | #lvl | Acc | Time      | Netlist ID     | 
---------------------------------------------------------------------------------------------------------------------
| cb_part_890              | FCOPT |  14584 | 1608 |   45 |  14012 | 1036 |   25 | Y   |     14.88 | cb_part_890    | 
| cb_part                  | FCOPT |   4933 |  612 |   34 |   4852 |  531 |    7 | Y   |     10.08 | cb_part        | 
| cb_part_861              | FCOPT |   4806 |  591 |   31 |   4657 |  442 |   25 | Y   |      3.18 | cb_part_861    | 
---------------------------------------------------------------------------------------------------------------------
Number of LFLHs filtered from table: 14
Runtime accepts/rejects/total =    37.17 /     7.14 /    44.30
Accepts/rejects/total = 9 / 8 / 17
Sum of reduced nodes/levels = 1200 / 127
PBS_Generic_Opt-Post - Elapsed_Time 492, CPU_Time 410.039258
stamp 'PBS_Generic_Opt-Post' being created for table 'pbs_debug'

  Total Time (Wall) |  Stage Time (Wall)  |   % (Wall)   |    Date - Time     |  Memory   | Stage
--------------------+---------------------+--------------+--------------------+-----------+----------------------
 00:00:57(00:00:37) |  00:00:00(00:00:00) |   0.0(  0.0) |   17:32:20 (Aug12) |  768.7 MB | PBS_Generic-Start
--------------------+---------------------+--------------+--------------------+-----------+----------------------
 00:07:53(00:08:55) |  00:06:56(00:08:18) | 100.0(100.0) |   17:40:38 (Aug12) |   1.47 GB | PBS_Generic_Opt-Post
--------------------+---------------------+--------------+--------------------+-----------+----------------------
Number of threads: 8 * 1   (id: pbs_debug, time_info v1.57)
Info: (*N*) indicates data that was populated from previously saved time_info database
Info: CPU time includes time of parent + longest thread
PBS_Generic-Postgen HBO Optimizations - Elapsed_Time 1, CPU_Time 1.0
stamp 'PBS_Generic-Postgen HBO Optimizations' being created for table 'pbs_debug'

  Total Time (Wall) |  Stage Time (Wall)  |   % (Wall)   |    Date - Time     |  Memory   | Stage
--------------------+---------------------+--------------+--------------------+-----------+----------------------
 00:00:57(00:00:37) |  00:00:00(00:00:00) |   0.0(  0.0) |   17:32:20 (Aug12) |  768.7 MB | PBS_Generic-Start
--------------------+---------------------+--------------+--------------------+-----------+----------------------
 00:07:53(00:08:55) |  00:06:56(00:08:18) |  99.8( 99.6) |   17:40:38 (Aug12) |   1.47 GB | PBS_Generic_Opt-Post
--------------------+---------------------+--------------+--------------------+-----------+----------------------
 00:07:54(00:08:57) |  00:00:01(00:00:02) |   0.2(  0.4) |   17:40:40 (Aug12) |   1.47 GB | PBS_Generic-Postgen HBO Optimizations
--------------------+---------------------+--------------+--------------------+-----------+----------------------
Number of threads: 8 * 1   (id: pbs_debug, time_info v1.57)
Info: (*N*) indicates data that was populated from previously saved time_info database
Info: CPU time includes time of parent + longest thread
Starting post syn_generic ultra-effort Boolean optimization
Redundancy removal succeeded.
Done post syn_generic ultra-effort Boolean optimization (2.00 cpu seconds) (2.00 elapsed cpu seconds)
Info    : Done synthesizing. [SYNTH-2]
        : Done synthesizing 'butterfly2x2' to generic gates.
##>=================== Cadence Confidential (Generic-Logical) ===================
##>=================== Cadence Confidential (Generic-Logical) ===================
      flow.cputime  flow.realtime  timing.setup.tns  timing.setup.wns  snapshot
UM:*                                                                   syn_gen
@file(genus_asap7_v2.tcl) 76: stamp "syn_generic DONE"
===== [2026-08-12_17:40:45] syn_generic DONE
@file(genus_asap7_v2.tcl) 77: write_db $OUTDIR/${DESIGN}_p${PERIOD}_generic.db
Finished exporting design database to file '/home/alco9414/pqc/hqc/asic/asap7/out/bf2x2_bas_p555/butterfly2x2_p555_generic.db' for 'butterfly2x2' (command execution time mm:ss cpu = 00:03, real = 00:04).
@file(genus_asap7_v2.tcl) 79: stamp "syn_map START"
===== [2026-08-12_17:40:49] syn_map START
@file(genus_asap7_v2.tcl) 80: syn_map
#----------------------------------------------------------------------------------------
# Root attributes for category: opt
#----------------------------------------------------------------------------------------
# Feature                           | Attribute                    | Value            
#----------------------------------------------------------------------------------------
# Avoid tied inputs                 | avoid_tied_inputs            | false (default)  
# Allow floating outputs            | opt_allow_floating_outputs   | false (default)  
# Power optimization effort         | design_power_effort          | none (default)   
# Do not use qbar sequential pins   | dont_use_qbar_seq_pins       | false (default)  
#----------------------------------------------------------------------------------------

##Generic Timing Info: typical gate delay   22.2 ps   std_slew:    4.2 ps   std_load:  1.0 fF  for library domain _default_
Mapping ChipWare ICG instances in butterfly2x2
Found 0 unmapped ChipWare ICG instances
Mapped 0 of 0 ChipWare ICG instances
Current PLE settings:

Aspect ratio        : 1.000
Shrink factor       : 1.000
Scale of res/length : 1.000
Scale of cap/length : 1.000
Net derating factor : 1.000
Thermal factor      : 1.000
Via Resistance      : 0.000 ohm (from default)
Site size           : 1.224 um (from lef [tech+cell])

                                   Capacitance  
  Layer                             / Length         Data source:
Name        Direction Utilization  (pF/micron)       default value
------------------------------------------------
<default>       U         n/a         0.000250  

** = DEFAULT cap per unit length is used for timing analysis

                                    Resistance   
  Layer                              / Length         Data source:
Name        Direction Utilization  (ohm/micron)       default value
-------------------------------------------------
<default>       U         n/a               0.0  

** = DEFAULT res per unit length is used for timing analysis

                                        Area       
  Layer                               / Length          Data source:
Name        Direction Utilization     (micron)          lef_library
---------------------------------------------------
M1              V         0.00         0.072000    
M2              H         1.00         0.072000    
M3              V         1.00         0.072000    
M4              H         1.00         0.096000    
M5              V         1.00         0.096000    
M6              H         1.00         0.128000    
M7              V         1.00         0.128000    
M8              H         1.00         0.160000    
M9              V         1.00         0.160000    
Pad             H         1.00         8.000000 ** 

** = 'Pad' is dropped because its width (8) is too large (threshold 2)

Info    : Mapping. [SYNTH-4]
        : Mapping 'butterfly2x2' using 'high' effort.
Mapper: Libraries have:
	domain _default_: 334 combo usable cells and 46 sequential usable cells
PBS_TechMap-Start - Elapsed_Time 0, CPU_Time 0.0
stamp 'PBS_TechMap-Start' being created for table 'pbs_debug'

  Total Time (Wall) |  Stage Time (Wall)  |   % (Wall)   |    Date - Time     |  Memory   | Stage
--------------------+---------------------+--------------+--------------------+-----------+----------------------
 00:00:57(00:00:37) |  00:00:00(00:00:00) |   0.0(  0.0) |   17:32:20 (Aug12) |  768.7 MB | PBS_Generic-Start
--------------------+---------------------+--------------+--------------------+-----------+----------------------
 00:07:53(00:08:55) |  00:06:56(00:08:18) |  97.4( 97.6) |   17:40:38 (Aug12) |   1.47 GB | PBS_Generic_Opt-Post
--------------------+---------------------+--------------+--------------------+-----------+----------------------
 00:07:54(00:08:57) |  00:00:01(00:00:02) |   0.2(  0.4) |   17:40:40 (Aug12) |   1.47 GB | PBS_Generic-Postgen HBO Optimizations
--------------------+---------------------+--------------+--------------------+-----------+----------------------
 00:08:04(00:09:07) |  00:00:10(00:00:10) |   2.3(  2.0) |   17:40:50 (Aug12) |   1.43 GB | PBS_TechMap-Start
--------------------+---------------------+--------------+--------------------+-----------+----------------------
Number of threads: 8 * 1   (id: pbs_debug, time_info v1.57)
Info: (*N*) indicates data that was populated from previously saved time_info database
Info: CPU time includes time of parent + longest thread
PBS_TechMap-Premap HBO Optimizations - Elapsed_Time 1, CPU_Time 1.0
stamp 'PBS_TechMap-Premap HBO Optimizations' being created for table 'pbs_debug'

  Total Time (Wall) |  Stage Time (Wall)  |   % (Wall)   |    Date - Time     |  Memory   | Stage
--------------------+---------------------+--------------+--------------------+-----------+----------------------
 00:00:57(00:00:37) |  00:00:00(00:00:00) |   0.0(  0.0) |   17:32:20 (Aug12) |  768.7 MB | PBS_Generic-Start
--------------------+---------------------+--------------+--------------------+-----------+----------------------
 00:07:53(00:08:55) |  00:06:56(00:08:18) |  97.2( 97.5) |   17:40:38 (Aug12) |   1.47 GB | PBS_Generic_Opt-Post
--------------------+---------------------+--------------+--------------------+-----------+----------------------
 00:07:54(00:08:57) |  00:00:01(00:00:02) |   0.2(  0.4) |   17:40:40 (Aug12) |   1.47 GB | PBS_Generic-Postgen HBO Optimizations
--------------------+---------------------+--------------+--------------------+-----------+----------------------
 00:08:04(00:09:07) |  00:00:10(00:00:10) |   2.3(  2.0) |   17:40:50 (Aug12) |   1.43 GB | PBS_TechMap-Start
--------------------+---------------------+--------------+--------------------+-----------+----------------------
 00:08:05(00:09:08) |  00:00:01(00:00:01) |   0.2(  0.2) |   17:40:51 (Aug12) |   1.43 GB | PBS_TechMap-Premap HBO Optimizations
--------------------+---------------------+--------------+--------------------+-----------+----------------------
Number of threads: 8 * 1   (id: pbs_debug, time_info v1.57)
Info: (*N*) indicates data that was populated from previously saved time_info database
Info: CPU time includes time of parent + longest thread
Info    : Partition Based Synthesis execution skipped. [PHYS-752]
        : Design size is less than the partition size '100000' for distributed mapping optimization to kick in.
Current PLE settings:

Aspect ratio        : 1.000
Shrink factor       : 1.000
Scale of res/length : 1.000
Scale of cap/length : 1.000
Net derating factor : 1.000
Thermal factor      : 1.000
Via Resistance      : 0.000 ohm (from default)
Site size           : 1.224 um (from lef [tech+cell])

                                   Capacitance  
  Layer                             / Length         Data source:
Name        Direction Utilization  (pF/micron)       default value
------------------------------------------------
<default>       U         n/a         0.000250  

** = DEFAULT cap per unit length is used for timing analysis

                                    Resistance   
  Layer                              / Length         Data source:
Name        Direction Utilization  (ohm/micron)       default value
-------------------------------------------------
<default>       U         n/a               0.0  

** = DEFAULT res per unit length is used for timing analysis

                                        Area       
  Layer                               / Length          Data source:
Name        Direction Utilization     (micron)          lef_library
---------------------------------------------------
M1              V         0.00         0.072000    
M2              H         1.00         0.072000    
M3              V         1.00         0.072000    
M4              H         1.00         0.096000    
M5              V         1.00         0.096000    
M6              H         1.00         0.128000    
M7              V         1.00         0.128000    
M8              H         1.00         0.160000    
M9              V         1.00         0.160000    
Pad             H         1.00         8.000000 ** 

** = 'Pad' is dropped because its width (8) is too large (threshold 2)

Mapper: Libraries have:
	domain _default_: 334 combo usable cells and 46 sequential usable cells
Info    : Attempting to launch a super-threading server. [ST-120]
        : Attempting to Launch server 1 of 8.
Info    : Connection established with super-threading server. [ST-110]
        : The server 'localhost_2_0' is forked process '933066' on this host.
Info    : Connection established with super-threading server. [ST-110]
        : The server 'localhost_2_1' is forked process '933069' on this host.
Info    : Connection established with super-threading server. [ST-110]
        : The server 'localhost_2_2' is forked process '933071' on this host.
Info    : Connection established with super-threading server. [ST-110]
        : The server 'localhost_2_3' is forked process '933073' on this host.
Info    : Connection established with super-threading server. [ST-110]
        : The server 'localhost_2_4' is forked process '933075' on this host.
Info    : Connection established with super-threading server. [ST-110]
        : The server 'localhost_2_5' is forked process '933077' on this host.
Info    : Connection established with super-threading server. [ST-110]
        : The server 'localhost_2_6' is forked process '933079' on this host.
Info    : Connection established with super-threading server. [ST-110]
        : The server 'localhost_2_7' is forked process '933089' on this host.
Multi-threaded Virtual Mapping    (8 threads per ST process, 8 of 80 CPUs usable)
        Distributing super-thread jobs: cb_part_1187 sub_unsigned_9_11
          Sending 'cb_part_1187' to server 'localhost_2_7'...
            Sent 'cb_part_1187' to server 'localhost_2_7'.
          Sending 'sub_unsigned_9_11' to server 'localhost_2_6'...
            Sent 'sub_unsigned_9_11' to server 'localhost_2_6'.
          Received 'sub_unsigned_9_11' from server 'localhost_2_6'. (208 ms elapsed)
          Received 'cb_part_1187' from server 'localhost_2_7'. (23831 ms elapsed)
Normal Structuring mode def=cb_part_1187
Working on Hinst: CDN_PAS_SKIP_FFC_0i
[gig_analyze] should_ungroup = 0
[gig_analyze] should_ungroup = 0
[gig_analyze] should_ungroup = 0
[gig_analyze] should_ungroup = 0
[gig_analyze] should_ungroup = 0
[gig_analyze] should_ungroup = 0

INFO: Identified hierarchy for CAS: hinst:iopt_partition/CDN_PAS_SKIP_FFC_0i

Working on Hinst: CDN_PAS_SKIP_FFC_1i
[gig_analyze] should_ungroup = 0
[gig_analyze] should_ungroup = 0
[gig_analyze] should_ungroup = 0
[gig_analyze] should_ungroup = 0
[gig_analyze] should_ungroup = 0
[gig_analyze] should_ungroup = 0

INFO: Identified hierarchy for CAS: hinst:iopt_partition/CDN_PAS_SKIP_FFC_1i

Working on Hinst: CDN_PAS_SKIP_FFC_2i
[gig_analyze] should_ungroup = 0
[gig_analyze] should_ungroup = 0
[gig_analyze] should_ungroup = 0
[gig_analyze] should_ungroup = 0
[gig_analyze] should_ungroup = 0
[gig_analyze] should_ungroup = 0

INFO: Identified hierarchy for CAS: hinst:iopt_partition/CDN_PAS_SKIP_FFC_2i

Normal Structuring mode def=sub_unsigned_9_11
        Distributing super-thread jobs: cb_part_1189
          Sending 'cb_part_1189' to server 'localhost_2_7'...
            Sent 'cb_part_1189' to server 'localhost_2_7'.
          Received 'cb_part_1189' from server 'localhost_2_7'. (9855 ms elapsed)
Normal Structuring mode def=cb_part_1189
Working on Hinst: CDN_PAS_SKIP_FFC_0i
[gig_analyze] should_ungroup = 0
[gig_analyze] should_ungroup = 0
[gig_analyze] should_ungroup = 0
[gig_analyze] should_ungroup = 0
[gig_analyze] should_ungroup = 0
[gig_analyze] should_ungroup = 0

INFO: Identified hierarchy for CAS: hinst:iopt_partition/CDN_PAS_SKIP_FFC_0i

Working on Hinst: CDN_PAS_SKIP_FFC_1i
[gig_analyze] should_ungroup = 0
[gig_analyze] should_ungroup = 0
[gig_analyze] should_ungroup = 0
[gig_analyze] should_ungroup = 0
[gig_analyze] should_ungroup = 0
[gig_analyze] should_ungroup = 0

INFO: Identified hierarchy for CAS: hinst:iopt_partition/CDN_PAS_SKIP_FFC_1i

Working on Hinst: CDN_PAS_SKIP_FFC_2i
[gig_analyze] should_ungroup = 0
[gig_analyze] should_ungroup = 0
[gig_analyze] should_ungroup = 1
Ungrouping hinst:hinst:iopt_partition/CDN_PAS_SKIP_FFC_2i
Normal Structuring mode def=cb_part_1193
Normal Structuring mode def=cb_part_1191
        Distributing super-thread jobs: mult_unsigned_6036 mult_unsigned_6036_1175 add_unsigned_25_3_703 add_unsigned_25_3 add_unsigned_25_3_704
          Sending 'mult_unsigned_6036' to server 'localhost_2_7'...
            Sent 'mult_unsigned_6036' to server 'localhost_2_7'.
          Sending 'mult_unsigned_6036_1175' to server 'localhost_2_6'...
            Sent 'mult_unsigned_6036_1175' to server 'localhost_2_6'.
          Sending 'add_unsigned_25_3_703' to server 'localhost_2_0'...
            Sent 'add_unsigned_25_3_703' to server 'localhost_2_0'.
          Sending 'add_unsigned_25_3' to server 'localhost_2_2'...
            Sent 'add_unsigned_25_3' to server 'localhost_2_2'.
          Sending 'add_unsigned_25_3_704' to server 'localhost_2_1'...
            Sent 'add_unsigned_25_3_704' to server 'localhost_2_1'.
          Received 'add_unsigned_25_3_703' from server 'localhost_2_0'. (259 ms elapsed)
          Received 'add_unsigned_25_3' from server 'localhost_2_2'. (265 ms elapsed)
          Received 'add_unsigned_25_3_704' from server 'localhost_2_1'. (277 ms elapsed)
          Received 'mult_unsigned_6036' from server 'localhost_2_7'. (2255 ms elapsed)
Normal Structuring mode def=mult_unsigned_6036
          Received 'mult_unsigned_6036_1175' from server 'localhost_2_6'. (2795 ms elapsed)
Normal Structuring mode def=mult_unsigned_6036_1175
Normal Structuring mode def=add_unsigned_25_3_703
Normal Structuring mode def=add_unsigned_25_3
Normal Structuring mode def=add_unsigned_25_3_704
        Distributing super-thread jobs: cb_part_1194
          Sending 'cb_part_1194' to server 'localhost_2_7'...
            Sent 'cb_part_1194' to server 'localhost_2_7'.
          Received 'cb_part_1194' from server 'localhost_2_7'. (46906 ms elapsed)
Normal Structuring mode def=cb_part_1194
	260	 CDN_PAS_CONNECTED_FFCi555
	188	 CDN_PAS_CONNECTED_FFCi557
Working on Hinst: CDN_PAS_SKIP_FFC_0i
[gig_analyze] should_ungroup = 0
[gig_analyze] should_ungroup = 0
[gig_analyze] should_ungroup = 0
[gig_analyze] should_ungroup = 0
[gig_analyze] should_ungroup = 0
[gig_analyze] should_ungroup = 0

INFO: Identified hierarchy for CAS: hinst:iopt_partition/CDN_PAS_SKIP_FFC_0i

Working on Hinst: CDN_PAS_SKIP_FFC_1i
[gig_analyze] should_ungroup = 0
[gig_analyze] should_ungroup = 0
[gig_analyze] should_ungroup = 0
[gig_analyze] should_ungroup = 0
[gig_analyze] should_ungroup = 0
[gig_analyze] should_ungroup = 0

INFO: Identified hierarchy for CAS: hinst:iopt_partition/CDN_PAS_SKIP_FFC_1i

Working on Hinst: CDN_PAS_SKIP_FFC_2i
[gig_analyze] should_ungroup = 0
[gig_analyze] should_ungroup = 0
[gig_analyze] should_ungroup = 0
[gig_analyze] should_ungroup = 0
[gig_analyze] should_ungroup = 0
[gig_analyze] should_ungroup = 0

INFO: Identified hierarchy for CAS: hinst:iopt_partition/CDN_PAS_SKIP_FFC_2i

Working on Hinst: CDN_PAS_SKIP_FFC_3i
[gig_analyze] should_ungroup = 0
[gig_analyze] should_ungroup = 0
[gig_analyze] should_ungroup = 0
[gig_analyze] should_ungroup = 0
[gig_analyze] should_ungroup = 0
[gig_analyze] should_ungroup = 1
Ungrouping hinst:hinst:iopt_partition/CDN_PAS_SKIP_FFC_3i
Working on Hinst: CDN_PAS_SKIP_FFC_4i
[gig_analyze] should_ungroup = 0
[gig_analyze] should_ungroup = 0
[gig_analyze] should_ungroup = 0
[gig_analyze] should_ungroup = 0
[gig_analyze] should_ungroup = 0
[gig_analyze] should_ungroup = 1
Ungrouping hinst:hinst:iopt_partition/CDN_PAS_SKIP_FFC_4i
        Distributing super-thread jobs: mult_unsigned_6036_1173 WALLACE_CSA_DUMMY_OP921_group_5556 WALLACE_CSA_DUMMY_OP925_group_5554 WALLACE_CSA_DUMMY_OP923_group_5555 add_unsigned_25_3_702 mult_const_trivial_24553_645
          Sending 'mult_unsigned_6036_1173' to server 'localhost_2_7'...
            Sent 'mult_unsigned_6036_1173' to server 'localhost_2_7'.
          Sending 'WALLACE_CSA_DUMMY_OP921_group_5556' to server 'localhost_2_6'...
            Sent 'WALLACE_CSA_DUMMY_OP921_group_5556' to server 'localhost_2_6'.
          Sending 'WALLACE_CSA_DUMMY_OP925_group_5554' to server 'localhost_2_0'...
            Sent 'WALLACE_CSA_DUMMY_OP925_group_5554' to server 'localhost_2_0'.
          Sending 'WALLACE_CSA_DUMMY_OP923_group_5555' to server 'localhost_2_2'...
            Sent 'WALLACE_CSA_DUMMY_OP923_group_5555' to server 'localhost_2_2'.
          Sending 'add_unsigned_25_3_702' to server 'localhost_2_1'...
            Sent 'add_unsigned_25_3_702' to server 'localhost_2_1'.
          Sending 'mult_const_trivial_24553_645' to server 'localhost_2_5'...
            Sent 'mult_const_trivial_24553_645' to server 'localhost_2_5'.
          Received 'add_unsigned_25_3_702' from server 'localhost_2_1'. (207 ms elapsed)
          Received 'WALLACE_CSA_DUMMY_OP921_group_5556' from server 'localhost_2_6'. (347 ms elapsed)
          Received 'WALLACE_CSA_DUMMY_OP923_group_5555' from server 'localhost_2_2'. (412 ms elapsed)
          Received 'WALLACE_CSA_DUMMY_OP925_group_5554' from server 'localhost_2_0'. (536 ms elapsed)
          Received 'mult_const_trivial_24553_645' from server 'localhost_2_5'. (577 ms elapsed)
          Received 'mult_unsigned_6036_1173' from server 'localhost_2_7'. (2200 ms elapsed)
Normal Structuring mode def=mult_unsigned_6036_1173
Normal Structuring mode def=WALLACE_CSA_DUMMY_OP921_group_5556
Normal Structuring mode def=WALLACE_CSA_DUMMY_OP925_group_5554
Normal Structuring mode def=WALLACE_CSA_DUMMY_OP923_group_5555
Normal Structuring mode def=add_unsigned_25_3_702
Normal Structuring mode def=mult_const_trivial_24553_645
Normal Structuring mode def=cb_part_1185
Normal Structuring mode def=cb_part
        Distributing super-thread jobs: csa_tree_ADD_TC_OP_group_2_3 cb_part_1183 mult_const_trivial_24553
          Sending 'csa_tree_ADD_TC_OP_group_2_3' to server 'localhost_2_7'...
            Sent 'csa_tree_ADD_TC_OP_group_2_3' to server 'localhost_2_7'.
          Sending 'cb_part_1183' to server 'localhost_2_6'...
            Sent 'cb_part_1183' to server 'localhost_2_6'.
          Sending 'mult_const_trivial_24553' to server 'localhost_2_0'...
            Sent 'mult_const_trivial_24553' to server 'localhost_2_0'.
          Received 'mult_const_trivial_24553' from server 'localhost_2_0'. (178 ms elapsed)
          Received 'csa_tree_ADD_TC_OP_group_2_3' from server 'localhost_2_7'. (631 ms elapsed)
Normal Structuring mode def=csa_tree_ADD_TC_OP_group_2_3
          Received 'cb_part_1183' from server 'localhost_2_6'. (1221 ms elapsed)
Normal Structuring mode def=cb_part_1183
Working on Hinst: CDN_PAS_CONNECTED_FFCi
[gig_analyze] should_ungroup = 0
[gig_analyze] should_ungroup = 0
[gig_analyze] should_ungroup = 0
[gig_analyze] should_ungroup = 0
[gig_analyze] should_ungroup = 0
[gig_analyze] should_ungroup = 0

INFO: Identified hierarchy for CAS: hinst:iopt_partition/CDN_PAS_CONNECTED_FFCi

Working on Hinst: CDN_PAS_SKIP_FFC_0i
[gig_analyze] should_ungroup = 0
[gig_analyze] should_ungroup = 0
[gig_analyze] should_ungroup = 0
[gig_analyze] should_ungroup = 0
[gig_analyze] should_ungroup = 0
[gig_analyze] should_ungroup = 0

INFO: Identified hierarchy for CAS: hinst:iopt_partition/CDN_PAS_SKIP_FFC_0i

Normal Structuring mode def=mult_const_trivial_24553
        Distributing super-thread jobs: WALLACE_CSA_DUMMY_OP_group_5557 csa_tree_ADD_TC_OP_group_2
          Sending 'WALLACE_CSA_DUMMY_OP_group_5557' to server 'localhost_2_7'...
            Sent 'WALLACE_CSA_DUMMY_OP_group_5557' to server 'localhost_2_7'.
          Sending 'csa_tree_ADD_TC_OP_group_2' to server 'localhost_2_6'...
            Sent 'csa_tree_ADD_TC_OP_group_2' to server 'localhost_2_6'.
          Received 'WALLACE_CSA_DUMMY_OP_group_5557' from server 'localhost_2_7'. (255 ms elapsed)
Normal Structuring mode def=WALLACE_CSA_DUMMY_OP_group_5557
          Received 'csa_tree_ADD_TC_OP_group_2' from server 'localhost_2_6'. (272 ms elapsed)
Normal Structuring mode def=csa_tree_ADD_TC_OP_group_2
Normal Structuring mode def=cb_part_1181
        Distributing super-thread jobs: cb_seq
          Sending 'cb_seq' to server 'localhost_2_7'...
            Sent 'cb_seq' to server 'localhost_2_7'.
          Received 'cb_seq' from server 'localhost_2_7'. (330558 ms elapsed)
Normal Structuring mode def=cb_seq
	496	 CDN_PAS_CONNECTED_FFCi839
Working on Hinst: CDN_PAS_SKIP_FFC_0i
[gig_analyze] should_ungroup = 0
[gig_analyze] should_ungroup = 0
[gig_analyze] should_ungroup = 0
[gig_analyze] should_ungroup = 0
[gig_analyze] should_ungroup = 0
[gig_analyze] should_ungroup = 0

INFO: Identified hierarchy for CAS: hinst:iopt_partition/CDN_PAS_SKIP_FFC_0i

Working on Hinst: CDN_PAS_SKIP_FFC_1i
[gig_analyze] should_ungroup = 0
[gig_analyze] should_ungroup = 0
[gig_analyze] should_ungroup = 0
[gig_analyze] should_ungroup = 0
[gig_analyze] should_ungroup = 0
[gig_analyze] should_ungroup = 0

INFO: Identified hierarchy for CAS: hinst:iopt_partition/CDN_PAS_SKIP_FFC_1i

Working on Hinst: CDN_PAS_SKIP_FFC_2i
[gig_analyze] should_ungroup = 0
[gig_analyze] should_ungroup = 0
[gig_analyze] should_ungroup = 0
[gig_analyze] should_ungroup = 0
[gig_analyze] should_ungroup = 0
[gig_analyze] should_ungroup = 1
Ungrouping hinst:hinst:iopt_partition/CDN_PAS_SKIP_FFC_2i
Working on Hinst: CDN_PAS_SKIP_FFC_3i
[gig_analyze] should_ungroup = 0
[gig_analyze] should_ungroup = 0
[gig_analyze] should_ungroup = 0
[gig_analyze] should_ungroup = 0
[gig_analyze] should_ungroup = 0
[gig_analyze] should_ungroup = 0

INFO: Identified hierarchy for CAS: hinst:iopt_partition/CDN_PAS_SKIP_FFC_3i

Working on Hinst: CDN_PAS_SKIP_FFC_4i
[gig_analyze] should_ungroup = 0
[gig_analyze] should_ungroup = 0
[gig_analyze] should_ungroup = 0
[gig_analyze] should_ungroup = 0
[gig_analyze] should_ungroup = 0
[gig_analyze] should_ungroup = 0

INFO: Identified hierarchy for CAS: hinst:iopt_partition/CDN_PAS_SKIP_FFC_4i

Working on Hinst: CDN_PAS_SKIP_FFC_5i
[gig_analyze] should_ungroup = 0
[gig_analyze] should_ungroup = 0
[gig_analyze] should_ungroup = 0
[gig_analyze] should_ungroup = 0
[gig_analyze] should_ungroup = 0
[gig_analyze] should_ungroup = 0

INFO: Identified hierarchy for CAS: hinst:iopt_partition/CDN_PAS_SKIP_FFC_5i

Working on Hinst: CDN_PAS_SKIP_FFC_6i
[gig_analyze] should_ungroup = 0
[gig_analyze] should_ungroup = 0
[gig_analyze] should_ungroup = 0
[gig_analyze] should_ungroup = 0
[gig_analyze] should_ungroup = 0
[gig_analyze] should_ungroup = 0

INFO: Identified hierarchy for CAS: hinst:iopt_partition/CDN_PAS_SKIP_FFC_6i

Working on Hinst: CDN_PAS_SKIP_FFC_7i
[gig_analyze] should_ungroup = 0
[gig_analyze] should_ungroup = 0
[gig_analyze] should_ungroup = 0
[gig_analyze] should_ungroup = 0
[gig_analyze] should_ungroup = 0
[gig_analyze] should_ungroup = 0

INFO: Identified hierarchy for CAS: hinst:iopt_partition/CDN_PAS_SKIP_FFC_7i

Working on Hinst: CDN_PAS_SKIP_FFC_8i
[gig_analyze] should_ungroup = 0
[gig_analyze] should_ungroup = 0
[gig_analyze] should_ungroup = 0
[gig_analyze] should_ungroup = 0
[gig_analyze] should_ungroup = 0
[gig_analyze] should_ungroup = 0

INFO: Identified hierarchy for CAS: hinst:iopt_partition/CDN_PAS_SKIP_FFC_8i

 
Global mapping target info
==========================
Cost Group 'clk' target slack:    -5 ps
Target path end-point (Pin: BF2_1_barrett_datai_reg[45]/d)

Multi-threaded Technology Mapping (8 threads per ST process, 8 of 80 CPUs usable)
        Distributing super-thread jobs: cb_seq
          Sending 'cb_seq' to server 'localhost_2_7'...
            Sent 'cb_seq' to server 'localhost_2_7'.
          Received 'cb_seq' from server 'localhost_2_7'. (115002 ms elapsed)
Normal Structuring mode def=cb_seq
	505	 CDN_PAS_CONNECTED_FFCi847
Working on Hinst: CDN_PAS_SKIP_FFC_0i
[gig_analyze] should_ungroup = 1
Ungrouping hinst:hinst:iopt_partition/CDN_PAS_SKIP_FFC_0i
Working on Hinst: CDN_PAS_SKIP_FFC_1i
[gig_analyze] should_ungroup = 0
[gig_analyze] should_ungroup = 0
[gig_analyze] should_ungroup = 0
[gig_analyze] should_ungroup = 0
[gig_analyze] should_ungroup = 0
[gig_analyze] should_ungroup = 0

INFO: Identified hierarchy for CAS: hinst:iopt_partition/CDN_PAS_SKIP_FFC_1i

Working on Hinst: CDN_PAS_SKIP_FFC_2i
[gig_analyze] should_ungroup = 0
[gig_analyze] should_ungroup = 0
[gig_analyze] should_ungroup = 0
[gig_analyze] should_ungroup = 0
[gig_analyze] should_ungroup = 0
[gig_analyze] should_ungroup = 0

INFO: Identified hierarchy for CAS: hinst:iopt_partition/CDN_PAS_SKIP_FFC_2i

Working on Hinst: CDN_PAS_SKIP_FFC_3i
[gig_analyze] should_ungroup = 0
[gig_analyze] should_ungroup = 0
[gig_analyze] should_ungroup = 0
[gig_analyze] should_ungroup = 0
[gig_analyze] should_ungroup = 0
[gig_analyze] should_ungroup = 0

INFO: Identified hierarchy for CAS: hinst:iopt_partition/CDN_PAS_SKIP_FFC_3i

Working on Hinst: CDN_PAS_SKIP_FFC_4i
[gig_analyze] should_ungroup = 0
[gig_analyze] should_ungroup = 0
[gig_analyze] should_ungroup = 0
[gig_analyze] should_ungroup = 0
[gig_analyze] should_ungroup = 0
[gig_analyze] should_ungroup = 0

INFO: Identified hierarchy for CAS: hinst:iopt_partition/CDN_PAS_SKIP_FFC_4i

Working on Hinst: CDN_PAS_SKIP_FFC_5i
[gig_analyze] should_ungroup = 1
Ungrouping hinst:hinst:iopt_partition/CDN_PAS_SKIP_FFC_5i
Working on Hinst: CDN_PAS_SKIP_FFC_6i
[gig_analyze] should_ungroup = 0
[gig_analyze] should_ungroup = 0
[gig_analyze] should_ungroup = 0
[gig_analyze] should_ungroup = 0
[gig_analyze] should_ungroup = 0
[gig_analyze] should_ungroup = 0

INFO: Identified hierarchy for CAS: hinst:iopt_partition/CDN_PAS_SKIP_FFC_6i

Working on Hinst: CDN_PAS_SKIP_FFC_7i
[gig_analyze] should_ungroup = 0
[gig_analyze] should_ungroup = 0
[gig_analyze] should_ungroup = 0
[gig_analyze] should_ungroup = 0
[gig_analyze] should_ungroup = 0
[gig_analyze] should_ungroup = 0

INFO: Identified hierarchy for CAS: hinst:iopt_partition/CDN_PAS_SKIP_FFC_7i

Working on Hinst: CDN_PAS_SKIP_FFC_8i
[gig_analyze] should_ungroup = 0
[gig_analyze] should_ungroup = 1
Ungrouping hinst:hinst:iopt_partition/CDN_PAS_SKIP_FFC_8i
Normal Structuring mode def=cb_part_1181
        Distributing super-thread jobs: WALLACE_CSA_DUMMY_OP_group_5557 csa_tree_ADD_TC_OP_group_2
          Sending 'WALLACE_CSA_DUMMY_OP_group_5557' to server 'localhost_2_7'...
            Sent 'WALLACE_CSA_DUMMY_OP_group_5557' to server 'localhost_2_7'.
          Sending 'csa_tree_ADD_TC_OP_group_2' to server 'localhost_2_6'...
            Sent 'csa_tree_ADD_TC_OP_group_2' to server 'localhost_2_6'.
          Received 'WALLACE_CSA_DUMMY_OP_group_5557' from server 'localhost_2_7'. (3755 ms elapsed)
Normal Structuring mode def=WALLACE_CSA_DUMMY_OP_group_5557
Normal Structuring mode def=WALLACE_CSA_DUMMY_OP_group
Normal Structuring mode def=WALLACE_CSA_DUMMY_OP_group
Normal Structuring mode def=WALLACE_CSA_DUMMY_OP_group
          Received 'csa_tree_ADD_TC_OP_group_2' from server 'localhost_2_6'. (4804 ms elapsed)
Normal Structuring mode def=csa_tree_ADD_TC_OP_group_2
Normal Structuring mode def=csa_tree_ADD_TC_OP_group
Normal Structuring mode def=csa_tree_ADD_TC_OP_group
Normal Structuring mode def=csa_tree_ADD_TC_OP_group
        Distributing super-thread jobs: csa_tree_ADD_TC_OP_group_2_3 cb_part_1183 mult_const_trivial_24553
          Sending 'csa_tree_ADD_TC_OP_group_2_3' to server 'localhost_2_7'...
            Sent 'csa_tree_ADD_TC_OP_group_2_3' to server 'localhost_2_7'.
          Sending 'cb_part_1183' to server 'localhost_2_6'...
            Sent 'cb_part_1183' to server 'localhost_2_6'.
          Sending 'mult_const_trivial_24553' to server 'localhost_2_0'...
            Sent 'mult_const_trivial_24553' to server 'localhost_2_0'.
          Received 'cb_part_1183' from server 'localhost_2_6'. (1127 ms elapsed)
          Received 'csa_tree_ADD_TC_OP_group_2_3' from server 'localhost_2_7'. (4657 ms elapsed)
Normal Structuring mode def=csa_tree_ADD_TC_OP_group_2_3
Normal Structuring mode def=csa_tree_ADD_TC_OP_group
Normal Structuring mode def=csa_tree_ADD_TC_OP_group
Normal Structuring mode def=csa_tree_ADD_TC_OP_group
Normal Structuring mode def=cb_part_1183
Working on Hinst: CDN_PAS_CONNECTED_FFCi26
[gig_analyze] should_ungroup = 0
[gig_analyze] should_ungroup = 0
[gig_analyze] should_ungroup = 0
[gig_analyze] should_ungroup = 0
[gig_analyze] should_ungroup = 0
[gig_analyze] should_ungroup = 0

INFO: Identified hierarchy for CAS: hinst:iopt_partition/CDN_PAS_CONNECTED_FFCi26

Working on Hinst: CDN_PAS_SKIP_FFC_0i
[gig_analyze] should_ungroup = 0
[gig_analyze] should_ungroup = 0
[gig_analyze] should_ungroup = 0
[gig_analyze] should_ungroup = 0
[gig_analyze] should_ungroup = 0
[gig_analyze] should_ungroup = 0

INFO: Identified hierarchy for CAS: hinst:iopt_partition/CDN_PAS_SKIP_FFC_0i

          Received 'mult_const_trivial_24553' from server 'localhost_2_0'. (6227 ms elapsed)
Normal Structuring mode def=mult_const_trivial_24553
Normal Structuring mode def=mult_const_trivial
Normal Structuring mode def=mult_const_trivial
Normal Structuring mode def=mult_const_trivial
Normal Structuring mode def=cb_part_1185
Normal Structuring mode def=cb_part
        Distributing super-thread jobs: mult_unsigned_6036_1173 WALLACE_CSA_DUMMY_OP925_group_5554 WALLACE_CSA_DUMMY_OP921_group_5556 WALLACE_CSA_DUMMY_OP923_group_5555 add_unsigned_25_3_702 mult_const_trivial_24553_645
          Sending 'mult_unsigned_6036_1173' to server 'localhost_2_7'...
            Sent 'mult_unsigned_6036_1173' to server 'localhost_2_7'.
          Sending 'WALLACE_CSA_DUMMY_OP925_group_5554' to server 'localhost_2_6'...
            Sent 'WALLACE_CSA_DUMMY_OP925_group_5554' to server 'localhost_2_6'.
          Sending 'WALLACE_CSA_DUMMY_OP921_group_5556' to server 'localhost_2_0'...
            Sent 'WALLACE_CSA_DUMMY_OP921_group_5556' to server 'localhost_2_0'.
          Sending 'WALLACE_CSA_DUMMY_OP923_group_5555' to server 'localhost_2_2'...
            Sent 'WALLACE_CSA_DUMMY_OP923_group_5555' to server 'localhost_2_2'.
          Sending 'add_unsigned_25_3_702' to server 'localhost_2_1'...
            Sent 'add_unsigned_25_3_702' to server 'localhost_2_1'.
          Sending 'mult_const_trivial_24553_645' to server 'localhost_2_5'...
            Sent 'mult_const_trivial_24553_645' to server 'localhost_2_5'.
          Received 'WALLACE_CSA_DUMMY_OP921_group_5556' from server 'localhost_2_0'. (4970 ms elapsed)
          Received 'WALLACE_CSA_DUMMY_OP925_group_5554' from server 'localhost_2_6'. (5407 ms elapsed)
          Received 'mult_const_trivial_24553_645' from server 'localhost_2_5'. (6519 ms elapsed)
          Received 'WALLACE_CSA_DUMMY_OP923_group_5555' from server 'localhost_2_2'. (7306 ms elapsed)
          Received 'add_unsigned_25_3_702' from server 'localhost_2_1'. (10678 ms elapsed)
          Received 'mult_unsigned_6036_1173' from server 'localhost_2_7'. (45987 ms elapsed)
Normal Structuring mode def=mult_unsigned_6036_1173
Normal Structuring mode def=mult_unsigned
Normal Structuring mode def=mult_unsigned
Normal Structuring mode def=mult_unsigned
Normal Structuring mode def=WALLACE_CSA_DUMMY_OP925_group_5554
Normal Structuring mode def=WALLACE_CSA_DUMMY_OP925_group
Normal Structuring mode def=WALLACE_CSA_DUMMY_OP925_group
Normal Structuring mode def=WALLACE_CSA_DUMMY_OP925_group
Normal Structuring mode def=WALLACE_CSA_DUMMY_OP921_group_5556
Normal Structuring mode def=WALLACE_CSA_DUMMY_OP921_group
Normal Structuring mode def=WALLACE_CSA_DUMMY_OP921_group
Normal Structuring mode def=WALLACE_CSA_DUMMY_OP921_group
Normal Structuring mode def=WALLACE_CSA_DUMMY_OP923_group_5555
Normal Structuring mode def=WALLACE_CSA_DUMMY_OP923_group
Normal Structuring mode def=WALLACE_CSA_DUMMY_OP923_group
Normal Structuring mode def=WALLACE_CSA_DUMMY_OP923_group
Normal Structuring mode def=add_unsigned_25_3_702
Normal Structuring mode def=add_unsigned
Normal Structuring mode def=add_unsigned
Normal Structuring mode def=mult_const_trivial_24553_645
Normal Structuring mode def=mult_const_trivial
Normal Structuring mode def=mult_const_trivial
Normal Structuring mode def=mult_const_trivial
        Distributing super-thread jobs: cb_part_1194
          Sending 'cb_part_1194' to server 'localhost_2_7'...
            Sent 'cb_part_1194' to server 'localhost_2_7'.
          Received 'cb_part_1194' from server 'localhost_2_7'. (57844 ms elapsed)
Normal Structuring mode def=cb_part_1194
	284	 CDN_PAS_CONNECTED_FFCi566
	188	 CDN_PAS_CONNECTED_FFCi567
Working on Hinst: CDN_PAS_SKIP_FFC_0i
[gig_analyze] should_ungroup = 0
[gig_analyze] should_ungroup = 0
[gig_analyze] should_ungroup = 0
[gig_analyze] should_ungroup = 0
[gig_analyze] should_ungroup = 0
[gig_analyze] should_ungroup = 1
Ungrouping hinst:hinst:iopt_partition/CDN_PAS_SKIP_FFC_0i
Working on Hinst: CDN_PAS_SKIP_FFC_1i
[gig_analyze] should_ungroup = 0
[gig_analyze] should_ungroup = 0
[gig_analyze] should_ungroup = 0
[gig_analyze] should_ungroup = 0
[gig_analyze] should_ungroup = 0
[gig_analyze] should_ungroup = 0

INFO: Identified hierarchy for CAS: hinst:iopt_partition/CDN_PAS_SKIP_FFC_1i

Working on Hinst: CDN_PAS_SKIP_FFC_2i
[gig_analyze] should_ungroup = 0
[gig_analyze] should_ungroup = 0
[gig_analyze] should_ungroup = 0
[gig_analyze] should_ungroup = 0
[gig_analyze] should_ungroup = 0
[gig_analyze] should_ungroup = 0

INFO: Identified hierarchy for CAS: hinst:iopt_partition/CDN_PAS_SKIP_FFC_2i

Working on Hinst: CDN_PAS_SKIP_FFC_3i
[gig_analyze] should_ungroup = 0
[gig_analyze] should_ungroup = 0
[gig_analyze] should_ungroup = 0
[gig_analyze] should_ungroup = 0
[gig_analyze] should_ungroup = 0
[gig_analyze] should_ungroup = 1
Ungrouping hinst:hinst:iopt_partition/CDN_PAS_SKIP_FFC_3i
        Distributing super-thread jobs: mult_unsigned_6036_1175 mult_unsigned_6036 add_unsigned_25_3_703 add_unsigned_25_3_704 add_unsigned_25_3
          Sending 'mult_unsigned_6036_1175' to server 'localhost_2_7'...
            Sent 'mult_unsigned_6036_1175' to server 'localhost_2_7'.
          Sending 'mult_unsigned_6036' to server 'localhost_2_6'...
            Sent 'mult_unsigned_6036' to server 'localhost_2_6'.
          Sending 'add_unsigned_25_3_703' to server 'localhost_2_0'...
            Sent 'add_unsigned_25_3_703' to server 'localhost_2_0'.
          Sending 'add_unsigned_25_3_704' to server 'localhost_2_2'...
            Sent 'add_unsigned_25_3_704' to server 'localhost_2_2'.
          Sending 'add_unsigned_25_3' to server 'localhost_2_1'...
            Sent 'add_unsigned_25_3' to server 'localhost_2_1'.
          Received 'add_unsigned_25_3_704' from server 'localhost_2_2'. (8262 ms elapsed)
          Received 'add_unsigned_25_3' from server 'localhost_2_1'. (8717 ms elapsed)
          Received 'add_unsigned_25_3_703' from server 'localhost_2_0'. (10337 ms elapsed)
          Received 'mult_unsigned_6036' from server 'localhost_2_6'. (52133 ms elapsed)
          Received 'mult_unsigned_6036_1175' from server 'localhost_2_7'. (53512 ms elapsed)
Normal Structuring mode def=mult_unsigned_6036_1175
Normal Structuring mode def=mult_unsigned
Normal Structuring mode def=mult_unsigned
Normal Structuring mode def=mult_unsigned
Normal Structuring mode def=mult_unsigned_6036
Normal Structuring mode def=mult_unsigned
Normal Structuring mode def=mult_unsigned
Normal Structuring mode def=mult_unsigned
Normal Structuring mode def=add_unsigned_25_3_703
Normal Structuring mode def=add_unsigned
Normal Structuring mode def=add_unsigned
Normal Structuring mode def=add_unsigned_25_3_704
Normal Structuring mode def=add_unsigned
Normal Structuring mode def=add_unsigned
Normal Structuring mode def=add_unsigned_25_3
Normal Structuring mode def=add_unsigned
Normal Structuring mode def=add_unsigned
Normal Structuring mode def=cb_part_1191
Normal Structuring mode def=cb_part_1193
        Distributing super-thread jobs: cb_part_1189
          Sending 'cb_part_1189' to server 'localhost_2_7'...
            Sent 'cb_part_1189' to server 'localhost_2_7'.
          Received 'cb_part_1189' from server 'localhost_2_7'. (13796 ms elapsed)
Normal Structuring mode def=cb_part_1189
Working on Hinst: CDN_PAS_CONNECTED_FFCi263
[gig_analyze] should_ungroup = 0
[gig_analyze] should_ungroup = 0
[gig_analyze] should_ungroup = 0
[gig_analyze] should_ungroup = 0
[gig_analyze] should_ungroup = 0
[gig_analyze] should_ungroup = 0

INFO: Identified hierarchy for CAS: hinst:iopt_partition/CDN_PAS_CONNECTED_FFCi263

Working on Hinst: CDN_PAS_SKIP_FFC_0i
[gig_analyze] should_ungroup = 0
[gig_analyze] should_ungroup = 0
[gig_analyze] should_ungroup = 0
[gig_analyze] should_ungroup = 0
[gig_analyze] should_ungroup = 0
[gig_analyze] should_ungroup = 0

INFO: Identified hierarchy for CAS: hinst:iopt_partition/CDN_PAS_SKIP_FFC_0i

Working on Hinst: CDN_PAS_SKIP_FFC_1i
[gig_analyze] should_ungroup = 0
[gig_analyze] should_ungroup = 0
[gig_analyze] should_ungroup = 0
[gig_analyze] should_ungroup = 0
[gig_analyze] should_ungroup = 0
[gig_analyze] should_ungroup = 0

INFO: Identified hierarchy for CAS: hinst:iopt_partition/CDN_PAS_SKIP_FFC_1i

        Distributing super-thread jobs: cb_part_1187 sub_unsigned_9_11_637 sub_unsigned_9_11
          Sending 'cb_part_1187' to server 'localhost_2_7'...
            Sent 'cb_part_1187' to server 'localhost_2_7'.
          Sending 'sub_unsigned_9_11_637' to server 'localhost_2_6'...
            Sent 'sub_unsigned_9_11_637' to server 'localhost_2_6'.
          Sending 'sub_unsigned_9_11' to server 'localhost_2_0'...
            Sent 'sub_unsigned_9_11' to server 'localhost_2_0'.
          Received 'sub_unsigned_9_11_637' from server 'localhost_2_6'. (10190 ms elapsed)
          Received 'sub_unsigned_9_11' from server 'localhost_2_0'. (12033 ms elapsed)
          Received 'cb_part_1187' from server 'localhost_2_7'. (26150 ms elapsed)
Normal Structuring mode def=cb_part_1187
Working on Hinst: CDN_PAS_SKIP_FFC_0i
[gig_analyze] should_ungroup = 0
[gig_analyze] should_ungroup = 0
[gig_analyze] should_ungroup = 0
[gig_analyze] should_ungroup = 0
[gig_analyze] should_ungroup = 0
[gig_analyze] should_ungroup = 0

INFO: Identified hierarchy for CAS: hinst:iopt_partition/CDN_PAS_SKIP_FFC_0i

Working on Hinst: CDN_PAS_SKIP_FFC_1i
[gig_analyze] should_ungroup = 0
[gig_analyze] should_ungroup = 0
[gig_analyze] should_ungroup = 0
[gig_analyze] should_ungroup = 0
[gig_analyze] should_ungroup = 0
[gig_analyze] should_ungroup = 0

INFO: Identified hierarchy for CAS: hinst:iopt_partition/CDN_PAS_SKIP_FFC_1i

Working on Hinst: CDN_PAS_SKIP_FFC_2i
[gig_analyze] should_ungroup = 0
[gig_analyze] should_ungroup = 0
[gig_analyze] should_ungroup = 0
[gig_analyze] should_ungroup = 0
[gig_analyze] should_ungroup = 0
[gig_analyze] should_ungroup = 0

INFO: Identified hierarchy for CAS: hinst:iopt_partition/CDN_PAS_SKIP_FFC_2i

Normal Structuring mode def=sub_unsigned_9_11_637
Normal Structuring mode def=sub_unsigned
Normal Structuring mode def=sub_unsigned
Normal Structuring mode def=sub_unsigned_9_11
Normal Structuring mode def=sub_unsigned
Normal Structuring mode def=sub_unsigned
 
Global mapping status
=====================
                                   Group   
                                  Tot Wrst 
                           Total  Weighted 
Operation                   Area   Slacks  
 global_map                69382      -68 
            Worst cost_group: clk, WNS: -68.1
            Path: BF1_1_modei_reg[2]/CLK --> BF2_1_aj4_reg[23]/D

    Cost Group            Target    Slack    Diff.  Constr.
-----------------------------------------------------------
           clk                -5      -68     -11%      555 

 
Global incremental target info
==============================
Cost Group 'clk' target slack:   -68 ps
Target path end-point (Pin: BF2_1_aj4_reg[23]/D (DFFHQNx1_ASAP7_75t_SL/D))

              Distributing super-thread jobs: cb_seq
                Sending 'cb_seq' to server 'localhost_2_7'...
                  Sent 'cb_seq' to server 'localhost_2_7'.
                Received 'cb_seq' from server 'localhost_2_7'. (4435 ms elapsed)
              Distributing super-thread jobs: mult_unsigned_6036_1173 mult_unsigned_6036_1174 WALLACE_CSA_DUMMY_OP_group_5557 WALLACE_CSA_DUMMY_OP923_group_5555 WALLACE_CSA_DUMMY_OP925_group_5554 WALLACE_CSA_DUMMY_OP921_group_5556
                Sending 'mult_unsigned_6036_1173' to server 'localhost_2_7'...
                  Sent 'mult_unsigned_6036_1173' to server 'localhost_2_7'.
                Sending 'mult_unsigned_6036_1174' to server 'localhost_2_6'...
                  Sent 'mult_unsigned_6036_1174' to server 'localhost_2_6'.
                Sending 'WALLACE_CSA_DUMMY_OP_group_5557' to server 'localhost_2_0'...
                  Sent 'WALLACE_CSA_DUMMY_OP_group_5557' to server 'localhost_2_0'.
                Sending 'WALLACE_CSA_DUMMY_OP923_group_5555' to server 'localhost_2_2'...
                  Sent 'WALLACE_CSA_DUMMY_OP923_group_5555' to server 'localhost_2_2'.
                Sending 'WALLACE_CSA_DUMMY_OP925_group_5554' to server 'localhost_2_1'...
                  Sent 'WALLACE_CSA_DUMMY_OP925_group_5554' to server 'localhost_2_1'.
                Sending 'WALLACE_CSA_DUMMY_OP921_group_5556' to server 'localhost_2_5'...
                  Sent 'WALLACE_CSA_DUMMY_OP921_group_5556' to server 'localhost_2_5'.
                Received 'WALLACE_CSA_DUMMY_OP921_group_5556' from server 'localhost_2_5'. (312 ms elapsed)
                Received 'WALLACE_CSA_DUMMY_OP925_group_5554' from server 'localhost_2_1'. (364 ms elapsed)
                Received 'WALLACE_CSA_DUMMY_OP923_group_5555' from server 'localhost_2_2'. (396 ms elapsed)
                Received 'WALLACE_CSA_DUMMY_OP_group_5557' from server 'localhost_2_0'. (476 ms elapsed)
                Received 'mult_unsigned_6036_1173' from server 'localhost_2_7'. (10028 ms elapsed)
                Received 'mult_unsigned_6036_1174' from server 'localhost_2_6'. (10872 ms elapsed)
              Distributing super-thread jobs: cb_part_1194
                Sending 'cb_part_1194' to server 'localhost_2_7'...
                  Sent 'cb_part_1194' to server 'localhost_2_7'.
                Received 'cb_part_1194' from server 'localhost_2_7'. (6854 ms elapsed)
              Distributing super-thread jobs: mult_unsigned_6036 mult_unsigned_6036_1175
                Sending 'mult_unsigned_6036' to server 'localhost_2_7'...
                  Sent 'mult_unsigned_6036' to server 'localhost_2_7'.
                Sending 'mult_unsigned_6036_1175' to server 'localhost_2_6'...
                  Sent 'mult_unsigned_6036_1175' to server 'localhost_2_6'.
                Received 'mult_unsigned_6036' from server 'localhost_2_7'. (8917 ms elapsed)
                Received 'mult_unsigned_6036_1175' from server 'localhost_2_6'. (9083 ms elapsed)
              Distributing super-thread jobs: cb_part_1189
                Sending 'cb_part_1189' to server 'localhost_2_7'...
                  Sent 'cb_part_1189' to server 'localhost_2_7'.
                Received 'cb_part_1189' from server 'localhost_2_7'. (2545 ms elapsed)
              Distributing super-thread jobs: cb_part_1187
                Sending 'cb_part_1187' to server 'localhost_2_7'...
                  Sent 'cb_part_1187' to server 'localhost_2_7'.
                Received 'cb_part_1187' from server 'localhost_2_7'. (2086 ms elapsed)
==================================
Stage : global_incr_map 
==================================
  =================
   Message Summary
  =================
---------------------------------------------------------------------------
|   Id   |Sev |Count|                    Message Text                     |
---------------------------------------------------------------------------
|GLO-51  |Info|    4|Hierarchical instance automatically ungrouped.       |
|        |    |     |Hierarchical instances can be automatically ungrouped|
|        |    |     | to allow for better area or timing optimization. To |
|        |    |     | prevent this ungroup, set the root-level attribute  |
|        |    |     | 'auto_ungroup' to 'none'. You can also prevent      |
|        |    |     | individual ungroup with setting the attribute       |
|        |    |     | 'ungroup_ok' of instances or modules to 'false'.    |
|GLO-62  |Info|   16|On tool_generated instance/module 'strict_no' is set.|
|        |    |     |This shall only be used for special purposes like    |
|        |    |     | formal verification.                                |
|PA-7    |Info|   32|Resetting power analysis results.                    |
|        |    |     |All computed switching activities are removed.       |
|PHYS-752|Info|    1|Partition Based Synthesis execution skipped.         |
|ST-110  |Info|    8|Connection established with super-threading server.  |
|        |    |     |The tool is entering super-threading mode and has    |
|        |    |     | established a connection with a CPU server process. |
|        |    |     | This is enabled by the root attributes              |
|        |    |     | 'super_thread_servers' or 'auto_super_thread'.      |
|ST-112  |Info|    8|A super-threading server has been shut down normally.|
|        |    |     |A super-threaded optimization is complete and a CPU  |
|        |    |     | server was successfully shut down.                  |
|ST-120  |Info|    1|Attempting to launch a super-threading server.       |
|        |    |     |The tool is entering super-threading mode and is     |
|        |    |     | launching a CPU server process.  This is enabled by |
|        |    |     | the root attribute 'super_thread_servers' or        |
|        |    |     | 'auto_super_thread'.                                |
|ST-128  |Info|    2|Super thread servers are launched successfully.      |
|SYNTH-2 |Info|    1|Done synthesizing.                                   |
|SYNTH-4 |Info|    1|Mapping.                                             |
---------------------------------------------------------------------------
 
Global incremental optimization status
======================================
                                   Group   
                                  Tot Wrst 
                           Total  Weighted 
Operation                   Area   Slacks  
 global_incr               63810      -64 
            Worst cost_group: clk, WNS: -64.2
            Path: BF1_1_modei_reg[2]/CLK --> BF2_1_aj4_reg[23]/D

    Cost Group            Target    Slack    Diff.  Constr.
-----------------------------------------------------------
           clk               -68      -64      +1%      555 


+-----------+------------------------------+-----+----------------------+---------------------------+
|   Host    |           Machine            | CPU | Physical Memory (MB) | Peak Physical Memory (MB) |
+-----------+------------------------------+-----+----------------------+---------------------------+
| localhost | engr-r940s01.engr.uidaho.edu |  8  |        2154.7        |          2154.7           |
+-----------+------------------------------+-----+----------------------+---------------------------+

+---------------+----------------------+---------------------------+
|    Server     | Physical Memory (MB) | Peak Physical Memory (MB) |
+---------------+----------------------+---------------------------+
| localhost_2_5 |      205.2 [1]       |          [1] [2]          |
| localhost_2_1 |      224.6 [1]       |          [1] [2]          |
| localhost_2_6 |      264.6 [1]       |          [1] [2]          |
| localhost_2_7 |      305.7 [1]       |          [1] [2]          |
| localhost_2_3 |      178.1 [1]       |          [1] [2]          |
| localhost_2_4 |      178.1 [1]       |          [1] [2]          |
| localhost_2_2 |      211.2 [1]       |          [1] [2]          |
| localhost_2_0 |    1791.5 [3] [4]    |        [3] [2] [4]        |
+---------------+----------------------+---------------------------+
[1] Memory is included in parent localhost_2_0.
[2] Peak physical memory is not available for forked background servers.
[3] Memory is included in main process.
[4] Memory of child processes is included.


State Retention Synthesis Status
================================

Category                        Flops   Percentage
--------------------------------------------------
Total instances                  2845        100.0
Excluded from State Retention    2845        100.0
    - Will not convert           2845        100.0
      - Preserved                   0          0.0
      - Power intent excluded    2845        100.0
    - Could not convert             0          0.0
      - Scan type                   0          0.0
      - No suitable cell            0          0.0
State Retention instances           0          0.0
--------------------------------------------------

INFO: skipping constant propagation
PBS_Techmap-Global Mapping - Elapsed_Time 823, CPU_Time 747.0630969999997
stamp 'PBS_Techmap-Global Mapping' being created for table 'pbs_debug'

  Total Time (Wall) |  Stage Time (Wall)  |   % (Wall)   |    Date - Time     |  Memory   | Stage
--------------------+---------------------+--------------+--------------------+-----------+----------------------
 00:00:57(00:00:37) |  00:00:00(00:00:00) |   0.0(  0.0) |   17:32:20 (Aug12) |  768.7 MB | PBS_Generic-Start
--------------------+---------------------+--------------+--------------------+-----------+----------------------
 00:07:53(00:08:55) |  00:06:56(00:08:18) |  35.4( 37.3) |   17:40:38 (Aug12) |   1.47 GB | PBS_Generic_Opt-Post
--------------------+---------------------+--------------+--------------------+-----------+----------------------
 00:07:54(00:08:57) |  00:00:01(00:00:02) |   0.1(  0.1) |   17:40:40 (Aug12) |   1.47 GB | PBS_Generic-Postgen HBO Optimizations
--------------------+---------------------+--------------+--------------------+-----------+----------------------
 00:08:04(00:09:07) |  00:00:10(00:00:10) |   0.9(  0.7) |   17:40:50 (Aug12) |   1.43 GB | PBS_TechMap-Start
--------------------+---------------------+--------------+--------------------+-----------+----------------------
 00:08:05(00:09:08) |  00:00:01(00:00:01) |   0.1(  0.1) |   17:40:51 (Aug12) |   1.43 GB | PBS_TechMap-Premap HBO Optimizations
--------------------+---------------------+--------------+--------------------+-----------+----------------------
 00:20:32(00:22:51) |  00:12:27(00:13:43) |  63.6( 61.7) |   17:54:34 (Aug12) |   1.44 GB | PBS_Techmap-Global Mapping
--------------------+---------------------+--------------+--------------------+-----------+----------------------
Number of threads: 8 * 1   (id: pbs_debug, time_info v1.57)
Info: (*N*) indicates data that was populated from previously saved time_info database
Info: CPU time includes time of parent + longest thread
Advanced structuring report (syn_map):
--------------------------------------------------------------------------------------------------------------------------------------
|                                   | Graph                | Opt. Graph           | Result           |                               | 
|-----------------------------------+----------------------+----------------------+------------------+-------------------------------|
| Name                      | Tag   | #nodes | #and | #lvl | #nodes | #and | #lvl | Acc | Time       | Netlist ID                    | 
--------------------------------------------------------------------------------------------------------------------------------------
| cb_seq                    | CONDE |  20414 | 4753 |   51 |  19859 | 4198 |   36 | Y   |     222.45 | cb_seq                        | 
| cb_part_1194              | CONDE |  16543 | 1363 |   51 |  16364 | 1184 |   35 | Y   |      22.23 |                               |
| cb_part_1187              | CONDE |   5278 |  554 |   59 |   5334 |  610 |    8 | N   |      15.18 | cb_part_1187                  | 
| cb_part_1189              | CONDE |   4596 |  618 |   36 |   4510 |  532 |   23 | Y   |       4.98 | cb_part_1189                  | 
--------------------------------------------------------------------------------------------------------------------------------------
Number of LFLHs filtered from table: 31
Runtime accepts/rejects/total =   249.66 /    16.33 /   265.99
Accepts/rejects/total = 3 / 4 / 7
Sum of reduced nodes/levels = 820 / 44
--------------------------------------------------------------------------------------------------------------------------------------
|                                   | Graph                | Opt. Graph           | Result           |                               | 
|-----------------------------------+----------------------+----------------------+------------------+-------------------------------|
| Name                      | Tag   | #nodes | #and | #lvl | #nodes | #and | #lvl | Acc | Time       | Netlist ID                    | 
--------------------------------------------------------------------------------------------------------------------------------------
| cb_seq                    | REIFI |  26627 | 1024 |   51 |  26729 | 1126 |    9 | N   |      84.41 | cb_seq                        | 
| cb_part_1194              | REIFI |  16633 | 1418 |   51 |  16551 | 1336 |    9 | Y   |      38.46 | cb_part_1194                  | 
| cb_part_1187              | REIFI |   5423 |  536 |   44 |   5496 |  609 |    8 | N   |      16.67 |                               |
| cb_part_1189              | REIFI |   5166 |  393 |   36 |   5202 |  429 |    7 | N   |       8.89 |                               |
--------------------------------------------------------------------------------------------------------------------------------------
Number of LFLHs filtered from table: 31
Runtime accepts/rejects/total =    38.46 /   112.93 /   151.38
Accepts/rejects/total = 1 / 10 / 11
Sum of reduced nodes/levels = 82 / 42
Info    : Wrote formal verification information. [CFM-5]
        : Wrote 'fv/butterfly2x2/fv_map.fv.json' for netlist 'fv/butterfly2x2/fv_map.v.gz'.
Info    : Existing dofile found. Copied as fv/butterfly2x2/rtl_to_fv_map.do~.
Info    : Wrote dofile. [CFM-1]
        : Dofile is 'fv/butterfly2x2/rtl_to_fv_map.do'.
        : RTL names flow is enabled.
PBS_TechMap-Datapath Postmap Operations - Elapsed_Time 16, CPU_Time 15.652866000000131
stamp 'PBS_TechMap-Datapath Postmap Operations' being created for table 'pbs_debug'

  Total Time (Wall) |  Stage Time (Wall)  |   % (Wall)   |    Date - Time     |  Memory   | Stage
--------------------+---------------------+--------------+--------------------+-----------+----------------------
 00:00:57(00:00:37) |  00:00:00(00:00:00) |   0.0(  0.0) |   17:32:20 (Aug12) |  768.7 MB | PBS_Generic-Start
--------------------+---------------------+--------------+--------------------+-----------+----------------------
 00:07:53(00:08:55) |  00:06:56(00:08:18) |  34.9( 36.9) |   17:40:38 (Aug12) |   1.47 GB | PBS_Generic_Opt-Post
--------------------+---------------------+--------------+--------------------+-----------+----------------------
 00:07:54(00:08:57) |  00:00:01(00:00:02) |   0.1(  0.1) |   17:40:40 (Aug12) |   1.47 GB | PBS_Generic-Postgen HBO Optimizations
--------------------+---------------------+--------------+--------------------+-----------+----------------------
 00:08:04(00:09:07) |  00:00:10(00:00:10) |   0.8(  0.7) |   17:40:50 (Aug12) |   1.43 GB | PBS_TechMap-Start
--------------------+---------------------+--------------+--------------------+-----------+----------------------
 00:08:05(00:09:08) |  00:00:01(00:00:01) |   0.1(  0.1) |   17:40:51 (Aug12) |   1.43 GB | PBS_TechMap-Premap HBO Optimizations
--------------------+---------------------+--------------+--------------------+-----------+----------------------
 00:20:32(00:22:51) |  00:12:27(00:13:43) |  62.7( 61.0) |   17:54:34 (Aug12) |   1.44 GB | PBS_Techmap-Global Mapping
--------------------+---------------------+--------------+--------------------+-----------+----------------------
 00:20:47(00:23:07) |  00:00:15(00:00:16) |   1.3(  1.2) |   17:54:50 (Aug12) |   1.43 GB | PBS_TechMap-Datapath Postmap Operations
--------------------+---------------------+--------------+--------------------+-----------+----------------------
Number of threads: 8 * 1   (id: pbs_debug, time_info v1.57)
Info: (*N*) indicates data that was populated from previously saved time_info database
Info: CPU time includes time of parent + longest thread
PBS_TechMap-Postmap HBO Optimizations - Elapsed_Time 0, CPU_Time 1.6622419999998783
stamp 'PBS_TechMap-Postmap HBO Optimizations' being created for table 'pbs_debug'

  Total Time (Wall) |  Stage Time (Wall)  |   % (Wall)   |    Date - Time     |  Memory   | Stage
--------------------+---------------------+--------------+--------------------+-----------+----------------------
 00:00:57(00:00:37) |  00:00:00(00:00:00) |   0.0(  0.0) |   17:32:20 (Aug12) |  768.7 MB | PBS_Generic-Start
--------------------+---------------------+--------------+--------------------+-----------+----------------------
 00:07:53(00:08:55) |  00:06:56(00:08:18) |  34.9( 36.9) |   17:40:38 (Aug12) |   1.47 GB | PBS_Generic_Opt-Post
--------------------+---------------------+--------------+--------------------+-----------+----------------------
 00:07:54(00:08:57) |  00:00:01(00:00:02) |   0.1(  0.1) |   17:40:40 (Aug12) |   1.47 GB | PBS_Generic-Postgen HBO Optimizations
--------------------+---------------------+--------------+--------------------+-----------+----------------------
 00:08:04(00:09:07) |  00:00:10(00:00:10) |   0.8(  0.7) |   17:40:50 (Aug12) |   1.43 GB | PBS_TechMap-Start
--------------------+---------------------+--------------+--------------------+-----------+----------------------
 00:08:05(00:09:08) |  00:00:01(00:00:01) |   0.1(  0.1) |   17:40:51 (Aug12) |   1.43 GB | PBS_TechMap-Premap HBO Optimizations
--------------------+---------------------+--------------+--------------------+-----------+----------------------
 00:20:32(00:22:51) |  00:12:27(00:13:43) |  62.7( 61.0) |   17:54:34 (Aug12) |   1.44 GB | PBS_Techmap-Global Mapping
--------------------+---------------------+--------------+--------------------+-----------+----------------------
 00:20:47(00:23:07) |  00:00:15(00:00:16) |   1.3(  1.2) |   17:54:50 (Aug12) |   1.43 GB | PBS_TechMap-Datapath Postmap Operations
--------------------+---------------------+--------------+--------------------+-----------+----------------------
 00:20:49(00:23:07) |  00:00:01(00:00:00) |   0.1(  0.0) |   17:54:50 (Aug12) |   1.43 GB | PBS_TechMap-Postmap HBO Optimizations
--------------------+---------------------+--------------+--------------------+-----------+----------------------
Number of threads: 8 * 1   (id: pbs_debug, time_info v1.57)
Info: (*N*) indicates data that was populated from previously saved time_info database
Info: CPU time includes time of parent + longest thread
 Doing ConstProp on design:butterfly2x2 ... 

Time taken by ConstProp Step: 00:00:02
PBS_TechMap-Postmap Clock Gating - Elapsed_Time 3, CPU_Time 2.0
stamp 'PBS_TechMap-Postmap Clock Gating' being created for table 'pbs_debug'

  Total Time (Wall) |  Stage Time (Wall)  |   % (Wall)   |    Date - Time     |  Memory   | Stage
--------------------+---------------------+--------------+--------------------+-----------+----------------------
 00:00:57(00:00:37) |  00:00:00(00:00:00) |   0.0(  0.0) |   17:32:20 (Aug12) |  768.7 MB | PBS_Generic-Start
--------------------+---------------------+--------------+--------------------+-----------+----------------------
 00:07:53(00:08:55) |  00:06:56(00:08:18) |  34.8( 36.8) |   17:40:38 (Aug12) |   1.47 GB | PBS_Generic_Opt-Post
--------------------+---------------------+--------------+--------------------+-----------+----------------------
 00:07:54(00:08:57) |  00:00:01(00:00:02) |   0.1(  0.1) |   17:40:40 (Aug12) |   1.47 GB | PBS_Generic-Postgen HBO Optimizations
--------------------+---------------------+--------------+--------------------+-----------+----------------------
 00:08:04(00:09:07) |  00:00:10(00:00:10) |   0.8(  0.7) |   17:40:50 (Aug12) |   1.43 GB | PBS_TechMap-Start
--------------------+---------------------+--------------+--------------------+-----------+----------------------
 00:08:05(00:09:08) |  00:00:01(00:00:01) |   0.1(  0.1) |   17:40:51 (Aug12) |   1.43 GB | PBS_TechMap-Premap HBO Optimizations
--------------------+---------------------+--------------+--------------------+-----------+----------------------
 00:20:32(00:22:51) |  00:12:27(00:13:43) |  62.5( 60.8) |   17:54:34 (Aug12) |   1.44 GB | PBS_Techmap-Global Mapping
--------------------+---------------------+--------------+--------------------+-----------+----------------------
 00:20:47(00:23:07) |  00:00:15(00:00:16) |   1.3(  1.2) |   17:54:50 (Aug12) |   1.43 GB | PBS_TechMap-Datapath Postmap Operations
--------------------+---------------------+--------------+--------------------+-----------+----------------------
 00:20:49(00:23:07) |  00:00:01(00:00:00) |   0.1(  0.0) |   17:54:50 (Aug12) |   1.43 GB | PBS_TechMap-Postmap HBO Optimizations
--------------------+---------------------+--------------+--------------------+-----------+----------------------
 00:20:51(00:23:10) |  00:00:02(00:00:03) |   0.2(  0.2) |   17:54:53 (Aug12) |   1.43 GB | PBS_TechMap-Postmap Clock Gating
--------------------+---------------------+--------------+--------------------+-----------+----------------------
Number of threads: 8 * 1   (id: pbs_debug, time_info v1.57)
Info: (*N*) indicates data that was populated from previously saved time_info database
Info: CPU time includes time of parent + longest thread
-------------------------------------------------------------------------------
 hi_fo_buf                 63896      -64    -10969         0        0
            Worst cost_group: clk, WNS: -64.2
            Path: BF1_1_modei_reg[2]/CLK --> BF2_1_aj4_reg[23]/D

           Trick     Calls     Accepts   Attempts    Time(secs) 
-----------------------------------------------------------
       hi_fo_buf         3  (        3 /        3 )  0.26

 
Incremental optimization status
===============================
                                   Group   
                                  Tot Wrst     Total - - DRC Totals - -
                           Total  Weighted      Neg      Max       Max 
Operation                   Area   Slacks      Slack    Trans      Cap 
 init_delay                63896      -64    -10969         0        0
            Worst cost_group: clk, WNS: -64.2
            Path: BF1_1_modei_reg[2]/CLK --> BF2_1_aj4_reg[23]/D
 incr_delay                64157      -56    -10482         0        0
            Worst cost_group: clk, WNS: -56.8
            Path: BF1_1_modei_reg[2]/CLK --> BF2_1_barrett_datai_reg[38]/D
 incr_delay                64162      -56    -10476         0        0
            Worst cost_group: clk, WNS: -56.7
            Path: BF1_1_modei_reg[2]/CLK --> BF2_1_barrett_datai_reg[38]/D
 incr_delay                64214      -55    -10325         0        0
            Worst cost_group: clk, WNS: -55.8
            Path: BF1_1_modei_reg[2]/CLK --> BF2_1_barrett_datai_reg[38]/D
 incr_delay                64229      -55    -10313         0        0
            Worst cost_group: clk, WNS: -55.6
            Path: BF1_1_modei_reg[2]/CLK --> BF2_1_barrett_datai_reg[38]/D

           Trick     Calls     Accepts   Attempts    Time(secs) 
-----------------------------------------------------------
       crit_upsz       707  (      199 /      207 )  2.46
    plc_bal_star         0  (        0 /        0 )  0.00
     drc_buftimb         0  (        0 /        0 )  0.00
          plc_st       142  (        0 /        0 )  0.00
    plc_st_fence       142  (        0 /        0 )  0.00
        plc_star       142  (        0 /        0 )  0.00
      plc_laf_st       142  (        0 /        0 )  0.00
 plc_laf_st_fence       142  (        0 /        0 )  0.00
     drc_buftims         0  (        0 /        0 )  0.00
            fopt       420  (       59 /       60 )  2.14
   plc_laf_lo_st       146  (        0 /        0 )  0.00
       plc_lo_st       146  (        0 /        0 )  0.00
        mb_split       146  (        0 /        0 )  0.00

 
Local TNS optimization status
=============================
                                   Group   
                                  Tot Wrst     Total - - DRC Totals - -
                           Total  Weighted      Neg      Max       Max 
Operation                   Area   Slacks      Slack    Trans      Cap 
 init_tns                  64229      -55    -10313         0        0
            Worst cost_group: clk, WNS: -55.6
            Path: BF1_1_modei_reg[2]/CLK --> BF2_1_barrett_datai_reg[38]/D
 incr_tns                  64454      -55     -6305         0        0
            Worst cost_group: clk, WNS: -55.1
            Path: BF1_1_modei_reg[2]/CLK --> BF2_2_barrett_datai_reg[38]/D
 incr_tns                  64454      -55     -6305         0        0
            Worst cost_group: clk, WNS: -55.1
            Path: BF1_1_modei_reg[2]/CLK --> BF2_2_barrett_datai_reg[38]/D

           Trick     Calls     Accepts   Attempts    Time(secs) 
-----------------------------------------------------------
    plc_bal_star         0  (        0 /        0 )  0.00
     drc_buftimb         0  (        0 /        0 )  0.00
     drc_buftims         0  (        0 /        0 )  0.00
       crit_upsz      2452  (      514 /      985 )  7.51
   plc_laf_lo_st      1938  (        0 /        0 )  0.00
       plc_lo_st      1938  (        0 /        0 )  0.00
            fopt      1938  (        0 /        0 )  0.73
       crit_dnsz      3682  (      196 /      915 )  10.36
             dup      1742  (        0 /        2 )  1.23
        setup_dn      1742  (       89 /       99 )  0.82
        mb_split      1653  (        0 /        0 )  0.02

PBS_TechMap-Postmap Cleanup - Elapsed_Time 27, CPU_Time 28.352754000000004
stamp 'PBS_TechMap-Postmap Cleanup' being created for table 'pbs_debug'

  Total Time (Wall) |  Stage Time (Wall)  |   % (Wall)   |    Date - Time     |  Memory   | Stage
--------------------+---------------------+--------------+--------------------+-----------+----------------------
 00:00:57(00:00:37) |  00:00:00(00:00:00) |   0.0(  0.0) |   17:32:20 (Aug12) |  768.7 MB | PBS_Generic-Start
--------------------+---------------------+--------------+--------------------+-----------+----------------------
 00:07:53(00:08:55) |  00:06:56(00:08:18) |  34.0( 36.1) |   17:40:38 (Aug12) |   1.47 GB | PBS_Generic_Opt-Post
--------------------+---------------------+--------------+--------------------+-----------+----------------------
 00:07:54(00:08:57) |  00:00:01(00:00:02) |   0.1(  0.1) |   17:40:40 (Aug12) |   1.47 GB | PBS_Generic-Postgen HBO Optimizations
--------------------+---------------------+--------------+--------------------+-----------+----------------------
 00:08:04(00:09:07) |  00:00:10(00:00:10) |   0.8(  0.7) |   17:40:50 (Aug12) |   1.43 GB | PBS_TechMap-Start
--------------------+---------------------+--------------+--------------------+-----------+----------------------
 00:08:05(00:09:08) |  00:00:01(00:00:01) |   0.1(  0.1) |   17:40:51 (Aug12) |   1.43 GB | PBS_TechMap-Premap HBO Optimizations
--------------------+---------------------+--------------+--------------------+-----------+----------------------
 00:20:32(00:22:51) |  00:12:27(00:13:43) |  61.1( 59.6) |   17:54:34 (Aug12) |   1.44 GB | PBS_Techmap-Global Mapping
--------------------+---------------------+--------------+--------------------+-----------+----------------------
 00:20:47(00:23:07) |  00:00:15(00:00:16) |   1.3(  1.2) |   17:54:50 (Aug12) |   1.43 GB | PBS_TechMap-Datapath Postmap Operations
--------------------+---------------------+--------------+--------------------+-----------+----------------------
 00:20:49(00:23:07) |  00:00:01(00:00:00) |   0.1(  0.0) |   17:54:50 (Aug12) |   1.43 GB | PBS_TechMap-Postmap HBO Optimizations
--------------------+---------------------+--------------+--------------------+-----------+----------------------
 00:20:51(00:23:10) |  00:00:02(00:00:03) |   0.2(  0.2) |   17:54:53 (Aug12) |   1.43 GB | PBS_TechMap-Postmap Clock Gating
--------------------+---------------------+--------------+--------------------+-----------+----------------------
 00:21:19(00:23:37) |  00:00:28(00:00:27) |   2.3(  2.0) |   17:55:20 (Aug12) |   1.43 GB | PBS_TechMap-Postmap Cleanup
--------------------+---------------------+--------------+--------------------+-----------+----------------------
Number of threads: 8 * 1   (id: pbs_debug, time_info v1.57)
Info: (*N*) indicates data that was populated from previously saved time_info database
Info: CPU time includes time of parent + longest thread
PBS_Techmap-Post_MBCI - Elapsed_Time 1, CPU_Time 0.0
stamp 'PBS_Techmap-Post_MBCI' being created for table 'pbs_debug'

  Total Time (Wall) |  Stage Time (Wall)  |   % (Wall)   |    Date - Time     |  Memory   | Stage
--------------------+---------------------+--------------+--------------------+-----------+----------------------
 00:00:57(00:00:37) |  00:00:00(00:00:00) |   0.0(  0.0) |   17:32:20 (Aug12) |  768.7 MB | PBS_Generic-Start
--------------------+---------------------+--------------+--------------------+-----------+----------------------
 00:07:53(00:08:55) |  00:06:56(00:08:18) |  34.0( 36.1) |   17:40:38 (Aug12) |   1.47 GB | PBS_Generic_Opt-Post
--------------------+---------------------+--------------+--------------------+-----------+----------------------
 00:07:54(00:08:57) |  00:00:01(00:00:02) |   0.1(  0.1) |   17:40:40 (Aug12) |   1.47 GB | PBS_Generic-Postgen HBO Optimizations
--------------------+---------------------+--------------+--------------------+-----------+----------------------
 00:08:04(00:09:07) |  00:00:10(00:00:10) |   0.8(  0.7) |   17:40:50 (Aug12) |   1.43 GB | PBS_TechMap-Start
--------------------+---------------------+--------------+--------------------+-----------+----------------------
 00:08:05(00:09:08) |  00:00:01(00:00:01) |   0.1(  0.1) |   17:40:51 (Aug12) |   1.43 GB | PBS_TechMap-Premap HBO Optimizations
--------------------+---------------------+--------------+--------------------+-----------+----------------------
 00:20:32(00:22:51) |  00:12:27(00:13:43) |  61.1( 59.6) |   17:54:34 (Aug12) |   1.44 GB | PBS_Techmap-Global Mapping
--------------------+---------------------+--------------+--------------------+-----------+----------------------
 00:20:47(00:23:07) |  00:00:15(00:00:16) |   1.3(  1.2) |   17:54:50 (Aug12) |   1.43 GB | PBS_TechMap-Datapath Postmap Operations
--------------------+---------------------+--------------+--------------------+-----------+----------------------
 00:20:49(00:23:07) |  00:00:01(00:00:00) |   0.1(  0.0) |   17:54:50 (Aug12) |   1.43 GB | PBS_TechMap-Postmap HBO Optimizations
--------------------+---------------------+--------------+--------------------+-----------+----------------------
 00:20:51(00:23:10) |  00:00:02(00:00:03) |   0.2(  0.2) |   17:54:53 (Aug12) |   1.43 GB | PBS_TechMap-Postmap Clock Gating
--------------------+---------------------+--------------+--------------------+-----------+----------------------
 00:21:19(00:23:37) |  00:00:28(00:00:27) |   2.3(  2.0) |   17:55:20 (Aug12) |   1.43 GB | PBS_TechMap-Postmap Cleanup
--------------------+---------------------+--------------+--------------------+-----------+----------------------
 00:21:19(00:23:38) |  00:00:00(00:00:01) |   0.0(  0.1) |   17:55:21 (Aug12) |   1.43 GB | PBS_Techmap-Post_MBCI
--------------------+---------------------+--------------+--------------------+-----------+----------------------
Number of threads: 8 * 1   (id: pbs_debug, time_info v1.57)
Info: (*N*) indicates data that was populated from previously saved time_info database
Info: CPU time includes time of parent + longest thread
##>=================== Cadence Confidential (Mapping-Logical) ===================
##>Main Thread Summary:
##>----------------------------------------------------------------------------------------
##>STEP                           Elapsed       WNS       TNS     Insts      Area    Memory
##>----------------------------------------------------------------------------------------
##>M:Initial                            1         -         -     40012     63098      1433
##>M:Early Clock Gating                 0         -         -         -         -         -
##>M:Pre Cleanup                        0         -         -     40012     63098      1433
##>M:Setup                              0         -         -         -         -         -
##>M:Launch ST                          0         -         -         -         -         -
##>M:Design Partition                   0         -         -         -         -         -
##>M:Create Partition Netlists          0         -         -         -         -         -
##>M:Init Power                         0         -         -         -         -         -
##>M:Budgeting                          0         -         -         -         -         -
##>M:Derenv-DB                          0         -         -         -         -         -
##>M:Debug Outputs                      0         -         -         -         -         -
##>M:ST loading                         0         -         -         -         -         -
##>M:Distributed                        0         -         -         -         -         -
##>M:Timer                              0         -         -         -         -         -
##>M:Assembly                           0         -         -         -         -         -
##>M:DFT                                0         -         -         -         -         -
##>M:DP Operations                     16         -         -     22110     45888      1432
##>M:Const Prop                         0       -64     10905     22110     45888      1432
##>M:Cleanup                           27       -55      6305     22253     46465      1434
##>M:MBCI                               1         -         -     22253     46465      1434
##>M:PostGen Opt                        0         -         -         -         -         -
##>M:Const Gate Removal                 0         -         -         -         -         -
##>M:Early Clock Gating Cleanup         0         -         -         -         -         -
##>M:Misc                             827
##>----------------------------------------------------------------------------------------
##>Total Elapsed                      872
##>========================================================================================
Info    : Done mapping. [SYNTH-5]
        : Done mapping 'butterfly2x2'.
      flow.cputime  flow.realtime  timing.setup.tns  timing.setup.wns  snapshot
UM:*                                                                   syn_map
@file(genus_asap7_v2.tcl) 81: stamp "syn_map DONE"
===== [2026-08-12_17:55:23] syn_map DONE
@file(genus_asap7_v2.tcl) 82: write_db $OUTDIR/${DESIGN}_p${PERIOD}_mapped.db
Finished exporting design database to file '/home/alco9414/pqc/hqc/asic/asap7/out/bf2x2_bas_p555/butterfly2x2_p555_mapped.db' for 'butterfly2x2' (command execution time mm:ss cpu = 00:02, real = 00:02).
@file(genus_asap7_v2.tcl) 83: report timing -nworst 20 > $OUTDIR/${DESIGN}_p${PERIOD}_timing_mapped.rpt
@file(genus_asap7_v2.tcl) 84: report area > $OUTDIR/${DESIGN}_p${PERIOD}_area_mapped.rpt
@file(genus_asap7_v2.tcl) 86: stamp "syn_opt START"
===== [2026-08-12_17:55:27] syn_opt START
@file(genus_asap7_v2.tcl) 87: syn_opt
Warning : The selected flow setting will be removed in a future release. [SYNTH-33]
        : The use of 'syn_opt' for logical only optimization will be obsolete in a future release.
	Transition to 'syn_opt -logical' or 'syn_opt -spatial'.

        : Contact Cadence support to understand current flows.
Current PLE settings:

Aspect ratio        : 1.000
Shrink factor       : 1.000
Scale of res/length : 1.000
Scale of cap/length : 1.000
Net derating factor : 1.000
Thermal factor      : 1.000
Via Resistance      : 0.000 ohm (from default)
Site size           : 1.224 um (from lef [tech+cell])

                                   Capacitance  
  Layer                             / Length         Data source:
Name        Direction Utilization  (pF/micron)       default value
------------------------------------------------
<default>       U         n/a         0.000250  

** = DEFAULT cap per unit length is used for timing analysis

                                    Resistance   
  Layer                              / Length         Data source:
Name        Direction Utilization  (ohm/micron)       default value
-------------------------------------------------
<default>       U         n/a               0.0  

** = DEFAULT res per unit length is used for timing analysis

                                        Area       
  Layer                               / Length          Data source:
Name        Direction Utilization     (micron)          lef_library
---------------------------------------------------
M1              V         0.00         0.072000    
M2              H         1.00         0.072000    
M3              V         1.00         0.072000    
M4              H         1.00         0.096000    
M5              V         1.00         0.096000    
M6              H         1.00         0.128000    
M7              V         1.00         0.128000    
M8              H         1.00         0.160000    
M9              V         1.00         0.160000    
Pad             H         1.00         8.000000 ** 

** = 'Pad' is dropped because its width (8) is too large (threshold 2)

Info    : Incrementally optimizing. [SYNTH-7]
        : Incrementally optimizing 'butterfly2x2' using 'high' effort.
 
Incremental optimization status
===============================
                                   Group   
                                  Tot Wrst     Total - - DRC Totals - -
                           Total  Weighted      Neg      Max       Max 
Operation                   Area   Slacks      Slack    Trans      Cap 
 init_iopt                 64454      -55     -6305         0        0
            Worst cost_group: clk, WNS: -55.1
            Path: BF1_1_modei_reg[2]/CLK --> BF2_2_barrett_datai_reg[38]/D
-------------------------------------------------------------------------------
 const_prop                64454      -55     -6305         0        0
            Worst cost_group: clk, WNS: -55.1
            Path: BF1_1_modei_reg[2]/CLK --> BF2_2_barrett_datai_reg[38]/D
 simp_cc_inputs            64402      -55     -6304         0        0
            Worst cost_group: clk, WNS: -55.1
            Path: BF1_1_modei_reg[2]/CLK --> BF2_2_barrett_datai_reg[38]/D
-------------------------------------------------------------------------------
 hi_fo_buf                 64402      -55     -6304         0        0
            Worst cost_group: clk, WNS: -55.1
            Path: BF1_1_modei_reg[2]/CLK --> BF2_2_barrett_datai_reg[38]/D

           Trick     Calls     Accepts   Attempts    Time(secs) 
-----------------------------------------------------------
       hi_fo_buf         0  (        0 /        0 )  0.00

 
Incremental optimization status
===============================
                                   Group   
                                  Tot Wrst     Total - - DRC Totals - -
                           Total  Weighted      Neg      Max       Max 
Operation                   Area   Slacks      Slack    Trans      Cap 
 init_delay                64402      -55     -6304         0        0
            Worst cost_group: clk, WNS: -55.1
            Path: BF1_1_modei_reg[2]/CLK --> BF2_2_barrett_datai_reg[38]/D
 incr_delay                64690      -49     -5887         0        0
            Worst cost_group: clk, WNS: -49.1
            Path: BF1_1_modei_reg[2]/CLK --> BF2_1_barrett_datai_reg[29]/D
 incr_delay                64864      -47     -5755         0        0
            Worst cost_group: clk, WNS: -47.3
            Path: BF1_1_modei_reg[2]/CLK --> BF2_2_barrett_datai_reg[38]/D
 incr_delay                65021      -46     -5615         0        0
            Worst cost_group: clk, WNS: -46.3
            Path: BF1_1_modei_reg[2]/CLK --> BF2_1_barrett_datai_reg[38]/D
 incr_delay                65157      -45     -5557         0        0
            Worst cost_group: clk, WNS: -45.8
            Path: BF1_1_modei_reg[2]/CLK --> BF2_1_barrett_datai_reg[38]/D
 incr_delay                65265      -45     -5523         0        0
            Worst cost_group: clk, WNS: -45.2
            Path: BF1_1_modei_reg[2]/CLK --> BF2_1_barrett_datai_reg[38]/D
 incr_delay                65318      -45     -5567         0        0
            Worst cost_group: clk, WNS: -45.0
            Path: BF1_1_modei_reg[2]/CLK --> BF2_1_barrett_datai_reg[38]/D
 incr_delay                65486      -44     -5499         0        0
            Worst cost_group: clk, WNS: -44.3
            Path: BF1_1_modei_reg[2]/CLK --> BF2_1_barrett_datai_reg[38]/D
 incr_delay                65566      -43     -5550         0        0
            Worst cost_group: clk, WNS: -43.6
            Path: BF1_1_modei_reg[2]/CLK --> BF2_1_barrett_datai_reg[38]/D
 incr_delay                65627      -43     -5527         0        0
            Worst cost_group: clk, WNS: -43.0
            Path: BF1_1_modei_reg[2]/CLK --> BF1_2_barrett_datai_reg[43]/D
 incr_delay                65688      -42     -5614         0        0
            Worst cost_group: clk, WNS: -42.7
            Path: BF1_1_modei_reg[2]/CLK --> BF2_1_barrett_datai_reg[38]/D
 incr_delay                65689      -42     -5661         0        0
            Worst cost_group: clk, WNS: -42.7
            Path: BF1_1_modei_reg[2]/CLK --> BF2_1_barrett_datai_reg[38]/D

           Trick     Calls     Accepts   Attempts    Time(secs) 
-----------------------------------------------------------
        crit_msz      1137  (      343 /      417 )  8.39
       crit_upsz      1158  (      158 /      165 )  2.62
       crit_slew       587  (       20 /       51 )  1.32
        setup_dn       461  (        0 /        0 )  0.13
    plc_bal_star         0  (        0 /        0 )  0.00
     drc_buftimb         0  (        0 /        0 )  0.00
          plc_st       461  (        0 /        0 )  0.00
    plc_st_fence       461  (        0 /        0 )  0.00
        plc_star       461  (        0 /        0 )  0.00
      plc_laf_st       461  (        0 /        0 )  0.00
 plc_laf_st_fence       461  (        0 /        0 )  0.00
     drc_buftims         0  (        0 /        0 )  0.00
   plc_laf_lo_st       461  (        0 /        0 )  0.00
       plc_lo_st       461  (        0 /        0 )  0.00
            fopt       461  (        0 /        0 )  1.85
       crit_swap       554  (        6 /        6 )  1.40
       mux2_swap       485  (        0 /        0 )  0.00
       crit_dnsz      1402  (       10 /       10 )  2.86
       load_swap       447  (        0 /        0 )  1.29
            fopt      1062  (      100 /      110 )  4.67
        setup_dn       407  (        0 /        0 )  0.03
       load_isol      1317  (      160 /      165 )  14.71
       load_isol       520  (        0 /        0 )  2.33
        move_for       693  (        8 /        9 )  1.54
        move_for       579  (        0 /        0 )  0.54
          rem_bi       579  (        0 /       15 )  1.41
         offload       649  (        3 /        3 )  0.92
          rem_bi       613  (        1 /       45 )  3.71
         offload       601  (        1 /        1 )  3.88
           phase       599  (        0 /        0 )  0.00
        in_phase       599  (        0 /        0 )  0.00
       merge_bit       715  (        4 /        6 )  0.40
     merge_idrvr       575  (        0 /        0 )  0.00
     merge_iload       575  (        0 /        0 )  0.00
    merge_idload       575  (        0 /        2 )  0.09
      merge_drvr       575  (        0 /        6 )  0.73
      merge_load       575  (        0 /        4 )  0.67
          decomp       575  (        0 /        0 )  4.68
        p_decomp       575  (        0 /        0 )  2.28
        levelize       644  (       10 /       76 )  1.59
        mb_split       562  (        0 /        0 )  0.00
             dup      1184  (       93 /      104 )  8.04
      mux_retime       540  (        0 /        0 )  0.00
         buf2inv       540  (        0 /        0 )  0.00
             exp        94  (        7 /       22 )  0.40
       gate_deco       161  (        1 /        1 )  2.62
       gcomp_tim       194  (        5 /       16 )  1.44
  inv_pair_2_buf      1018  (        0 /        0 )  0.01

 incr_delay                65714      -42     -5732         0        0
            Worst cost_group: clk, WNS: -42.5
            Path: BF1_1_modei_reg[2]/CLK --> BF2_2_barrett_datai_reg[37]/D
 incr_delay                65710      -42     -5729         0        0
            Worst cost_group: clk, WNS: -42.5
            Path: BF1_1_modei_reg[2]/CLK --> BF2_2_barrett_datai_reg[38]/D
 incr_delay                65840      -42     -5800         0        0
            Worst cost_group: clk, WNS: -42.1
            Path: BF1_1_modei_reg[2]/CLK --> BF2_2_barrett_datai_reg[38]/D
 incr_delay                66033      -41     -5844         0        0
            Worst cost_group: clk,  incr_delay                66440      -39     -5853         0        0
            Wor incr_delay                66440      -39     -5853         0        0
            Worst cost_group: clk, WNS: -39.1
            Path: BF1_1_modei_reg[2]/CLK --> BF2_1_barrett_datai_reg[42]/D
 incr_delay                66449      -39     -5841         0        0
            Worst cost_group: clk, WNS: -39.1
            Path: BF1_1_modei_reg[2]/CLK --> BF2_1_barrett_datai_reg[33]/D
 incr_delay                66590      -38     -5697         0        0
            Worst cost_group: clk, WNS: -38.5
            Path: BF1_1_modei_reg[2]/CLK --> BF2_1_barrett_datai_reg[33]/D
 incr_delay                66747      -37     -5604         0        0
            Worst cost_group: clk, WNS: -37.3
            Path: BF1_1_modei_reg[2]/CLK --> BF2_1_barrett_datai_reg[31]/D
 incr_delay                66812      -37     -5567         0        0
            Worst cost_group: clk,  incr_delay                66953      -36     -5528         0        0
            Wor incr_delay                66953      -36     -5528         0        0
            Worst cost_group: clk, WNS: -36.7
            Path: BF1_1_modei_reg[2]/CLK --> BF2_2_barrett_datai_reg[33]/D
 incr_delay                67046      -36     -5491         0        0
            Worst cost_group: clk, WNS: -36.4
            Path: BF1_1_modei_reg[2]/CLK --> BF2_2_barrett_datai_reg[33]/D
 incr_delay                67054      -36     -5292         0        0
            Worst cost_group: clk, WNS: -36.0
            Path: BF1_1_modei_reg[2]/CLK --> BF2_1_barrett_datai_reg[33]/D
 incr_delay                67116      -34     -5109         0        0
            Worst cost_group: clk, WNS: -34.0
            Path: BF1_1_modei_reg[2]/CLK --> BF1_2_barrett_datai_reg[42]/D
 incr_delay                67157      -34     -5071         0        0
            Worst cost_group: clk, WNS: -34.0
            Path: BF1_1_modei_reg[2]/CLK --> BF2_2_barrett_datai_reg[33]/D
 incr_delay                67203      -33     -4955         0        0
            Worst cost_group: clk, WNS: -33.6
            Path: BF1_1_modei_reg[2]/CLK --> BF2_2_barrett_datai_reg[33]/D
 incr_delay                67207      -33     -4951         0        0
            Worst cost_group: clk, WNS: -33.5
            Path: BF1_1_modei_reg[2]/CLK --> BF1_1_barrett_datai_reg[32]/D
 incr_delay                67208      -33     -4947         0        0
            Worst cost_group: clk, WNS: -33.5
            Path: BF1_1_modei_reg[2]/CLK --> BF1_2_barrett_datai_reg[33]/D
 incr_delay                67261      -33     -4960         0        0
            Worst cost_group: clk, WNS: -33.4
            Path: BF1_1_modei_reg[2]/CLK --> BF2_2_barrett_datai_reg[33]/D
 incr_delay                67261      -33     -4959         0        0
            Worst cost_group: clk, WNS: -33.4
            Path: BF1_1_modei_reg[2]/CLK --> BF2_2_barrett_datai_reg[33]/D
 incr_delay                67359      -32     -4872         0        0
            Worst cost_group: clk, WNS: -32.8
            Path: BF1_1_modei_reg[2]/CLK --> BF2_1_barrett_datai_reg[39]/D
 incr_delay                67398      -32     -4858         0        0
            Worst cost_group: clk, WNS: -32.7
            Path: BF1_1_modei_reg[2]/CLK --> BF1_2_barrett_datai_reg[42]/D
 incr_delay                67402      -32     -4850         0        0
            Worst cost_group: clk, WNS: -32.6
            Path: BF1_1_modei_reg[2]/CLK --> BF2_2_barrett_datai_reg[31]/D
 incr_delay                67421      -32     -4845         0        0
            Worst cost_group: clk, WNS: -32.6
            Path: BF1_1_modei_reg[2]/CLK --> BF1_2_barrett_datai_reg[42]/D
 incr_delay                67423      -32     -4844         0        0
            Worst cost_group: clk, WNS: -32.6
            Path: BF1_1_modei_reg[2]/CLK --> BF1_1_barrett_datai_reg[32]/D
 incr_delay                67427      -32     -4840         0        0
            Worst cost_group: clk, WNS: -32.6
            Path: BF1_1_modei_reg[2]/CLK --> BF2_2_barrett_datai_reg[33]/D
 incr_delay                67436      -32     -4834         0        0
            Worst cost_group: clk, WNS: -32.5
            Path: BF1_1_modei_reg[2]/CLK --> BF2_1_barrett_datai_reg[33]/D
 incr_delay                67532      -32     -4796         0        0
            Worst cost_group: clk, WNS: -32.2
            Path: BF1_1_modei_reg[2]/CLK --> BF2_2_barrett_datai_reg[33]/D
 incr_delay                67543      -32     -4793         0        0
            Worst cost_group: clk,  incr_delay                67549      -32     -4784         0        0
            Wor incr_delay                67549      -32     -4784         0        0
            Worst cost_group: clk, WNS: -32.1
            Path: BF1_1_modei_reg[2]/CLK --> BF2_1_barrett_datai_reg[33]/D

           Trick     Calls     Accepts   Attempts    Time(secs) 
-----------------------------------------------------------
         crr_220       105  (        9 /       99 )  36.17
        crr_glob       200  (        6 /        9 )  1.68
         crr_200       258  (       85 /      251 )  15.50
        crr_glob       473  (       73 /       85 )  1.99
         crr_300       134  (       28 /      128 )  11.21
        crr_glob       284  (       26 /       28 )  0.94
         crr_400        55  (        4 /       48 )  4.90
        crr_glob       152  (        4 /        4 )  0.30
         crr_111       432  (      128 /      428 )  70.68
        crr_glob       606  (      102 /      128 )  5.54
         crr_210       133  (       28 /      124 )  21.88
        crr_glob       248  (       22 /       28 )  1.78
         crr_110       472  (      164 /      464 )  51.02
        crr_glob       758  (      147 /      164 )  5.13
         crr_101       305  (      104 /      275 )  18.75
        crr_glob       403  (       89 /      104 )  2.35
         crr_201       171  (       55 /      166 )  17.32
        crr_glob       301  (       49 /       55 )  1.65
         crr_211        66  (        2 /       61 )  17.37
        crr_glob       136  (        0 /        2 )  0.65
        crit_msz       575  (      141 /      199 )  4.97
       crit_upsz       428  (       55 /       64 )  1.05
       crit_slew       169  (        3 /       17 )  0.50
        setup_dn       409  (        1 /        1 )  0.10
    plc_bal_star         0  (        0 /        0 )  0.00
     drc_buftimb         0  (        0 /        0 )  0.00
          plc_st       165  (        0 /        0 )  0.00
    plc_st_fence       165  (        0 /        0 )  0.00
        plc_star       165  (        0 /        0 )  0.00
      plc_laf_st       165  (        0 /        0 )  0.00
 plc_laf_st_fence       165  (        0 /        0 )  0.00
     drc_buftims         0  (        0 /        0 )  0.00
       plc_lo_st       165  (        0 /        0 )  0.00
            fopt       751  (       52 /       57 )  3.60
       crit_swap       165  (        0 /        0 )  0.27
       mux2_swap       165  (        0 /        0 )  0.00
       crit_dnsz       396  (        0 /        0 )  0.78
       load_swap       165  (        0 /        0 )  0.37
            fopt       751  (       52 /       57 )  3.60
        setup_dn       409  (        1 /        1 )  0.10
       load_isol       554  (       26 /       26 )  5.15
       load_isol       554  (       26 /       26 )  5.15
        move_for       428  (        1 /        1 )  0.61
        move_for       428  (        1 /        1 )  0.61
          rem_bi       447  (        1 /       20 )  2.13
         offload       616  (       10 /       10 )  1.99
          rem_bi       447  (        1 /       20 )  2.13
         offload       616  (       10 /       10 )  1.99
       merge_bit       247  (        0 /        0 )  0.11
     merge_idrvr       216  (        0 /        0 )  0.00
     merge_iload       216  (        0 /        0 )  0.00
    merge_idload       216  (        0 /        0 )  0.01
      merge_drvr       216  (        0 /        1 )  0.23
      merge_load       216  (        0 /        1 )  0.26
           phase       216  (        0 /        0 )  0.00
          decomp       216  (        0 /        0 )  1.69
        p_decomp       216  (        0 /        0 )  0.71
        levelize       278  (        5 /       37 )  0.73
        mb_split       214  (        0 /        0 )  0.00
        in_phase       214  (        0 /        0 )  0.00
             dup       429  (       28 /       28 )  2.62
      mux_retime       191  (        0 /        0 )  0.00
         buf2inv       191  (        0 /        0 )  0.00
             exp        21  (        4 /        7 )  0.23
       gate_deco        85  (        0 /        0 )  1.17
       gcomp_tim       128  (        3 /        3 )  0.82
  inv_pair_2_buf       393  (        0 /        0 )  0.00
 init_drc                  67549      -32     -4784         0        0
            Worst cost_group: clk, WNS: -32.1
            Path: BF1_1_modei_reg[2]/CLK --> BF2_1_barrett_datai_reg[33]/D

           Trick     Calls     Accepts   Attempts    Time(secs) 
-----------------------------------------------------------
          plc_st         0  (        0 /        0 )  0.00
        plc_star         0  (        0 /        0 )  0.00
        drc_bufs         0  (        0 /        0 )  0.00
        drc_fopt         0  (        0 /        0 )  0.00
        drc_bufb         0  (        0 /        0 )  0.00
      simple_buf         0  (        0 /        0 )  0.00
             dup         0  (        0 /        0 )  0.00
       crit_dnsz         0  (        0 /        0 )  0.00
       crit_upsz         0  (        0 /        0 )  0.00
       crit_slew         0  (        0 /        0 )  0.00


           Trick     Calls     Accepts   Attempts    Time(secs) 
-----------------------------------------------------------
          plc_st         0  (        0 /        0 )  0.00
        plc_star         0  (        0 /        0 )  0.00
      drc_buf_sp         0  (        0 /        0 )  0.00
        drc_bufs         0  (        0 /        0 )  0.00
        drc_fopt         0  (        0 /        0 )  0.00
        drc_bufb         0  (        0 /        0 )  0.00
      simple_buf         0  (        0 /        0 )  0.00
             dup         0  (        0 /        0 )  0.00
       crit_dnsz         0  (        0 /        0 )  0.00
       crit_upsz         0  (        0 /        0 )  0.00


           Trick     Calls     Accepts   Attempts    Time(secs) 
-----------------------------------------------------------
          plc_st         0  (        0 /        0 )  0.00
        plc_star         0  (        0 /        0 )  0.00
      drc_buf_sp         0  (        0 /        0 )  0.00
        drc_bufs         0  (        0 /        0 )  0.00
        drc_fopt         0  (        0 /        0 )  0.00
        drc_bufb         0  (        0 /        0 )  0.00
             dup         0  (        0 /        0 )  0.00
       crit_dnsz         0  (        0 /        0 )  0.00
       crit_upsz         0  (        0 /        0 )  0.00

 init_tns                  67549      -32     -4784         0        0
            Worst cost_group: clk,  incr_tns                  68357      -29     -2696         0        0
            Worst cost_group: clk, WNS: -29.9
            Path: BF1_1_modei_reg[2]/CLK --> BF2_1_barrett_datai_reg[33]/D
 incr_tns                  68357      -29     -2666         0        0
            Worst cost_group: clk, WNS: -29.9
            Path: BF1_1_modei_reg[2]/CLK --> BF2_1_barrett_datai_reg[33]/D
 incr_tns                  68357      -29     -2666         0        0
            Worst cost_group: clk, WNS: -29.9
            Path: BF1_1_modei_reg[2]/CLK --> BF2_1_barrett_datai_reg[33]/D

           Trick     Calls     Accepts   Attempts    Time(secs) 
-----------------------------------------------------------
            fopt      2202  (       11 /       17 )  2.82
    plc_bal_star         0  (        0 /        0 )  0.00
     drc_buftimb         0  (        0 /        0 )  0.00
     drc_buftims         0  (        0 /        0 )  0.00
        crit_msz      2191  (      583 /     1167 )  17.06
       crit_upsz      1608  (       75 /      350 )  3.55
   plc_laf_lo_st      1533  (        0 /        0 )  0.00
       plc_lo_st      1533  (        0 /        0 )  0.00
       crit_swap      1533  (       49 /      248 )  7.18
       mux2_swap      1484  (        0 /        0 )  0.01
       crit_dnsz      3069  (       96 /      558 )  9.24
       load_swap      1388  (        2 /      331 )  3.93
            fopt      1386  (       37 /      116 )  3.13
        setup_dn      1349  (       10 /       16 )  0.49
       load_isol      1339  (       23 /      119 )  16.12
       load_isol      1316  (        0 /        7 )  4.35
        move_for      1316  (        8 /       30 )  2.36
        move_for      1308  (        0 /       19 )  1.57
          rem_bi      1308  (        0 /        3 )  0.73
         offload      1308  (        0 /       13 )  1.52
          rem_bi      1308  (        9 /       18 )  2.43
         offload      1299  (        2 /       19 )  7.29
       merge_bit      1365  (       15 /       23 )  0.48
     merge_idrvr      1286  (        0 /        0 )  0.00
     merge_iload      1286  (        0 /        0 )  0.01
    merge_idload      1286  (        0 /        0 )  0.04
      merge_drvr      1286  (        0 /        2 )  1.06
      merge_load      1286  (        1 /        2 )  0.94
           phase      1285  (        0 /        0 )  0.01
          decomp      1285  (        1 /        2 )  11.66
        p_decomp      1284  (        0 /        0 )  6.83
        levelize      1284  (        1 /       11 )  0.86
        mb_split      1283  (        0 /        0 )  0.02
             dup      1283  (       27 /       85 )  6.91
      mux_retime      1256  (        0 /        0 )  0.00
       crr_local      1256  (       76 /      251 )  74.31
         buf2inv      1180  (        0 /        0 )  0.00

 init_area                 68357      -29     -2666         0        0
            Worst cost_group: clk, WNS: -29.9
            Path: BF1_1_modei_reg[2]/CLK --> BF2_1_barrett_datai_reg[33]/D
 undup                     68235      -29     -2652         0        0
            Worst cost_group: clk, WNS: -29.9
            Path: BF1_1_modei_reg[2]/CLK --> BF2_1_barrett_datai_reg[33]/D
 rem_buf                   67289      -29     -2626         0        0
            Worst cost_group: clk, WNS: -29.9
            Path: BF1_1_modei_reg[2]/CLK --> BF2_1_barrett_datai_reg[33]/D
 rem_inv                   67103      -29     -2612         0        0
            Worst cost_group: clk, WNS: -29.9
            Path: BF1_1_modei_reg[2]/CLK --> BF2_1_barrett_datai_reg[33]/D
 merge_bi                  66778      -29     -2544         0        0
            Worst cost_group: clk, WNS: -29.9
            Path: BF1_1_modei_reg[1]/CLK --> BF2_1_barrett_datai_reg[33]/D
 merge_bi                  66776      -29     -2544         0        0
            Worst cost_group: clk, WNS: -29.9
            Path: BF1_1_modei_reg[1]/CLK --> BF2_1_barrett_datai_reg[33]/D
 merge_bi                  66760      -29     -2518         0        0
            Worst cost_group: clk, WNS: -29.9
            Path: BF1_1_modei_reg[1]/CLK --> BF2_1_barrett_datai_reg[33]/D
 seq_res_area              66755      -29     -2515         0        0
            Worst cost_group: clk, WNS: -29.9
            Path: BF1_1_modei_reg[1]/CLK --> BF2_1_barrett_datai_reg[33]/D
 io_phase                  66574      -29     -2487         0        0
            Worst cost_group: clk, WNS: -29.9
            Path: BF1_1_modei_reg[1]/CLK --> BF2_1_barrett_datai_reg[33]/D
 gate_comp                 66227      -29     -2451         0        0
            Worst cost_group: clk, WNS: -29.9
            Path: BF1_1_modei_reg[1]/CLK --> BF2_1_barrett_datai_reg[33]/D
 gcomp_mog                 66217      -29     -2451         0        0
            Worst cost_group: clk, WNS: -29.9
            Path: BF1_1_modei_reg[1]/CLK --> BF2_1_barrett_datai_reg[33]/D
 glob_area                 65985      -29     -2443         0        0
            Worst cost_group: clk, WNS: -29.8
            Path: BF1_1_modei_reg[2]/CLK --> BF2_2_barrett_datai_reg[31]/D
 area_down                 65539      -29     -2389         0        0
            Worst cost_group: clk, WNS: -29.8
            Path: BF1_1_modei_reg[2]/CLK --> BF2_1_barrett_datai_reg[33]/D
 size_n_buf                65540      -29     -2388         0        0
            Worst cost_group: clk, WNS: -29.8
            Path: BF1_1_modei_reg[2]/CLK --> BF2_1_barrett_datai_reg[33]/D
 rem_buf                   65372      -29     -2388         0        0
            Worst cost_group: clk, WNS: -29.8
            Path: BF1_1_modei_reg[2]/CLK --> BF2_1_barrett_datai_reg[33]/D
 rem_inv                   65355      -29     -2388         0        0
            Worst cost_group: clk, WNS: -29.8
            Path: BF1_1_modei_reg[2]/CLK --> BF2_1_barrett_datai_reg[33]/D
 merge_bi                  65341      -29     -2387         0        0
            Worst cost_group: clk, WNS: -29.8
            Path: BF1_1_modei_reg[2]/CLK --> BF2_1_barrett_datai_reg[33]/D
 merge_bi                  65334      -29     -2387         0        0
            Worst cost_group: clk, WNS: -29.8
            Path: BF1_1_modei_reg[2]/CLK --> BF2_1_barrett_datai_reg[33]/D

           Trick     Calls     Accepts   Attempts    Time(secs) 
-----------------------------------------------------------
           undup        94  (       40 /       65 )  0.87
         rem_buf      1187  (      517 /      659 )  6.18
         rem_inv       278  (      123 /      164 )  2.47
        merge_bi       501  (      284 /      370 )  3.72
      rem_inv_qb       736  (        0 /        0 )  0.01
    seq_res_area        36  (        5 /        8 )  19.17
        io_phase       285  (      108 /      132 )  1.64
       gate_comp      1197  (      211 /      244 )  8.78
       gcomp_mog       514  (       11 /       13 )  5.87
       glob_area        62  (       60 /       62 )  8.75
       area_down      1643  (      545 /      670 )  27.93
      size_n_buf         4  (        1 /        1 )  0.28
  gate_deco_area         0  (        0 /        0 )  0.03
         rem_buf       650  (       92 /      185 )  3.23
         rem_inv       132  (       12 /       38 )  1.49
        merge_bi       210  (       18 /       86 )  2.13
      rem_inv_qb       733  (        0 /        0 )  0.01

 
Incremental optimization status
===============================
                                   Group   
                                  Tot Wrst     Total - - DRC Totals - -
                           Total  Weighted      Neg      Max       Max 
Operation                   Area   Slacks      Slack    Trans      Cap 
 init_delay                65334      -29     -2387         0        0
            Worst cost_group: clk, WNS: -29.8
            Path: BF1_1_modei_reg[2]/CLK --> BF2_1_barrett_datai_reg[33]/D
 incr_delay                65341      -29     -2387         0        0
            Worst cost_group: clk, WNS: -29.8
            Path: BF1_1_modei_reg[2]/CLK --> BF2_1_barrett_datai_reg[33]/D
 incr_delay                65348      -29     -2416         0        0
            Worst cost_group: clk, WNS: -29.5
            Path: BF1_1_modei_reg[2]/CLK --> BF2_1_barrett_datai_reg[33]/D
 incr_delay                65350      -29     -2414         0        0
            Worst cost_group: clk, WNS: -29.4
            Path: BF1_1_modei_reg[2]/CLK --> BF2_2_barrett_datai_reg[31]/D
 incr_delay                65364      -29     -2422         0        0
            Worst cost_group: clk, WNS: -29.4
            Path: BF1_1_modei_reg[2]/CLK --> BF2_1_barrett_datai_reg[33]/D
 incr_delay                65514      -29     -2349         0        0
            Worst cost_group: clk, WNS: -29.0
            Path: BF1_1_modei_reg[2]/CLK --> BF2_2_barrett_datai_reg[33]/D
 incr_delay                65571      -28     -2336         0        0
            Worst cost_group: clk, WNS: -28.7
            Path: BF1_1_modei_reg[2]/CLK --> BF2_2_barrett_datai_reg[33]/D
 incr_delay                65619      -28     -2312         0        0
            Worst cost_group: clk, WNS: -28.3
            Path: BF1_1_modei_reg[2]/CLK --> BF2_1_barrett_datai_reg[33]/D
 incr_delay                65624      -28     -2312         0        0
            Worst cost_group: clk, WNS: -28.3
            Path: BF1_1_modei_reg[2]/CLK --> BF2_1_barrett_datai_reg[33]/D
 incr_delay                65735      -27     -2319         0        0
            Worst cost_group: clk, WNS: -27.6
            Path: BF1_1_modei_reg[2]/CLK --> BF2_2_barrett_datai_reg[33]/D
 incr_delay                65740      -27     -2309         0        0
            Worst cost_group: clk, WNS: -27.5
            Path: BF1_1_modei_reg[2]/CLK --> BF2_2_barrett_datai_reg[33]/D
 incr_delay                65835      -22     -1982         0        0
            Worst cost_group: clk, WNS: -22.1
            Path: BF1_1_modei_reg[2]/CLK --> BF1_2_barrett_datai_reg[29]/D
 incr_delay                65868      -21     -1984         0        0
            Worst cost_group: clk, WNS: -21.8
            Path: BF1_1_modei_reg[2]/CLK --> BF1_1_barrett_datai_reg[38]/D
 incr_delay                65896      -20     -1882         0        0
            Worst cost_group: clk, WNS: -20.2
            Path: BF1_1_modei_reg[2]/CLK --> BF1_2_barrett_datai_reg[41]/D
 incr_delay                65911      -20     -1879         0        0
            Worst cost_group: clk, WNS: -20.2
            Path: BF1_1_modei_reg[2]/CLK --> BF2_1_barrett_datai_reg[33]/D
 incr_delay                65950      -19     -1849         0        0
            Worst cost_group: clk, WNS: -19.9
            Path: BF1_1_modei_reg[2]/CLK --> BF2_2_barrett_datai_reg[33]/D
 incr_delay                65955      -19     -1871         0        0
            Worst cost_group: clk, WNS: -19.8
            Path: BF1_1_modei_reg[2]/CLK --> BF2_1_barrett_datai_reg[45]/D
 incr_delay                65960      -19     -1870         0        0
            Worst cost_group: clk, WNS: -19.8
            Path: BF1_1_modei_reg[2]/CLK --> BF2_1_barrett_datai_reg[40]/D
 incr_delay                65964      -19     -1866         0        0
            Worst cost_group: clk, WNS: -19.8
            Path: BF1_1_modei_reg[2]/CLK --> BF2_1_barrett_datai_reg[33]/D
 incr_delay                66028      -19     -1846         0        0
            Worst cost_group: clk, WNS: -19.6
            Path: BF1_1_modei_reg[2]/CLK --> BF1_2_barrett_datai_reg[40]/D
 incr_delay                66028      -19     -1843         0        0
            Worst cost_group: clk, WNS: -19.6
            Path: BF1_1_modei_reg[2]/CLK --> BF1_2_barrett_datai_reg[25]/D
 incr_delay                66028      -19     -1840         0        0
            Worst cost_group: clk, WNS: -19.5
            Path: BF1_1_modei_reg[2]/CLK --> BF2_1_barrett_datai_reg[45]/D
 incr_delay                66028      -19     -1840         0        0
            Worst cost_group: clk, WNS: -19.5
            Path: BF1_1_modei_reg[2]/CLK --> BF2_1_barrett_datai_reg[45]/D
 incr_delay                66052      -19     -1836         0        0
            Worst cost_group: clk, WNS: -19.5
            Path: BF1_1_modei_reg[2]/CLK --> BF2_1_barrett_datai_reg[33]/D
 incr_delay                66056      -19     -1833         0        0
            Worst cost_group: clk, WNS: -19.5
            Path: BF1_1_modei_reg[2]/CLK --> BF2_1_barrett_datai_reg[33]/D
 incr_delay                66069      -19     -1823         0        0
            Worst cost_group: clk, WNS: -19.4
            Path: BF1_1_modei_reg[2]/CLK --> BF2_2_barrett_datai_reg[33]/D
 incr_delay                66069      -19     -1823         0        0
            Worst cost_group: clk, WNS: -19.4
            Path: BF1_1_modei_reg[2]/CLK --> BF2_2_barrett_datai_reg[33]/D
 incr_delay                66081      -19     -1820         0        0
            Worst cost_group: clk, WNS: -19.3
            Path: BF1_1_modei_reg[2]/CLK --> BF2_1_barrett_datai_reg[33]/D
 incr_delay                66116      -19     -1808         0        0
            Worst cost_group: clk, WNS: -19.2
            Path: BF1_1_modei_reg[2]/CLK --> BF2_2_barrett_datai_reg[33]/D
 incr_delay                66116      -19     -1808         0        0
            Worst cost_group: clk, WNS: -19.2
            Path: BF1_1_modei_reg[2]/CLK --> BF2_2_barrett_datai_reg[33]/D
 incr_delay                66129      -19     -1799         0        0
            Worst cost_group: clk, WNS: -19.0
            Path: BF1_1_modei_reg[2]/CLK --> BF2_2_barrett_datai_reg[43]/D
 incr_delay                66137      -19     -1798         0        0
            Worst cost_group: clk, WNS: -19.0
            Path: BF1_1_modei_reg[2]/CLK --> BF1_1_barrett_datai_reg[38]/D
 incr_delay                66183      -18     -1784         0        0
            Worst cost_group: clk, WNS: -18.9
            Path: BF1_1_modei_reg[2]/CLK --> BF1_2_barrett_datai_reg[25]/D
 incr_delay                66186      -18     -1783         0        0
            Worst cost_group: clk, WNS: -18.9
            Path: BF1_1_modei_reg[2]/CLK --> BF2_1_barrett_datai_reg[33]/D
 incr_delay                66278      -18     -1757         0        0
            Worst cost_group: clk, WNS: -18.6
            Path: BF1_1_modei_reg[2]/CLK --> BF2_2_barrett_datai_reg[33]/D
 incr_delay                66280      -18     -1756         0        0
            Worst cost_group: clk, WNS: -18.6
            Path: BF1_1_modei_reg[2]/CLK --> BF2_2_barrett_datai_reg[33]/D
 incr_delay                66287      -18     -1755         0        0
            Worst cost_group: clk, WNS: -18.5
            Path: BF1_1_modei_reg[2]/CLK --> BF2_1_barrett_datai_reg[42]/D
 incr_delay                66310      -18     -1726         0        0
            Worst cost_group: clk, WNS: -18.4
            Path: BF1_1_modei_reg[2]/CLK --> BF2_1_barrett_datai_reg[33]/D
 incr_delay                66318      -18     -1716         0        0
            Worst cost_group: clk, WNS: -18.3
            Path: BF1_1_modei_reg[2]/CLK --> BF2_2_barrett_datai_reg[33]/D
 incr_delay                66388      -18     -1708         0        0
            Worst cost_group: clk, WNS: -18.0
            Path: BF1_1_modei_reg[2]/CLK --> BF1_2_barrett_datai_reg[25]/D
 incr_delay                66391      -18     -1706         0        0
            Worst cost_group: clk, WNS: -18.0
            Path: BF1_1_modei_reg[2]/CLK --> BF2_1_barrett_datai_reg[33]/D
 incr_delay                66410      -17     -1670         0        0
            Worst cost_group: clk, WNS: -17.8
            Path: BF1_1_modei_reg[2]/CLK --> BF2_2_barrett_datai_reg[33]/D
 incr_delay                66422      -17     -1662         0        0
            Worst cost_group: clk, WNS: -17.7
            Path: BF1_1_modei_reg[2]/CLK --> BF2_2_barrett_datai_reg[33]/D
 incr_delay                66423      -17     -1661         0        0
            Worst cost_group: clk, WNS: -17.7
            Path: BF1_1_modei_reg[2]/CLK --> BF2_2_barrett_datai_reg[33]/D
 incr_delay                66427      -17     -1657         0        0
            Worst cost_group: clk, WNS: -17.6
            Path: BF1_1_modei_reg[2]/CLK --> BF2_1_barrett_datai_reg[33]/D
 incr_delay                66469      -17     -1649         0        0
            Worst cost_group: clk, WNS: -17.5
            Path: BF1_1_modei_reg[2]/CLK --> BF2_1_barrett_datai_reg[33]/D
 incr_delay                66471      -17     -1647         0        0
            Worst cost_group: clk, WNS: -17.5
            Path: BF1_1_modei_reg[2]/CLK --> BF2_2_barrett_datai_reg[33]/D
 incr_delay                66501      -17     -1642         0        0
            Worst cost_group: clk, WNS: -17.3
            Path: BF1_1_modei_reg[2]/CLK --> BF1_1_barrett_datai_reg[40]/D

           Trick     Calls     Accepts   Attempts    Time(secs) 
-----------------------------------------------------------
         crr_220       126  (        6 /      116 )  41.58
        crr_glob       234  (        3 /        6 )  1.72
         crr_200       397  (       87 /      387 )  22.12
        crr_glob       717  (       82 /       87 )  2.08
         crr_300       159  (       11 /      142 )  11.58
        crr_glob       365  (       11 /       11 )  0.69
         crr_400       104  (        5 /       90 )  9.36
        crr_glob       302  (        4 /        5 )  0.55
         crr_111       390  (       75 /      375 )  56.06
        crr_glob       544  (       56 /       75 )  4.10
         crr_210       206  (       24 /      192 )  28.22
        crr_glob       387  (       16 /       24 )  1.65
         crr_110       395  (       83 /      383 )  37.67
        crr_glob       580  (       52 /       83 )  2.93
         crr_101       494  (      144 /      444 )  30.31
        crr_glob       713  (      126 /      144 )  3.37
         crr_201       257  (       51 /      249 )  24.73
        crr_glob       468  (       45 /       51 )  1.91
         crr_211       117  (        4 /      108 )  25.52
        crr_glob       219  (        3 /        4 )  1.10
        crit_msz       905  (      131 /      195 )  6.05
       crit_upsz       851  (       70 /       84 )  3.83
       crit_slew       400  (        3 /       11 )  0.76
        setup_dn       816  (        0 /        0 )  0.21
    plc_bal_star         0  (        0 /        0 )  0.00
     drc_buftimb         0  (        0 /        0 )  0.00
          plc_st       395  (        0 /        0 )  0.00
    plc_st_fence       395  (        0 /        0 )  0.00
        plc_star       395  (        0 /        0 )  0.00
      plc_laf_st       395  (        0 /        0 )  0.00
 plc_laf_st_fence       395  (        0 /        0 )  0.00
     drc_buftims         0  (        0 /        0 )  0.00
       plc_lo_st       395  (        0 /        0 )  0.00
            fopt      1153  (       48 /       53 )  3.92
       crit_swap       395  (        0 /        0 )  0.95
       mux2_swap       395  (        0 /        0 )  0.00
       crit_dnsz       831  (        2 /        2 )  1.86
       load_swap       403  (        2 /        2 )  1.04
            fopt      1153  (       48 /       53 )  3.92
        setup_dn       816  (        0 /        0 )  0.21
       load_isol      1484  (       65 /       66 )  14.56
       load_isol      1484  (       65 /       66 )  14.56
        move_for      1067  (        7 /        7 )  1.79
        move_for      1067  (        7 /        7 )  1.79
          rem_bi       986  (        0 /       30 )  2.31
         offload       986  (        0 /        0 )  3.19
          rem_bi       986  (        0 /       30 )  2.31
         offload       986  (        0 /        0 )  3.19
       merge_bit       603  (        3 /        3 )  0.20
     merge_idrvr       520  (        0 /        0 )  0.00
     merge_iload       520  (        0 /        0 )  0.00
    merge_idload       520  (        0 /        0 )  0.00
      merge_drvr       520  (        0 /        2 )  0.76
      merge_load       520  (        0 /        1 )  0.71
           phase       520  (        0 /        0 )  0.00
          decomp       520  (        0 /        0 )  5.30
        p_decomp       520  (        0 /        0 )  2.16
        levelize       611  (        7 /       82 )  1.72
        mb_split       551  (        0 /        0 )  0.00
        in_phase       551  (        0 /        0 )  0.00
             dup       762  (       32 /       37 )  5.09
      mux_retime       512  (        0 /        0 )  0.00
         buf2inv       512  (        0 /        0 )  0.00
             exp       139  (        6 /       21 )  0.77
       gate_deco       197  (        0 /        0 )  3.32
       gcomp_tim       191  (        1 /        1 )  1.19
  inv_pair_2_buf      1012  (        0 /        0 )  0.00
 init_drc                  66501      -17     -1642         0        0
            Worst cost_group: clk, WNS: -17.3
            Path: BF1_1_modei_reg[2]/CLK --> BF1_1_barrett_datai_reg[40]/D

           Trick     Calls     Accepts   Attempts    Time(secs) 
-----------------------------------------------------------
          plc_st         0  (        0 /        0 )  0.00
        plc_star         0  (        0 /        0 )  0.00
        drc_bufs         0  (        0 /        0 )  0.00
        drc_fopt         0  (        0 /        0 )  0.00
        drc_bufb         0  (        0 /        0 )  0.00
      simple_buf         0  (        0 /        0 )  0.00
             dup         0  (        0 /        0 )  0.00
       crit_dnsz         0  (        0 /        0 )  0.00
       crit_upsz         0  (        0 /        0 )  0.00
       crit_slew         0  (        0 /        0 )  0.00


           Trick     Calls     Accepts   Attempts    Time(secs) 
-----------------------------------------------------------
          plc_st         0  (        0 /        0 )  0.00
        plc_star         0  (        0 /        0 )  0.00
        drc_bufs         0  (        0 /        0 )  0.00
        drc_fopt         0  (        0 /        0 )  0.00
        drc_bufb         0  (        0 /        0 )  0.00
      simple_buf         0  (        0 /        0 )  0.00
             dup         0  (        0 /        0 )  0.00
       crit_dnsz         0  (        0 /        0 )  0.00
       crit_upsz         0  (        0 /        0 )  0.00


           Trick     Calls     Accepts   Attempts    Time(secs) 
-----------------------------------------------------------
          plc_st         0  (        0 /        0 )  0.00
        plc_star         0  (        0 /        0 )  0.00
        drc_bufs         0  (        0 /        0 )  0.00
        drc_fopt         0  (        0 /        0 )  0.00
        drc_bufb         0  (        0 /        0 )  0.00
             dup         0  (        0 /        0 )  0.00
       crit_dnsz         0  (        0 /        0 )  0.00
       crit_upsz         0  (        0 /        0 )  0.00

 init_tns                  66501      -17     -1642         0        0
            Worst cost_group: clk, WNS: -17.3
            Path: BF1_1_modei_reg[2]/CLK --> BF1_1_barrett_datai_reg[40]/D
 incr_tns                  66700      -17     -1194         0        0
            Worst cost_group: clk, WNS: -17.3
            Path: BF1_1_modei_reg[2]/CLK --> BF2_2_barrett_datai_reg[33]/D
 incr_tns                  66700      -17     -1194         0        0
            Worst cost_group: clk, WNS: -17.3
            Path: BF1_1_modei_reg[2]/CLK --> BF2_2_barrett_datai_reg[33]/D

           Trick     Calls     Accepts   Attempts    Time(secs) 
-----------------------------------------------------------
            fopt       996  (        3 /       11 )  1.51
    plc_bal_star         0  (        0 /        0 )  0.00
     drc_buftimb         0  (        0 /        0 )  0.00
     drc_buftims         0  (        0 /        0 )  0.00
        crit_msz       993  (      148 /      454 )  6.15
       crit_upsz       845  (       33 /      215 )  3.56
   plc_laf_lo_st       812  (        0 /        0 )  0.00
       plc_lo_st       812  (        0 /        0 )  0.00
       crit_swap       812  (       21 /      137 )  3.55
       mux2_swap       791  (        0 /        0 )  0.00
       crit_dnsz      1737  (       43 /      295 )  4.56
       load_swap       748  (        0 /      185 )  2.07
            fopt       748  (       16 /       76 )  1.95
        setup_dn       732  (        1 /        1 )  0.06
       load_isol       731  (        3 /       60 )  7.13
       load_isol       728  (        0 /        3 )  1.75
        move_for       728  (        4 /       12 )  0.88
        move_for       724  (        0 /        2 )  0.35
          rem_bi       724  (        0 /        0 )  0.12
         offload       724  (        0 /        0 )  0.09
          rem_bi       724  (        3 /        4 )  1.20
         offload       721  (        2 /        3 )  3.85
       merge_bit       749  (        5 /        6 )  0.12
     merge_idrvr       715  (        0 /        0 )  0.00
     merge_iload       715  (        0 /        0 )  0.01
    merge_idload       715  (        0 /        0 )  0.04
      merge_drvr       715  (        0 /        1 )  0.79
      merge_load       715  (        0 /        0 )  0.77
           phase       715  (        0 /        0 )  0.00
          decomp       715  (        0 /        0 )  5.50
        p_decomp       715  (        0 /        0 )  3.19
        levelize       715  (        2 /        7 )  0.74
        mb_split       713  (        0 /        0 )  0.01
             dup       713  (        9 /       51 )  3.95
      mux_retime       704  (        0 /        0 )  0.00
       crr_local       704  (       38 /      200 )  45.33
         buf2inv       666  (        0 /        0 )  0.00

 init_area                 66700      -17     -1194         0        0
            Worst cost_group: clk, WNS: -17.3
            Path: BF1_1_modei_reg[2]/CLK --> BF2_2_barrett_datai_reg[33]/D
 undup                     66631      -17     -1194         0        0
            Worst cost_group: clk, WNS: -17.3
            Path: BF1_1_modei_reg[2]/CLK --> BF2_2_barrett_datai_reg[33]/D
 rem_buf                   66274      -17     -1194         0        0
            Worst cost_group: clk, WNS: -17.3
            Path: BF1_1_modei_reg[2]/CLK --> BF2_2_barrett_datai_reg[33]/D
 rem_inv                   66195      -17     -1194         0        0
            Worst cost_group: clk, WNS: -17.3
            Path: BF1_1_modei_reg[2]/CLK --> BF2_2_barrett_datai_reg[33]/D
 merge_bi                  66083      -17     -1192         0        0
            Worst cost_group: clk, WNS: -17.3
            Path: BF1_1_modei_reg[2]/CLK --> BF2_2_barrett_datai_reg[33]/D
 merge_bi                  66063      -17     -1192         0        0
            Worst cost_group: clk, WNS: -17.3
            Path: BF1_1_modei_reg[2]/CLK --> BF2_2_barrett_datai_reg[33]/D
 io_phase                  65964      -17     -1191         0        0
            Worst cost_group: clk, WNS: -17.3
            Path: BF1_1_modei_reg[2]/CLK --> BF2_2_barrett_datai_reg[33]/D
 gate_comp                 65849      -17     -1188         0        0
            Worst cost_group: clk, WNS: -17.3
            Path: BF1_1_modei_reg[2]/CLK --> BF2_2_barrett_datai_reg[33]/D
 gcomp_mog                 65843      -17     -1188         0        0
            Worst cost_group: clk, WNS: -17.3
            Path: BF1_1_modei_reg[2]/CLK --> BF2_2_barrett_datai_reg[33]/D
 glob_area                 65698      -17     -1186         0        0
            Worst cost_group: clk, WNS: -17.3
            Path: BF1_1_modei_reg[2]/CLK --> BF2_2_barrett_datai_reg[33]/D
 area_down                 65440      -17     -1185         0        0
            Worst cost_group: clk, WNS: -17.3
            Path: BF1_1_modei_reg[2]/CLK --> BF2_2_barrett_datai_reg[33]/D

           Trick     Calls     Accepts   Attempts    Time(secs) 
-----------------------------------------------------------
           undup        89  (       23 /       44 )  0.83
         rem_buf       845  (      217 /      293 )  3.60
         rem_inv       160  (       51 /       60 )  1.27
        merge_bi       242  (       93 /      134 )  1.91
      rem_inv_qb       733  (        0 /        0 )  0.01
        io_phase       282  (       65 /       86 )  1.37
       gate_comp      1070  (       65 /       89 )  7.18
       gcomp_mog       465  (        3 /        5 )  5.18
       glob_area        59  (       56 /       59 )  7.77
       area_down      1589  (      384 /      461 )  25.23
      size_n_buf         1  (        0 /        0 )  0.17
  gate_deco_area         0  (        0 /        0 )  0.00

 
Incremental optimization status
===============================
                                   Group   
                                  Tot Wrst     Total - - DRC Totals - -
                           Total  Weighted      Neg      Max       Max 
Operation                   Area   Slacks      Slack    Trans      Cap 
 init_delay                65440      -17     -1185         0        0
            Worst cost_group: clk, WNS: -17.3
            Path: BF1_1_modei_reg[2]/CLK --> BF2_2_barrett_datai_reg[33]/D
 incr_delay                65441      -17     -1185         0        0
            Worst cost_group: clk, WNS: -17.3
            Path: BF1_1_modei_reg[2]/CLK --> BF2_2_barrett_datai_reg[33]/D
 incr_delay                65442      -17     -1185         0        0
            Worst cost_group: clk, WNS: -17.3
            Path: BF1_1_modei_reg[2]/CLK --> BF2_2_barrett_datai_reg[34]/D

           Trick     Calls     Accepts   Attempts    Time(secs) 
-----------------------------------------------------------
        crit_msz       110  (        7 /       15 )  0.60
       crit_upsz        80  (        0 /        0 )  0.28
       crit_slew        80  (        0 /        3 )  0.13
        setup_dn        80  (        0 /        0 )  0.03
    plc_bal_star         0  (        0 /        0 )  0.00
     drc_buftimb         0  (        0 /        0 )  0.00
          plc_st        80  (        0 /        0 )  0.00
    plc_st_fence        80  (        0 /        0 )  0.00
        plc_star        80  (        0 /        0 )  0.00
      plc_laf_st        80  (        0 /        0 )  0.00
 plc_laf_st_fence        80  (        0 /        0 )  0.00
     drc_buftims         0  (        0 /        0 )  0.00
   plc_laf_lo_st        80  (        0 /        0 )  0.00
       plc_lo_st        80  (        0 /        0 )  0.00
            fopt        80  (        0 /        0 )  0.09
       crit_swap        80  (        0 /        0 )  0.16
       mux2_swap        80  (        0 /        0 )  0.00
       crit_dnsz       226  (        0 /        0 )  0.47
       load_swap        80  (        0 /        0 )  0.18
            fopt        80  (        0 /        1 )  0.31
        setup_dn        80  (        0 /        0 )  0.01
       load_isol        80  (        0 /        3 )  1.28
       load_isol        80  (        0 /        0 )  0.57
        move_for        80  (        0 /        0 )  0.21
        move_for        80  (        0 /        0 )  0.10
          rem_bi        80  (        0 /        0 )  0.00
         offload        80  (        0 /        0 )  0.00
          rem_bi        80  (        0 /        6 )  0.39
         offload        80  (        0 /        0 )  0.75
           phase        80  (        0 /        0 )  0.00
        in_phase        80  (        0 /        0 )  0.00
       merge_bit        89  (        0 /        0 )  0.03
     merge_idrvr        80  (        0 /        0 )  0.00
     merge_iload        80  (        0 /        0 )  0.00
    merge_idload        80  (        0 /        0 )  0.00
      merge_drvr        80  (        0 /        0 )  0.10
      merge_load        80  (        0 /        0 )  0.10
          decomp        80  (        0 /        0 )  0.73
        p_decomp        80  (        0 /        0 )  0.27
        levelize        80  (        0 /       12 )  0.23
        mb_split        80  (        0 /        0 )  0.00
             dup        80  (        0 /        0 )  0.64
      mux_retime        80  (        0 /        0 )  0.00
         buf2inv        80  (        0 /        0 )  0.00
             exp         5  (        0 /        0 )  0.00
       gate_deco        55  (        0 /        0 )  1.05
       gcomp_tim        30  (        0 /        0 )  0.20
  inv_pair_2_buf        80  (        0 /        0 )  0.00

 init_drc                  65442      -17     -1185         0        0
            Worst cost_group: clk, WNS: -17.3
            Path: BF1_1_modei_reg[2]/CLK --> BF2_2_barrett_datai_reg[34]/D

           Trick     Calls     Accepts   Attempts    Time(secs) 
-----------------------------------------------------------
          plc_st         0  (        0 /        0 )  0.00
        plc_star         0  (        0 /        0 )  0.00
        drc_bufs         0  (        0 /        0 )  0.00
        drc_fopt         0  (        0 /        0 )  0.00
        drc_bufb         0  (        0 /        0 )  0.00
      simple_buf         0  (        0 /        0 )  0.00
             dup         0  (        0 /        0 )  0.00
       crit_dnsz         0  (        0 /        0 )  0.00
       crit_upsz         0  (        0 /        0 )  0.00
       crit_slew         0  (        0 /        0 )  0.00


           Trick     Calls     Accepts   Attempts    Time(secs) 
-----------------------------------------------------------
          plc_st         0  (        0 /        0 )  0.00
        plc_star         0  (        0 /        0 )  0.00
        drc_bufs         0  (        0 /        0 )  0.00
        drc_fopt         0  (        0 /        0 )  0.00
        drc_bufb         0  (        0 /        0 )  0.00
      simple_buf         0  (        0 /        0 )  0.00
             dup         0  (        0 /        0 )  0.00
       crit_dnsz         0  (        0 /        0 )  0.00
       crit_upsz         0  (        0 /        0 )  0.00


           Trick     Calls     Accepts   Attempts    Time(secs) 
-----------------------------------------------------------
          plc_st         0  (        0 /        0 )  0.00
        plc_star         0  (        0 /        0 )  0.00
        drc_bufs         0  (        0 /        0 )  0.00
        drc_fopt         0  (        0 /        0 )  0.00
        drc_bufb         0  (        0 /        0 )  0.00
             dup         0  (        0 /        0 )  0.00
       crit_dnsz         0  (        0 /        0 )  0.00
       crit_upsz         0  (        0 /        0 )  0.00

==================================
Stage : incr_opt 
==================================
  =================
   Message Summary
  =================
---------------------------------------------------------------------------
|   Id   |  Sev  |Count|                   Message Text                   |
---------------------------------------------------------------------------
|CFM-1   |Info   |    1|Wrote dofile.                                     |
|CFM-5   |Info   |    1|Wrote formal verification information.            |
|GLO-51  |Info   |    8|Hierarchical instance automatically ungrouped.    |
|        |       |     |Hierarchical instances can be automatically       |
|        |       |     | ungrouped to allow for better area or timing     |
|        |       |     | optimization. To prevent this ungroup, set the   |
|        |       |     | root-level attribute 'auto_ungroup' to 'none'.   |
|        |       |     | You can also prevent individual ungroup with     |
|        |       |     | setting the attribute 'ungroup_ok' of instances  |
|        |       |     | or modules to 'false'.                           |
|PA-7    |Info   |    4|Resetting power analysis results.                 |
|        |       |     |All computed switching activities are removed.    |
|ST-112  |Info   |    8|A super-threading server has been shut down       |
|        |       |     | normally.                                        |
|        |       |     |A super-threaded optimization is complete and a   |
|        |       |     | CPU server was successfully shut down.           |
|SYNTH-5 |Info   |    1|Done mapping.                                     |
|SYNTH-7 |Info   |    1|Incrementally optimizing.                         |
|SYNTH-33|Warning|    1|The selected flow setting will be removed in a    |
|        |       |     | future release.                                  |
|        |       |     |Contact Cadence support to understand current     |
|        |       |     | flows.                                           |
---------------------------------------------------------------------------
Info    : Done incrementally optimizing. [SYNTH-8]
        : Done incrementally optimizing 'butterfly2x2'.
      flow.cputime  flow.realtime  timing.setup.tns  timing.setup.wns  snapshot
UM:*                                                                   syn_opt
@file(genus_asap7_v2.tcl) 88: stamp "syn_opt DONE"
===== [2026-08-12_18:15:31] syn_opt DONE
@file(genus_asap7_v2.tcl) 90: write_hdl > $OUTDIR/${DESIGN}_p${PERIOD}_netlist.v
@file(genus_asap7_v2.tcl) 91: write_db $OUTDIR/${DESIGN}_p${PERIOD}_final.db
Finished exporting design database to file '/home/alco9414/pqc/hqc/asic/asap7/out/bf2x2_bas_p555/butterfly2x2_p555_final.db' for 'butterfly2x2' (command execution time mm:ss cpu = 00:02, real = 00:03).
@file(genus_asap7_v2.tcl) 92: report timing -nworst 20 > $OUTDIR/${DESIGN}_p${PERIOD}_timing.rpt
@file(genus_asap7_v2.tcl) 93: report area   > $OUTDIR/${DESIGN}_p${PERIOD}_area.rpt
@file(genus_asap7_v2.tcl) 94: report gates  > $OUTDIR/${DESIGN}_p${PERIOD}_gates.rpt
ENABLED NEW REPORT GATE CMD






@file(genus_asap7_v2.tcl) 95: report power  > $OUTDIR/${DESIGN}_p${PERIOD}_power.rpt
Info    : Joules engine is used. [RPT-16]
        : Joules engine is being used for the command report_power.
Info   : ACTP-0001 [ACTPInfo] Activity propagation started for stim#0 netlist
       : butterfly2x2
Info   : ACTP-0009 [ACTPInfo] Activity Propagation Progress Report :   0%   1%   2%   3%   4%   5%   6%   7%   8%   9%  10%  11%  12%  13%  14%  15%  16%  17%  18%  19%  20%  21%  22%  23%  24%  25%  26%  27%  28%  29%  30%  31%  32%  33%  34%  35%  36%  37%  38%  39%  40%  41%  42%  43%  44%  45%  46%  47%  48%  49%  50%  51%  52%  53%  54%  55%  56%  57%  58%  59%  60%  61%  62%  63%  64%  65%  66%  67%  68%  69%  70%  71%  72%  73%  74%  75%  76%  77%  78%  79%  80%  81%  82%  83%  84%  85%  86%  87%  88%  89%  90%  91%  92%  93%  94%  95%  96%  97%  98%  99% 100%
Info   : ACTP-0001 Activity propagation ended for stim#0
Info   : PWRA-0001 [PwrInfo] compute_power effective options 
       : -mode : vectorless
       : -skip_propagation : 1
       : -use_clock_freq : stim
       : -fromGenus : 1
Info   : ACTP-0001 Timing initialization started
Info   : ACTP-0001 Timing initialization ended
Info   : PWRA-0002 [PwrInfo] Skipping activity propagation due to -skip_ap
       : option....
Info   : PWRA-0002 Started 'vectorless' power computation.
Info   : PWRA-0009 [PwrInfo] Power Computation Progress Report :   0%   1%   2%   3%   4%   5%   6%   7%   8%   9%  10%  11%  12%  13%  14%  15%  16%  17%  18%  19%  20%  21%  22%  23%  24%  25%  26%  27%  28%  29%  30%  31%  32%  33%  34%  35%  36%  37%  38%  39%  40%  41%  42%  43%  44%  45%  46%  47%  48%  49%  50%  51%  52%  53%  54%  55%  56%  57%  58%  59%  60%  61%  62%  63%  64%  65%  66%  67%  68%  69%  70%  71%  72%  73%  74%  75%  76%  77%  78%  79%  80%  81%  82%  83%  84%  85%  86%  87%  88%  89%  90%  91%  92%  93%  94%  95%  96%  97%  98%  99% 100%
Info   : PWRA-0002 Finished power computation.
Info   : PWRA-0007 [PwrInfo] Completed successfully.
       : Info=6, Warn=0, Error=0, Fatal=0
Output file: /home/alco9414/pqc/hqc/asic/asap7/out/bf2x2_bas_p555/butterfly2x2_p555_power.rpt
@file(genus_asap7_v2.tcl) 96: stamp "ALL DONE"
===== [2026-08-12_18:15:38] ALL DONE
@file(genus_asap7_v2.tcl) 97: puts "ASAP7_RUN_DONE"
ASAP7_RUN_DONE
@file(genus_asap7_v2.tcl) 98: exit

Lic Summary:
[18:15:38.166387] Cdslmd servers: ece-cadence-lic
[18:15:38.690697] Feature usage summary:
[18:15:38.690698] Genus_Synthesis  
/home/alco9414/pqc/hqc/asic/asap7/run_bf2x2_bas_p555/.st_launch_engr-r940s01.engr.uidaho.edu_919563
Normal exit.
/asap7/run_bf2x2_bas_p555/.st_launch_engr-r940s01.engr.uidaho.edu_921394
Normal exit.
