TMPDIR is being set to /tmp/genus_temp_914292_46d70bae-2d2a-4c54-9ec8-96ecf05f54d9_engr-r940s01.engr.uidaho.edu_alco9414_4M0XGn
Cadence Genus(TM) Synthesis Solution.
Copyright 2025 Cadence Design Systems, Inc. All rights reserved worldwide.
Cadence and the Cadence logo are registered trademarks and Genus is a trademark
of Cadence Design Systems, Inc. in the United States and other countries.

[16:33:01.481649] Configured Lic search path (25.01-s002): 5280@ece-cadence-lic.ece.uidaho.edu

Version: 25.12-s067_1, built Mon Nov 17 13:10:10 PST 2025
Options: -batch -files /home/alco9414/pqc/hqc/asic/asap7/scripts/genus_asap7_v2.tcl 
Date:    Wed Aug 12 16:33:01 2026
Host:    engr-r940s01.engr.uidaho.edu (x86_64 w/Linux 5.14.0-687.33.1.el9_8.x86_64) (20cores*80cpus*4physical cpus*Intel(R) Xeon(R) Gold 6148 CPU @ 2.40GHz 28160KB) (1055594532KB)
PID:     914292
OS:      Red Hat Enterprise Linux 9.8 (Plow)

Checking out license: Genus_Synthesis
[16:33:02.027400] Periodic Lic check successful
[16:33:02.027427] Feature usage summary:
[16:33:02.027427] Genus_Synthesis  
License checkout complete (1 second elapsed).


***********************************************************************************************************
***********************************************************************************************************



Finished executable startup (16 seconds elapsed).

Loading tool scripts...
Finished loading tool scripts (31 seconds elapsed).

#@ Processing -files option
@genus:root: 1> source /home/alco9414/pqc/hqc/asic/asap7/scripts/genus_asap7_v2.tcl
#@ Begin verbose source /home/alco9414/pqc/hqc/asic/asap7/scripts/genus_asap7_v2.tcl
@file(genus_asap7_v2.tcl) 3: set TUT   "/home/alco9414/pqc/tutorial_innovus"
@file(genus_asap7_v2.tcl) 4: set LIB_PATH   "$TUT/lib/"
@file(genus_asap7_v2.tcl) 5: set LEF_PATH   "$TUT/lef/scaled/"
@file(genus_asap7_v2.tcl) 6: set TLEF_PATH  "$TUT/techlef/"
@file(genus_asap7_v2.tcl) 8: set DESIGN  $env(GENUS_TOP)
@file(genus_asap7_v2.tcl) 9: set RTL_DIR $env(GENUS_SRCDIR)
@file(genus_asap7_v2.tcl) 10: set PERIOD  $env(GENUS_PERIOD_PS)
@file(genus_asap7_v2.tcl) 11: set OUTDIR  $env(GENUS_OUTDIR)
@file(genus_asap7_v2.tcl) 13: set LIB_LIST {  asap7sc7p5t_AO_LVT_TT_nldm_211120.lib   asap7sc7p5t_INVBUF_LVT_TT_nldm_220122.lib   asap7sc7p5t_OA_LVT_TT_nldm_211120.lib   asap7sc7p5t_SEQ_LVT_TT_nldm_220123.lib   asap7sc7p5t_SIMPLE_LVT_TT_nldm_211120.lib \
                asap7sc7p5t_AO_SLVT_TT_nldm_211120.lib  asap7sc7p5t_INVBUF_SLVT_TT_nldm_220122.lib  asap7sc7p5t_OA_SLVT_TT_nldm_211120.lib  asap7sc7p5t_SEQ_SLVT_TT_nldm_220123.lib  asap7sc7p5t_SIMPLE_SLVT_TT_nldm_211120.lib}
@file(genus_asap7_v2.tcl) 15: set LEF_LIST { asap7_tech_4x_201209.lef asap7sc7p5t_28_L_4x_220121a.lef asap7sc7p5t_28_SL_4x_220121a.lef}
@file(genus_asap7_v2.tcl) 17: set_db init_lib_search_path "$LIB_PATH $LEF_PATH $TLEF_PATH"
  Setting attribute of root '/': 'init_lib_search_path' = /home/alco9414/pqc/tutorial_innovus/lib/ /home/alco9414/pqc/tutorial_innovus/lef/scaled/ /home/alco9414/pqc/tutorial_innovus/techlef/
@file(genus_asap7_v2.tcl) 18: set_db init_hdl_search_path $RTL_DIR
  Setting attribute of root '/': 'init_hdl_search_path' = /home/alco9414/pqc/hqc/asic/arms/bf2x2_optimized
@file(genus_asap7_v2.tcl) 19: set_db / .library "$LIB_LIST"
Info    : Created nominal operating condition. [LBR-412]
        : Operating condition '_nominal_' was created for the PVT values (1.000000, 0.700000, 25.000000) in library 'asap7sc7p5t_AO_LVT_TT_nldm_211120.lib'.
        : The nominal operating condition is represented, either by the nominal PVT values specified in the library source (via nom_process,nom_voltage and nom_temperature respectively), or by the default PVT values (1.0,1.0,1.0).
Info    : Created nominal operating condition. [LBR-412]
        : Operating condition '_nominal_' was created for the PVT values (1.000000, 0.700000, 25.000000) in library 'asap7sc7p5t_INVBUF_LVT_TT_nldm_220122.lib'.
Info    : Created nominal operating condition. [LBR-412]
        : Operating condition '_nominal_' was created for the PVT values (1.000000, 0.700000, 25.000000) in library 'asap7sc7p5t_OA_LVT_TT_nldm_211120.lib'.
Info    : Created nominal operating condition. [LBR-412]
        : Operating condition '_nominal_' was created for the PVT values (1.000000, 0.700000, 25.000000) in library 'asap7sc7p5t_SEQ_LVT_TT_nldm_220123.lib'.
Info    : Created nominal operating condition. [LBR-412]
        : Operating condition '_nominal_' was created for the PVT values (1.000000, 0.700000, 25.000000) in library 'asap7sc7p5t_SIMPLE_LVT_TT_nldm_211120.lib'.
Info    : Created nominal operating condition. [LBR-412]
        : Operating condition '_nominal_' was created for the PVT values (1.000000, 0.700000, 25.000000) in library 'asap7sc7p5t_AO_SLVT_TT_nldm_211120.lib'.
Info    : Created nominal operating condition. [LBR-412]
        : Operating condition '_nominal_' was created for the PVT values (1.000000, 0.700000, 25.000000) in library 'asap7sc7p5t_INVBUF_SLVT_TT_nldm_220122.lib'.
Info    : Created nominal operating condition. [LBR-412]
        : Operating condition '_nominal_' was created for the PVT values (1.000000, 0.700000, 25.000000) in library 'asap7sc7p5t_OA_SLVT_TT_nldm_211120.lib'.
Info    : Created nominal operating condition. [LBR-412]
        : Operating condition '_nominal_' was created for the PVT values (1.000000, 0.700000, 25.000000) in library 'asap7sc7p5t_SEQ_SLVT_TT_nldm_220123.lib'.
Info    : Created nominal operating condition. [LBR-412]
        : Operating condition '_nominal_' was created for the PVT values (1.000000, 0.700000, 25.000000) in library 'asap7sc7p5t_SIMPLE_SLVT_TT_nldm_211120.lib'.
  Setting attribute of root '/': 'library' =   asap7sc7p5t_AO_LVT_TT_nldm_211120.lib   asap7sc7p5t_INVBUF_LVT_TT_nldm_220122.lib   asap7sc7p5t_OA_LVT_TT_nldm_211120.lib   asap7sc7p5t_SEQ_LVT_TT_nldm_220123.lib   asap7sc7p5t_SIMPLE_LVT_TT_nldm_211120.lib  asap7sc7p5t_AO_SLVT_TT_nldm_211120.lib  asap7sc7p5t_INVBUF_SLVT_TT_nldm_220122.lib  asap7sc7p5t_OA_SLVT_TT_nldm_211120.lib  asap7sc7p5t_SEQ_SLVT_TT_nldm_220123.lib  asap7sc7p5t_SIMPLE_SLVT_TT_nldm_211120.lib
@file(genus_asap7_v2.tcl) 20: set_db lef_library "$LEF_LIST"
Info    : Via with no resistance will have a value of '0.0' assigned for resistance value. [PHYS-129]
        : Via 'VIA9Pad' has no resistance value.
        : If this is the expected behavior, this message can be ignored.
Info    : Via with no resistance will have a value of '0.0' assigned for resistance value. [PHYS-129]
        : Via 'VIA89' has no resistance value.
Info    : Via with no resistance will have a value of '0.0' assigned for resistance value. [PHYS-129]
        : Via 'VIA78' has no resistance value.
Info    : Via with no resistance will have a value of '0.0' assigned for resistance value. [PHYS-129]
        : Via 'VIA67' has no resistance value.
Info    : Via with no resistance will have a value of '0.0' assigned for resistance value. [PHYS-129]
        : Via 'VIA56' has no resistance value.
Info    : Via with no resistance will have a value of '0.0' assigned for resistance value. [PHYS-129]
        : Via 'VIA45' has no resistance value.
Info    : Via with no resistance will have a value of '0.0' assigned for resistance value. [PHYS-129]
        : Via 'VIA34' has no resistance value.
Info    : Via with no resistance will have a value of '0.0' assigned for resistance value. [PHYS-129]
        : Via 'VIA23' has no resistance value.
Info    : Via with no resistance will have a value of '0.0' assigned for resistance value. [PHYS-129]
        : Via 'VIA12' has no resistance value.
Warning : Site already defined before, duplicated site will be ignored. [PHYS-106]
        : Site 'asap7sc7p5t' read already, this site in file '/home/alco9414/pqc/tutorial_innovus/lef/scaled//asap7sc7p5t_28_SL_4x_220121a.lef' is ignored.

  According to lef_library, there are total 10 routing layers [ V(5) / H(5) ]

Warning : Missing wire parameter. [PHYS-15]
        : 'EDGECAPACITANCE' parameter is missing for layer 'M1' [line 144 in file /home/alco9414/pqc/tutorial_innovus/techlef//asap7_tech_4x_201209.lef]
        : Check the wire parameter in LEF technology files.
Warning : Missing wire parameter. [PHYS-15]
        : 'EDGECAPACITANCE' parameter is missing for layer 'M2' [line 215 in file /home/alco9414/pqc/tutorial_innovus/techlef//asap7_tech_4x_201209.lef]
Warning : Missing wire parameter. [PHYS-15]
        : 'EDGECAPACITANCE' parameter is missing for layer 'M3' [line 279 in file /home/alco9414/pqc/tutorial_innovus/techlef//asap7_tech_4x_201209.lef]
Warning : Missing wire parameter. [PHYS-15]
        : 'EDGECAPACITANCE' parameter is missing for layer 'M4' [line 375 in file /home/alco9414/pqc/tutorial_innovus/techlef//asap7_tech_4x_201209.lef]
Warning : Missing wire parameter. [PHYS-15]
        : 'EDGECAPACITANCE' parameter is missing for layer 'M5' [line 476 in file /home/alco9414/pqc/tutorial_innovus/techlef//asap7_tech_4x_201209.lef]
Warning : Missing wire parameter. [PHYS-15]
        : 'EDGECAPACITANCE' parameter is missing for layer 'M6' [line 581 in file /home/alco9414/pqc/tutorial_innovus/techlef//asap7_tech_4x_201209.lef]
Warning : Missing wire parameter. [PHYS-15]
        : 'EDGECAPACITANCE' parameter is missing for layer 'M7' [line 679 in file /home/alco9414/pqc/tutorial_innovus/techlef//asap7_tech_4x_201209.lef]
Warning : Missing wire parameter. [PHYS-15]
        : 'EDGECAPACITANCE' parameter is missing for layer 'M8' [line 707 in file /home/alco9414/pqc/tutorial_innovus/techlef//asap7_tech_4x_201209.lef]
Warning : Missing wire parameter. [PHYS-15]
        : 'EDGECAPACITANCE' parameter is missing for layer 'M9' [line 734 in file /home/alco9414/pqc/tutorial_innovus/techlef//asap7_tech_4x_201209.lef]
Warning : Missing wire parameter. [PHYS-15]
        : 'EDGECAPACITANCE' parameter is missing for layer 'Pad' [line 761 in file /home/alco9414/pqc/tutorial_innovus/techlef//asap7_tech_4x_201209.lef]
Warning : Missing wire parameter. [PHYS-15]
        : 'CPERSQDIST' parameter is missing for layer 'M1' [line 144 in file /home/alco9414/pqc/tutorial_innovus/techlef//asap7_tech_4x_201209.lef]
Warning : Missing wire parameter. [PHYS-15]
        : 'CPERSQDIST' parameter is missing for layer 'M2' [line 215 in file /home/alco9414/pqc/tutorial_innovus/techlef//asap7_tech_4x_201209.lef]
Warning : Missing wire parameter. [PHYS-15]
        : 'CPERSQDIST' parameter is missing for layer 'M3' [line 279 in file /home/alco9414/pqc/tutorial_innovus/techlef//asap7_tech_4x_201209.lef]
Warning : Missing wire parameter. [PHYS-15]
        : 'CPERSQDIST' parameter is missing for layer 'M4' [line 375 in file /home/alco9414/pqc/tutorial_innovus/techlef//asap7_tech_4x_201209.lef]
Warning : Missing wire parameter. [PHYS-15]
        : 'CPERSQDIST' parameter is missing for layer 'M5' [line 476 in file /home/alco9414/pqc/tutorial_innovus/techlef//asap7_tech_4x_201209.lef]
Warning : Missing wire parameter. [PHYS-15]
        : 'CPERSQDIST' parameter is missing for layer 'M6' [line 581 in file /home/alco9414/pqc/tutorial_innovus/techlef//asap7_tech_4x_201209.lef]
Warning : Missing wire parameter. [PHYS-15]
        : 'CPERSQDIST' parameter is missing for layer 'M7' [line 679 in file /home/alco9414/pqc/tutorial_innovus/techlef//asap7_tech_4x_201209.lef]
Warning : Missing wire parameter. [PHYS-15]
        : 'CPERSQDIST' parameter is missing for layer 'M8' [line 707 in file /home/alco9414/pqc/tutorial_innovus/techlef//asap7_tech_4x_201209.lef]
Warning : Missing wire parameter. [PHYS-15]
        : 'CPERSQDIST' parameter is missing for layer 'M9' [line 734 in file /home/alco9414/pqc/tutorial_innovus/techlef//asap7_tech_4x_201209.lef]
Warning : Missing wire parameter. [PHYS-15]
        : 'CPERSQDIST' parameter is missing for layer 'Pad' [line 761 in file /home/alco9414/pqc/tutorial_innovus/techlef//asap7_tech_4x_201209.lef]
Warning : Maximum message print count reached. [MESG-11]
        : Maximum print count of '20' reached for message 'PHYS-15'.
Warning : The variant range of wire parameters is too large. An example of wire parameters are, a WIDTH for layer, PITCH for layer, MINSPACING for layers, etc. [PHYS-12]
        : The variant range (0.072, 8) of 'WIDTH' for layers 'M3' and 'Pad' is too large.
        : Check the consistency of the parameters, and see if you can ignore this message or you're using different LEF file with wrong parameters.
Warning : The value of the wire parameter is too big. [PHYS-13]
        : The 'WIDTH: 8' of layer 'Pad' is much bigger than others.
        : Check the consistency of the specified wire parameter.
Warning : The variant range of wire parameters is too large. An example of wire parameters are, a WIDTH for layer, PITCH for layer, MINSPACING for layers, etc. [PHYS-12]
        : The variant range (0.144, 16) of 'PITCH' for layers 'M1' and 'Pad' is too large.
Warning : The value of the wire parameter is too big. [PHYS-13]
        : The 'PITCH: 16' of layer 'Pad' is much bigger than others.
Warning : The variant range of wire parameters is too large. An example of wire parameters are, a WIDTH for layer, PITCH for layer, MINSPACING for layers, etc. [PHYS-12]
        : The variant range (0.012, 8) of 'OFFSET' for layers 'M4' and 'Pad' is too large.
Warning : The value of the wire parameter is too big. [PHYS-13]
        : The 'OFFSET: 8' of layer 'Pad' is much bigger than others.
Warning : The value of the wire parameter is too small. [PHYS-14]
        : The 'OFFSET: 0.012' of layer 'M4' is much less than others.
        : Check the consistency of the specified wire parameter.
Warning : The value of the wire parameter is too small. [PHYS-14]
        : The 'OFFSET: 0.012' of layer 'M4' is much less than others.
Warning : The value of the wire parameter is too small. [PHYS-14]
        : The 'OFFSET: 0.012' of layer 'M4' is much less than others.
Warning : The value of the wire parameter is too small. [PHYS-14]
        : The 'OFFSET: 0.012' of layer 'M4' is much less than others.
Warning : The variant range of wire parameters is too large. An example of wire parameters are, a WIDTH for layer, PITCH for layer, MINSPACING for layers, etc. [PHYS-12]
        : The variant range (0.072, 8) of 'MINSPACING' for layers 'M1' and 'Pad' is too large.
Warning : The value of the wire parameter is too big. [PHYS-13]
        : The 'MINSPACING: 8' of layer 'Pad' is much bigger than others.
Warning : Physical cell not defined in library. [PHYS-279]
        : The physical (LEF) cell DECAPx10_ASAP7_75t_L cannot be found in library.
        : Ensure that the proper library files are available and have been imported.
Warning : Physical cell not defined in library. [PHYS-279]
        : The physical (LEF) cell DECAPx1_ASAP7_75t_L cannot be found in library.
Warning : Physical cell not defined in library. [PHYS-279]
        : The physical (LEF) cell DECAPx2_ASAP7_75t_L cannot be found in library.
Warning : Physical cell not defined in library. [PHYS-279]
        : The physical (LEF) cell DECAPx2b_ASAP7_75t_L cannot be found in library.
Warning : Physical cell not defined in library. [PHYS-279]
        : The physical (LEF) cell DECAPx4_ASAP7_75t_L cannot be found in library.
Warning : Physical cell not defined in library. [PHYS-279]
        : The physical (LEF) cell DECAPx6_ASAP7_75t_L cannot be found in library.
Warning : Physical cell not defined in library. [PHYS-279]
        : The physical (LEF) cell FILLER_ASAP7_75t_L cannot be found in library.
Warning : Physical cell not defined in library. [PHYS-279]
        : The physical (LEF) cell FILLERxp5_ASAP7_75t_L cannot be found in library.
Warning : Physical cell not defined in library. [PHYS-279]
        : The physical (LEF) cell TAPCELL_ASAP7_75t_L cannot be found in library.
Warning : Physical cell not defined in library. [PHYS-279]
        : The physical (LEF) cell TAPCELL_WITH_FILLER_ASAP7_75t_L cannot be found in library.
Warning : Physical cell not defined in library. [PHYS-279]
        : The physical (LEF) cell DECAPx10_ASAP7_75t_SL cannot be found in library.
Warning : Physical cell not defined in library. [PHYS-279]
        : The physical (LEF) cell DECAPx1_ASAP7_75t_SL cannot be found in library.
Warning : Physical cell not defined in library. [PHYS-279]
        : The physical (LEF) cell DECAPx2_ASAP7_75t_SL cannot be found in library.
Warning : Physical cell not defined in library. [PHYS-279]
        : The physical (LEF) cell DECAPx2b_ASAP7_75t_SL cannot be found in library.
Warning : Physical cell not defined in library. [PHYS-279]
        : The physical (LEF) cell DECAPx4_ASAP7_75t_SL cannot be found in library.
Warning : Physical cell not defined in library. [PHYS-279]
        : The physical (LEF) cell DECAPx6_ASAP7_75t_SL cannot be found in library.
Warning : Physical cell not defined in library. [PHYS-279]
        : The physical (LEF) cell FILLER_ASAP7_75t_SL cannot be found in library.
Warning : Physical cell not defined in library. [PHYS-279]
        : The physical (LEF) cell FILLERxp5_ASAP7_75t_SL cannot be found in library.
Warning : Physical cell not defined in library. [PHYS-279]
        : The physical (LEF) cell TAPCELL_ASAP7_75t_SL cannot be found in library.
Warning : Physical cell not defined in library. [PHYS-279]
        : The physical (LEF) cell TAPCELL_WITH_FILLER_ASAP7_75t_SL cannot be found in library.
  Setting attribute of root '/': 'lef_library' = /home/alco9414/pqc/tutorial_innovus/techlef//asap7_tech_4x_201209.lef /home/alco9414/pqc/tutorial_innovus/lef/scaled//asap7sc7p5t_28_L_4x_220121a.lef /home/alco9414/pqc/tutorial_innovus/lef/scaled//asap7sc7p5t_28_SL_4x_220121a.lef
@file(genus_asap7_v2.tcl) 22: set_db hdl_error_on_blackbox false
  Setting attribute of root '/': 'hdl_error_on_blackbox' = false
@file(genus_asap7_v2.tcl) 26: set vhd [glob -nocomplain $RTL_DIR/*.vhd]
@file(genus_asap7_v2.tcl) 30: if {[llength $vhd] == 0} { set_db hdl_error_on_blackbox true }
  Setting attribute of root '/': 'hdl_error_on_blackbox' = true
@file(genus_asap7_v2.tcl) 31: if {[llength $vhd] > 0} {
  set pkgs {}
  set rest {}
  foreach f $vhd {
    if {[string match "*sha3_pkg.vhd" $f] || [string match "*keccak_pkg.vhd" $f]} {
      lappend pkgs $f
    } else {
      lappend rest $f
    }
  }
  read_hdl -language vhdl [list $RTL_DIR/sha3_pkg.vhd $RTL_DIR/keccak_pkg.vhd]
  read_hdl -language vhdl [lsort $rest]
}
@file(genus_asap7_v2.tcl) 44: read_hdl [glob $RTL_DIR/*.v]
    reg [23:0] aj1 = 0, ajlen1 = 0;
                      |
Warning : Ignoring unsynthesizable construct. [VLOGPT-37]
        : Initial value assignment to reg in file '/home/alco9414/pqc/hqc/asic/arms/bf2x2_optimized/butterfly.v' on line 51, column 23.
        : For example, the following constructs will be ignored:
    - initial block
    - final block
    - program block
    - property block
    - sequence block
    - covergroup
    - checker block
    - gate drive strength
    - system task enable
    - reg declaration with initial value
    - specify block.
    reg [23:0] aj1 = 0, ajlen1 = 0;
                                  |
Warning : Ignoring unsynthesizable construct. [VLOGPT-37]
        : Initial value assignment to reg in file '/home/alco9414/pqc/hqc/asic/arms/bf2x2_optimized/butterfly.v' on line 51, column 35.
    reg [23:0] aj2 = 0, ajlen2_FNTT = 0;
                      |
Warning : Ignoring unsynthesizable construct. [VLOGPT-37]
        : Initial value assignment to reg in file '/home/alco9414/pqc/hqc/asic/arms/bf2x2_optimized/butterfly.v' on line 52, column 23.
    reg [23:0] aj2 = 0, ajlen2_FNTT = 0;
                                       |
Warning : Ignoring unsynthesizable construct. [VLOGPT-37]
        : Initial value assignment to reg in file '/home/alco9414/pqc/hqc/asic/arms/bf2x2_optimized/butterfly.v' on line 52, column 40.
    reg [23:0] ajlen2_INTT = 0;
                              |
Warning : Ignoring unsynthesizable construct. [VLOGPT-37]
        : Initial value assignment to reg in file '/home/alco9414/pqc/hqc/asic/arms/bf2x2_optimized/butterfly.v' on line 53, column 31.
    reg [23:0] ajlen2_MODM = 0;
                              |
Warning : Ignoring unsynthesizable construct. [VLOGPT-37]
        : Initial value assignment to reg in file '/home/alco9414/pqc/hqc/asic/arms/bf2x2_optimized/butterfly.v' on line 54, column 31.
    reg [45:0] mult_p = 0;
                         |
Warning : Ignoring unsynthesizable construct. [VLOGPT-37]
        : Initial value assignment to reg in file '/home/alco9414/pqc/hqc/asic/arms/bf2x2_optimized/butterfly.v' on line 57, column 26.
    reg [23:0] sub_r = 0, add_r = 0;   // round-2: INTT input-side stage
                        |
Warning : Ignoring unsynthesizable construct. [VLOGPT-37]
        : Initial value assignment to reg in file '/home/alco9414/pqc/hqc/asic/arms/bf2x2_optimized/butterfly.v' on line 58, column 25.
    reg [23:0] sub_r = 0, add_r = 0;   // round-2: INTT input-side stage
                                   |
Warning : Ignoring unsynthesizable construct. [VLOGPT-37]
        : Initial value assignment to reg in file '/home/alco9414/pqc/hqc/asic/arms/bf2x2_optimized/butterfly.v' on line 58, column 36.
    reg [23:0] zeta_delay3 = 0;
                              |
Warning : Ignoring unsynthesizable construct. [VLOGPT-37]
        : Initial value assignment to reg in file '/home/alco9414/pqc/hqc/asic/arms/bf2x2_optimized/butterfly.v' on line 59, column 31.
    reg [23:0] ajlen3 = 0;
                         |
Warning : Ignoring unsynthesizable construct. [VLOGPT-37]
        : Initial value assignment to reg in file '/home/alco9414/pqc/hqc/asic/arms/bf2x2_optimized/butterfly.v' on line 60, column 26.
    reg [23:0] aj4 = 0, ajlen4 = 0, ajlen4_sub = 0;
                      |
Warning : Ignoring unsynthesizable construct. [VLOGPT-37]
        : Initial value assignment to reg in file '/home/alco9414/pqc/hqc/asic/arms/bf2x2_optimized/butterfly.v' on line 61, column 23.
    reg [23:0] aj4 = 0, ajlen4 = 0, ajlen4_sub = 0;
                                  |
Warning : Ignoring unsynthesizable construct. [VLOGPT-37]
        : Initial value assignment to reg in file '/home/alco9414/pqc/hqc/asic/arms/bf2x2_optimized/butterfly.v' on line 61, column 35.
    reg [23:0] aj4 = 0, ajlen4 = 0, ajlen4_sub = 0;
                                                  |
Warning : Ignoring unsynthesizable construct. [VLOGPT-37]
        : Initial value assignment to reg in file '/home/alco9414/pqc/hqc/asic/arms/bf2x2_optimized/butterfly.v' on line 61, column 51.
    reg [23:0] aj5 = 0, ajlen5 = 0;
                      |
Warning : Ignoring unsynthesizable construct. [VLOGPT-37]
        : Initial value assignment to reg in file '/home/alco9414/pqc/hqc/asic/arms/bf2x2_optimized/butterfly.v' on line 62, column 23.
    reg [23:0] aj5 = 0, ajlen5 = 0;
                                  |
Warning : Ignoring unsynthesizable construct. [VLOGPT-37]
        : Initial value assignment to reg in file '/home/alco9414/pqc/hqc/asic/arms/bf2x2_optimized/butterfly.v' on line 62, column 35.
    reg [23:0] adda = 0, addb = 0, suba = 0, subb = 0;
                       |
Warning : Ignoring unsynthesizable construct. [VLOGPT-37]
        : Initial value assignment to reg in file '/home/alco9414/pqc/hqc/asic/arms/bf2x2_optimized/butterfly.v' on line 65, column 24.
    reg [23:0] adda = 0, addb = 0, suba = 0, subb = 0;
                                 |
Warning : Ignoring unsynthesizable construct. [VLOGPT-37]
        : Initial value assignment to reg in file '/home/alco9414/pqc/hqc/asic/arms/bf2x2_optimized/butterfly.v' on line 65, column 34.
    reg [23:0] adda = 0, addb = 0, suba = 0, subb = 0;
                                           |
Warning : Ignoring unsynthesizable construct. [VLOGPT-37]
        : Initial value assignment to reg in file '/home/alco9414/pqc/hqc/asic/arms/bf2x2_optimized/butterfly.v' on line 65, column 44.
    reg [23:0] adda = 0, addb = 0, suba = 0, subb = 0;
                                                     |
Warning : Ignoring unsynthesizable construct. [VLOGPT-37]
        : Initial value assignment to reg in file '/home/alco9414/pqc/hqc/asic/arms/bf2x2_optimized/butterfly.v' on line 65, column 54.
Warning : Maximum message print count reached. [MESG-11]
        : Maximum print count of '20' reached for message 'VLOGPT-37'.
    (*keep="true"*)reg  [45:0] barrett_datai;
      |
Warning : Unused attribute. [VLOGPT-506]
        : Attribute 'keep' in file '/home/alco9414/pqc/hqc/asic/arms/bf2x2_optimized/butterfly.v' on line 75, column 7.
@file(genus_asap7_v2.tcl) 45: if {[info exists env(GENUS_PARAMS)]} {
  elaborate $DESIGN -parameters $env(GENUS_PARAMS)
} else {
  elaborate $DESIGN
}
  Libraries have 334 usable logic and 46 usable sequential lib-cells.
Info    : Elaborating Design. [ELAB-1]
        : Elaborating top-level block 'butterfly2x2' from file '/home/alco9414/pqc/hqc/asic/arms/bf2x2_optimized/butterfly2x2.v'.
Warning : Removing unused register. [CDFG-508]
        : Removing unused flip-flop register 'add_r' in module 'butterfly' in file '/home/alco9414/pqc/hqc/asic/arms/bf2x2_optimized/butterfly.v' on line 199.
        : Genus removes the flip-flop or latch inferred for an unused signal or variable. To preserve the flip-flop or latch, set the hdl_preserve_unused_registers attribute to true or use a pragma in the RTL.
Info    : Done Elaborating Design. [ELAB-3]
        : Done elaborating 'butterfly2x2'.
Checking for source RTL...
Check completed for source RTL.
Running Unified Mux Engine Tricks...
Completed Unified Mux Engine Tricks

Stage: post_elab
-------------------------------------------------------
| Trick             | Accepts | Rejects | Runtime (s) | 
-------------------------------------------------------
| ume_constant_bmux |       0 |       0 |        0.00 | 
| ume_merge         |       0 |       0 |        0.00 | 
| ume_ssm           |       0 |       0 |        0.00 | 
| ume_cse           |       1 |       0 |        0.06 | 
| ume_shrink        |       1 |       0 |        0.00 | 
| ume_sweep         |       0 |       0 |        0.00 | 
| ume_constant_bmux |       0 |       0 |        0.00 | 
| ume_merge         |       0 |       0 |        0.00 | 
| ume_ssm           |       0 |       0 |        0.00 | 
| ume_cse           |       0 |       0 |        0.05 | 
| ume_shrink        |       0 |       0 |        0.00 | 
| ume_sweep         |       0 |       0 |        0.00 | 
-------------------------------------------------------
Starting optimize datapath shifters [v1.0] (stage: post_elab, startdef: butterfly2x2, recur: true)
Completed optimize datapath shifters (accepts: 0, rejects: 0, runtime: 0.000s)
Starting clip mux common data inputs [v1.0] (stage: post_elab, startdef: butterfly2x2, recur: true)
Completed clip mux common data inputs (accepts: 0, rejects: 0, runtime: 0.000s)
Starting clip the non-user hierarchies [v2.0] (stage: post_elab, startdef: butterfly2x2, recur: true)
Completed clip the non-user hierarchies (accepts: 0, rejects: 0, runtime: 0.001s)
Starting basic netlist cleanup [v1.0] (stage: post_elab, startdef: butterfly2x2, recur: true)
Completed basic netlist cleanup (accepts: 0, rejects: 0, runtime: 0.000s)

Stage: post_elab
--------------------------------------------------------------------
| Transform                      | Accepts | Rejects | Runtime (s) | 
--------------------------------------------------------------------
| hlo_optimize_datapath_shifters |       0 |       0 |        0.00 | 
| hlo_clip_mux_input             |       0 |       0 |        0.00 | 
| hlo_clip                       |       0 |       0 |        0.00 | 
| hlo_cleanup                    |       0 |       0 |        0.00 | 
--------------------------------------------------------------------
UM:   flow.cputime  flow.realtime  timing.setup.tns  timing.setup.wns  snapshot
UM:*                                                                   elaborate
@file(genus_asap7_v2.tcl) 51: set PERIOD_PS $PERIOD
@file(genus_asap7_v2.tcl) 52: if {[info exists env(GENUS_SDC)]} {
  source $env(GENUS_SDC)
} else {
  create_clock -name clk -period $PERIOD [get_ports clk]
  set_input_delay  -clock clk [expr $PERIOD * 0.10] [all_inputs]
  set_output_delay -clock clk [expr $PERIOD * 0.10] [all_outputs]
}
Sourcing '/home/alco9414/pqc/hqc/asic/asap7/sdc/butterfly2x2.sdc' (Wed Aug 12 16:33:42 PDT 2026)...
#@ Begin verbose source /home/alco9414/pqc/hqc/asic/asap7/sdc/butterfly2x2.sdc
@file(butterfly2x2.sdc) 3: create_clock -name clk -period $PERIOD_PS [get_ports clk]
@file(butterfly2x2.sdc) 4: set_clock_uncertainty [expr $PERIOD_PS * 0.05] [get_clocks clk]
@file(butterfly2x2.sdc) 6: set_false_path -from [get_ports mode*]
@file(butterfly2x2.sdc) 7: set_false_path -from [get_ports rst]
@file(butterfly2x2.sdc) 9: set IO_DELAY [expr $PERIOD_PS * 0.10]
@file(butterfly2x2.sdc) 10: set_input_delay  -clock clk $IO_DELAY [get_ports {datai* zetai* acci* validi}]
@file(butterfly2x2.sdc) 11: set_output_delay -clock clk $IO_DELAY [all_outputs]
#@ End verbose source /home/alco9414/pqc/hqc/asic/asap7/sdc/butterfly2x2.sdc
@file(genus_asap7_v2.tcl) 60: set_db syn_generic_effort high
  Setting attribute of root '/': 'syn_generic_effort' = high
@file(genus_asap7_v2.tcl) 61: set_db syn_map_effort     high
  Setting attribute of root '/': 'syn_map_effort' = high
@file(genus_asap7_v2.tcl) 62: set_db syn_opt_effort     high
  Setting attribute of root '/': 'syn_opt_effort' = high
@file(genus_asap7_v2.tcl) 64: if {[llength [glob -nocomplain $OUTDIR/*]] > 0} {
  puts "ERROR: OUTDIR $OUTDIR is not empty. Refusing to overwrite."
  exit 1
}
@file(genus_asap7_v2.tcl) 69: proc stamp ...
@file(genus_asap7_v2.tcl) 74: stamp "syn_generic START"
===== [2026-08-12_16:33:42] syn_generic START
@file(genus_asap7_v2.tcl) 75: syn_generic
stamp 'PBS_Generic-Start' being created for table 'pbs_debug'

  Total Time (Wall) |  Stage Time (Wall)  |   % (Wall)   |    Date - Time     |  Memory   | Stage
--------------------+---------------------+--------------+--------------------+-----------+----------------------
 00:00:59(00:00:38) |  00:00:00(00:00:00) |   0.0(  0.0) |   16:33:42 (Aug12) |   1.02 GB | PBS_Generic-Start
--------------------+---------------------+--------------+--------------------+-----------+----------------------
Number of threads: 8 * 1   (id: pbs_debug, time_info v1.57)
Info: (*N*) indicates data that was populated from previously saved time_info database
Info: CPU time includes time of parent + longest thread
Info    : Deleting instances not driving any primary outputs. [GLO-34]
        : Deleting 192 sequential instances.
        : Optimizations such as constant propagation or redundancy removal could change the connections so a hierarchical instance does not drive any primary outputs anymore. To see the list of deleted hierarchical instances, set the 'information_level' attribute to 2 or above. If the message is truncated set the message attribute 'truncate' to false to see the complete list. To prevent this optimization, set the 'delete_unloaded_insts' root/subdesign attribute to 'false' or 'preserve' instance attribute to 'true'.
Info    : Deleting instances not driving any primary outputs. [GLO-34]
        : Deleting 8 hierarchical instances.

Stage: pre_early_cg
-----------------------------------------------
| Transform | Accepts | Rejects | Runtime (s) | 
-----------------------------------------------
-----------------------------------------------
Mapping ChipWare ICG instances in butterfly2x2
Found 0 unmapped ChipWare ICG instances
Mapped 0 of 0 ChipWare ICG instances
##Generic Timing Info: typical gate delay   22.2 ps   std_slew:    4.2 ps   std_load:  1.0 fF  for library domain _default_
Starting mux data reorder optimization [v1.0] (stage: pre_to_gen_setup, startdef: butterfly2x2, recur: true)
Completed mux data reorder optimization (accepts: 0, rejects: 0, runtime: 0.000s)

Stage: pre_to_gen_setup
-----------------------------------------------------
| Transform       | Accepts | Rejects | Runtime (s) | 
-----------------------------------------------------
| hlo_mux_reorder |       0 |       0 |        0.00 | 
-----------------------------------------------------
Running DP early constant propagation (netlist butterfly2x2)...
Running DP early redundancy removal
Completed DP early redundancy removal on butterfly2x2 (runtime = 0.1s)
Multi-threaded constant propagation [4|0] ...
Info    : Replacing a flip-flop with a logic constant 0. [GLO-12]
        : The instance is 'BF2_2/ajlen3_reg[23]'.
        : To prevent this optimization, set the 'optimize_constant_0_flops' root attribute to 'false' or 'optimize_constant_0_seq' instance attribute to 'false'. You can also see the complete list of deleted sequential with command "report sequential -deleted" (on Reason "constant0").
Info    : Replacing a flip-flop with a logic constant 0. [GLO-12]
        : The instance is 'BF2_1/ajlen3_reg[23]'.
Info    : Replacing a flip-flop with a logic constant 0. [GLO-12]
        : The instance is 'BF1_2/ajlen3_reg[23]'.
Info    : Replacing a flip-flop with a logic constant 0. [GLO-12]
        : The instance is 'BF1_1/ajlen3_reg[23]'.
...done running DP early constant propagation (4 seconds CPU time, 4 seconds wall time, netlist butterfly2x2).
Info    : Deleting instances not driving any primary outputs. [GLO-34]
        : Deleting 8 sequential instances.
Current PLE settings:

Aspect ratio        : 1.000
Shrink factor       : 1.000
Scale of res/length : 1.000
Scale of cap/length : 1.000
Net derating factor : 1.000
Thermal factor      : 1.000
Via Resistance      : 0.000 ohm (from default)
Site size           : 1.224 um (from lef [tech+cell])

                                   Capacitance  
  Layer                             / Length         Data source:
Name        Direction Utilization  (pF/micron)       default value
------------------------------------------------
<default>       U         n/a         0.000250  

** = DEFAULT cap per unit length is used for timing analysis

                                    Resistance   
  Layer                              / Length         Data source:
Name        Direction Utilization  (ohm/micron)       default value
-------------------------------------------------
<default>       U         n/a               0.0  

** = DEFAULT res per unit length is used for timing analysis

                                        Area       
  Layer                               / Length          Data source:
Name        Direction Utilization     (micron)          lef_library
---------------------------------------------------
M1              V         0.00         0.072000    
M2              H         1.00         0.072000    
M3              V         1.00         0.072000    
M4              H         1.00         0.096000    
M5              V         1.00         0.096000    
M6              H         1.00         0.128000    
M7              V         1.00         0.128000    
M8              H         1.00         0.160000    
M9              V         1.00         0.160000    
Pad             H         1.00         8.000000 ** 

** = 'Pad' is dropped because its width (8) is too large (threshold 2)

Info    : Synthesizing. [SYNTH-1]
        : Synthesizing 'butterfly2x2' to generic gates using 'high' effort.
Running Synthesis Turbo Flow Version 4.
Info    : Partition Based Synthesis execution skipped. [PHYS-752]
        : Design size is less than the partition size '100000' for distributed generic optimization to kick in.
Starting mux data reorder optimization [v1.0] (stage: pre_to_gen_setup, startdef: butterfly2x2, recur: true)
Completed mux data reorder optimization (accepts: 0, rejects: 0, runtime: 0.028s)

Stage: pre_to_gen_setup
-----------------------------------------------------
| Transform       | Accepts | Rejects | Runtime (s) | 
-----------------------------------------------------
| hlo_mux_reorder |       0 |       0 |        0.03 | 
-----------------------------------------------------
Starting mux data reorder optimization [v1.0] (stage: post_to_gen_setup, startdef: butterfly2x2, recur: true)
Completed mux data reorder optimization (accepts: 0, rejects: 0, runtime: 0.000s)

Stage: post_to_gen_setup
-----------------------------------------------------
| Transform       | Accepts | Rejects | Runtime (s) | 
-----------------------------------------------------
| hlo_mux_reorder |       0 |       0 |        0.00 | 
-----------------------------------------------------
Current PLE settings:

Aspect ratio        : 1.000
Shrink factor       : 1.000
Scale of res/length : 1.000
Scale of cap/length : 1.000
Net derating factor : 1.000
Thermal factor      : 1.000
Via Resistance      : 0.000 ohm (from default)
Site size           : 1.224 um (from lef [tech+cell])

                                   Capacitance  
  Layer                             / Length         Data source:
Name        Direction Utilization  (pF/micron)       default value
------------------------------------------------
<default>       U         n/a         0.000250  

** = DEFAULT cap per unit length is used for timing analysis

                                    Resistance   
  Layer                              / Length         Data source:
Name        Direction Utilization  (ohm/micron)       default value
-------------------------------------------------
<default>       U         n/a               0.0  

** = DEFAULT res per unit length is used for timing analysis

                                        Area       
  Layer                               / Length          Data source:
Name        Direction Utilization     (micron)          lef_library
---------------------------------------------------
M1              V         0.00         0.072000    
M2              H         1.00         0.072000    
M3              V         1.00         0.072000    
M4              H         1.00         0.096000    
M5              V         1.00         0.096000    
M6              H         1.00         0.128000    
M7              V         1.00         0.128000    
M8              H         1.00         0.160000    
M9              V         1.00         0.160000    
Pad             H         1.00         8.000000 ** 

** = 'Pad' is dropped because its width (8) is too large (threshold 2)

Info    : Deleting instances not driving any primary outputs. [GLO-34]
        : Deleting 96 sequential instances.
Running Unified Mux Engine Tricks...
Completed Unified Mux Engine Tricks

Stage: pre_hlo_rtlopt
-----------------------------------------------
| Trick     | Accepts | Rejects | Runtime (s) | 
-----------------------------------------------
| ume_ssm   |       0 |       0 |        0.00 | 
| ume_sweep |       0 |       0 |        0.00 | 
| ume_share |       0 |       0 |        0.00 | 
-----------------------------------------------
Begin SDR optimization CTX_region 
No special hier is found 
End SDR optimization CTX_region 
Begin SDR optimization UME_region 
No special hier is found 
End SDR optimization UME_region 
Begin SDR optimization IMPL_BASED_region 
No special hier is found 
End SDR optimization IMPL_BASED_region 
Starting timing based select reordering [v1.0] (stage: pre_rtlopt, startdef: butterfly2x2, recur: true)
Completed timing based select reordering (accepts: 0, rejects: 0, runtime: 2.246s)
Starting recase case-box optimization [v1.0] (stage: pre_rtlopt, startdef: butterfly2x2, recur: true)
Completed recase case-box optimization (accepts: 0, rejects: 0, runtime: 0.001s)
Starting infer macro optimization [v1.0] (stage: pre_rtlopt, startdef: butterfly2x2, recur: true)
Completed infer macro optimization (accepts: 0, rejects: 0, runtime: 0.085s)
Starting decode mux sandwich optimization [v2.0] (stage: pre_rtlopt, startdef: butterfly2x2, recur: true)
Completed decode mux sandwich optimization (accepts: 0, rejects: 0, runtime: 0.000s)
Starting decode mux optimization [v1.0] (stage: pre_rtlopt, startdef: butterfly2x2, recur: true)
Completed decode mux optimization (accepts: 0, rejects: 0, runtime: 0.001s)
Starting chop wide muxes [v1.0] (stage: pre_rtlopt, startdef: butterfly2x2, recur: true)
Completed chop wide muxes (accepts: 0, rejects: 0, runtime: 0.000s)
Starting common data mux cascade opt [v1.0] (stage: pre_rtlopt, startdef: butterfly2x2, recur: true)
Completed common data mux cascade opt (accepts: 0, rejects: 0, runtime: 0.001s)
Starting mux input consolidation [v1.0] (stage: pre_rtlopt, startdef: butterfly2x2, recur: true)
Completed mux input consolidation (accepts: 0, rejects: 0, runtime: 0.002s)
Starting constant-data mux optimization [v1.0] (stage: pre_rtlopt, startdef: butterfly2x2, recur: true)
Completed constant-data mux optimization (accepts: 0, rejects: 0, runtime: 0.000s)
Starting chain-to-tree inequality transform [v2.0] (stage: pre_rtlopt, startdef: butterfly2x2, recur: true)
Completed chain-to-tree inequality transform (accepts: 0, rejects: 0, runtime: 0.087s)
Starting reconvergence optimization [v1.0] (stage: pre_rtlopt, startdef: butterfly2x2, recur: true)
Completed reconvergence optimization (accepts: 0, rejects: 0, runtime: 0.001s)
Starting logic restructure optimization [v1.0] (stage: pre_rtlopt, startdef: butterfly2x2, recur: true)
Completed logic restructure optimization (accepts: 0, rejects: 0, runtime: 0.008s)
Starting identity transform [v3.0] (stage: pre_rtlopt, startdef: butterfly2x2, recur: true)
Completed identity transform (accepts: 0, rejects: 2, runtime: 0.002s)
Starting reduce operator chain [v1.0] (stage: pre_rtlopt, startdef: butterfly2x2, recur: true)
Completed reduce operator chain (accepts: 0, rejects: 0, runtime: 0.000s)
Starting common data mux cascade opt [v1.0] (stage: pre_rtlopt, startdef: butterfly2x2, recur: true)
Completed common data mux cascade opt (accepts: 0, rejects: 0, runtime: 0.001s)
Starting mux input consolidation [v1.0] (stage: pre_rtlopt, startdef: butterfly2x2, recur: true)
Completed mux input consolidation (accepts: 0, rejects: 0, runtime: 0.002s)
Starting optimize datapath elements [v1.0] (stage: pre_rtlopt, startdef: butterfly2x2, recur: true)
Completed optimize datapath elements (accepts: 0, rejects: 0, runtime: 0.000s)
Starting datapath recasting [v1.0] (stage: pre_rtlopt, startdef: butterfly2x2, recur: true)
Completed datapath recasting (accepts: 0, rejects: 0, runtime: 0.001s)
Starting word-level redundancy removal [v1.0] (stage: pre_rtlopt, startdef: butterfly2x2, recur: true)
Word-level redundancy removal for def butterfly2x2 (round= 0, cands= 6, i/o= 4/3)
Word-level redundancy removal for def butterfly2x2 (round= 1, cands= 6, i/o= 4/3)
Word-level redundancy removal for def butterfly (round= 0, cands= 30, i/o= 23/18)
Word-level redundancy removal for def butterfly (round= 1, cands= 30, i/o= 23/18)
Word-level redundancy removal for def Barrett (round= 0, cands= 1, i/o= 2/1)
Word-level redundancy removal for def Barrett (round= 1, cands= 1, i/o= 2/1)
Word-level redundancy removal for def DecoupledStage (round= 0, cands= 0, i/o= 0/0)
Word-level redundancy removal for def DecoupledStage (round= 1, cands= 0, i/o= 0/0)
Word-level redundancy removal for def DecoupledStage_1 (round= 0, cands= 0, i/o= 0/0)
Word-level redundancy removal for def DecoupledStage_1 (round= 1, cands= 0, i/o= 0/0)
Word-level redundancy removal for def DecoupledStage_2 (round= 0, cands= 0, i/o= 0/0)
Word-level redundancy removal for def DecoupledStage_2 (round= 1, cands= 0, i/o= 0/0)
Completed word-level redundancy removal (accepts: 0, rejects: 0, runtime: 2.123s)
Starting clip mux common data inputs [v1.0] (stage: pre_rtlopt, startdef: butterfly2x2, recur: true)
Completed clip mux common data inputs (accepts: 0, rejects: 0, runtime: 0.001s)
Starting clip the non-user hierarchies [v2.0] (stage: pre_rtlopt, startdef: butterfly2x2, recur: true)
Completed clip the non-user hierarchies (accepts: 0, rejects: 0, runtime: 0.001s)
Starting basic netlist cleanup [v1.0] (stage: pre_rtlopt, startdef: butterfly2x2, recur: true)
Completed basic netlist cleanup (accepts: 0, rejects: 0, runtime: 0.000s)

Stage: pre_rtlopt
-----------------------------------------------------------------
| Transform                   | Accepts | Rejects | Runtime (s) | 
-----------------------------------------------------------------
| hlo_timing_reorder          |       0 |       0 |        2.25 | 
| hlo_recase_casebox          |       0 |       0 |        0.00 | 
| hlo_infer_macro             |       0 |       0 |        0.09 | 
| hlo_decode_mux_sandwich     |       0 |       0 |        0.00 | 
| hlo_mux_decode              |       0 |       0 |        0.00 | 
| hlo_chop_mux                |       0 |       0 |        0.00 | 
| hlo_mux_cascade_opt         |       0 |       0 |        0.00 | 
| hlo_mux_consolidation       |       0 |       0 |        0.00 | 
| hlo_constant_mux_opt        |       0 |       0 |        0.00 | 
| hlo_inequality_transform    |       0 |       0 |        0.09 | 
| hlo_reconv_opt              |       0 |       0 |        0.00 | 
| hlo_restructure             |       0 |       0 |        0.01 | 
| hlo_identity_transform      |       0 |       2 |        0.00 | 
| hlo_reduce_operator_chain   |       0 |       0 |        0.00 | 
| hlo_mux_cascade_opt         |       0 |       0 |        0.00 | 
| hlo_mux_consolidation       |       0 |       0 |        0.00 | 
| hlo_optimize_datapath       |       0 |       0 |        0.00 | 
| hlo_datapath_recast         |       0 |       0 |        0.00 | 
| hlo_redundancy_removal_word |       0 |       0 |        2.12 | 
| hlo_clip_mux_input          |       0 |       0 |        0.00 | 
| hlo_clip                    |       0 |       0 |        0.00 | 
| hlo_cleanup                 |       0 |       0 |        0.00 | 
-----------------------------------------------------------------
Running Unified Mux Engine Tricks...
Completed Unified Mux Engine Tricks

Stage: post_hlo_rtlopt
----------------------------------------------------------
| Trick                | Accepts | Rejects | Runtime (s) | 
----------------------------------------------------------
| ume_sweep_aggressive |       0 |       0 |        0.00 | 
| ume_runtime          |       0 |       0 |        0.00 | 
----------------------------------------------------------
Number of big hc bmuxes before = 0

==========================
 Sanity Check for PRE-DATAPATH 
==========================
                Boundary check : PASS (TOTAL:   57, PASS:   57, BREAK:    0, SKIPPED:    0)
     Hw code and builder check : PASS (TOTAL:    0, PASS:    0, BREAK:    0, SKIPPED:    0)
 PhaseTable connectivity check : PASS (TOTAL:   31, PASS:   31, BREAK:    0, SKIPPED:    0)
          Rebuildability check : PASS (TOTAL:   27, PASS:   27, BREAK:    0, SKIPPED:    0)
==========================

Info    : Pre-processed datapath logic. [DPOPT-6]
        : Pre-processing optimizations applied to datapath logic in 'butterfly2x2':
          live_trim(6) output_trim(1) 

==========================
 Sanity Check for POST-PREPARE-NETLIST 
==========================
 PhaseTable connectivity check : PASS
==========================

Info    : Optimizing datapath logic. [DPOPT-1]
        : Optimizing datapath logic in 'butterfly2x2'.

==========================
 Sanity Check for POST-TIM-MODEL 
==========================
        Model conversion check : PASS (TOTAL:  209, PASS:  209, BREAK:    0, SKIPPED:    0)
==========================

Info    : Implementing datapath configurations. [DPOPT-3]
        : Implementing datapath configurations for 'CDN_DP_region_7_14'
  CSAGen Prep Share:0 Re-Write:0 Speculation: 0

Warning : Ungrouping the instance/module as 'false' cannot be set on tool_generated hierarchies. [GLO-61]
        : The 'false' setting on the 'CDN_DP_region_7_14_c7' tool_generated module is being ignored.
        : Kindly check the script whether the ungroup_ok is set to false. Alternately it can be set to 'strict_no' to disable ungrouping but this can impact PPA.
Warning : Inferred datapath logic has changed and cannot be considered for datapath optimizations. [RTLOPT-55]
        : Module 'CDN_DP_region_7_14_c7' has been invalidated for datapath optimizations.
        : For best results, ensure this command is issued after syn_map, when all datapath optimizations have finished.
Warning : Ungrouping the instance/module as 'false' cannot be set on tool_generated hierarchies. [GLO-61]
        : The 'false' setting on the 'CDN_DP_region_7_14_c7' tool_generated module is being ignored.
Warning : Inferred datapath logic has changed and cannot be considered for datapath optimizations. [RTLOPT-55]
        : Module 'CDN_DP_region_7_14_c7' has been invalidated for datapath optimizations.
Warning : Ungrouping the instance/module as 'false' cannot be set on tool_generated hierarchies. [GLO-61]
        : The 'false' setting on the 'CDN_DP_region_7_14_c7' tool_generated module is being ignored.
Warning : Inferred datapath logic has changed and cannot be considered for datapath optimizations. [RTLOPT-55]
        : Module 'CDN_DP_region_7_14_c7' has been invalidated for datapath optimizations.
Warning : Ungrouping the instance/module as 'false' cannot be set on tool_generated hierarchies. [GLO-61]
        : The 'false' setting on the 'CDN_DP_region_7_14_c7' tool_generated module is being ignored.
Warning : Inferred datapath logic has changed and cannot be considered for datapath optimizations. [RTLOPT-55]
        : Module 'CDN_DP_region_7_14_c7' has been invalidated for datapath optimizations.
Warning : Ungrouping the instance/module as 'false' cannot be set on tool_generated hierarchies. [GLO-61]
        : The 'false' setting on the 'CDN_DP_region_7_14_c7' tool_generated module is being ignored.
Warning : Inferred datapath logic has changed and cannot be considered for datapath optimizations. [RTLOPT-55]
        : Module 'CDN_DP_region_7_14_c7' has been invalidated for datapath optimizations.
Warning : Ungrouping the instance/module as 'false' cannot be set on tool_generated hierarchies. [GLO-61]
        : The 'false' setting on the 'CDN_DP_region_7_14_c7' tool_generated module is being ignored.
Warning : Inferred datapath logic has changed and cannot be considered for datapath optimizations. [RTLOPT-55]
        : Module 'CDN_DP_region_7_14_c7' has been invalidated for datapath optimizations.
Warning : Ungrouping the instance/module as 'false' cannot be set on tool_generated hierarchies. [GLO-61]
        : The 'false' setting on the 'CDN_DP_region_7_14_c7' tool_generated module is being ignored.
Warning : Inferred datapath logic has changed and cannot be considered for datapath optimizations. [RTLOPT-55]
        : Module 'CDN_DP_region_7_14_c7' has been invalidated for datapath optimizations.
Warning : Ungrouping the instance/module as 'false' cannot be set on tool_generated hierarchies. [GLO-61]
        : The 'false' setting on the 'CDN_DP_region_7_14_c7' tool_generated module is being ignored.
Warning : Inferred datapath logic has changed and cannot be considered for datapath optimizations. [RTLOPT-55]
        : Module 'CDN_DP_region_7_14_c7' has been invalidated for datapath optimizations.
Warning : Ungrouping the instance/module as 'false' cannot be set on tool_generated hierarchies. [GLO-61]
        : The 'false' setting on the 'CDN_DP_region_7_14_c7' tool_generated module is being ignored.
Warning : Inferred datapath logic has changed and cannot be considered for datapath optimizations. [RTLOPT-55]
        : Module 'CDN_DP_region_7_14_c7' has been invalidated for datapath optimizations.
Warning : Ungrouping the instance/module as 'false' cannot be set on tool_generated hierarchies. [GLO-61]
        : The 'false' setting on the 'CDN_DP_region_7_14_c7' tool_generated module is being ignored.
Warning : Inferred datapath logic has changed and cannot be considered for datapath optimizations. [RTLOPT-55]
        : Module 'CDN_DP_region_7_14_c7' has been invalidated for datapath optimizations.
Warning : Ungrouping the instance/module as 'false' cannot be set on tool_generated hierarchies. [GLO-61]
        : The 'false' setting on the 'CDN_DP_region_7_14_c7' tool_generated module is being ignored.
Warning : Inferred datapath logic has changed and cannot be considered for datapath optimizations. [RTLOPT-55]
        : Module 'CDN_DP_region_7_14_c7' has been invalidated for datapath optimizations.
Warning : Ungrouping the instance/module as 'false' cannot be set on tool_generated hierarchies. [GLO-61]
        : The 'false' setting on the 'CDN_DP_region_7_14_c7' tool_generated module is being ignored.
Warning : Inferred datapath logic has changed and cannot be considered for datapath optimizations. [RTLOPT-55]
        : Module 'CDN_DP_region_7_14_c7' has been invalidated for datapath optimizations.
Warning : Ungrouping the instance/module as 'false' cannot be set on tool_generated hierarchies. [GLO-61]
        : The 'false' setting on the 'CDN_DP_region_7_14_c7' tool_generated module is being ignored.
Warning : Inferred datapath logic has changed and cannot be considered for datapath optimizations. [RTLOPT-55]
        : Module 'CDN_DP_region_7_14_c7' has been invalidated for datapath optimizations.
Warning : Ungrouping the instance/module as 'false' cannot be set on tool_generated hierarchies. [GLO-61]
        : The 'false' setting on the 'CDN_DP_region_7_14_c7' tool_generated module is being ignored.
Warning : Inferred datapath logic has changed and cannot be considered for datapath optimizations. [RTLOPT-55]
        : Module 'CDN_DP_region_7_14_c7' has been invalidated for datapath optimizations.
Warning : Ungrouping the instance/module as 'false' cannot be set on tool_generated hierarchies. [GLO-61]
        : The 'false' setting on the 'CDN_DP_region_7_14_c7' tool_generated module is being ignored.
Warning : Inferred datapath logic has changed and cannot be considered for datapath optimizations. [RTLOPT-55]
        : Module 'CDN_DP_region_7_14_c7' has been invalidated for datapath optimizations.
Warning : Ungrouping the instance/module as 'false' cannot be set on tool_generated hierarchies. [GLO-61]
        : The 'false' setting on the 'CDN_DP_region_7_14_c7' tool_generated module is being ignored.
Warning : Inferred datapath logic has changed and cannot be considered for datapath optimizations. [RTLOPT-55]
        : Module 'CDN_DP_region_7_14_c7' has been invalidated for datapath optimizations.
Warning : Ungrouping the instance/module as 'false' cannot be set on tool_generated hierarchies. [GLO-61]
        : The 'false' setting on the 'CDN_DP_region_7_14_c7' tool_generated module is being ignored.
Warning : Inferred datapath logic has changed and cannot be considered for datapath optimizations. [RTLOPT-55]
        : Module 'CDN_DP_region_7_14_c7' has been invalidated for datapath optimizations.
Warning : Ungrouping the instance/module as 'false' cannot be set on tool_generated hierarchies. [GLO-61]
        : The 'false' setting on the 'CDN_DP_region_7_14_c7' tool_generated module is being ignored.
Warning : Inferred datapath logic has changed and cannot be considered for datapath optimizations. [RTLOPT-55]
        : Module 'CDN_DP_region_7_14_c7' has been invalidated for datapath optimizations.
Warning : Ungrouping the instance/module as 'false' cannot be set on tool_generated hierarchies. [GLO-61]
        : The 'false' setting on the 'CDN_DP_region_7_14_c7' tool_generated module is being ignored.
Warning : Inferred datapath logic has changed and cannot be considered for datapath optimizations. [RTLOPT-55]
        : Module 'CDN_DP_region_7_14_c7' has been invalidated for datapath optimizations.
Warning : Ungrouping the instance/module as 'false' cannot be set on tool_generated hierarchies. [GLO-61]
        : The 'false' setting on the 'CDN_DP_region_7_14_c7' tool_generated module is being ignored.
Warning : Inferred datapath logic has changed and cannot be considered for datapath optimizations. [RTLOPT-55]
        : Module 'CDN_DP_region_7_14_c7' has been invalidated for datapath optimizations.
Warning : Maximum message print count reached. [MESG-11]
        : Maximum print count of '20' reached for message 'GLO-61'.
Warning : Maximum message print count reached. [MESG-11]
        : Maximum print count of '20' reached for message 'RTLOPT-55'.
Info    : Accepted resource sharing opportunity. [RTLOPT-30]
        : Merged the following sets of instances in 'CDN_DP_region_7_14_c1 in butterfly2x2':
	  (ADD_UNS_OP6, BF2_2_sub_177_61)
	  (ADD_UNS_OP4, BF2_1_sub_177_61)
	  (ADD_UNS_OP2, BF1_2_sub_177_61)
	  (ADD_UNS_OP, BF1_1_sub_177_61)

Info    : Accepted resource sharing opportunity. [RTLOPT-30]
        : Merged the following sets of instances in 'CDN_DP_region_7_14_c2 in butterfly2x2':
	  (ADD_UNS_OP6, BF2_2_sub_177_61)
	  (ADD_UNS_OP4, BF2_1_sub_177_61)
	  (ADD_UNS_OP2, BF1_2_sub_177_61)
	  (ADD_UNS_OP, BF1_1_sub_177_61)

Info    : Accepted resource sharing opportunity. [RTLOPT-30]
        : Merged the following sets of instances in 'CDN_DP_region_7_14_c6 in butterfly2x2':
	  (BF2_1_sub_177_61, BF2_1_sub_177_47)
	  (BF1_1_sub_177_61, BF1_1_sub_177_47)
	  (BF1_2_sub_177_61, BF1_2_sub_177_47)
	  (BF2_2_sub_177_61, BF2_2_sub_177_47)

CDN_DP_region_7_14 level = 0 loads = 0 drivers = 0
CDN_DP_region_7_14_c0 in butterfly2x2: area: 233506371930 , DP = 36  Decode = 20  Mux = 54  ctl_case = 5  other = 52  sg = slow     
    wns: 86  norm_wns:  -1.0000 
    tns:  688
 skipped
CDN_DP_region_7_14_c1 in butterfly2x2: area: 209024318700 , CSA = 4  DP = 28  Decode = 5  Mux = 62  other = 61  sg = fast     
    wns: 307  norm_wns:  -1.0000 
    tns:  9112
 is current best
CDN_DP_region_7_14_c2 in butterfly2x2: area: 209024318700 , CSA = 4  DP = 28  Decode = 5  Mux = 62  other = 61  sg = very_slow
    wns: 307  norm_wns:  -1.0000 
    tns:  9112
 is current best
CDN_DP_region_7_14_c3 in butterfly2x2: area: 221382535300 , CSA = 4  DP = 28  Decode = 5  Mux = 54  other = 61  sg = very_fast
    wns: 18  norm_wns:  -1.0000 
    tns:  144
 is current best
CDN_DP_region_7_14_c4 in butterfly2x2: area: 221382535300 , CSA = 4  DP = 28  Decode = 5  Mux = 54  other = 61  sg = very_fast
    wns: 18  norm_wns:  -1.0000 
    tns:  144
 is current best
CDN_DP_region_7_14_c5 in butterfly2x2: area: 221382535300 , CSA = 4  DP = 28  Decode = 5  Mux = 54  other = 61  sg = very_fast
    wns: 18  norm_wns:  -1.0000 
    tns:  144
 is current best
CDN_DP_region_7_14_c6 in butterfly2x2: area: 191381899140 , CSA = 4  DP = 24  Decode = 5  Mux = 50  other = 61  sg = very_fast
    wns: 18  norm_wns:  -1.0000 
    tns:  144
 is current best
CDN_DP_region_7_14_c7 in butterfly2x2: area: 221510378920 , CSA = 4  DP = 28  Decode = 5  Mux = 54  other = 61  sg = very_fast
    wns: 18  norm_wns:  -1.0000 
    tns:  144

Best config: CDN_DP_region_7_14_c6 in butterfly2x2: area: 191381899140 , CSA = 4  DP = 24  Decode = 5  Mux = 50  other = 61  sg = very_fast
    wns: 18  norm_wns:  -1.0000 
    tns:  144
  Smallest config area : 191381899140.  Fastest config wns;  18
##>+----------------------------------------------------------------------------------------------------------------------------------------------------------------+
##>Summary table of configs (Best config is CDN_DP_region_7_14_c6)
##>+----------------------------------------------------------------------------------------------------------------------------------------------------------------+
##>                     0                  1                  2                  3                  4                  5                  6                  7            
##>+----------------------------------------------------------------------------------------------------------------------------------------------------------------+
##>           Area     233506371930       209024318700       209024318700       221382535300       221382535300       221382535300       191381899140       221510378920  
##>            WNS            -8.60             -30.70             -30.70              -1.80              -1.80              -1.80              -1.80              -1.80  
##>            TNS              688               9112               9112                144                144                144                144                144  
##>    Num Rewrite                0                  4                  4                  4                  4                  4                  8                  0  
##>      Num Share                0                  4                  4                  0                  0                  0                  4                  0  
##>  Num Speculate                0                  0                  0                  0                  0                  0                  0                  0  
##>        Num CSA                0                  4                  4                  4                  4                  4                  4                  4  
##>         Num DP               36                 28                 28                 28                 28                 28                 24                 28  
##>     Num Decode               20                  5                  5                  5                  5                  5                  5                  5  
##>        Num Mux               54                 62                 62                 54                 54                 54                 50                 54  
##>   Num ctl_case                5                  0                  0                  0                  0                  0                  0                  0  
##>      Num other               52                 61                 61                 61                 61                 61                 61                 61  
##>     Runtime(s)                0                 10                 10                 15                 15                 15                 23                 15  
+----------------------------------------------------------------------------------------------------------------------------------------------------------------+
##>
##>

CSA report for CDN_DP_region_7_14_c6, cover 0 
---------------------------------------------------
| POs | Operation                           | FRC | 
---------------------------------------------------
| 1   | BF2_2_add_176_28                    | -   | 
|     | sharing_mux914                      | -   | 
|     | BF2_2_sub_177_61_Y_BF2_2_sub_177_47 | -   | 
---------------------------------------------------
-----------------------------------------------------------------------------------------------------------------------------------------
| Input/Output                           | Driver                 | Type | Reason | Polarity | Bitwidth | Expression                    | 
-----------------------------------------------------------------------------------------------------------------------------------------
| sharing_mux914[1]                      | BF2_2_mux_suba_130_14  | PI   | -      | unsigned | 24       | BF2_2_mux_suba_130_14[23,0]   | 
| BF2_2_add_176_28[0]                    | BF2_2_mux_suba_130_14  | PI   | -      | unsigned | 24       | BF2_2_mux_suba_130_14[23,0]   | 
| BF2_2_sub_177_61_Y_BF2_2_sub_177_47[1] | BF2_2_mux_subb_130_916 | PI   | -      | unsigned | 24       | BF2_2_mux_subb_130_916[23,0]  | 
| BF2_2_sub_177_61_Y_BF2_2_sub_177_47    | -                      | PO   | -      | unsigned | 24       | sharing_mux914                | 
|                                        |                        |      |        |          |          | -BF2_2_mux_subb_130_916[23,0] | 
-----------------------------------------------------------------------------------------------------------------------------------------
 

CSA report for CDN_DP_region_7_14_c6, cover 1 
---------------------------------------------------
| POs | Operation                           | FRC | 
---------------------------------------------------
| 1   | BF2_1_add_176_28                    | -   | 
|     | sharing_mux                         | -   | 
|     | BF2_1_sub_177_61_Y_BF2_1_sub_177_47 | -   | 
---------------------------------------------------
-----------------------------------------------------------------------------------------------------------------------------------------
| Input/Output                           | Driver                 | Type | Reason | Polarity | Bitwidth | Expression                    | 
-----------------------------------------------------------------------------------------------------------------------------------------
| sharing_mux[1]                         | BF2_1_mux_suba_130_14  | PI   | -      | unsigned | 24       | BF2_1_mux_suba_130_14[23,0]   | 
| BF2_1_add_176_28[0]                    | BF2_1_mux_suba_130_14  | PI   | -      | unsigned | 24       | BF2_1_mux_suba_130_14[23,0]   | 
| BF2_1_sub_177_61_Y_BF2_1_sub_177_47[1] | BF2_1_mux_subb_130_904 | PI   | -      | unsigned | 24       | BF2_1_mux_subb_130_904[23,0]  | 
| BF2_1_sub_177_61_Y_BF2_1_sub_177_47    | -                      | PO   | -      | unsigned | 24       | sharing_mux                   | 
|                                        |                        |      |        |          |          | -BF2_1_mux_subb_130_904[23,0] | 
-----------------------------------------------------------------------------------------------------------------------------------------
 

CSA report for CDN_DP_region_7_14_c6, cover 2 
---------------------------------------------------
| POs | Operation                           | FRC | 
---------------------------------------------------
| 1   | BF1_2_add_176_28                    | -   | 
|     | sharing_mux910                      | -   | 
|     | BF1_2_sub_177_61_Y_BF1_2_sub_177_47 | -   | 
---------------------------------------------------
-----------------------------------------------------------------------------------------------------------------------------------------
| Input/Output                           | Driver                 | Type | Reason | Polarity | Bitwidth | Expression                    | 
-----------------------------------------------------------------------------------------------------------------------------------------
| sharing_mux910[1]                      | BF1_2_mux_suba_130_14  | PI   | -      | unsigned | 24       | BF1_2_mux_suba_130_14[23,0]   | 
| BF1_2_add_176_28[0]                    | BF1_2_mux_suba_130_14  | PI   | -      | unsigned | 24       | BF1_2_mux_suba_130_14[23,0]   | 
| BF1_2_sub_177_61_Y_BF1_2_sub_177_47[1] | BF1_2_mux_subb_130_912 | PI   | -      | unsigned | 24       | BF1_2_mux_subb_130_912[23,0]  | 
| BF1_2_sub_177_61_Y_BF1_2_sub_177_47    | -                      | PO   | -      | unsigned | 24       | sharing_mux910                | 
|                                        |                        |      |        |          |          | -BF1_2_mux_subb_130_912[23,0] | 
-----------------------------------------------------------------------------------------------------------------------------------------
 

CSA report for CDN_DP_region_7_14_c6, cover 3 
---------------------------------------------------
| POs | Operation                           | FRC | 
---------------------------------------------------
| 1   | BF1_1_add_176_28                    | -   | 
|     | sharing_mux906                      | -   | 
|     | BF1_1_sub_177_61_Y_BF1_1_sub_177_47 | -   | 
---------------------------------------------------
-----------------------------------------------------------------------------------------------------------------------------------------
| Input/Output                           | Driver                 | Type | Reason | Polarity | Bitwidth | Expression                    | 
-----------------------------------------------------------------------------------------------------------------------------------------
| sharing_mux906[1]                      | BF1_1_mux_suba_130_14  | PI   | -      | unsigned | 24       | BF1_1_mux_suba_130_14[23,0]   | 
| BF1_1_add_176_28[0]                    | BF1_1_mux_suba_130_14  | PI   | -      | unsigned | 24       | BF1_1_mux_suba_130_14[23,0]   | 
| BF1_1_sub_177_61_Y_BF1_1_sub_177_47[1] | BF1_1_mux_subb_130_908 | PI   | -      | unsigned | 24       | BF1_1_mux_subb_130_908[23,0]  | 
| BF1_1_sub_177_61_Y_BF1_1_sub_177_47    | -                      | PO   | -      | unsigned | 24       | sharing_mux906                | 
|                                        |                        |      |        |          |          | -BF1_1_mux_subb_130_908[23,0] | 
-----------------------------------------------------------------------------------------------------------------------------------------
 

CSA report for CDN_DP_region_7_14_c6, cover 4 
---------------------------------------------------
| POs | Operation                           | FRC | 
---------------------------------------------------
| 1   | ADD_UNS_OP920                       | -   | 
|     | BF2_2_sub_177_61_Y_BF2_2_sub_177_47 | -   | 
---------------------------------------------------
-----------------------------------------------------------------------------------------------------------------------------------------------------------------------------------------------------------------------------------------------------------------------------------------------------------------------------------------------------------------------
| Input/Output                           | Driver                 | Type | Reason      | Polarity | Bitwidth | Expression                                                                                                                                                                                                                                             | 
-----------------------------------------------------------------------------------------------------------------------------------------------------------------------------------------------------------------------------------------------------------------------------------------------------------------------------------------------------------------------
| ADD_UNS_OP920[0]                       | BF2_2_mux_suba_130_14  | PI   | -           | unsigned | 24       | BF2_2_mux_suba_130_14[23,0]                                                                                                                                                                                                                            | 
| ADD_UNS_OP920[1]                       | concat_213             | PI   | part-select | unsigned | 23       |                                                                                                                                                                                                                                                        | 
| BF2_2_sub_177_61_Y_BF2_2_sub_177_47[1] | BF2_2_mux_subb_130_916 | PI   | -           | unsigned | 24       | BF2_2_mux_subb_130_916[23,0]                                                                                                                                                                                                                           | 
| BF2_2_sub_177_61_Y_BF2_2_sub_177_47    | -                      | PO   | -           | unsigned | 24       | BF2_2_mux_suba_130_14[23,0]                                                                                                                                                                                                                            | 
|                                        |                        |      |             |          |          | +{BF2_2_gt_177_29[0,0],BF2_2_gt_177_29[0,0],BF2_2_gt_177_29[0,0],BF2_2_gt_177_29[0,0],BF2_2_gt_177_29[0,0],BF2_2_gt_177_29[0,0],BF2_2_gt_177_29[0,0],BF2_2_gt_177_29[0,0],BF2_2_gt_177_29[0,0],BF2_2_gt_177_29[0,0],000000000000,BF2_2_gt_177_29[0,0]} | 
|                                        |                        |      |             |          |          | -BF2_2_mux_subb_130_916[23,0]                                                                                                                                                                                                                          | 
-----------------------------------------------------------------------------------------------------------------------------------------------------------------------------------------------------------------------------------------------------------------------------------------------------------------------------------------------------------------------
 

CSA report for CDN_DP_region_7_14_c6, cover 5 
---------------------------------------------------
| POs | Operation                           | FRC | 
---------------------------------------------------
| 1   | ADD_UNS_OP919                       | -   | 
|     | BF2_1_sub_177_61_Y_BF2_1_sub_177_47 | -   | 
---------------------------------------------------
-----------------------------------------------------------------------------------------------------------------------------------------------------------------------------------------------------------------------------------------------------------------------------------------------------------------------------------------------------------------------
| Input/Output                           | Driver                 | Type | Reason      | Polarity | Bitwidth | Expression                                                                                                                                                                                                                                             | 
-----------------------------------------------------------------------------------------------------------------------------------------------------------------------------------------------------------------------------------------------------------------------------------------------------------------------------------------------------------------------
| ADD_UNS_OP919[0]                       | BF2_1_mux_suba_130_14  | PI   | -           | unsigned | 24       | BF2_1_mux_suba_130_14[23,0]                                                                                                                                                                                                                            | 
| ADD_UNS_OP919[1]                       | concat_212             | PI   | part-select | unsigned | 23       |                                                                                                                                                                                                                                                        | 
| BF2_1_sub_177_61_Y_BF2_1_sub_177_47[1] | BF2_1_mux_subb_130_904 | PI   | -           | unsigned | 24       | BF2_1_mux_subb_130_904[23,0]                                                                                                                                                                                                                           | 
| BF2_1_sub_177_61_Y_BF2_1_sub_177_47    | -                      | PO   | -           | unsigned | 24       | BF2_1_mux_suba_130_14[23,0]                                                                                                                                                                                                                            | 
|                                        |                        |      |             |          |          | +{BF2_1_gt_177_29[0,0],BF2_1_gt_177_29[0,0],BF2_1_gt_177_29[0,0],BF2_1_gt_177_29[0,0],BF2_1_gt_177_29[0,0],BF2_1_gt_177_29[0,0],BF2_1_gt_177_29[0,0],BF2_1_gt_177_29[0,0],BF2_1_gt_177_29[0,0],BF2_1_gt_177_29[0,0],000000000000,BF2_1_gt_177_29[0,0]} | 
|                                        |                        |      |             |          |          | -BF2_1_mux_subb_130_904[23,0]                                                                                                                                                                                                                          | 
-----------------------------------------------------------------------------------------------------------------------------------------------------------------------------------------------------------------------------------------------------------------------------------------------------------------------------------------------------------------------
 

CSA report for CDN_DP_region_7_14_c6, cover 6 
---------------------------------------------------
| POs | Operation                           | FRC | 
---------------------------------------------------
| 1   | ADD_UNS_OP918                       | -   | 
|     | BF1_2_sub_177_61_Y_BF1_2_sub_177_47 | -   | 
---------------------------------------------------
-----------------------------------------------------------------------------------------------------------------------------------------------------------------------------------------------------------------------------------------------------------------------------------------------------------------------------------------------------------------------
| Input/Output                           | Driver                 | Type | Reason      | Polarity | Bitwidth | Expression                                                                                                                                                                                                                                             | 
-----------------------------------------------------------------------------------------------------------------------------------------------------------------------------------------------------------------------------------------------------------------------------------------------------------------------------------------------------------------------
| ADD_UNS_OP918[0]                       | BF1_2_mux_suba_130_14  | PI   | -           | unsigned | 24       | BF1_2_mux_suba_130_14[23,0]                                                                                                                                                                                                                            | 
| ADD_UNS_OP918[1]                       | concat_211             | PI   | part-select | unsigned | 23       |                                                                                                                                                                                                                                                        | 
| BF1_2_sub_177_61_Y_BF1_2_sub_177_47[1] | BF1_2_mux_subb_130_912 | PI   | -           | unsigned | 24       | BF1_2_mux_subb_130_912[23,0]                                                                                                                                                                                                                           | 
| BF1_2_sub_177_61_Y_BF1_2_sub_177_47    | -                      | PO   | -           | unsigned | 24       | BF1_2_mux_suba_130_14[23,0]                                                                                                                                                                                                                            | 
|                                        |                        |      |             |          |          | +{BF1_2_gt_177_29[0,0],BF1_2_gt_177_29[0,0],BF1_2_gt_177_29[0,0],BF1_2_gt_177_29[0,0],BF1_2_gt_177_29[0,0],BF1_2_gt_177_29[0,0],BF1_2_gt_177_29[0,0],BF1_2_gt_177_29[0,0],BF1_2_gt_177_29[0,0],BF1_2_gt_177_29[0,0],000000000000,BF1_2_gt_177_29[0,0]} | 
|                                        |                        |      |             |          |          | -BF1_2_mux_subb_130_912[23,0]                                                                                                                                                                                                                          | 
-----------------------------------------------------------------------------------------------------------------------------------------------------------------------------------------------------------------------------------------------------------------------------------------------------------------------------------------------------------------------
 

CSA report for CDN_DP_region_7_14_c6, cover 7 
---------------------------------------------------
| POs | Operation                           | FRC | 
---------------------------------------------------
| 1   | ADD_UNS_OP                          | -   | 
|     | BF1_1_sub_177_61_Y_BF1_1_sub_177_47 | -   | 
---------------------------------------------------
-----------------------------------------------------------------------------------------------------------------------------------------------------------------------------------------------------------------------------------------------------------------------------------------------------------------------------------------------------------------------
| Input/Output                           | Driver                 | Type | Reason      | Polarity | Bitwidth | Expression                                                                                                                                                                                                                                             | 
-----------------------------------------------------------------------------------------------------------------------------------------------------------------------------------------------------------------------------------------------------------------------------------------------------------------------------------------------------------------------
| ADD_UNS_OP[0]                          | BF1_1_mux_suba_130_14  | PI   | -           | unsigned | 24       | BF1_1_mux_suba_130_14[23,0]                                                                                                                                                                                                                            | 
| ADD_UNS_OP[1]                          | concat_210             | PI   | part-select | unsigned | 23       |                                                                                                                                                                                                                                                        | 
| BF1_1_sub_177_61_Y_BF1_1_sub_177_47[1] | BF1_1_mux_subb_130_908 | PI   | -           | unsigned | 24       | BF1_1_mux_subb_130_908[23,0]                                                                                                                                                                                                                           | 
| BF1_1_sub_177_61_Y_BF1_1_sub_177_47    | -                      | PO   | -           | unsigned | 24       | BF1_1_mux_suba_130_14[23,0]                                                                                                                                                                                                                            | 
|                                        |                        |      |             |          |          | +{BF1_1_gt_177_29[0,0],BF1_1_gt_177_29[0,0],BF1_1_gt_177_29[0,0],BF1_1_gt_177_29[0,0],BF1_1_gt_177_29[0,0],BF1_1_gt_177_29[0,0],BF1_1_gt_177_29[0,0],BF1_1_gt_177_29[0,0],BF1_1_gt_177_29[0,0],BF1_1_gt_177_29[0,0],000000000000,BF1_1_gt_177_29[0,0]} | 
|                                        |                        |      |             |          |          | -BF1_1_mux_subb_130_908[23,0]                                                                                                                                                                                                                          | 
-----------------------------------------------------------------------------------------------------------------------------------------------------------------------------------------------------------------------------------------------------------------------------------------------------------------------------------------------------------------------
 
##>+-----------------------------------------------------------------------------------------------------------------------------------------------------------------------------------------------------+
##>Optimization Step DEBUG Table for config CDN_DP_region_7_14_c6
##>
##>                          Step                        Area   (  % Chg)         WNS (Change)          TNS (Change)                Power   (  % Chg)        Runtime (s)        Comment                   
##>+-----------------------------------------------------------------------------------------------------------------------------------------------------------------------------------------------------+
##>createMaxCarrySave              START           233506371930 (       )    107374173.80 (        )          0 (        )                    0 (       )              
##> datapath_rewrite_one_def       START           233506371930 (  +0.00)    107374173.80 (   +0.00)          0 (       0)                    0 (  +0.00)              
##>  fast_cse_elim                 START           233506371930 (  +0.00)    107374173.80 (   +0.00)          0 (       0)                    0 (  +0.00)              
##>                                  END           228051710810 (  -2.34)    107374180.60 (   +6.80)          0 (       0)                    0 (  +0.00)           0  
##>  fast_cse_elim                 START           228051710810 (  +0.00)    107374180.60 (   +0.00)          0 (       0)                    0 (  +0.00)              
##>                                  END           228051710810 (  +0.00)    107374180.60 (   +0.00)          0 (       0)                    0 (  +0.00)           0  
##>                                  END           228051710810 (  -2.34)    107374180.60 (   +6.80)          0 (       0)                    0 (  +0.00)           0  
##> dpopt_share_one_def            START           228051710810 (  +0.00)    107374180.60 (   +0.00)          0 (       0)                    0 (  +0.00)              
##>                                  END           199968728950 ( -12.31)    107374180.60 (   +0.00)          0 (       0)                    0 (  +0.00)           9  
##> csa_opto                       START           199968728950 (  +0.00)    214748364.70 (+107374184.10)          0 (       0)                    0 (  +0.00)              
##>                                  END           199968728950 (  +0.00)    214748364.70 (   +0.00)          0 (       0)                    0 (  +0.00)           4  
##>                                  END           199968728950 ( -14.36)    214748364.70 (+107374190.90)          0 (       0)                    0 (  +0.00)          14  
##>canonicalize_by_names           START           199968728950 (  +0.00)    214748364.70 (   +0.00)          0 (       0)                    0 (  +0.00)              
##>                                  END           199968728950 (  +0.00)    214748364.70 (   +0.00)          0 (       0)                    0 (  +0.00)           0  
##>datapath_rewrite_post_csa_one_  START           199968728950 (  +0.00)    214748364.70 (   +0.00)          0 (       0)                    0 (  +0.00)              
##>                                  END           199968728950 (  +0.00)    214748364.70 (   +0.00)          0 (       0)                    0 (  +0.00)           0  
##>datapath_csa_factoring_one_gde  START           199968728950 (  +0.00)    214748364.70 (   +0.00)          0 (       0)                    0 (  +0.00)              
##>                                  END           199968728950 (  +0.00)    214748364.70 (   +0.00)          0 (       0)                    0 (  +0.00)           0  
##>dpopt_share_one_def             START           199968728950 (  +0.00)    214748364.70 (   +0.00)          0 (       0)                    0 (  +0.00)              
##>                                  END           199968728950 (  +0.00)    214748364.70 (   +0.00)          0 (       0)                    0 (  +0.00)           0  
##>datapath_rewrite_post_share     START           199968728950 (  +0.00)    214748364.70 (   +0.00)          0 (       0)                    0 (  +0.00)              
##>                                  END           199968728950 (  +0.00)    214748364.70 (   +0.00)          0 (       0)                    0 (  +0.00)           0  
##>dp_combine_const_mult_with_com  START           199968728950 (  +0.00)    214748364.70 (   +0.00)          0 (       0)                    0 (  +0.00)              
##>                                  END           199968728950 (  +0.00)    214748364.70 (   +0.00)          0 (       0)                    0 (  +0.00)           0  
##>speculate_in_gdef               START           199968728950 (  +0.00)    214748364.70 (   +0.00)          0 (       0)                    0 (  +0.00)              
##> pre_speculate_mux_merge        START           199968728950 (  +0.00)    214748364.70 (   +0.00)          0 (       0)                    0 (  +0.00)              
##>                                  END           199968728950 (  +0.00)    214748364.70 (   +0.00)          0 (       0)                    0 (  +0.00)           0  
##>                                  END           199968728950 (  +0.00)    214748364.70 (   +0.00)          0 (       0)                    0 (  +0.00)           0  
##>dp_operator_level_decompositio  START           199968728950 (  +0.00)    214748364.70 (   +0.00)          0 (       0)                    0 (  +0.00)              
##>                                  END           199968728950 (  +0.00)    214748364.70 (   +0.00)          0 (       0)                    0 (  +0.00)           0  
##>selective_flatten_dp_config     START           199968728950 (  +0.00)    214748364.70 (   +0.00)          0 (       0)                    0 (  +0.00)              
##>                                  END           199968728950 (  +0.00)    214748364.70 (   +0.00)          0 (       0)                    0 (  +0.00)           0  
##>createMaxCarrySave              START           199968728950 (  +0.00)    214748364.70 (   +0.00)          0 (       0)                    0 (  +0.00)              
##> datapath_rewrite_one_def       START           199968728950 (  +0.00)    214748364.70 (   +0.00)          0 (       0)                    0 (  +0.00)              
##>  fast_cse_elim                 START           199968728950 (  +0.00)    214748364.70 (   +0.00)          0 (       0)                    0 (  +0.00)              
##>                                  END           199968728950 (  +0.00)    214748364.70 (   +0.00)          0 (       0)                    0 (  +0.00)           0  
##>  fast_cse_elim                 START           199968728950 (  +0.00)    214748364.70 (   +0.00)          0 (       0)                    0 (  +0.00)              
##>                                  END           199968728950 (  +0.00)    214748364.70 (   +0.00)          0 (       0)                    0 (  +0.00)           0  
##>  rewrite                       START           199968728950 (  +0.00)    214748364.70 (   +0.00)          0 (       0)                    0 (  +0.00)              (na,csaa) add_c_with_select_version1 --> add_c_with_select_version2
##>                                  END           200629254320 (  +0.33)    214748364.70 (   +0.00)          0 (       0)                    0 (  +0.00)           0  
##>  rewrite                       START           199968728950 (  -0.33)    214748364.70 (   +0.00)          0 (       0)                    0 (  +0.00)              (a,ar) add_c_ohmux_version1 --> add_c_ohmux_version2
##>                                  END           200629254320 (  +0.33)    214748364.70 (   +0.00)          0 (       0)                    0 (  +0.00)           0  
##>  rewrite                       START           200629254320 (  +0.00)    214748364.70 (   +0.00)          0 (       0)                    0 (  +0.00)              (a,ar) add_c_ohmux_version1 --> add_c_ohmux_version2
##>                                  END           201289779690 (  +0.33)    214748364.70 (   +0.00)          0 (       0)                    0 (  +0.00)           0  
##>  rewrite                       START           201289779690 (  +0.00)    214748364.70 (   +0.00)          0 (       0)                    0 (  +0.00)              (a,ar) add_c_ohmux_version1 --> add_c_ohmux_version2
##>                                  END           201950305060 (  +0.33)    214748364.70 (   +0.00)          0 (       0)                    0 (  +0.00)           0  
##>  rewrite                       START           201950305060 (  +0.00)    214748364.70 (   +0.00)          0 (       0)                    0 (  +0.00)              (a,ar) add_c_ohmux_version1 --> add_c_ohmux_version2
##>                                  END           202610830430 (  +0.33)    214748364.70 (   +0.00)          0 (       0)                    0 (  +0.00)           0  
##>  fast_cse_elim                 START           202610830430 (  +0.00)    214748364.70 (   +0.00)          0 (       0)                    0 (  +0.00)              
##>                                  END           202610830430 (  +0.00)    214748364.70 (   +0.00)          0 (       0)                    0 (  +0.00)           0  
##>  fast_cse_elim                 START           202610830430 (  +0.00)    214748364.70 (   +0.00)          0 (       0)                    0 (  +0.00)              
##>                                  END           202610830430 (  +0.00)    214748364.70 (   +0.00)          0 (       0)                    0 (  +0.00)           0  
##>                                  END           202610830430 (  +1.32)    214748364.70 (   +0.00)          0 (       0)                    0 (  +0.00)           0  
##> dpopt_share_one_def            START           202610830430 (  +0.00)    214748364.70 (   +0.00)          0 (       0)                    0 (  +0.00)              
##>                                  END           202610830430 (  +0.00)    214748364.70 (   +0.00)          0 (       0)                    0 (  +0.00)           0  
##> csa_opto                       START           202610830430 (  +0.00)    214748364.70 (   +0.00)          0 (       0)                    0 (  +0.00)              
##>                                  END           196431722130 (  -3.05)    214748364.70 (   +0.00)          0 (       0)                    0 (  +0.00)           2  
##>                                  END           196431722130 (  -1.77)    214748364.70 (   +0.00)          0 (       0)                    0 (  +0.00)           3  
##>rewrite                         START           196431722130 (  +0.00)    214748364.70 (   +0.00)          0 (       0)                    0 (  +0.00)              (a,ar) csa_add_and_inc_v2 --> csa_add_ci
##>                                  END           196431722130 (  +0.00)    214748364.70 (   +0.00)          0 (       0)                    0 (  +0.00)           0  
##>rewrite                         START           196431722130 (  +0.00)    214748364.70 (   +0.00)          0 (       0)                    0 (  +0.00)              (a,ar) csa_add_and_inc_v2 --> csa_add_ci
##>                                  END           196431722130 (  +0.00)    214748364.70 (   +0.00)          0 (       0)                    0 (  +0.00)           0  
##>rewrite                         START           196431722130 (  +0.00)    214748364.70 (   +0.00)          0 (       0)                    0 (  +0.00)              (a,ar) csa_add_and_inc_v2 --> csa_add_ci
##>                                  END           196431722130 (  +0.00)    214748364.70 (   +0.00)          0 (       0)                    0 (  +0.00)           0  
##>rewrite                         START           196431722130 (  +0.00)    214748364.70 (   +0.00)          0 (       0)                    0 (  +0.00)              (a,ar) csa_add_and_inc_v2 --> csa_add_ci
##>                                  END           196431722130 (  +0.00)    214748364.70 (   +0.00)          0 (       0)                    0 (  +0.00)           0  
##>datapath_rewrite_post_csa_one_  START           196431722130 (  +0.00)    214748364.70 (   +0.00)          0 (       0)                    0 (  +0.00)              
##>                                  END           196431722130 (  +0.00)    214748364.70 (   +0.00)          0 (       0)                    0 (  +0.00)           0  
##>datapath_csa_factoring_one_gde  START           196431722130 (  +0.00)    214748364.70 (   +0.00)          0 (       0)                    0 (  +0.00)              
##>                                  END           196431722130 (  +0.00)    214748364.70 (   +0.00)          0 (       0)                    0 (  +0.00)           0  
##>dpopt_share_one_def             START           196431722130 (  +0.00)    214748364.70 (   +0.00)          0 (       0)                    0 (  +0.00)              
##>                                  END           196431722130 (  +0.00)    214748364.70 (   +0.00)          0 (       0)                    0 (  +0.00)           0  
##>datapath_rewrite_post_share     START           196431722130 (  +0.00)    214748364.70 (   +0.00)          0 (       0)                    0 (  +0.00)              
##>                                  END           196431722130 (  +0.00)    214748364.70 (   +0.00)          0 (       0)                    0 (  +0.00)           0  
##>dp_combine_const_mult_with_com  START           196431722130 (  +0.00)    214748364.70 (   +0.00)          0 (       0)                    0 (  +0.00)              
##>                                  END           196431722130 (  +0.00)    214748364.70 (   +0.00)          0 (       0)                    0 (  +0.00)           0  
##>speculate_in_gdef               START           196431722130 (  +0.00)    214748364.70 (   +0.00)          0 (       0)                    0 (  +0.00)              
##> pre_speculate_mux_merge        START           196431722130 (  +0.00)    214748364.70 (   +0.00)          0 (       0)                    0 (  +0.00)              
##>                                  END           196431722130 (  +0.00)    214748364.70 (   +0.00)          0 (       0)                    0 (  +0.00)           0  
##>                                  END           196431722130 (  +0.00)    214748364.70 (   +0.00)          0 (       0)                    0 (  +0.00)           0  
##>dp_operator_level_decompositio  START           196431722130 (  +0.00)    214748364.70 (   +0.00)          0 (       0)                    0 (  +0.00)              
##>                                  END           196431722130 (  +0.00)    214748364.70 (   +0.00)          0 (       0)                    0 (  +0.00)           0  
##>selective_flatten_dp_config     START           196431722130 (  +0.00)    214748364.70 (   +0.00)          0 (       0)                    0 (  +0.00)              
##>                                  END           196431722130 (  +0.00)    214748364.70 (   +0.00)          0 (       0)                    0 (  +0.00)           0  
##>createMaxCarrySave              START           196431722130 (  +0.00)    214748364.70 (   +0.00)          0 (       0)                    0 (  +0.00)              
##> datapath_rewrite_one_def       START           196431722130 (  +0.00)    214748364.70 (   +0.00)          0 (       0)                    0 (  +0.00)              
##>  fast_cse_elim                 START           196431722130 (  +0.00)    214748364.70 (   +0.00)          0 (       0)                    0 (  +0.00)              
##>                                  END           196431722130 (  +0.00)    214748364.70 (   +0.00)          0 (       0)                    0 (  +0.00)           0  
##>  fast_cse_elim                 START           196431722130 (  +0.00)    214748364.70 (   +0.00)          0 (       0)                    0 (  +0.00)              
##>                                  END           196431722130 (  +0.00)    214748364.70 (   +0.00)          0 (       0)                    0 (  +0.00)           0  
##>                                  END           196431722130 (  +0.00)    214748364.70 (   +0.00)          0 (       0)                    0 (  +0.00)           0  
##> dpopt_share_one_def            START           196431722130 (  +0.00)    214748364.70 (   +0.00)          0 (       0)                    0 (  +0.00)              
##>                                  END           196431722130 (  +0.00)    214748364.70 (   +0.00)          0 (       0)                    0 (  +0.00)           0  
##> csa_opto                       START           196431722130 (  +0.00)    214748364.70 (   +0.00)          0 (       0)                    0 (  +0.00)              
##>                                  END           196431722130 (  +0.00)    214748364.70 (   +0.00)          0 (       0)                    0 (  +0.00)           2  
##>                                  END           196431722130 (  +0.00)    214748364.70 (   +0.00)          0 (       0)                    0 (  +0.00)           2  
##>context_based_simplify          START           196325185780 (  -0.05)    214748364.70 (   +0.00)          0 (       0)                    0 (  +0.00)              
##>                                  END           191381899140 (  -2.52)    214748364.70 (   +0.00)          0 (       0)                    0 (  +0.00)           0  
##>group_csa_final_adder_dp        START           191381899140 (  +0.00)    214748364.70 (   +0.00)          0 (       0)                    0 (  +0.00)              
##>                                  END           195984269460 (  +2.40)    214748364.70 (   +0.00)          0 (       0)                    0 (  +0.00)           0  
##>dpopt_flatten_critical_muxes_i  START           195984269460 (  +0.00)    214748364.70 (   +0.00)          0 (       0)                    0 (  +0.00)              
##>                                  END           195984269460 (  +0.00)    214748364.70 (   +0.00)          0 (       0)                    0 (  +0.00)           0  
##>speculate_in_gdef               START           195984269460 (  +0.00)    214748364.70 (   +0.00)          0 (       0)                    0 (  +0.00)              
##> pre_speculate_mux_merge        START           195984269460 (  +0.00)    214748364.70 (   +0.00)          0 (       0)                    0 (  +0.00)              
##>                                  END           195984269460 (  +0.00)    214748364.70 (   +0.00)          0 (       0)                    0 (  +0.00)           0  
##>                                  END           195984269460 (  +0.00)    214748364.70 (   +0.00)          0 (       0)                    0 (  +0.00)           0  
##>create_score                    START           191381899140 (  -2.35)       -1.80 (-214748366.50)        144 (     144)                    0 (  +0.00)              
##>                                  END           191381899140 (  +0.00)       -1.80 (   +0.00)        144 (       0)                    0 (  +0.00)           0  
##>+-----------------------------------------------------------------------------------------------------------------------------------------------------------------------------------------------------+
Committed config: CDN_DP_region_7_14_c6
Info    : Done implementing datapath configurations. [DPOPT-4]
        : Selected 'very_fast' configuration 6 for module 'CDN_DP_region_7_14_c6'.
          Optimizations applied to 'very_fast' configuration:
            rewriting(8), factoring(0), sharing(4), cmultcse(0), downsizing(0), speculation(0)
Info    : Implementing datapath configurations. [DPOPT-3]
        : Implementing datapath configurations for 'CDN_DP_region_7_4'
  CSAGen Prep Share:0 Re-Write:0 Speculation: 0

CDN_DP_region_7_4 level = 0 loads = 0 drivers = 0
CDN_DP_region_7_4_c0 in butterfly2x2: area: 14872474460 , DP = 2  Mux = 9  ctl_case = 3  other = 10  sg = slow     
    wns: 0  norm_wns:  -1.0000 
    tns:  0
 skipped
CDN_DP_region_7_4_c1 in butterfly2x2: area: 14595479950 , DP = 2  Mux = 9  other = 28  sg = fast     
    wns: 0  norm_wns:  -1.0000 
    tns:  0
 is current best
CDN_DP_region_7_4_c2 in butterfly2x2: area: 14595479950 , DP = 2  Mux = 9  other = 28  sg = very_slow
    wns: 0  norm_wns:  -1.0000 
    tns:  0
 is current best
CDN_DP_region_7_4_c3 in butterfly2x2: area: 14595479950 , DP = 2  Mux = 9  other = 28  sg = very_fast
    wns: 0  norm_wns:  -1.0000 
    tns:  0
 is current best
CDN_DP_region_7_4_c4 in butterfly2x2: area: 14595479950 , DP = 2  Mux = 9  other = 28  sg = very_fast
    wns: 0  norm_wns:  -1.0000 
    tns:  0
 is current best
CDN_DP_region_7_4_c5 in butterfly2x2: area: 14595479950 , DP = 2  Mux = 9  other = 28  sg = very_fast
    wns: 0  norm_wns:  -1.0000 
    tns:  0
 is current best
CDN_DP_region_7_4_c6 in butterfly2x2: area: 14595479950 , DP = 2  Mux = 9  other = 28  sg = very_fast
    wns: 0  norm_wns:  -1.0000 
    tns:  0
 is current best
CDN_DP_region_7_4_c7 in butterfly2x2: area: 14595479950 , DP = 2  Mux = 9  other = 28  sg = very_fast
    wns: 0  norm_wns:  -1.0000 
    tns:  0
 is current best
Best config: CDN_DP_region_7_4_c7 in butterfly2x2: area: 14595479950 , DP = 2  Mux = 9  other = 28  sg = very_fast
    wns: 0  norm_wns:  -1.0000 
    tns:  0
  Smallest config area : 14595479950.  Fastest config wns;  0
##>+----------------------------------------------------------------------------------------------------------------------------------------------------------------+
##>Summary table of configs (Best config is CDN_DP_region_7_4_c7)
##>+----------------------------------------------------------------------------------------------------------------------------------------------------------------+
##>                     0                  1                  2                  3                  4                  5                  6                  7            
##>+----------------------------------------------------------------------------------------------------------------------------------------------------------------+
##>           Area      14872474460        14595479950        14595479950        14595479950        14595479950        14595479950        14595479950        14595479950  
##>            WNS          +293.00            +293.00            +293.00            +293.00            +293.00            +293.00            +293.00            +293.00  
##>            TNS                0                  0                  0                  0                  0                  0                  0                  0  
##>    Num Rewrite                0                  0                  0                  0                  0                  0                  0                  0  
##>      Num Share                0                  0                  0                  0                  0                  0                  0                  0  
##>  Num Speculate                0                  0                  0                  0                  0                  0                  0                  0  
##>         Num DP                2                  2                  2                  2                  2                  2                  2                  2  
##>        Num Mux                9                  9                  9                  9                  9                  9                  9                  9  
##>   Num ctl_case                3                  0                  0                  0                  0                  0                  0                  0  
##>      Num other               10                 28                 28                 28                 28                 28                 28                 28  
##>     Runtime(s)                0                  1                  1                  1                  1                  1                  1                  1  
+----------------------------------------------------------------------------------------------------------------------------------------------------------------+
##>
##>
##>+-----------------------------------------------------------------------------------------------------------------------------------------------------------------------------------------------------+
##>Optimization Step DEBUG Table for config CDN_DP_region_7_4_c7
##>
##>                          Step                        Area   (  % Chg)         WNS (Change)          TNS (Change)                Power   (  % Chg)        Runtime (s)        Comment                   
##>+-----------------------------------------------------------------------------------------------------------------------------------------------------------------------------------------------------+
##>EquationExtraction              START            14872474460 (       )      293.00 (        )          0 (        )                    0 (       )              
##> rewrite                        START            19623995670 ( +31.95)      272.80 (  -20.20)          0 (       0)                    0 (  +0.00)              (a,ar) Expr16_from --> Expr16_to
##>                                  END            28051020955 ( +42.94)      272.80 (   +0.00)          0 (       0)                    0 (  +0.00)           0  
##> rewrite                        START            28051020955 (  +0.00)      272.80 (   +0.00)          0 (       0)                    0 (  +0.00)              (a,ar) Expr17_from --> Expr17_to
##>                                  END            36478046240 ( +30.04)      272.80 (   +0.00)          0 (       0)                    0 (  +0.00)           0  
##>                                  END            14872474460 (  +0.00)      293.00 (   +0.00)          0 (       0)                    0 (  +0.00)           0  
##>createMaxCarrySave              START            14872474460 (  +0.00)      293.00 (   +0.00)          0 (       0)                    0 (  +0.00)              
##> datapath_rewrite_one_def       START            14872474460 (  +0.00)      293.00 (   +0.00)          0 (       0)                    0 (  +0.00)              
##>                                  END            14872474460 (  +0.00)      293.00 (   +0.00)          0 (       0)                    0 (  +0.00)           0  
##> speculate_in_gdef              START            14872474460 (  +0.00)      293.00 (   +0.00)          0 (       0)                    0 (  +0.00)              
##>  pre_speculate_mux_merge       START            14872474460 (  +0.00)      293.00 (   +0.00)          0 (       0)                    0 (  +0.00)              
##>                                  END            14872474460 (  +0.00)      293.00 (   +0.00)          0 (       0)                    0 (  +0.00)           0  
##>                                  END            14872474460 (  +0.00)      293.00 (   +0.00)          0 (       0)                    0 (  +0.00)           0  
##> csa_opto                       START            14872474460 (  +0.00)      293.00 (   +0.00)          0 (       0)                    0 (  +0.00)              
##>                                  END            14872474460 (  +0.00)      293.00 (   +0.00)          0 (       0)                    0 (  +0.00)           0  
##>                                  END            14872474460 (  +0.00)      293.00 (   +0.00)          0 (       0)                    0 (  +0.00)           0  
##>canonicalize_by_names           START            14872474460 (  +0.00)      293.00 (   +0.00)          0 (       0)                    0 (  +0.00)              
##>                                  END            14872474460 (  +0.00)      293.00 (   +0.00)          0 (       0)                    0 (  +0.00)           0  
##>datapath_rewrite_post_csa_one_  START            14872474460 (  +0.00)      293.00 (   +0.00)          0 (       0)                    0 (  +0.00)              
##>                                  END            14872474460 (  +0.00)      293.00 (   +0.00)          0 (       0)                    0 (  +0.00)           0  
##>datapath_csa_factoring_one_gde  START            14872474460 (  +0.00)      293.00 (   +0.00)          0 (       0)                    0 (  +0.00)              
##>                                  END            14872474460 (  +0.00)      293.00 (   +0.00)          0 (       0)                    0 (  +0.00)           0  
##>dpopt_share_one_def             START            14872474460 (  +0.00)      293.00 (   +0.00)          0 (       0)                    0 (  +0.00)              
##>                                  END            14872474460 (  +0.00)      293.00 (   +0.00)          0 (       0)                    0 (  +0.00)           0  
##>datapath_rewrite_post_share     START            14872474460 (  +0.00)      293.00 (   +0.00)          0 (       0)                    0 (  +0.00)              
##>                                  END            14872474460 (  +0.00)      293.00 (   +0.00)          0 (       0)                    0 (  +0.00)           0  
##>dp_combine_const_mult_with_com  START            14872474460 (  +0.00)      293.00 (   +0.00)          0 (       0)                    0 (  +0.00)              
##>                                  END            14872474460 (  +0.00)      293.00 (   +0.00)          0 (       0)                    0 (  +0.00)           0  
##>speculate_in_gdef               START            14872474460 (  +0.00)      293.00 (   +0.00)          0 (       0)                    0 (  +0.00)              
##> pre_speculate_mux_merge        START            14872474460 (  +0.00)      293.00 (   +0.00)          0 (       0)                    0 (  +0.00)              
##>                                  END            14872474460 (  +0.00)      293.00 (   +0.00)          0 (       0)                    0 (  +0.00)           0  
##>                                  END            14872474460 (  +0.00)      293.00 (   +0.00)          0 (       0)                    0 (  +0.00)           0  
##>dp_operator_level_decompositio  START            14872474460 (  +0.00)      293.00 (   +0.00)          0 (       0)                    0 (  +0.00)              
##>                                  END            14872474460 (  +0.00)      293.00 (   +0.00)          0 (       0)                    0 (  +0.00)           0  
##>selective_flatten_dp_config     START            14872474460 (  +0.00)      293.00 (   +0.00)          0 (       0)                    0 (  +0.00)              
##>                                  END            14872474460 (  +0.00)      293.00 (   +0.00)          0 (       0)                    0 (  +0.00)           0  
##>createMaxCarrySave              START            14872474460 (  +0.00)      293.00 (   +0.00)          0 (       0)                    0 (  +0.00)              
##> datapath_rewrite_one_def       START            14872474460 (  +0.00)      293.00 (   +0.00)          0 (       0)                    0 (  +0.00)              
##>  fast_cse_elim                 START            14872474460 (  +0.00)      293.00 (   +0.00)          0 (       0)                    0 (  +0.00)              
##>                                  END            14627440855 (  -1.65)      293.00 (   +0.00)          0 (       0)                    0 (  +0.00)           0  
##>  fast_cse_elim                 START            14627440855 (  +0.00)      293.00 (   +0.00)          0 (       0)                    0 (  +0.00)              
##>                                  END            14627440855 (  +0.00)      293.00 (   +0.00)          0 (       0)                    0 (  +0.00)           0  
##>                                  END            14627440855 (  -1.65)      293.00 (   +0.00)          0 (       0)                    0 (  +0.00)           0  
##> speculate_in_gdef              START            14627440855 (  +0.00)      293.00 (   +0.00)          0 (       0)                    0 (  +0.00)              
##>  pre_speculate_mux_merge       START            14627440855 (  +0.00)      293.00 (   +0.00)          0 (       0)                    0 (  +0.00)              
##>                                  END            14627440855 (  +0.00)      293.00 (   +0.00)          0 (       0)                    0 (  +0.00)           0  
##>                                  END            14627440855 (  +0.00)      293.00 (   +0.00)          0 (       0)                    0 (  +0.00)           0  
##> csa_opto                       START            14627440855 (  +0.00)      293.00 (   +0.00)          0 (       0)                    0 (  +0.00)              
##>                                  END            14627440855 (  +0.00)      293.00 (   +0.00)          0 (       0)                    0 (  +0.00)           0  
##>                                  END            14627440855 (  -1.65)      293.00 (   +0.00)          0 (       0)                    0 (  +0.00)           0  
##>context_based_simplify          START            14595479950 (  -0.22)      293.00 (   +0.00)          0 (       0)                    0 (  +0.00)              
##>                                  END            14595479950 (  +0.00)      293.00 (   +0.00)          0 (       0)                    0 (  +0.00)           0  
##>group_csa_final_adder_dp        START            14595479950 (  +0.00)      293.00 (   +0.00)          0 (       0)                    0 (  +0.00)              
##>                                  END            14595479950 (  +0.00)      293.00 (   +0.00)          0 (       0)                    0 (  +0.00)           0  
##>dpopt_flatten_critical_muxes_i  START            14595479950 (  +0.00)      293.00 (   +0.00)          0 (       0)                    0 (  +0.00)              
##>                                  END            14595479950 (  +0.00)      293.00 (   +0.00)          0 (       0)                    0 (  +0.00)           0  
##>speculate_in_gdef               START            14595479950 (  +0.00)      293.00 (   +0.00)          0 (       0)                    0 (  +0.00)              
##> pre_speculate_mux_merge        START            14595479950 (  +0.00)      293.00 (   +0.00)          0 (       0)                    0 (  +0.00)              
##>                                  END            14595479950 (  +0.00)      293.00 (   +0.00)          0 (       0)                    0 (  +0.00)           0  
##>                                  END            14595479950 (  +0.00)      293.00 (   +0.00)          0 (       0)                    0 (  +0.00)           0  
##>create_score                    START            14595479950 (  +0.00)      293.00 (   +0.00)          0 (       0)                    0 (  +0.00)              
##>                                  END            14595479950 (  +0.00)      293.00 (   +0.00)          0 (       0)                    0 (  +0.00)           0  
##>+-----------------------------------------------------------------------------------------------------------------------------------------------------------------------------------------------------+
Committed config: CDN_DP_region_7_4_c7
Info    : Done implementing datapath configurations. [DPOPT-4]
        : Selected 'very_fast' configuration 7 for module 'CDN_DP_region_7_4_c7'.
          Optimizations applied to 'very_fast' configuration:
            rewriting(0), factoring(0), sharing(0), cmultcse(0), downsizing(0), speculation(0)
Info    : Implementing datapath configurations. [DPOPT-3]
        : Implementing datapath configurations for 'CDN_DP_region_7_15'
  CSAGen Prep Share:0 Re-Write:0 Speculation: 0

CDN_DP_region_7_15 level = 0 loads = 0 drivers = 0
CDN_DP_region_7_15_c0 in butterfly2x2: area: 77782189135 , DP = 1  Mux = 1  other = 2  sg = slow     
    wns: 119  norm_wns:  -1.0000 
    tns:  1547
 skipped
CDN_DP_region_7_15_c1 in butterfly2x2: area: 78037876375 , DP = 1  Mux = 1  other = 2  sg = fast     
    wns: 116  norm_wns:  -1.0000 
    tns:  1508
 is current best
CDN_DP_region_7_15_c2 in butterfly2x2: area: 78037876375 , DP = 1  Mux = 1  other = 2  sg = very_slow
    wns: 116  norm_wns:  -1.0000 
    tns:  1508
 is current best
CDN_DP_region_7_15_c3 in butterfly2x2: area: 78037876375 , DP = 1  Mux = 1  other = 2  sg = very_fast
    wns: 116  norm_wns:  -1.0000 
    tns:  1508
 is current best
CDN_DP_region_7_15_c4 in butterfly2x2: area: 78037876375 , DP = 1  Mux = 1  other = 2  sg = very_fast
    wns: 116  norm_wns:  -1.0000 
    tns:  1508
 is current best
CDN_DP_region_7_15_c5 in butterfly2x2: area: 78037876375 , DP = 1  Mux = 1  other = 2  sg = very_fast
    wns: 116  norm_wns:  -1.0000 
    tns:  1508
 is current best
CDN_DP_region_7_15_c6 in butterfly2x2: area: 78037876375 , DP = 1  Mux = 1  other = 2  sg = very_fast
    wns: 116  norm_wns:  -1.0000 
    tns:  1508
 is current best
CDN_DP_region_7_15_c7 in butterfly2x2: area: 78037876375 , DP = 1  Mux = 1  other = 2  sg = very_fast
    wns: 116  norm_wns:  -1.0000 
    tns:  1508
 is current best
Best config: CDN_DP_region_7_15_c7 in butterfly2x2: area: 78037876375 , DP = 1  Mux = 1  other = 2  sg = very_fast
    wns: 116  norm_wns:  -1.0000 
    tns:  1508
  Smallest config area : 78037876375.  Fastest config wns;  116
##>+----------------------------------------------------------------------------------------------------------------------------------------------------------------+
##>Summary table of configs (Best config is CDN_DP_region_7_15_c7)
##>+----------------------------------------------------------------------------------------------------------------------------------------------------------------+
##>                     0                  1                  2                  3                  4                  5                  6                  7            
##>+----------------------------------------------------------------------------------------------------------------------------------------------------------------+
##>           Area      77782189135        78037876375        78037876375        78037876375        78037876375        78037876375        78037876375        78037876375  
##>            WNS           -11.90             -11.60             -11.60             -11.60             -11.60             -11.60             -11.60             -11.60  
##>            TNS             1547               1508               1508               1508               1508               1508               1508               1508  
##>    Num Rewrite                0                  0                  0                  0                  0                  0                  0                  0  
##>      Num Share                0                  0                  0                  0                  0                  0                  0                  0  
##>  Num Speculate                0                  0                  0                  0                  0                  0                  0                  0  
##>         Num DP                1                  1                  1                  1                  1                  1                  1                  1  
##>        Num Mux                1                  1                  1                  1                  1                  1                  1                  1  
##>      Num other                2                  2                  2                  2                  2                  2                  2                  2  
##>     Runtime(s)                0                  0                  0                  0                  0                  0                  1                  4  
+----------------------------------------------------------------------------------------------------------------------------------------------------------------+
##>
##>
##>+-----------------------------------------------------------------------------------------------------------------------------------------------------------------------------------------------------+
##>Optimization Step DEBUG Table for config CDN_DP_region_7_15_c7
##>
##>                          Step                        Area   (  % Chg)         WNS (Change)          TNS (Change)                Power   (  % Chg)        Runtime (s)        Comment                   
##>+-----------------------------------------------------------------------------------------------------------------------------------------------------------------------------------------------------+
##>EquationExtraction              START            77782189135 (       )      -11.90 (        )       1547 (        )                    0 (       )              
##> rewrite                        START           319097675520 (+310.25)      -82.80 (  -70.90)      14437 (   12890)                    0 (  +0.00)              (a,ar) Expr18_from --> Expr18_to
##>                                  END           156097060020 ( -51.08)      -85.80 (   -3.00)      15127 (     690)                    0 (  +0.00)           1  
##>                                  END            77782189135 (  +0.00)      -11.90 (   +0.00)       1547 (       0)                    0 (  +0.00)           3  
##>createMaxCarrySave              START            77782189135 (  +0.00)      -11.90 (   +0.00)       1547 (       0)                    0 (  +0.00)              
##> datapath_rewrite_one_def       START            77782189135 (  +0.00)      -11.90 (   +0.00)       1547 (       0)                    0 (  +0.00)              
##>                                  END            77782189135 (  +0.00)      -11.90 (   +0.00)       1547 (       0)                    0 (  +0.00)           0  
##> speculate_in_gdef              START            77782189135 (  +0.00)      -11.90 (   +0.00)       1547 (       0)                    0 (  +0.00)              
##>  pre_speculate_mux_merge       START            77782189135 (  +0.00)      -11.90 (   +0.00)       1547 (       0)                    0 (  +0.00)              
##>                                  END            77782189135 (  +0.00)      -11.90 (   +0.00)       1547 (       0)                    0 (  +0.00)           0  
##>                                  END            77782189135 (  +0.00)      -11.90 (   +0.00)       1547 (       0)                    0 (  +0.00)           0  
##> csa_opto                       START            77782189135 (  +0.00)      -11.90 (   +0.00)       1547 (       0)                    0 (  +0.00)              
##>                                  END            78037876375 (  +0.33)      -11.60 (   +0.30)       1508 (     -39)                    0 (  +0.00)           0  
##>                                  END            78037876375 (  +0.33)      -11.60 (   +0.30)       1508 (     -39)                    0 (  +0.00)           0  
##>canonicalize_by_names           START            78037876375 (  +0.00)      -11.60 (   +0.00)       1508 (       0)                    0 (  +0.00)              
##>                                  END            78037876375 (  +0.00)      -11.60 (   +0.00)       1508 (       0)                    0 (  +0.00)           0  
##>datapath_rewrite_post_csa_one_  START            78037876375 (  +0.00)      -11.60 (   +0.00)       1508 (       0)                    0 (  +0.00)              
##>                                  END            78037876375 (  +0.00)      -11.60 (   +0.00)       1508 (       0)                    0 (  +0.00)           0  
##>datapath_csa_factoring_one_gde  START            78037876375 (  +0.00)      -11.60 (   +0.00)       1508 (       0)                    0 (  +0.00)              
##>                                  END            78037876375 (  +0.00)      -11.60 (   +0.00)       1508 (       0)                    0 (  +0.00)           0  
##>dpopt_share_one_def             START            78037876375 (  +0.00)      -11.60 (   +0.00)       1508 (       0)                    0 (  +0.00)              
##>                                  END            78037876375 (  +0.00)      -11.60 (   +0.00)       1508 (       0)                    0 (  +0.00)           0  
##>datapath_rewrite_post_share     START            78037876375 (  +0.00)      -11.60 (   +0.00)       1508 (       0)                    0 (  +0.00)              
##>                                  END            78037876375 (  +0.00)      -11.60 (   +0.00)       1508 (       0)                    0 (  +0.00)           0  
##>dp_combine_const_mult_with_com  START            78037876375 (  +0.00)      -11.60 (   +0.00)       1508 (       0)                    0 (  +0.00)              
##>                                  END            78037876375 (  +0.00)      -11.60 (   +0.00)       1508 (       0)                    0 (  +0.00)           0  
##>speculate_in_gdef               START            78037876375 (  +0.00)      -11.60 (   +0.00)       1508 (       0)                    0 (  +0.00)              
##> pre_speculate_mux_merge        START            78037876375 (  +0.00)      -11.60 (   +0.00)       1508 (       0)                    0 (  +0.00)              
##>                                  END            78037876375 (  +0.00)      -11.60 (   +0.00)       1508 (       0)                    0 (  +0.00)           0  
##>                                  END            78037876375 (  +0.00)      -11.60 (   +0.00)       1508 (       0)                    0 (  +0.00)           0  
##>dp_operator_level_decompositio  START            78037876375 (  +0.00)      -11.60 (   +0.00)       1508 (       0)                    0 (  +0.00)              
##>                                  END            78037876375 (  +0.00)      -11.60 (   +0.00)       1508 (       0)                    0 (  +0.00)           0  
##>selective_flatten_dp_config     START            78037876375 (  +0.00)      -11.60 (   +0.00)       1508 (       0)                    0 (  +0.00)              
##>                                  END            78037876375 (  +0.00)      -11.60 (   +0.00)       1508 (       0)                    0 (  +0.00)           0  
##>createMaxCarrySave              START            78037876375 (  +0.00)      -11.60 (   +0.00)       1508 (       0)                    0 (  +0.00)              
##> datapath_rewrite_one_def       START            78037876375 (  +0.00)      -11.60 (   +0.00)       1508 (       0)                    0 (  +0.00)              
##>  fast_cse_elim                 START            78037876375 (  +0.00)      -11.60 (   +0.00)       1508 (       0)                    0 (  +0.00)              
##>                                  END            78037876375 (  +0.00)      -11.60 (   +0.00)       1508 (       0)                    0 (  +0.00)           0  
##>  fast_cse_elim                 START            78037876375 (  +0.00)      -11.60 (   +0.00)       1508 (       0)                    0 (  +0.00)              
##>                                  END            78037876375 (  +0.00)      -11.60 (   +0.00)       1508 (       0)                    0 (  +0.00)           0  
##>                                  END            78037876375 (  +0.00)      -11.60 (   +0.00)       1508 (       0)                    0 (  +0.00)           0  
##> speculate_in_gdef              START            78037876375 (  +0.00)      -11.60 (   +0.00)       1508 (       0)                    0 (  +0.00)              
##>  pre_speculate_mux_merge       START            78037876375 (  +0.00)      -11.60 (   +0.00)       1508 (       0)                    0 (  +0.00)              
##>                                  END            78037876375 (  +0.00)      -11.60 (   +0.00)       1508 (       0)                    0 (  +0.00)           0  
##>                                  END            78037876375 (  +0.00)      -11.60 (   +0.00)       1508 (       0)                    0 (  +0.00)           0  
##> csa_opto                       START            78037876375 (  +0.00)      -11.60 (   +0.00)       1508 (       0)                    0 (  +0.00)              
##>                                  END            78037876375 (  +0.00)      -11.60 (   +0.00)       1508 (       0)                    0 (  +0.00)           0  
##>                                  END            78037876375 (  +0.00)      -11.60 (   +0.00)       1508 (       0)                    0 (  +0.00)           0  
##>context_based_simplify          START            78037876375 (  +0.00)      -11.60 (   +0.00)       1508 (       0)                    0 (  +0.00)              
##>                                  END            78037876375 (  +0.00)      -11.60 (   +0.00)       1508 (       0)                    0 (  +0.00)           0  
##>group_csa_final_adder_dp        START            78037876375 (  +0.00)      -11.60 (   +0.00)       1508 (       0)                    0 (  +0.00)              
##>                                  END            78037876375 (  +0.00)      -11.60 (   +0.00)       1508 (       0)                    0 (  +0.00)           0  
##>dpopt_flatten_critical_muxes_i  START            78037876375 (  +0.00)      -11.60 (   +0.00)       1508 (       0)                    0 (  +0.00)              
##>                                  END            78037876375 (  +0.00)      -11.60 (   +0.00)       1508 (       0)                    0 (  +0.00)           0  
##>speculate_in_gdef               START            78037876375 (  +0.00)      -11.60 (   +0.00)       1508 (       0)                    0 (  +0.00)              
##> pre_speculate_mux_merge        START            78037876375 (  +0.00)      -11.60 (   +0.00)       1508 (       0)                    0 (  +0.00)              
##>                                  END            78037876375 (  +0.00)      -11.60 (   +0.00)       1508 (       0)                    0 (  +0.00)           0  
##>                                  END            78037876375 (  +0.00)      -11.60 (   +0.00)       1508 (       0)                    0 (  +0.00)           0  
##>create_score                    START            78037876375 (  +0.00)      -11.60 (   +0.00)       1508 (       0)                    0 (  +0.00)              
##>                                  END            78037876375 (  +0.00)      -11.60 (   +0.00)       1508 (       0)                    0 (  +0.00)           0  
##>+-----------------------------------------------------------------------------------------------------------------------------------------------------------------------------------------------------+
Committed config: CDN_DP_region_7_15_c7
Info    : Done implementing datapath configurations. [DPOPT-4]
        : Selected 'very_fast' configuration 7 for module 'CDN_DP_region_7_15_c7'.
          Optimizations applied to 'very_fast' configuration:
            rewriting(0), factoring(0), sharing(0), cmultcse(0), downsizing(0), speculation(0)
Info    : Implementing datapath configurations. [DPOPT-3]
        : Implementing datapath configurations for 'CDN_DP_region_7_13'
  CSAGen Prep Share:0 Re-Write:0 Speculation: 0

CDN_DP_region_7_13 level = 0 loads = 0 drivers = 0
CDN_DP_region_7_13_c0 in butterfly2x2: area: 77782189135 , DP = 1  Mux = 1  other = 2  sg = slow     
    wns: 119  norm_wns:  -1.0000 
    tns:  1547
 skipped
CDN_DP_region_7_13_c1 in butterfly2x2: area: 78037876375 , DP = 1  Mux = 1  other = 2  sg = fast     
    wns: 116  norm_wns:  -1.0000 
    tns:  1508
 is current best
CDN_DP_region_7_13_c2 in butterfly2x2: area: 78037876375 , DP = 1  Mux = 1  other = 2  sg = very_slow
    wns: 116  norm_wns:  -1.0000 
    tns:  1508
 is current best
CDN_DP_region_7_13_c3 in butterfly2x2: area: 78037876375 , DP = 1  Mux = 1  other = 2  sg = very_fast
    wns: 116  norm_wns:  -1.0000 
    tns:  1508
 is current best
CDN_DP_region_7_13_c4 in butterfly2x2: area: 78037876375 , DP = 1  Mux = 1  other = 2  sg = very_fast
    wns: 116  norm_wns:  -1.0000 
    tns:  1508
 is current best
CDN_DP_region_7_13_c5 in butterfly2x2: area: 78037876375 , DP = 1  Mux = 1  other = 2  sg = very_fast
    wns: 116  norm_wns:  -1.0000 
    tns:  1508
 is current best
CDN_DP_region_7_13_c6 in butterfly2x2: area: 78037876375 , DP = 1  Mux = 1  other = 2  sg = very_fast
    wns: 116  norm_wns:  -1.0000 
    tns:  1508
 is current best
CDN_DP_region_7_13_c7 in butterfly2x2: area: 78037876375 , DP = 1  Mux = 1  other = 2  sg = very_fast
    wns: 116  norm_wns:  -1.0000 
    tns:  1508
 is current best
Best config: CDN_DP_region_7_13_c7 in butterfly2x2: area: 78037876375 , DP = 1  Mux = 1  other = 2  sg = very_fast
    wns: 116  norm_wns:  -1.0000 
    tns:  1508
  Smallest config area : 78037876375.  Fastest config wns;  116
##>+----------------------------------------------------------------------------------------------------------------------------------------------------------------+
##>Summary table of configs (Best config is CDN_DP_region_7_13_c7)
##>+----------------------------------------------------------------------------------------------------------------------------------------------------------------+
##>                     0                  1                  2                  3                  4                  5                  6                  7            
##>+----------------------------------------------------------------------------------------------------------------------------------------------------------------+
##>           Area      77782189135        78037876375        78037876375        78037876375        78037876375        78037876375        78037876375        78037876375  
##>            WNS           -11.90             -11.60             -11.60             -11.60             -11.60             -11.60             -11.60             -11.60  
##>            TNS             1547               1508               1508               1508               1508               1508               1508               1508  
##>    Num Rewrite                0                  0                  0                  0                  0                  0                  0                  0  
##>      Num Share                0                  0                  0                  0                  0                  0                  0                  0  
##>  Num Speculate                0                  0                  0                  0                  0                  0                  0                  0  
##>         Num DP                1                  1                  1                  1                  1                  1                  1                  1  
##>        Num Mux                1                  1                  1                  1                  1                  1                  1                  1  
##>      Num other                2                  2                  2                  2                  2                  2                  2                  2  
##>     Runtime(s)                0                  0                  0                  0                  0                  0                  1                  3  
+----------------------------------------------------------------------------------------------------------------------------------------------------------------+
##>
##>
##>+-----------------------------------------------------------------------------------------------------------------------------------------------------------------------------------------------------+
##>Optimization Step DEBUG Table for config CDN_DP_region_7_13_c7
##>
##>                          Step                        Area   (  % Chg)         WNS (Change)          TNS (Change)                Power   (  % Chg)        Runtime (s)        Comment                   
##>+-----------------------------------------------------------------------------------------------------------------------------------------------------------------------------------------------------+
##>EquationExtraction              START            77782189135 (       )      -11.90 (        )       1547 (        )                    0 (       )              
##> rewrite                        START           319097675520 (+310.25)      -82.80 (  -70.90)      14437 (   12890)                    0 (  +0.00)              (a,ar) Expr19_from --> Expr19_to
##>                                  END           156097060020 ( -51.08)      -85.80 (   -3.00)      15127 (     690)                    0 (  +0.00)           1  
##>                                  END            77782189135 (  +0.00)      -11.90 (   +0.00)       1547 (       0)                    0 (  +0.00)           2  
##>createMaxCarrySave              START            77782189135 (  +0.00)      -11.90 (   +0.00)       1547 (       0)                    0 (  +0.00)              
##> datapath_rewrite_one_def       START            77782189135 (  +0.00)      -11.90 (   +0.00)       1547 (       0)                    0 (  +0.00)              
##>                                  END            77782189135 (  +0.00)      -11.90 (   +0.00)       1547 (       0)                    0 (  +0.00)           0  
##> speculate_in_gdef              START            77782189135 (  +0.00)      -11.90 (   +0.00)       1547 (       0)                    0 (  +0.00)              
##>  pre_speculate_mux_merge       START            77782189135 (  +0.00)      -11.90 (   +0.00)       1547 (       0)                    0 (  +0.00)              
##>                                  END            77782189135 (  +0.00)      -11.90 (   +0.00)       1547 (       0)                    0 (  +0.00)           0  
##>                                  END            77782189135 (  +0.00)      -11.90 (   +0.00)       1547 (       0)                    0 (  +0.00)           0  
##> csa_opto                       START            77782189135 (  +0.00)      -11.90 (   +0.00)       1547 (       0)                    0 (  +0.00)              
##>                                  END            78037876375 (  +0.33)      -11.60 (   +0.30)       1508 (     -39)                    0 (  +0.00)           0  
##>                                  END            78037876375 (  +0.33)      -11.60 (   +0.30)       1508 (     -39)                    0 (  +0.00)           0  
##>canonicalize_by_names           START            78037876375 (  +0.00)      -11.60 (   +0.00)       1508 (       0)                    0 (  +0.00)              
##>                                  END            78037876375 (  +0.00)      -11.60 (   +0.00)       1508 (       0)                    0 (  +0.00)           0  
##>datapath_rewrite_post_csa_one_  START            78037876375 (  +0.00)      -11.60 (   +0.00)       1508 (       0)                    0 (  +0.00)              
##>                                  END            78037876375 (  +0.00)      -11.60 (   +0.00)       1508 (       0)                    0 (  +0.00)           0  
##>datapath_csa_factoring_one_gde  START            78037876375 (  +0.00)      -11.60 (   +0.00)       1508 (       0)                    0 (  +0.00)              
##>                                  END            78037876375 (  +0.00)      -11.60 (   +0.00)       1508 (       0)                    0 (  +0.00)           0  
##>dpopt_share_one_def             START            78037876375 (  +0.00)      -11.60 (   +0.00)       1508 (       0)                    0 (  +0.00)              
##>                                  END            78037876375 (  +0.00)      -11.60 (   +0.00)       1508 (       0)                    0 (  +0.00)           0  
##>datapath_rewrite_post_share     START            78037876375 (  +0.00)      -11.60 (   +0.00)       1508 (       0)                    0 (  +0.00)              
##>                                  END            78037876375 (  +0.00)      -11.60 (   +0.00)       1508 (       0)                    0 (  +0.00)           0  
##>dp_combine_const_mult_with_com  START            78037876375 (  +0.00)      -11.60 (   +0.00)       1508 (       0)                    0 (  +0.00)              
##>                                  END            78037876375 (  +0.00)      -11.60 (   +0.00)       1508 (       0)                    0 (  +0.00)           0  
##>speculate_in_gdef               START            78037876375 (  +0.00)      -11.60 (   +0.00)       1508 (       0)                    0 (  +0.00)              
##> pre_speculate_mux_merge        START            78037876375 (  +0.00)      -11.60 (   +0.00)       1508 (       0)                    0 (  +0.00)              
##>                                  END            78037876375 (  +0.00)      -11.60 (   +0.00)       1508 (       0)                    0 (  +0.00)           0  
##>                                  END            78037876375 (  +0.00)      -11.60 (   +0.00)       1508 (       0)                    0 (  +0.00)           0  
##>dp_operator_level_decompositio  START            78037876375 (  +0.00)      -11.60 (   +0.00)       1508 (       0)                    0 (  +0.00)              
##>                                  END            78037876375 (  +0.00)      -11.60 (   +0.00)       1508 (       0)                    0 (  +0.00)           0  
##>selective_flatten_dp_config     START            78037876375 (  +0.00)      -11.60 (   +0.00)       1508 (       0)                    0 (  +0.00)              
##>                                  END            78037876375 (  +0.00)      -11.60 (   +0.00)       1508 (       0)                    0 (  +0.00)           0  
##>createMaxCarrySave              START            78037876375 (  +0.00)      -11.60 (   +0.00)       1508 (       0)                    0 (  +0.00)              
##> datapath_rewrite_one_def       START            78037876375 (  +0.00)      -11.60 (   +0.00)       1508 (       0)                    0 (  +0.00)              
##>  fast_cse_elim                 START            78037876375 (  +0.00)      -11.60 (   +0.00)       1508 (       0)                    0 (  +0.00)              
##>                                  END            78037876375 (  +0.00)      -11.60 (   +0.00)       1508 (       0)                    0 (  +0.00)           0  
##>  fast_cse_elim                 START            78037876375 (  +0.00)      -11.60 (   +0.00)       1508 (       0)                    0 (  +0.00)              
##>                                  END            78037876375 (  +0.00)      -11.60 (   +0.00)       1508 (       0)                    0 (  +0.00)           0  
##>                                  END            78037876375 (  +0.00)      -11.60 (   +0.00)       1508 (       0)                    0 (  +0.00)           0  
##> speculate_in_gdef              START            78037876375 (  +0.00)      -11.60 (   +0.00)       1508 (       0)                    0 (  +0.00)              
##>  pre_speculate_mux_merge       START            78037876375 (  +0.00)      -11.60 (   +0.00)       1508 (       0)                    0 (  +0.00)              
##>                                  END            78037876375 (  +0.00)      -11.60 (   +0.00)       1508 (       0)                    0 (  +0.00)           0  
##>                                  END            78037876375 (  +0.00)      -11.60 (   +0.00)       1508 (       0)                    0 (  +0.00)           0  
##> csa_opto                       START            78037876375 (  +0.00)      -11.60 (   +0.00)       1508 (       0)                    0 (  +0.00)              
##>                                  END            78037876375 (  +0.00)      -11.60 (   +0.00)       1508 (       0)                    0 (  +0.00)           0  
##>                                  END            78037876375 (  +0.00)      -11.60 (   +0.00)       1508 (       0)                    0 (  +0.00)           0  
##>context_based_simplify          START            78037876375 (  +0.00)      -11.60 (   +0.00)       1508 (       0)                    0 (  +0.00)              
##>                                  END            78037876375 (  +0.00)      -11.60 (   +0.00)       1508 (       0)                    0 (  +0.00)           0  
##>group_csa_final_adder_dp        START            78037876375 (  +0.00)      -11.60 (   +0.00)       1508 (       0)                    0 (  +0.00)              
##>                                  END            78037876375 (  +0.00)      -11.60 (   +0.00)       1508 (       0)                    0 (  +0.00)           0  
##>dpopt_flatten_critical_muxes_i  START            78037876375 (  +0.00)      -11.60 (   +0.00)       1508 (       0)                    0 (  +0.00)              
##>                                  END            78037876375 (  +0.00)      -11.60 (   +0.00)       1508 (       0)                    0 (  +0.00)           0  
##>speculate_in_gdef               START            78037876375 (  +0.00)      -11.60 (   +0.00)       1508 (       0)                    0 (  +0.00)              
##> pre_speculate_mux_merge        START            78037876375 (  +0.00)      -11.60 (   +0.00)       1508 (       0)                    0 (  +0.00)              
##>                                  END            78037876375 (  +0.00)      -11.60 (   +0.00)       1508 (       0)                    0 (  +0.00)           0  
##>                                  END            78037876375 (  +0.00)      -11.60 (   +0.00)       1508 (       0)                    0 (  +0.00)           0  
##>create_score                    START            78037876375 (  +0.00)      -11.60 (   +0.00)       1508 (       0)                    0 (  +0.00)              
##>                                  END            78037876375 (  +0.00)      -11.60 (   +0.00)       1508 (       0)                    0 (  +0.00)           0  
##>+-----------------------------------------------------------------------------------------------------------------------------------------------------------------------------------------------------+
Committed config: CDN_DP_region_7_13_c7
Info    : Done implementing datapath configurations. [DPOPT-4]
        : Selected 'very_fast' configuration 7 for module 'CDN_DP_region_7_13_c7'.
          Optimizations applied to 'very_fast' configuration:
            rewriting(0), factoring(0), sharing(0), cmultcse(0), downsizing(0), speculation(0)
Info    : Implementing datapath configurations. [DPOPT-3]
        : Implementing datapath configurations for 'CDN_DP_region_7_12'
  CSAGen Prep Share:0 Re-Write:0 Speculation: 0

CDN_DP_region_7_12 level = 0 loads = 0 drivers = 0
CDN_DP_region_7_12_c0 in butterfly2x2: area: 77782189135 , DP = 1  Mux = 1  other = 2  sg = slow     
    wns: 119  norm_wns:  -1.0000 
    tns:  1547
 skipped
CDN_DP_region_7_12_c1 in butterfly2x2: area: 78037876375 , DP = 1  Mux = 1  other = 2  sg = fast     
    wns: 116  norm_wns:  -1.0000 
    tns:  1508
 is current best
CDN_DP_region_7_12_c2 in butterfly2x2: area: 78037876375 , DP = 1  Mux = 1  other = 2  sg = very_slow
    wns: 116  norm_wns:  -1.0000 
    tns:  1508
 is current best
CDN_DP_region_7_12_c3 in butterfly2x2: area: 78037876375 , DP = 1  Mux = 1  other = 2  sg = very_fast
    wns: 116  norm_wns:  -1.0000 
    tns:  1508
 is current best
CDN_DP_region_7_12_c4 in butterfly2x2: area: 78037876375 , DP = 1  Mux = 1  other = 2  sg = very_fast
    wns: 116  norm_wns:  -1.0000 
    tns:  1508
 is current best
CDN_DP_region_7_12_c5 in butterfly2x2: area: 78037876375 , DP = 1  Mux = 1  other = 2  sg = very_fast
    wns: 116  norm_wns:  -1.0000 
    tns:  1508
 is current best
CDN_DP_region_7_12_c6 in butterfly2x2: area: 78037876375 , DP = 1  Mux = 1  other = 2  sg = very_fast
    wns: 116  norm_wns:  -1.0000 
    tns:  1508
 is current best
CDN_DP_region_7_12_c7 in butterfly2x2: area: 78037876375 , DP = 1  Mux = 1  other = 2  sg = very_fast
    wns: 116  norm_wns:  -1.0000 
    tns:  1508
 is current best
Best config: CDN_DP_region_7_12_c7 in butterfly2x2: area: 78037876375 , DP = 1  Mux = 1  other = 2  sg = very_fast
    wns: 116  norm_wns:  -1.0000 
    tns:  1508
  Smallest config area : 78037876375.  Fastest config wns;  116
##>+----------------------------------------------------------------------------------------------------------------------------------------------------------------+
##>Summary table of configs (Best config is CDN_DP_region_7_12_c7)
##>+----------------------------------------------------------------------------------------------------------------------------------------------------------------+
##>                     0                  1                  2                  3                  4                  5                  6                  7            
##>+----------------------------------------------------------------------------------------------------------------------------------------------------------------+
##>           Area      77782189135        78037876375        78037876375        78037876375        78037876375        78037876375        78037876375        78037876375  
##>            WNS           -11.90             -11.60             -11.60             -11.60             -11.60             -11.60             -11.60             -11.60  
##>            TNS             1547               1508               1508               1508               1508               1508               1508               1508  
##>    Num Rewrite                0                  0                  0                  0                  0                  0                  0                  0  
##>      Num Share                0                  0                  0                  0                  0                  0                  0                  0  
##>  Num Speculate                0                  0                  0                  0                  0                  0                  0                  0  
##>         Num DP                1                  1                  1                  1                  1                  1                  1                  1  
##>        Num Mux                1                  1                  1                  1                  1                  1                  1                  1  
##>      Num other                2                  2                  2                  2                  2                  2                  2                  2  
##>     Runtime(s)                0                  0                  0                  0                  0                  0                  1                  3  
+----------------------------------------------------------------------------------------------------------------------------------------------------------------+
##>
##>
##>+-----------------------------------------------------------------------------------------------------------------------------------------------------------------------------------------------------+
##>Optimization Step DEBUG Table for config CDN_DP_region_7_12_c7
##>
##>                          Step                        Area   (  % Chg)         WNS (Change)          TNS (Change)                Power   (  % Chg)        Runtime (s)        Comment                   
##>+-----------------------------------------------------------------------------------------------------------------------------------------------------------------------------------------------------+
##>EquationExtraction              START            77782189135 (       )      -11.90 (        )       1547 (        )                    0 (       )              
##> rewrite                        START           319097675520 (+310.25)      -82.80 (  -70.90)      14437 (   12890)                    0 (  +0.00)              (a,ar) Expr20_from --> Expr20_to
##>                                  END           156097060020 ( -51.08)      -85.80 (   -3.00)      15127 (     690)                    0 (  +0.00)           1  
##>                                  END            77782189135 (  +0.00)      -11.90 (   +0.00)       1547 (       0)                    0 (  +0.00)           2  
##>createMaxCarrySave              START            77782189135 (  +0.00)      -11.90 (   +0.00)       1547 (       0)                    0 (  +0.00)              
##> datapath_rewrite_one_def       START            77782189135 (  +0.00)      -11.90 (   +0.00)       1547 (       0)                    0 (  +0.00)              
##>                                  END            77782189135 (  +0.00)      -11.90 (   +0.00)       1547 (       0)                    0 (  +0.00)           0  
##> speculate_in_gdef              START            77782189135 (  +0.00)      -11.90 (   +0.00)       1547 (       0)                    0 (  +0.00)              
##>  pre_speculate_mux_merge       START            77782189135 (  +0.00)      -11.90 (   +0.00)       1547 (       0)                    0 (  +0.00)              
##>                                  END            77782189135 (  +0.00)      -11.90 (   +0.00)       1547 (       0)                    0 (  +0.00)           0  
##>                                  END            77782189135 (  +0.00)      -11.90 (   +0.00)       1547 (       0)                    0 (  +0.00)           0  
##> csa_opto                       START            77782189135 (  +0.00)      -11.90 (   +0.00)       1547 (       0)                    0 (  +0.00)              
##>                                  END            78037876375 (  +0.33)      -11.60 (   +0.30)       1508 (     -39)                    0 (  +0.00)           0  
##>                                  END            78037876375 (  +0.33)      -11.60 (   +0.30)       1508 (     -39)                    0 (  +0.00)           0  
##>canonicalize_by_names           START            78037876375 (  +0.00)      -11.60 (   +0.00)       1508 (       0)                    0 (  +0.00)              
##>                                  END            78037876375 (  +0.00)      -11.60 (   +0.00)       1508 (       0)                    0 (  +0.00)           0  
##>datapath_rewrite_post_csa_one_  START            78037876375 (  +0.00)      -11.60 (   +0.00)       1508 (       0)                    0 (  +0.00)              
##>                                  END            78037876375 (  +0.00)      -11.60 (   +0.00)       1508 (       0)                    0 (  +0.00)           0  
##>datapath_csa_factoring_one_gde  START            78037876375 (  +0.00)      -11.60 (   +0.00)       1508 (       0)                    0 (  +0.00)              
##>                                  END            78037876375 (  +0.00)      -11.60 (   +0.00)       1508 (       0)                    0 (  +0.00)           0  
##>dpopt_share_one_def             START            78037876375 (  +0.00)      -11.60 (   +0.00)       1508 (       0)                    0 (  +0.00)              
##>                                  END            78037876375 (  +0.00)      -11.60 (   +0.00)       1508 (       0)                    0 (  +0.00)           0  
##>datapath_rewrite_post_share     START            78037876375 (  +0.00)      -11.60 (   +0.00)       1508 (       0)                    0 (  +0.00)              
##>                                  END            78037876375 (  +0.00)      -11.60 (   +0.00)       1508 (       0)                    0 (  +0.00)           0  
##>dp_combine_const_mult_with_com  START            78037876375 (  +0.00)      -11.60 (   +0.00)       1508 (       0)                    0 (  +0.00)              
##>                                  END            78037876375 (  +0.00)      -11.60 (   +0.00)       1508 (       0)                    0 (  +0.00)           0  
##>speculate_in_gdef               START            78037876375 (  +0.00)      -11.60 (   +0.00)       1508 (       0)                    0 (  +0.00)              
##> pre_speculate_mux_merge        START            78037876375 (  +0.00)      -11.60 (   +0.00)       1508 (       0)                    0 (  +0.00)              
##>                                  END            78037876375 (  +0.00)      -11.60 (   +0.00)       1508 (       0)                    0 (  +0.00)           0  
##>                                  END            78037876375 (  +0.00)      -11.60 (   +0.00)       1508 (       0)                    0 (  +0.00)           0  
##>dp_operator_level_decompositio  START            78037876375 (  +0.00)      -11.60 (   +0.00)       1508 (       0)                    0 (  +0.00)              
##>                                  END            78037876375 (  +0.00)      -11.60 (   +0.00)       1508 (       0)                    0 (  +0.00)           0  
##>selective_flatten_dp_config     START            78037876375 (  +0.00)      -11.60 (   +0.00)       1508 (       0)                    0 (  +0.00)              
##>                                  END            78037876375 (  +0.00)      -11.60 (   +0.00)       1508 (       0)                    0 (  +0.00)           0  
##>createMaxCarrySave              START            78037876375 (  +0.00)      -11.60 (   +0.00)       1508 (       0)                    0 (  +0.00)              
##> datapath_rewrite_one_def       START            78037876375 (  +0.00)      -11.60 (   +0.00)       1508 (       0)                    0 (  +0.00)              
##>  fast_cse_elim                 START            78037876375 (  +0.00)      -11.60 (   +0.00)       1508 (       0)                    0 (  +0.00)              
##>                                  END            78037876375 (  +0.00)      -11.60 (   +0.00)       1508 (       0)                    0 (  +0.00)           0  
##>  fast_cse_elim                 START            78037876375 (  +0.00)      -11.60 (   +0.00)       1508 (       0)                    0 (  +0.00)              
##>                                  END            78037876375 (  +0.00)      -11.60 (   +0.00)       1508 (       0)                    0 (  +0.00)           0  
##>                                  END            78037876375 (  +0.00)      -11.60 (   +0.00)       1508 (       0)                    0 (  +0.00)           0  
##> speculate_in_gdef              START            78037876375 (  +0.00)      -11.60 (   +0.00)       1508 (       0)                    0 (  +0.00)              
##>  pre_speculate_mux_merge       START            78037876375 (  +0.00)      -11.60 (   +0.00)       1508 (       0)                    0 (  +0.00)              
##>                                  END            78037876375 (  +0.00)      -11.60 (   +0.00)       1508 (       0)                    0 (  +0.00)           0  
##>                                  END            78037876375 (  +0.00)      -11.60 (   +0.00)       1508 (       0)                    0 (  +0.00)           0  
##> csa_opto                       START            78037876375 (  +0.00)      -11.60 (   +0.00)       1508 (       0)                    0 (  +0.00)              
##>                                  END            78037876375 (  +0.00)      -11.60 (   +0.00)       1508 (       0)                    0 (  +0.00)           0  
##>                                  END            78037876375 (  +0.00)      -11.60 (   +0.00)       1508 (       0)                    0 (  +0.00)           0  
##>context_based_simplify          START            78037876375 (  +0.00)      -11.60 (   +0.00)       1508 (       0)                    0 (  +0.00)              
##>                                  END            78037876375 (  +0.00)      -11.60 (   +0.00)       1508 (       0)                    0 (  +0.00)           0  
##>group_csa_final_adder_dp        START            78037876375 (  +0.00)      -11.60 (   +0.00)       1508 (       0)                    0 (  +0.00)              
##>                                  END            78037876375 (  +0.00)      -11.60 (   +0.00)       1508 (       0)                    0 (  +0.00)           0  
##>dpopt_flatten_critical_muxes_i  START            78037876375 (  +0.00)      -11.60 (   +0.00)       1508 (       0)                    0 (  +0.00)              
##>                                  END            78037876375 (  +0.00)      -11.60 (   +0.00)       1508 (       0)                    0 (  +0.00)           0  
##>speculate_in_gdef               START            78037876375 (  +0.00)      -11.60 (   +0.00)       1508 (       0)                    0 (  +0.00)              
##> pre_speculate_mux_merge        START            78037876375 (  +0.00)      -11.60 (   +0.00)       1508 (       0)                    0 (  +0.00)              
##>                                  END            78037876375 (  +0.00)      -11.60 (   +0.00)       1508 (       0)                    0 (  +0.00)           0  
##>                                  END            78037876375 (  +0.00)      -11.60 (   +0.00)       1508 (       0)                    0 (  +0.00)           0  
##>create_score                    START            78037876375 (  +0.00)      -11.60 (   +0.00)       1508 (       0)                    0 (  +0.00)              
##>                                  END            78037876375 (  +0.00)      -11.60 (   +0.00)       1508 (       0)                    0 (  +0.00)           0  
##>+-----------------------------------------------------------------------------------------------------------------------------------------------------------------------------------------------------+
Committed config: CDN_DP_region_7_12_c7
Info    : Done implementing datapath configurations. [DPOPT-4]
        : Selected 'very_fast' configuration 7 for module 'CDN_DP_region_7_12_c7'.
          Optimizations applied to 'very_fast' configuration:
            rewriting(0), factoring(0), sharing(0), cmultcse(0), downsizing(0), speculation(0)
Info    : Implementing datapath configurations. [DPOPT-3]
        : Implementing datapath configurations for 'CDN_DP_region_7_11'
  CSAGen Prep Share:0 Re-Write:0 Speculation: 0

CDN_DP_region_7_11 level = 0 loads = 0 drivers = 0
CDN_DP_region_7_11_c0 in butterfly2x2: area: 77782189135 , DP = 1  Mux = 1  other = 2  sg = slow     
    wns: 119  norm_wns:  -1.0000 
    tns:  1547
 skipped
CDN_DP_region_7_11_c1 in butterfly2x2: area: 78037876375 , DP = 1  Mux = 1  other = 2  sg = fast     
    wns: 116  norm_wns:  -1.0000 
    tns:  1508
 is current best
CDN_DP_region_7_11_c2 in butterfly2x2: area: 78037876375 , DP = 1  Mux = 1  other = 2  sg = very_slow
    wns: 116  norm_wns:  -1.0000 
    tns:  1508
 is current best
CDN_DP_region_7_11_c3 in butterfly2x2: area: 78037876375 , DP = 1  Mux = 1  other = 2  sg = very_fast
    wns: 116  norm_wns:  -1.0000 
    tns:  1508
 is current best
CDN_DP_region_7_11_c4 in butterfly2x2: area: 78037876375 , DP = 1  Mux = 1  other = 2  sg = very_fast
    wns: 116  norm_wns:  -1.0000 
    tns:  1508
 is current best
CDN_DP_region_7_11_c5 in butterfly2x2: area: 78037876375 , DP = 1  Mux = 1  other = 2  sg = very_fast
    wns: 116  norm_wns:  -1.0000 
    tns:  1508
 is current best
CDN_DP_region_7_11_c6 in butterfly2x2: area: 78037876375 , DP = 1  Mux = 1  other = 2  sg = very_fast
    wns: 116  norm_wns:  -1.0000 
    tns:  1508
 is current best
CDN_DP_region_7_11_c7 in butterfly2x2: area: 78037876375 , DP = 1  Mux = 1  other = 2  sg = very_fast
    wns: 116  norm_wns:  -1.0000 
    tns:  1508
 is current best
Best config: CDN_DP_region_7_11_c7 in butterfly2x2: area: 78037876375 , DP = 1  Mux = 1  other = 2  sg = very_fast
    wns: 116  norm_wns:  -1.0000 
    tns:  1508
  Smallest config area : 78037876375.  Fastest config wns;  116
##>+----------------------------------------------------------------------------------------------------------------------------------------------------------------+
##>Summary table of configs (Best config is CDN_DP_region_7_11_c7)
##>+----------------------------------------------------------------------------------------------------------------------------------------------------------------+
##>                     0                  1                  2                  3                  4                  5                  6                  7            
##>+----------------------------------------------------------------------------------------------------------------------------------------------------------------+
##>           Area      77782189135        78037876375        78037876375        78037876375        78037876375        78037876375        78037876375        78037876375  
##>            WNS           -11.90             -11.60             -11.60             -11.60             -11.60             -11.60             -11.60             -11.60  
##>            TNS             1547               1508               1508               1508               1508               1508               1508               1508  
##>    Num Rewrite                0                  0                  0                  0                  0                  0                  0                  0  
##>      Num Share                0                  0                  0                  0                  0                  0                  0                  0  
##>  Num Speculate                0                  0                  0                  0                  0                  0                  0                  0  
##>         Num DP                1                  1                  1                  1                  1                  1                  1                  1  
##>        Num Mux                1                  1                  1                  1                  1                  1                  1                  1  
##>      Num other                2                  2                  2                  2                  2                  2                  2                  2  
##>     Runtime(s)                0                  0                  0                  0                  0                  0                  1                  3  
+----------------------------------------------------------------------------------------------------------------------------------------------------------------+
##>
##>
##>+-----------------------------------------------------------------------------------------------------------------------------------------------------------------------------------------------------+
##>Optimization Step DEBUG Table for config CDN_DP_region_7_11_c7
##>
##>                          Step                        Area   (  % Chg)         WNS (Change)          TNS (Change)                Power   (  % Chg)        Runtime (s)        Comment                   
##>+-----------------------------------------------------------------------------------------------------------------------------------------------------------------------------------------------------+
##>EquationExtraction              START            77782189135 (       )      -11.90 (        )       1547 (        )                    0 (       )              
##> rewrite                        START           319097675520 (+310.25)      -82.80 (  -70.90)      14437 (   12890)                    0 (  +0.00)              (a,ar) Expr21_from --> Expr21_to
##>                                  END           156097060020 ( -51.08)      -85.80 (   -3.00)      15127 (     690)                    0 (  +0.00)           1  
##>                                  END            77782189135 (  +0.00)      -11.90 (   +0.00)       1547 (       0)                    0 (  +0.00)           2  
##>createMaxCarrySave              START            77782189135 (  +0.00)      -11.90 (   +0.00)       1547 (       0)                    0 (  +0.00)              
##> datapath_rewrite_one_def       START            77782189135 (  +0.00)      -11.90 (   +0.00)       1547 (       0)                    0 (  +0.00)              
##>                                  END            77782189135 (  +0.00)      -11.90 (   +0.00)       1547 (       0)                    0 (  +0.00)           0  
##> speculate_in_gdef              START            77782189135 (  +0.00)      -11.90 (   +0.00)       1547 (       0)                    0 (  +0.00)              
##>  pre_speculate_mux_merge       START            77782189135 (  +0.00)      -11.90 (   +0.00)       1547 (       0)                    0 (  +0.00)              
##>                                  END            77782189135 (  +0.00)      -11.90 (   +0.00)       1547 (       0)                    0 (  +0.00)           0  
##>                                  END            77782189135 (  +0.00)      -11.90 (   +0.00)       1547 (       0)                    0 (  +0.00)           0  
##> csa_opto                       START            77782189135 (  +0.00)      -11.90 (   +0.00)       1547 (       0)                    0 (  +0.00)              
##>                                  END            78037876375 (  +0.33)      -11.60 (   +0.30)       1508 (     -39)                    0 (  +0.00)           0  
##>                                  END            78037876375 (  +0.33)      -11.60 (   +0.30)       1508 (     -39)                    0 (  +0.00)           0  
##>canonicalize_by_names           START            78037876375 (  +0.00)      -11.60 (   +0.00)       1508 (       0)                    0 (  +0.00)              
##>                                  END            78037876375 (  +0.00)      -11.60 (   +0.00)       1508 (       0)                    0 (  +0.00)           0  
##>datapath_rewrite_post_csa_one_  START            78037876375 (  +0.00)      -11.60 (   +0.00)       1508 (       0)                    0 (  +0.00)              
##>                                  END            78037876375 (  +0.00)      -11.60 (   +0.00)       1508 (       0)                    0 (  +0.00)           0  
##>datapath_csa_factoring_one_gde  START            78037876375 (  +0.00)      -11.60 (   +0.00)       1508 (       0)                    0 (  +0.00)              
##>                                  END            78037876375 (  +0.00)      -11.60 (   +0.00)       1508 (       0)                    0 (  +0.00)           0  
##>dpopt_share_one_def             START            78037876375 (  +0.00)      -11.60 (   +0.00)       1508 (       0)                    0 (  +0.00)              
##>                                  END            78037876375 (  +0.00)      -11.60 (   +0.00)       1508 (       0)                    0 (  +0.00)           0  
##>datapath_rewrite_post_share     START            78037876375 (  +0.00)      -11.60 (   +0.00)       1508 (       0)                    0 (  +0.00)              
##>                                  END            78037876375 (  +0.00)      -11.60 (   +0.00)       1508 (       0)                    0 (  +0.00)           0  
##>dp_combine_const_mult_with_com  START            78037876375 (  +0.00)      -11.60 (   +0.00)       1508 (       0)                    0 (  +0.00)              
##>                                  END            78037876375 (  +0.00)      -11.60 (   +0.00)       1508 (       0)                    0 (  +0.00)           0  
##>speculate_in_gdef               START            78037876375 (  +0.00)      -11.60 (   +0.00)       1508 (       0)                    0 (  +0.00)              
##> pre_speculate_mux_merge        START            78037876375 (  +0.00)      -11.60 (   +0.00)       1508 (       0)                    0 (  +0.00)              
##>                                  END            78037876375 (  +0.00)      -11.60 (   +0.00)       1508 (       0)                    0 (  +0.00)           0  
##>                                  END            78037876375 (  +0.00)      -11.60 (   +0.00)       1508 (       0)                    0 (  +0.00)           0  
##>dp_operator_level_decompositio  START            78037876375 (  +0.00)      -11.60 (   +0.00)       1508 (       0)                    0 (  +0.00)              
##>                                  END            78037876375 (  +0.00)      -11.60 (   +0.00)       1508 (       0)                    0 (  +0.00)           0  
##>selective_flatten_dp_config     START            78037876375 (  +0.00)      -11.60 (   +0.00)       1508 (       0)                    0 (  +0.00)              
##>                                  END            78037876375 (  +0.00)      -11.60 (   +0.00)       1508 (       0)                    0 (  +0.00)           0  
##>createMaxCarrySave              START            78037876375 (  +0.00)      -11.60 (   +0.00)       1508 (       0)                    0 (  +0.00)              
##> datapath_rewrite_one_def       START            78037876375 (  +0.00)      -11.60 (   +0.00)       1508 (       0)                    0 (  +0.00)              
##>  fast_cse_elim                 START            78037876375 (  +0.00)      -11.60 (   +0.00)       1508 (       0)                    0 (  +0.00)              
##>                                  END            78037876375 (  +0.00)      -11.60 (   +0.00)       1508 (       0)                    0 (  +0.00)           0  
##>  fast_cse_elim                 START            78037876375 (  +0.00)      -11.60 (   +0.00)       1508 (       0)                    0 (  +0.00)              
##>                                  END            78037876375 (  +0.00)      -11.60 (   +0.00)       1508 (       0)                    0 (  +0.00)           0  
##>                                  END            78037876375 (  +0.00)      -11.60 (   +0.00)       1508 (       0)                    0 (  +0.00)           0  
##> speculate_in_gdef              START            78037876375 (  +0.00)      -11.60 (   +0.00)       1508 (       0)                    0 (  +0.00)              
##>  pre_speculate_mux_merge       START            78037876375 (  +0.00)      -11.60 (   +0.00)       1508 (       0)                    0 (  +0.00)              
##>                                  END            78037876375 (  +0.00)      -11.60 (   +0.00)       1508 (       0)                    0 (  +0.00)           0  
##>                                  END            78037876375 (  +0.00)      -11.60 (   +0.00)       1508 (       0)                    0 (  +0.00)           0  
##> csa_opto                       START            78037876375 (  +0.00)      -11.60 (   +0.00)       1508 (       0)                    0 (  +0.00)              
##>                                  END            78037876375 (  +0.00)      -11.60 (   +0.00)       1508 (       0)                    0 (  +0.00)           0  
##>                                  END            78037876375 (  +0.00)      -11.60 (   +0.00)       1508 (       0)                    0 (  +0.00)           0  
##>context_based_simplify          START            78037876375 (  +0.00)      -11.60 (   +0.00)       1508 (       0)                    0 (  +0.00)              
##>                                  END            78037876375 (  +0.00)      -11.60 (   +0.00)       1508 (       0)                    0 (  +0.00)           0  
##>group_csa_final_adder_dp        START            78037876375 (  +0.00)      -11.60 (   +0.00)       1508 (       0)                    0 (  +0.00)              
##>                                  END            78037876375 (  +0.00)      -11.60 (   +0.00)       1508 (       0)                    0 (  +0.00)           0  
##>dpopt_flatten_critical_muxes_i  START            78037876375 (  +0.00)      -11.60 (   +0.00)       1508 (       0)                    0 (  +0.00)              
##>                                  END            78037876375 (  +0.00)      -11.60 (   +0.00)       1508 (       0)                    0 (  +0.00)           0  
##>speculate_in_gdef               START            78037876375 (  +0.00)      -11.60 (   +0.00)       1508 (       0)                    0 (  +0.00)              
##> pre_speculate_mux_merge        START            78037876375 (  +0.00)      -11.60 (   +0.00)       1508 (       0)                    0 (  +0.00)              
##>                                  END            78037876375 (  +0.00)      -11.60 (   +0.00)       1508 (       0)                    0 (  +0.00)           0  
##>                                  END            78037876375 (  +0.00)      -11.60 (   +0.00)       1508 (       0)                    0 (  +0.00)           0  
##>create_score                    START            78037876375 (  +0.00)      -11.60 (   +0.00)       1508 (       0)                    0 (  +0.00)              
##>                                  END            78037876375 (  +0.00)      -11.60 (   +0.00)       1508 (       0)                    0 (  +0.00)           0  
##>+-----------------------------------------------------------------------------------------------------------------------------------------------------------------------------------------------------+
Committed config: CDN_DP_region_7_11_c7
Info    : Done implementing datapath configurations. [DPOPT-4]
        : Selected 'very_fast' configuration 7 for module 'CDN_DP_region_7_11_c7'.
          Optimizations applied to 'very_fast' configuration:
            rewriting(0), factoring(0), sharing(0), cmultcse(0), downsizing(0), speculation(0)
Info    : Implementing datapath configurations. [DPOPT-3]
        : Implementing datapath configurations for 'CDN_DP_region_7_9'
  CSAGen Prep Share:0 Re-Write:0 Speculation: 0

CDN_DP_region_7_9 level = 0 loads = 0 drivers = 0
CDN_DP_region_7_9_c0 in butterfly2x2: area: 3909884045 , DP = 2  Mux = 1  other = 1  sg = slow     
    wns: 0  norm_wns:  -1.0000 
    tns:  0
 skipped
CDN_DP_region_7_9_c1 in butterfly2x2: area: 3675504075 , DP = 2  Mux = 1  other = 1  sg = fast     
    wns: 0  norm_wns:  -1.0000 
    tns:  0
 is current best
CDN_DP_region_7_9_c2 in butterfly2x2: area: 3675504075 , DP = 2  Mux = 1  other = 1  sg = very_slow
    wns: 0  norm_wns:  -1.0000 
    tns:  0
 is current best
CDN_DP_region_7_9_c3 in butterfly2x2: area: 3675504075 , DP = 2  Mux = 1  other = 1  sg = very_fast
    wns: 0  norm_wns:  -1.0000 
    tns:  0
 is current best
CDN_DP_region_7_9_c4 in butterfly2x2: area: 3675504075 , DP = 2  Mux = 1  other = 1  sg = very_fast
    wns: 0  norm_wns:  -1.0000 
    tns:  0
 is current best
CDN_DP_region_7_9_c5 in butterfly2x2: area: 3675504075 , DP = 2  Mux = 1  other = 1  sg = very_fast
    wns: 0  norm_wns:  -1.0000 
    tns:  0
 is current best
CDN_DP_region_7_9_c6 in butterfly2x2: area: 3675504075 , DP = 2  Mux = 1  other = 1  sg = very_fast
    wns: 0  norm_wns:  -1.0000 
    tns:  0
 is current best
CDN_DP_region_7_9_c7 in butterfly2x2: area: 3675504075 , DP = 2  Mux = 1  other = 1  sg = very_fast
    wns: 0  norm_wns:  -1.0000 
    tns:  0
 is current best
Best config: CDN_DP_region_7_9_c7 in butterfly2x2: area: 3675504075 , DP = 2  Mux = 1  other = 1  sg = very_fast
    wns: 0  norm_wns:  -1.0000 
    tns:  0
  Smallest config area : 3675504075.  Fastest config wns;  0
##>+----------------------------------------------------------------------------------------------------------------------------------------------------------------+
##>Summary table of configs (Best config is CDN_DP_region_7_9_c7)
##>+----------------------------------------------------------------------------------------------------------------------------------------------------------------+
##>                     0                  1                  2                  3                  4                  5                  6                  7            
##>+----------------------------------------------------------------------------------------------------------------------------------------------------------------+
##>           Area       3909884045         3675504075         3675504075         3675504075         3675504075         3675504075         3675504075         3675504075  
##>            WNS          +311.20            +311.20            +311.20            +311.20            +311.20            +311.20            +311.20            +311.20  
##>            TNS                0                  0                  0                  0                  0                  0                  0                  0  
##>    Num Rewrite                0                  0                  0                  0                  0                  0                  0                  0  
##>      Num Share                0                  0                  0                  0                  0                  0                  0                  0  
##>  Num Speculate                0                  0                  0                  0                  0                  0                  0                  0  
##>         Num DP                2                  2                  2                  2                  2                  2                  2                  2  
##>        Num Mux                1                  1                  1                  1                  1                  1                  1                  1  
##>      Num other                1                  1                  1                  1                  1                  1                  1                  1  
##>     Runtime(s)                0                  0                  0                  0                  0                  0                  0                  0  
+----------------------------------------------------------------------------------------------------------------------------------------------------------------+
##>
##>
##>+-----------------------------------------------------------------------------------------------------------------------------------------------------------------------------------------------------+
##>Optimization Step DEBUG Table for config CDN_DP_region_7_9_c7
##>
##>                          Step                        Area   (  % Chg)         WNS (Change)          TNS (Change)                Power   (  % Chg)        Runtime (s)        Comment                   
##>+-----------------------------------------------------------------------------------------------------------------------------------------------------------------------------------------------------+
##>EquationExtraction              START             3909884045 (       )      311.20 (        )          0 (        )                    0 (       )              
##> rewrite                        START             6360220095 ( +62.67)      293.50 (  -17.70)          0 (       0)                    0 (  +0.00)              (a,ar) Expr22_from --> Expr22_to
##>                                  END             9439120610 ( +48.41)      293.50 (   +0.00)          0 (       0)                    0 (  +0.00)           0  
##>                                  END             3909884045 (  +0.00)      311.20 (   +0.00)          0 (       0)                    0 (  +0.00)           0  
##>createMaxCarrySave              START             3909884045 (  +0.00)      311.20 (   +0.00)          0 (       0)                    0 (  +0.00)              
##> datapath_rewrite_one_def       START             3909884045 (  +0.00)      311.20 (   +0.00)          0 (       0)                    0 (  +0.00)              
##>  rewrite                       START             3909884045 (  +0.00)      311.20 (   +0.00)          0 (       0)                    0 (  +0.00)              (na,csaa) subt_c_with_select_version1 --> subt_c_with_select_version2
##>                                  END             4431912160 ( +13.35)      209.00 ( -102.20)          0 (       0)                    0 (  +0.00)           0  
##>                                  END             3909884045 (  +0.00)      311.20 (   +0.00)          0 (       0)                    0 (  +0.00)           0  
##> csa_opto                       START             3909884045 (  +0.00)      311.20 (   +0.00)          0 (       0)                    0 (  +0.00)              
##>                                  END             3909884045 (  +0.00)      311.20 (   +0.00)          0 (       0)                    0 (  +0.00)           0  
##>                                  END             3909884045 (  +0.00)      311.20 (   +0.00)          0 (       0)                    0 (  +0.00)           0  
##>canonicalize_by_names           START             3909884045 (  +0.00)      311.20 (   +0.00)          0 (       0)                    0 (  +0.00)              
##>                                  END             3909884045 (  +0.00)      311.20 (   +0.00)          0 (       0)                    0 (  +0.00)           0  
##>datapath_rewrite_post_csa_one_  START             3909884045 (  +0.00)      311.20 (   +0.00)          0 (       0)                    0 (  +0.00)              
##> rewrite                        START             3909884045 (  +0.00)      311.20 (   +0.00)          0 (       0)                    0 (  +0.00)              (na, greater_or_equal_from_uns --> greater_or_equal_to_uns
##>                                  END             5262895690 ( +34.60)      295.10 (  -16.10)          0 (       0)                    0 (  +0.00)           0  
##>                                  END             3909884045 (  +0.00)      311.20 (   +0.00)          0 (       0)                    0 (  +0.00)           0  
##>datapath_csa_factoring_one_gde  START             3909884045 (  +0.00)      311.20 (   +0.00)          0 (       0)                    0 (  +0.00)              
##>                                  END             3909884045 (  +0.00)      311.20 (   +0.00)          0 (       0)                    0 (  +0.00)           0  
##>dpopt_share_one_def             START             3909884045 (  +0.00)      311.20 (   +0.00)          0 (       0)                    0 (  +0.00)              
##>                                  END             3909884045 (  +0.00)      311.20 (   +0.00)          0 (       0)                    0 (  +0.00)           0  
##>datapath_rewrite_post_share     START             3909884045 (  +0.00)      311.20 (   +0.00)          0 (       0)                    0 (  +0.00)              
##>                                  END             3909884045 (  +0.00)      311.20 (   +0.00)          0 (       0)                    0 (  +0.00)           0  
##>dp_combine_const_mult_with_com  START             3909884045 (  +0.00)      311.20 (   +0.00)          0 (       0)                    0 (  +0.00)              
##>                                  END             3909884045 (  +0.00)      311.20 (   +0.00)          0 (       0)                    0 (  +0.00)           0  
##>dp_operator_level_decompositio  START             3909884045 (  +0.00)      311.20 (   +0.00)          0 (       0)                    0 (  +0.00)              
##>                                  END             3909884045 (  +0.00)      311.20 (   +0.00)          0 (       0)                    0 (  +0.00)           0  
##>selective_flatten_dp_config     START             3909884045 (  +0.00)      311.20 (   +0.00)          0 (       0)                    0 (  +0.00)              
##>                                  END             3909884045 (  +0.00)      311.20 (   +0.00)          0 (       0)                    0 (  +0.00)           0  
##>createMaxCarrySave              START             3909884045 (  +0.00)      311.20 (   +0.00)          0 (       0)                    0 (  +0.00)              
##> datapath_rewrite_one_def       START             3909884045 (  +0.00)      311.20 (   +0.00)          0 (       0)                    0 (  +0.00)              
##>  fast_cse_elim                 START             3909884045 (  +0.00)      311.20 (   +0.00)          0 (       0)                    0 (  +0.00)              
##>                                  END             3909884045 (  +0.00)      311.20 (   +0.00)          0 (       0)                    0 (  +0.00)           0  
##>  fast_cse_elim                 START             3909884045 (  +0.00)      311.20 (   +0.00)          0 (       0)                    0 (  +0.00)              
##>                                  END             3909884045 (  +0.00)      311.20 (   +0.00)          0 (       0)                    0 (  +0.00)           0  
##>                                  END             3909884045 (  +0.00)      311.20 (   +0.00)          0 (       0)                    0 (  +0.00)           0  
##> csa_opto                       START             3909884045 (  +0.00)      311.20 (   +0.00)          0 (       0)                    0 (  +0.00)              
##>                                  END             3909884045 (  +0.00)      311.20 (   +0.00)          0 (       0)                    0 (  +0.00)           0  
##>                                  END             3909884045 (  +0.00)      311.20 (   +0.00)          0 (       0)                    0 (  +0.00)           0  
##>context_based_simplify          START             3909884045 (  +0.00)      311.20 (   +0.00)          0 (       0)                    0 (  +0.00)              
##>                                  END             3675504075 (  -5.99)      311.20 (   +0.00)          0 (       0)                    0 (  +0.00)           0  
##>group_csa_final_adder_dp        START             3675504075 (  +0.00)      311.20 (   +0.00)          0 (       0)                    0 (  +0.00)              
##>                                  END             3675504075 (  +0.00)      311.20 (   +0.00)          0 (       0)                    0 (  +0.00)           0  
##>dpopt_flatten_critical_muxes_i  START             3675504075 (  +0.00)      311.20 (   +0.00)          0 (       0)                    0 (  +0.00)              
##>                                  END             3675504075 (  +0.00)      311.20 (   +0.00)          0 (       0)                    0 (  +0.00)           0  
##>create_score                    START             3675504075 (  +0.00)      311.20 (   +0.00)          0 (       0)                    0 (  +0.00)              
##>                                  END             3675504075 (  +0.00)      311.20 (   +0.00)          0 (       0)                    0 (  +0.00)           0  
##>+-----------------------------------------------------------------------------------------------------------------------------------------------------------------------------------------------------+
Committed config: CDN_DP_region_7_9_c7
Info    : Done implementing datapath configurations. [DPOPT-4]
        : Selected 'very_fast' configuration 7 for module 'CDN_DP_region_7_9_c7'.
          Optimizations applied to 'very_fast' configuration:
            rewriting(0), factoring(0), sharing(0), cmultcse(0), downsizing(0), speculation(0)
Info    : Implementing datapath configurations. [DPOPT-3]
        : Implementing datapath configurations for 'CDN_DP_region_7_8'
  CSAGen Prep Share:0 Re-Write:0 Speculation: 0

CDN_DP_region_7_8 level = 0 loads = 0 drivers = 0
CDN_DP_region_7_8_c0 in butterfly2x2: area: 3909884045 , DP = 2  Mux = 1  other = 1  sg = slow     
    wns: 0  norm_wns:  -1.0000 
    tns:  0
 skipped
CDN_DP_region_7_8_c1 in butterfly2x2: area: 3675504075 , DP = 2  Mux = 1  other = 1  sg = fast     
    wns: 0  norm_wns:  -1.0000 
    tns:  0
 is current best
CDN_DP_region_7_8_c2 in butterfly2x2: area: 3675504075 , DP = 2  Mux = 1  other = 1  sg = very_slow
    wns: 0  norm_wns:  -1.0000 
    tns:  0
 is current best
CDN_DP_region_7_8_c3 in butterfly2x2: area: 3675504075 , DP = 2  Mux = 1  other = 1  sg = very_fast
    wns: 0  norm_wns:  -1.0000 
    tns:  0
 is current best
CDN_DP_region_7_8_c4 in butterfly2x2: area: 3675504075 , DP = 2  Mux = 1  other = 1  sg = very_fast
    wns: 0  norm_wns:  -1.0000 
    tns:  0
 is current best
CDN_DP_region_7_8_c5 in butterfly2x2: area: 3675504075 , DP = 2  Mux = 1  other = 1  sg = very_fast
    wns: 0  norm_wns:  -1.0000 
    tns:  0
 is current best
CDN_DP_region_7_8_c6 in butterfly2x2: area: 3675504075 , DP = 2  Mux = 1  other = 1  sg = very_fast
    wns: 0  norm_wns:  -1.0000 
    tns:  0
 is current best
CDN_DP_region_7_8_c7 in butterfly2x2: area: 3675504075 , DP = 2  Mux = 1  other = 1  sg = very_fast
    wns: 0  norm_wns:  -1.0000 
    tns:  0
 is current best
Best config: CDN_DP_region_7_8_c7 in butterfly2x2: area: 3675504075 , DP = 2  Mux = 1  other = 1  sg = very_fast
    wns: 0  norm_wns:  -1.0000 
    tns:  0
  Smallest config area : 3675504075.  Fastest config wns;  0
##>+----------------------------------------------------------------------------------------------------------------------------------------------------------------+
##>Summary table of configs (Best config is CDN_DP_region_7_8_c7)
##>+----------------------------------------------------------------------------------------------------------------------------------------------------------------+
##>                     0                  1                  2                  3                  4                  5                  6                  7            
##>+----------------------------------------------------------------------------------------------------------------------------------------------------------------+
##>           Area       3909884045         3675504075         3675504075         3675504075         3675504075         3675504075         3675504075         3675504075  
##>            WNS          +311.20            +311.20            +311.20            +311.20            +311.20            +311.20            +311.20            +311.20  
##>            TNS                0                  0                  0                  0                  0                  0                  0                  0  
##>    Num Rewrite                0                  0                  0                  0                  0                  0                  0                  0  
##>      Num Share                0                  0                  0                  0                  0                  0                  0                  0  
##>  Num Speculate                0                  0                  0                  0                  0                  0                  0                  0  
##>         Num DP                2                  2                  2                  2                  2                  2                  2                  2  
##>        Num Mux                1                  1                  1                  1                  1                  1                  1                  1  
##>      Num other                1                  1                  1                  1                  1                  1                  1                  1  
##>     Runtime(s)                0                  0                  0                  0                  0                  0                  0                  0  
+----------------------------------------------------------------------------------------------------------------------------------------------------------------+
##>
##>
##>+-----------------------------------------------------------------------------------------------------------------------------------------------------------------------------------------------------+
##>Optimization Step DEBUG Table for config CDN_DP_region_7_8_c7
##>
##>                          Step                        Area   (  % Chg)         WNS (Change)          TNS (Change)                Power   (  % Chg)        Runtime (s)        Comment                   
##>+-----------------------------------------------------------------------------------------------------------------------------------------------------------------------------------------------------+
##>EquationExtraction              START             3909884045 (       )      311.20 (        )          0 (        )                    0 (       )              
##> rewrite                        START             6360220095 ( +62.67)      293.50 (  -17.70)          0 (       0)                    0 (  +0.00)              (a,ar) Expr23_from --> Expr23_to
##>                                  END             9439120610 ( +48.41)      293.50 (   +0.00)          0 (       0)                    0 (  +0.00)           0  
##>                                  END             3909884045 (  +0.00)      311.20 (   +0.00)          0 (       0)                    0 (  +0.00)           0  
##>createMaxCarrySave              START             3909884045 (  +0.00)      311.20 (   +0.00)          0 (       0)                    0 (  +0.00)              
##> datapath_rewrite_one_def       START             3909884045 (  +0.00)      311.20 (   +0.00)          0 (       0)                    0 (  +0.00)              
##>  rewrite                       START             3909884045 (  +0.00)      311.20 (   +0.00)          0 (       0)                    0 (  +0.00)              (na,csaa) subt_c_with_select_version1 --> subt_c_with_select_version2
##>                                  END             4431912160 ( +13.35)      209.00 ( -102.20)          0 (       0)                    0 (  +0.00)           0  
##>                                  END             3909884045 (  +0.00)      311.20 (   +0.00)          0 (       0)                    0 (  +0.00)           0  
##> csa_opto                       START             3909884045 (  +0.00)      311.20 (   +0.00)          0 (       0)                    0 (  +0.00)              
##>                                  END             3909884045 (  +0.00)      311.20 (   +0.00)          0 (       0)                    0 (  +0.00)           0  
##>                                  END             3909884045 (  +0.00)      311.20 (   +0.00)          0 (       0)                    0 (  +0.00)           0  
##>canonicalize_by_names           START             3909884045 (  +0.00)      311.20 (   +0.00)          0 (       0)                    0 (  +0.00)              
##>                                  END             3909884045 (  +0.00)      311.20 (   +0.00)          0 (       0)                    0 (  +0.00)           0  
##>datapath_rewrite_post_csa_one_  START             3909884045 (  +0.00)      311.20 (   +0.00)          0 (       0)                    0 (  +0.00)              
##> rewrite                        START             3909884045 (  +0.00)      311.20 (   +0.00)          0 (       0)                    0 (  +0.00)              (na, greater_or_equal_from_uns --> greater_or_equal_to_uns
##>                                  END             5262895690 ( +34.60)      295.10 (  -16.10)          0 (       0)                    0 (  +0.00)           0  
##>                                  END             3909884045 (  +0.00)      311.20 (   +0.00)          0 (       0)                    0 (  +0.00)           0  
##>datapath_csa_factoring_one_gde  START             3909884045 (  +0.00)      311.20 (   +0.00)          0 (       0)                    0 (  +0.00)              
##>                                  END             3909884045 (  +0.00)      311.20 (   +0.00)          0 (       0)                    0 (  +0.00)           0  
##>dpopt_share_one_def             START             3909884045 (  +0.00)      311.20 (   +0.00)          0 (       0)                    0 (  +0.00)              
##>                                  END             3909884045 (  +0.00)      311.20 (   +0.00)          0 (       0)                    0 (  +0.00)           0  
##>datapath_rewrite_post_share     START             3909884045 (  +0.00)      311.20 (   +0.00)          0 (       0)                    0 (  +0.00)              
##>                                  END             3909884045 (  +0.00)      311.20 (   +0.00)          0 (       0)                    0 (  +0.00)           0  
##>dp_combine_const_mult_with_com  START             3909884045 (  +0.00)      311.20 (   +0.00)          0 (       0)                    0 (  +0.00)              
##>                                  END             3909884045 (  +0.00)      311.20 (   +0.00)          0 (       0)                    0 (  +0.00)           0  
##>dp_operator_level_decompositio  START             3909884045 (  +0.00)      311.20 (   +0.00)          0 (       0)                    0 (  +0.00)              
##>                                  END             3909884045 (  +0.00)      311.20 (   +0.00)          0 (       0)                    0 (  +0.00)           0  
##>selective_flatten_dp_config     START             3909884045 (  +0.00)      311.20 (   +0.00)          0 (       0)                    0 (  +0.00)              
##>                                  END             3909884045 (  +0.00)      311.20 (   +0.00)          0 (       0)                    0 (  +0.00)           0  
##>createMaxCarrySave              START             3909884045 (  +0.00)      311.20 (   +0.00)          0 (       0)                    0 (  +0.00)              
##> datapath_rewrite_one_def       START             3909884045 (  +0.00)      311.20 (   +0.00)          0 (       0)                    0 (  +0.00)              
##>  fast_cse_elim                 START             3909884045 (  +0.00)      311.20 (   +0.00)          0 (       0)                    0 (  +0.00)              
##>                                  END             3909884045 (  +0.00)      311.20 (   +0.00)          0 (       0)                    0 (  +0.00)           0  
##>  fast_cse_elim                 START             3909884045 (  +0.00)      311.20 (   +0.00)          0 (       0)                    0 (  +0.00)              
##>                                  END             3909884045 (  +0.00)      311.20 (   +0.00)          0 (       0)                    0 (  +0.00)           0  
##>                                  END             3909884045 (  +0.00)      311.20 (   +0.00)          0 (       0)                    0 (  +0.00)           0  
##> csa_opto                       START             3909884045 (  +0.00)      311.20 (   +0.00)          0 (       0)                    0 (  +0.00)              
##>                                  END             3909884045 (  +0.00)      311.20 (   +0.00)          0 (       0)                    0 (  +0.00)           0  
##>                                  END             3909884045 (  +0.00)      311.20 (   +0.00)          0 (       0)                    0 (  +0.00)           0  
##>context_based_simplify          START             3909884045 (  +0.00)      311.20 (   +0.00)          0 (       0)                    0 (  +0.00)              
##>                                  END             3675504075 (  -5.99)      311.20 (   +0.00)          0 (       0)                    0 (  +0.00)           0  
##>group_csa_final_adder_dp        START             3675504075 (  +0.00)      311.20 (   +0.00)          0 (       0)                    0 (  +0.00)              
##>                                  END             3675504075 (  +0.00)      311.20 (   +0.00)          0 (       0)                    0 (  +0.00)           0  
##>dpopt_flatten_critical_muxes_i  START             3675504075 (  +0.00)      311.20 (   +0.00)          0 (       0)                    0 (  +0.00)              
##>                                  END             3675504075 (  +0.00)      311.20 (   +0.00)          0 (       0)                    0 (  +0.00)           0  
##>create_score                    START             3675504075 (  +0.00)      311.20 (   +0.00)          0 (       0)                    0 (  +0.00)              
##>                                  END             3675504075 (  +0.00)      311.20 (   +0.00)          0 (       0)                    0 (  +0.00)           0  
##>+-----------------------------------------------------------------------------------------------------------------------------------------------------------------------------------------------------+
Committed config: CDN_DP_region_7_8_c7
Info    : Done implementing datapath configurations. [DPOPT-4]
        : Selected 'very_fast' configuration 7 for module 'CDN_DP_region_7_8_c7'.
          Optimizations applied to 'very_fast' configuration:
            rewriting(0), factoring(0), sharing(0), cmultcse(0), downsizing(0), speculation(0)
Info    : Implementing datapath configurations. [DPOPT-3]
        : Implementing datapath configurations for 'CDN_DP_region_7_6'
  CSAGen Prep Share:0 Re-Write:0 Speculation: 0

CDN_DP_region_7_6 level = 0 loads = 0 drivers = 0
CDN_DP_region_7_6_c0 in butterfly2x2: area: 3909884045 , DP = 2  Mux = 1  other = 1  sg = slow     
    wns: 0  norm_wns:  -1.0000 
    tns:  0
 skipped
CDN_DP_region_7_6_c1 in butterfly2x2: area: 3675504075 , DP = 2  Mux = 1  other = 1  sg = fast     
    wns: 0  norm_wns:  -1.0000 
    tns:  0
 is current best
CDN_DP_region_7_6_c2 in butterfly2x2: area: 3675504075 , DP = 2  Mux = 1  other = 1  sg = very_slow
    wns: 0  norm_wns:  -1.0000 
    tns:  0
 is current best
CDN_DP_region_7_6_c3 in butterfly2x2: area: 3675504075 , DP = 2  Mux = 1  other = 1  sg = very_fast
    wns: 0  norm_wns:  -1.0000 
    tns:  0
 is current best
CDN_DP_region_7_6_c4 in butterfly2x2: area: 3675504075 , DP = 2  Mux = 1  other = 1  sg = very_fast
    wns: 0  norm_wns:  -1.0000 
    tns:  0
 is current best
CDN_DP_region_7_6_c5 in butterfly2x2: area: 3675504075 , DP = 2  Mux = 1  other = 1  sg = very_fast
    wns: 0  norm_wns:  -1.0000 
    tns:  0
 is current best
CDN_DP_region_7_6_c6 in butterfly2x2: area: 3675504075 , DP = 2  Mux = 1  other = 1  sg = very_fast
    wns: 0  norm_wns:  -1.0000 
    tns:  0
 is current best
CDN_DP_region_7_6_c7 in butterfly2x2: area: 3675504075 , DP = 2  Mux = 1  other = 1  sg = very_fast
    wns: 0  norm_wns:  -1.0000 
    tns:  0
 is current best
Best config: CDN_DP_region_7_6_c7 in butterfly2x2: area: 3675504075 , DP = 2  Mux = 1  other = 1  sg = very_fast
    wns: 0  norm_wns:  -1.0000 
    tns:  0
  Smallest config area : 3675504075.  Fastest config wns;  0
##>+----------------------------------------------------------------------------------------------------------------------------------------------------------------+
##>Summary table of configs (Best config is CDN_DP_region_7_6_c7)
##>+----------------------------------------------------------------------------------------------------------------------------------------------------------------+
##>                     0                  1                  2                  3                  4                  5                  6                  7            
##>+----------------------------------------------------------------------------------------------------------------------------------------------------------------+
##>           Area       3909884045         3675504075         3675504075         3675504075         3675504075         3675504075         3675504075         3675504075  
##>            WNS          +311.20            +311.20            +311.20            +311.20            +311.20            +311.20            +311.20            +311.20  
##>            TNS                0                  0                  0                  0                  0                  0                  0                  0  
##>    Num Rewrite                0                  0                  0                  0                  0                  0                  0                  0  
##>      Num Share                0                  0                  0                  0                  0                  0                  0                  0  
##>  Num Speculate                0                  0                  0                  0                  0                  0                  0                  0  
##>         Num DP                2                  2                  2                  2                  2                  2                  2                  2  
##>        Num Mux                1                  1                  1                  1                  1                  1                  1                  1  
##>      Num other                1                  1                  1                  1                  1                  1                  1                  1  
##>     Runtime(s)                0                  0                  0                  0                  0                  0                  0                  0  
+----------------------------------------------------------------------------------------------------------------------------------------------------------------+
##>
##>
##>+-----------------------------------------------------------------------------------------------------------------------------------------------------------------------------------------------------+
##>Optimization Step DEBUG Table for config CDN_DP_region_7_6_c7
##>
##>                          Step                        Area   (  % Chg)         WNS (Change)          TNS (Change)                Power   (  % Chg)        Runtime (s)        Comment                   
##>+-----------------------------------------------------------------------------------------------------------------------------------------------------------------------------------------------------+
##>EquationExtraction              START             3909884045 (       )      311.20 (        )          0 (        )                    0 (       )              
##> rewrite                        START             6360220095 ( +62.67)      293.50 (  -17.70)          0 (       0)                    0 (  +0.00)              (a,ar) Expr24_from --> Expr24_to
##>                                  END             9439120610 ( +48.41)      293.50 (   +0.00)          0 (       0)                    0 (  +0.00)           0  
##>                                  END             3909884045 (  +0.00)      311.20 (   +0.00)          0 (       0)                    0 (  +0.00)           0  
##>createMaxCarrySave              START             3909884045 (  +0.00)      311.20 (   +0.00)          0 (       0)                    0 (  +0.00)              
##> datapath_rewrite_one_def       START             3909884045 (  +0.00)      311.20 (   +0.00)          0 (       0)                    0 (  +0.00)              
##>  rewrite                       START             3909884045 (  +0.00)      311.20 (   +0.00)          0 (       0)                    0 (  +0.00)              (na,csaa) subt_c_with_select_version1 --> subt_c_with_select_version2
##>                                  END             4431912160 ( +13.35)      209.00 ( -102.20)          0 (       0)                    0 (  +0.00)           0  
##>                                  END             3909884045 (  +0.00)      311.20 (   +0.00)          0 (       0)                    0 (  +0.00)           0  
##> csa_opto                       START             3909884045 (  +0.00)      311.20 (   +0.00)          0 (       0)                    0 (  +0.00)              
##>                                  END             3909884045 (  +0.00)      311.20 (   +0.00)          0 (       0)                    0 (  +0.00)           0  
##>                                  END             3909884045 (  +0.00)      311.20 (   +0.00)          0 (       0)                    0 (  +0.00)           0  
##>canonicalize_by_names           START             3909884045 (  +0.00)      311.20 (   +0.00)          0 (       0)                    0 (  +0.00)              
##>                                  END             3909884045 (  +0.00)      311.20 (   +0.00)          0 (       0)                    0 (  +0.00)           0  
##>datapath_rewrite_post_csa_one_  START             3909884045 (  +0.00)      311.20 (   +0.00)          0 (       0)                    0 (  +0.00)              
##> rewrite                        START             3909884045 (  +0.00)      311.20 (   +0.00)          0 (       0)                    0 (  +0.00)              (na, greater_or_equal_from_uns --> greater_or_equal_to_uns
##>                                  END             5262895690 ( +34.60)      295.10 (  -16.10)          0 (       0)                    0 (  +0.00)           0  
##>                                  END             3909884045 (  +0.00)      311.20 (   +0.00)          0 (       0)                    0 (  +0.00)           0  
##>datapath_csa_factoring_one_gde  START             3909884045 (  +0.00)      311.20 (   +0.00)          0 (       0)                    0 (  +0.00)              
##>                                  END             3909884045 (  +0.00)      311.20 (   +0.00)          0 (       0)                    0 (  +0.00)           0  
##>dpopt_share_one_def             START             3909884045 (  +0.00)      311.20 (   +0.00)          0 (       0)                    0 (  +0.00)              
##>                                  END             3909884045 (  +0.00)      311.20 (   +0.00)          0 (       0)                    0 (  +0.00)           0  
##>datapath_rewrite_post_share     START             3909884045 (  +0.00)      311.20 (   +0.00)          0 (       0)                    0 (  +0.00)              
##>                                  END             3909884045 (  +0.00)      311.20 (   +0.00)          0 (       0)                    0 (  +0.00)           0  
##>dp_combine_const_mult_with_com  START             3909884045 (  +0.00)      311.20 (   +0.00)          0 (       0)                    0 (  +0.00)              
##>                                  END             3909884045 (  +0.00)      311.20 (   +0.00)          0 (       0)                    0 (  +0.00)           0  
##>dp_operator_level_decompositio  START             3909884045 (  +0.00)      311.20 (   +0.00)          0 (       0)                    0 (  +0.00)              
##>                                  END             3909884045 (  +0.00)      311.20 (   +0.00)          0 (       0)                    0 (  +0.00)           0  
##>selective_flatten_dp_config     START             3909884045 (  +0.00)      311.20 (   +0.00)          0 (       0)                    0 (  +0.00)              
##>                                  END             3909884045 (  +0.00)      311.20 (   +0.00)          0 (       0)                    0 (  +0.00)           0  
##>createMaxCarrySave              START             3909884045 (  +0.00)      311.20 (   +0.00)          0 (       0)                    0 (  +0.00)              
##> datapath_rewrite_one_def       START             3909884045 (  +0.00)      311.20 (   +0.00)          0 (       0)                    0 (  +0.00)              
##>  fast_cse_elim                 START             3909884045 (  +0.00)      311.20 (   +0.00)          0 (       0)                    0 (  +0.00)              
##>                                  END             3909884045 (  +0.00)      311.20 (   +0.00)          0 (       0)                    0 (  +0.00)           0  
##>  fast_cse_elim                 START             3909884045 (  +0.00)      311.20 (   +0.00)          0 (       0)                    0 (  +0.00)              
##>                                  END             3909884045 (  +0.00)      311.20 (   +0.00)          0 (       0)                    0 (  +0.00)           0  
##>                                  END             3909884045 (  +0.00)      311.20 (   +0.00)          0 (       0)                    0 (  +0.00)           0  
##> csa_opto                       START             3909884045 (  +0.00)      311.20 (   +0.00)          0 (       0)                    0 (  +0.00)              
##>                                  END             3909884045 (  +0.00)      311.20 (   +0.00)          0 (       0)                    0 (  +0.00)           0  
##>                                  END             3909884045 (  +0.00)      311.20 (   +0.00)          0 (       0)                    0 (  +0.00)           0  
##>context_based_simplify          START             3909884045 (  +0.00)      311.20 (   +0.00)          0 (       0)                    0 (  +0.00)              
##>                                  END             3675504075 (  -5.99)      311.20 (   +0.00)          0 (       0)                    0 (  +0.00)           0  
##>group_csa_final_adder_dp        START             3675504075 (  +0.00)      311.20 (   +0.00)          0 (       0)                    0 (  +0.00)              
##>                                  END             3675504075 (  +0.00)      311.20 (   +0.00)          0 (       0)                    0 (  +0.00)           0  
##>dpopt_flatten_critical_muxes_i  START             3675504075 (  +0.00)      311.20 (   +0.00)          0 (       0)                    0 (  +0.00)              
##>                                  END             3675504075 (  +0.00)      311.20 (   +0.00)          0 (       0)                    0 (  +0.00)           0  
##>create_score                    START             3675504075 (  +0.00)      311.20 (   +0.00)          0 (       0)                    0 (  +0.00)              
##>                                  END             3675504075 (  +0.00)      311.20 (   +0.00)          0 (       0)                    0 (  +0.00)           0  
##>+-----------------------------------------------------------------------------------------------------------------------------------------------------------------------------------------------------+
Committed config: CDN_DP_region_7_6_c7
Info    : Done implementing datapath configurations. [DPOPT-4]
        : Selected 'very_fast' configuration 7 for module 'CDN_DP_region_7_6_c7'.
          Optimizations applied to 'very_fast' configuration:
            rewriting(0), factoring(0), sharing(0), cmultcse(0), downsizing(0), speculation(0)
Info    : Implementing datapath configurations. [DPOPT-3]
        : Implementing datapath configurations for 'CDN_DP_region_7_5'
  CSAGen Prep Share:0 Re-Write:0 Speculation: 0

CDN_DP_region_7_5 level = 0 loads = 0 drivers = 0
CDN_DP_region_7_5_c0 in butterfly2x2: area: 3909884045 , DP = 2  Mux = 1  other = 1  sg = slow     
    wns: 0  norm_wns:  -1.0000 
    tns:  0
 skipped
CDN_DP_region_7_5_c1 in butterfly2x2: area: 3675504075 , DP = 2  Mux = 1  other = 1  sg = fast     
    wns: 0  norm_wns:  -1.0000 
    tns:  0
 is current best
CDN_DP_region_7_5_c2 in butterfly2x2: area: 3675504075 , DP = 2  Mux = 1  other = 1  sg = very_slow
    wns: 0  norm_wns:  -1.0000 
    tns:  0
 is current best
CDN_DP_region_7_5_c3 in butterfly2x2: area: 3675504075 , DP = 2  Mux = 1  other = 1  sg = very_fast
    wns: 0  norm_wns:  -1.0000 
    tns:  0
 is current best
CDN_DP_region_7_5_c4 in butterfly2x2: area: 3675504075 , DP = 2  Mux = 1  other = 1  sg = very_fast
    wns: 0  norm_wns:  -1.0000 
    tns:  0
 is current best
CDN_DP_region_7_5_c5 in butterfly2x2: area: 3675504075 , DP = 2  Mux = 1  other = 1  sg = very_fast
    wns: 0  norm_wns:  -1.0000 
    tns:  0
 is current best
CDN_DP_region_7_5_c6 in butterfly2x2: area: 3675504075 , DP = 2  Mux = 1  other = 1  sg = very_fast
    wns: 0  norm_wns:  -1.0000 
    tns:  0
 is current best
CDN_DP_region_7_5_c7 in butterfly2x2: area: 3675504075 , DP = 2  Mux = 1  other = 1  sg = very_fast
    wns: 0  norm_wns:  -1.0000 
    tns:  0
 is current best
Best config: CDN_DP_region_7_5_c7 in butterfly2x2: area: 3675504075 , DP = 2  Mux = 1  other = 1  sg = very_fast
    wns: 0  norm_wns:  -1.0000 
    tns:  0
  Smallest config area : 3675504075.  Fastest config wns;  0
##>+----------------------------------------------------------------------------------------------------------------------------------------------------------------+
##>Summary table of configs (Best config is CDN_DP_region_7_5_c7)
##>+----------------------------------------------------------------------------------------------------------------------------------------------------------------+
##>                     0                  1                  2                  3                  4                  5                  6                  7            
##>+----------------------------------------------------------------------------------------------------------------------------------------------------------------+
##>           Area       3909884045         3675504075         3675504075         3675504075         3675504075         3675504075         3675504075         3675504075  
##>            WNS          +311.20            +311.20            +311.20            +311.20            +311.20            +311.20            +311.20            +311.20  
##>            TNS                0                  0                  0                  0                  0                  0                  0                  0  
##>    Num Rewrite                0                  0                  0                  0                  0                  0                  0                  0  
##>      Num Share                0                  0                  0                  0                  0                  0                  0                  0  
##>  Num Speculate                0                  0                  0                  0                  0                  0                  0                  0  
##>         Num DP                2                  2                  2                  2                  2                  2                  2                  2  
##>        Num Mux                1                  1                  1                  1                  1                  1                  1                  1  
##>      Num other                1                  1                  1                  1                  1                  1                  1                  1  
##>     Runtime(s)                0                  0                  0                  0                  0                  0                  0                  0  
+----------------------------------------------------------------------------------------------------------------------------------------------------------------+
##>
##>
##>+-----------------------------------------------------------------------------------------------------------------------------------------------------------------------------------------------------+
##>Optimization Step DEBUG Table for config CDN_DP_region_7_5_c7
##>
##>                          Step                        Area   (  % Chg)         WNS (Change)          TNS (Change)                Power   (  % Chg)        Runtime (s)        Comment                   
##>+-----------------------------------------------------------------------------------------------------------------------------------------------------------------------------------------------------+
##>EquationExtraction              START             3909884045 (       )      311.20 (        )          0 (        )                    0 (       )              
##> rewrite                        START             6360220095 ( +62.67)      293.50 (  -17.70)          0 (       0)                    0 (  +0.00)              (a,ar) Expr25_from --> Expr25_to
##>                                  END             9439120610 ( +48.41)      293.50 (   +0.00)          0 (       0)                    0 (  +0.00)           0  
##>                                  END             3909884045 (  +0.00)      311.20 (   +0.00)          0 (       0)                    0 (  +0.00)           0  
##>createMaxCarrySave              START             3909884045 (  +0.00)      311.20 (   +0.00)          0 (       0)                    0 (  +0.00)              
##> datapath_rewrite_one_def       START             3909884045 (  +0.00)      311.20 (   +0.00)          0 (       0)                    0 (  +0.00)              
##>  rewrite                       START             3909884045 (  +0.00)      311.20 (   +0.00)          0 (       0)                    0 (  +0.00)              (na,csaa) subt_c_with_select_version1 --> subt_c_with_select_version2
##>                                  END             4431912160 ( +13.35)      209.00 ( -102.20)          0 (       0)                    0 (  +0.00)           0  
##>                                  END             3909884045 (  +0.00)      311.20 (   +0.00)          0 (       0)                    0 (  +0.00)           0  
##> csa_opto                       START             3909884045 (  +0.00)      311.20 (   +0.00)          0 (       0)                    0 (  +0.00)              
##>                                  END             3909884045 (  +0.00)      311.20 (   +0.00)          0 (       0)                    0 (  +0.00)           0  
##>                                  END             3909884045 (  +0.00)      311.20 (   +0.00)          0 (       0)                    0 (  +0.00)           0  
##>canonicalize_by_names           START             3909884045 (  +0.00)      311.20 (   +0.00)          0 (       0)                    0 (  +0.00)              
##>                                  END             3909884045 (  +0.00)      311.20 (   +0.00)          0 (       0)                    0 (  +0.00)           0  
##>datapath_rewrite_post_csa_one_  START             3909884045 (  +0.00)      311.20 (   +0.00)          0 (       0)                    0 (  +0.00)              
##> rewrite                        START             3909884045 (  +0.00)      311.20 (   +0.00)          0 (       0)                    0 (  +0.00)              (na, greater_or_equal_from_uns --> greater_or_equal_to_uns
##>                                  END             5262895690 ( +34.60)      295.10 (  -16.10)          0 (       0)                    0 (  +0.00)           0  
##>                                  END             3909884045 (  +0.00)      311.20 (   +0.00)          0 (       0)                    0 (  +0.00)           0  
##>datapath_csa_factoring_one_gde  START             3909884045 (  +0.00)      311.20 (   +0.00)          0 (       0)                    0 (  +0.00)              
##>                                  END             3909884045 (  +0.00)      311.20 (   +0.00)          0 (       0)                    0 (  +0.00)           0  
##>dpopt_share_one_def             START             3909884045 (  +0.00)      311.20 (   +0.00)          0 (       0)                    0 (  +0.00)              
##>                                  END             3909884045 (  +0.00)      311.20 (   +0.00)          0 (       0)                    0 (  +0.00)           0  
##>datapath_rewrite_post_share     START             3909884045 (  +0.00)      311.20 (   +0.00)          0 (       0)                    0 (  +0.00)              
##>                                  END             3909884045 (  +0.00)      311.20 (   +0.00)          0 (       0)                    0 (  +0.00)           0  
##>dp_combine_const_mult_with_com  START             3909884045 (  +0.00)      311.20 (   +0.00)          0 (       0)                    0 (  +0.00)              
##>                                  END             3909884045 (  +0.00)      311.20 (   +0.00)          0 (       0)                    0 (  +0.00)           0  
##>dp_operator_level_decompositio  START             3909884045 (  +0.00)      311.20 (   +0.00)          0 (       0)                    0 (  +0.00)              
##>                                  END             3909884045 (  +0.00)      311.20 (   +0.00)          0 (       0)                    0 (  +0.00)           0  
##>selective_flatten_dp_config     START             3909884045 (  +0.00)      311.20 (   +0.00)          0 (       0)                    0 (  +0.00)              
##>                                  END             3909884045 (  +0.00)      311.20 (   +0.00)          0 (       0)                    0 (  +0.00)           0  
##>createMaxCarrySave              START             3909884045 (  +0.00)      311.20 (   +0.00)          0 (       0)                    0 (  +0.00)              
##> datapath_rewrite_one_def       START             3909884045 (  +0.00)      311.20 (   +0.00)          0 (       0)                    0 (  +0.00)              
##>  fast_cse_elim                 START             3909884045 (  +0.00)      311.20 (   +0.00)          0 (       0)                    0 (  +0.00)              
##>                                  END             3909884045 (  +0.00)      311.20 (   +0.00)          0 (       0)                    0 (  +0.00)           0  
##>  fast_cse_elim                 START             3909884045 (  +0.00)      311.20 (   +0.00)          0 (       0)                    0 (  +0.00)              
##>                                  END             3909884045 (  +0.00)      311.20 (   +0.00)          0 (       0)                    0 (  +0.00)           0  
##>                                  END             3909884045 (  +0.00)      311.20 (   +0.00)          0 (       0)                    0 (  +0.00)           0  
##> csa_opto                       START             3909884045 (  +0.00)      311.20 (   +0.00)          0 (       0)                    0 (  +0.00)              
##>                                  END             3909884045 (  +0.00)      311.20 (   +0.00)          0 (       0)                    0 (  +0.00)           0  
##>                                  END             3909884045 (  +0.00)      311.20 (   +0.00)          0 (       0)                    0 (  +0.00)           0  
##>context_based_simplify          START             3909884045 (  +0.00)      311.20 (   +0.00)          0 (       0)                    0 (  +0.00)              
##>                                  END             3675504075 (  -5.99)      311.20 (   +0.00)          0 (       0)                    0 (  +0.00)           0  
##>group_csa_final_adder_dp        START             3675504075 (  +0.00)      311.20 (   +0.00)          0 (       0)                    0 (  +0.00)              
##>                                  END             3675504075 (  +0.00)      311.20 (   +0.00)          0 (       0)                    0 (  +0.00)           0  
##>dpopt_flatten_critical_muxes_i  START             3675504075 (  +0.00)      311.20 (   +0.00)          0 (       0)                    0 (  +0.00)              
##>                                  END             3675504075 (  +0.00)      311.20 (   +0.00)          0 (       0)                    0 (  +0.00)           0  
##>create_score                    START             3675504075 (  +0.00)      311.20 (   +0.00)          0 (       0)                    0 (  +0.00)              
##>                                  END             3675504075 (  +0.00)      311.20 (   +0.00)          0 (       0)                    0 (  +0.00)           0  
##>+-----------------------------------------------------------------------------------------------------------------------------------------------------------------------------------------------------+
Committed config: CDN_DP_region_7_5_c7
Info    : Done implementing datapath configurations. [DPOPT-4]
        : Selected 'very_fast' configuration 7 for module 'CDN_DP_region_7_5_c7'.
          Optimizations applied to 'very_fast' configuration:
            rewriting(0), factoring(0), sharing(0), cmultcse(0), downsizing(0), speculation(0)
Info    : Implementing datapath configurations. [DPOPT-3]
        : Implementing datapath configurations for 'CDN_DP_region_7_3'
  CSAGen Prep Share:0 Re-Write:0 Speculation: 0

CDN_DP_region_7_3 level = 0 loads = 0 drivers = 0
CDN_DP_region_7_3_c0 in butterfly2x2: area: 3909884045 , DP = 2  Mux = 1  other = 1  sg = slow     
    wns: 0  norm_wns:  -1.0000 
    tns:  0
 skipped
CDN_DP_region_7_3_c1 in butterfly2x2: area: 3675504075 , DP = 2  Mux = 1  other = 1  sg = fast     
    wns: 0  norm_wns:  -1.0000 
    tns:  0
 is current best
CDN_DP_region_7_3_c2 in butterfly2x2: area: 3675504075 , DP = 2  Mux = 1  other = 1  sg = very_slow
    wns: 0  norm_wns:  -1.0000 
    tns:  0
 is current best
CDN_DP_region_7_3_c3 in butterfly2x2: area: 3675504075 , DP = 2  Mux = 1  other = 1  sg = very_fast
    wns: 0  norm_wns:  -1.0000 
    tns:  0
 is current best
CDN_DP_region_7_3_c4 in butterfly2x2: area: 3675504075 , DP = 2  Mux = 1  other = 1  sg = very_fast
    wns: 0  norm_wns:  -1.0000 
    tns:  0
 is current best
CDN_DP_region_7_3_c5 in butterfly2x2: area: 3675504075 , DP = 2  Mux = 1  other = 1  sg = very_fast
    wns: 0  norm_wns:  -1.0000 
    tns:  0
 is current best
CDN_DP_region_7_3_c6 in butterfly2x2: area: 3675504075 , DP = 2  Mux = 1  other = 1  sg = very_fast
    wns: 0  norm_wns:  -1.0000 
    tns:  0
 is current best
CDN_DP_region_7_3_c7 in butterfly2x2: area: 3675504075 , DP = 2  Mux = 1  other = 1  sg = very_fast
    wns: 0  norm_wns:  -1.0000 
    tns:  0
 is current best
Best config: CDN_DP_region_7_3_c7 in butterfly2x2: area: 3675504075 , DP = 2  Mux = 1  other = 1  sg = very_fast
    wns: 0  norm_wns:  -1.0000 
    tns:  0
  Smallest config area : 3675504075.  Fastest config wns;  0
##>+----------------------------------------------------------------------------------------------------------------------------------------------------------------+
##>Summary table of configs (Best config is CDN_DP_region_7_3_c7)
##>+----------------------------------------------------------------------------------------------------------------------------------------------------------------+
##>                     0                  1                  2                  3                  4                  5                  6                  7            
##>+----------------------------------------------------------------------------------------------------------------------------------------------------------------+
##>           Area       3909884045         3675504075         3675504075         3675504075         3675504075         3675504075         3675504075         3675504075  
##>            WNS          +311.20            +311.20            +311.20            +311.20            +311.20            +311.20            +311.20            +311.20  
##>            TNS                0                  0                  0                  0                  0                  0                  0                  0  
##>    Num Rewrite                0                  0                  0                  0                  0                  0                  0                  0  
##>      Num Share                0                  0                  0                  0                  0                  0                  0                  0  
##>  Num Speculate                0                  0                  0                  0                  0                  0                  0                  0  
##>         Num DP                2                  2                  2                  2                  2                  2                  2                  2  
##>        Num Mux                1                  1                  1                  1                  1                  1                  1                  1  
##>      Num other                1                  1                  1                  1                  1                  1                  1                  1  
##>     Runtime(s)                0                  0                  0                  0                  0                  0                  0                  0  
+----------------------------------------------------------------------------------------------------------------------------------------------------------------+
##>
##>
##>+-----------------------------------------------------------------------------------------------------------------------------------------------------------------------------------------------------+
##>Optimization Step DEBUG Table for config CDN_DP_region_7_3_c7
##>
##>                          Step                        Area   (  % Chg)         WNS (Change)          TNS (Change)                Power   (  % Chg)        Runtime (s)        Comment                   
##>+-----------------------------------------------------------------------------------------------------------------------------------------------------------------------------------------------------+
##>EquationExtraction              START             3909884045 (       )      311.20 (        )          0 (        )                    0 (       )              
##> rewrite                        START             6360220095 ( +62.67)      293.50 (  -17.70)          0 (       0)                    0 (  +0.00)              (a,ar) Expr26_from --> Expr26_to
##>                                  END             9439120610 ( +48.41)      293.50 (   +0.00)          0 (       0)                    0 (  +0.00)           0  
##>                                  END             3909884045 (  +0.00)      311.20 (   +0.00)          0 (       0)                    0 (  +0.00)           0  
##>createMaxCarrySave              START             3909884045 (  +0.00)      311.20 (   +0.00)          0 (       0)                    0 (  +0.00)              
##> datapath_rewrite_one_def       START             3909884045 (  +0.00)      311.20 (   +0.00)          0 (       0)                    0 (  +0.00)              
##>  rewrite                       START             3909884045 (  +0.00)      311.20 (   +0.00)          0 (       0)                    0 (  +0.00)              (na,csaa) subt_c_with_select_version1 --> subt_c_with_select_version2
##>                                  END             4431912160 ( +13.35)      209.00 ( -102.20)          0 (       0)                    0 (  +0.00)           0  
##>                                  END             3909884045 (  +0.00)      311.20 (   +0.00)          0 (       0)                    0 (  +0.00)           0  
##> csa_opto                       START             3909884045 (  +0.00)      311.20 (   +0.00)          0 (       0)                    0 (  +0.00)              
##>                                  END             3909884045 (  +0.00)      311.20 (   +0.00)          0 (       0)                    0 (  +0.00)           0  
##>                                  END             3909884045 (  +0.00)      311.20 (   +0.00)          0 (       0)                    0 (  +0.00)           0  
##>canonicalize_by_names           START             3909884045 (  +0.00)      311.20 (   +0.00)          0 (       0)                    0 (  +0.00)              
##>                                  END             3909884045 (  +0.00)      311.20 (   +0.00)          0 (       0)                    0 (  +0.00)           0  
##>datapath_rewrite_post_csa_one_  START             3909884045 (  +0.00)      311.20 (   +0.00)          0 (       0)                    0 (  +0.00)              
##> rewrite                        START             3909884045 (  +0.00)      311.20 (   +0.00)          0 (       0)                    0 (  +0.00)              (na, greater_or_equal_from_uns --> greater_or_equal_to_uns
##>                                  END             5262895690 ( +34.60)      295.10 (  -16.10)          0 (       0)                    0 (  +0.00)           0  
##>                                  END             3909884045 (  +0.00)      311.20 (   +0.00)          0 (       0)                    0 (  +0.00)           0  
##>datapath_csa_factoring_one_gde  START             3909884045 (  +0.00)      311.20 (   +0.00)          0 (       0)                    0 (  +0.00)              
##>                                  END             3909884045 (  +0.00)      311.20 (   +0.00)          0 (       0)                    0 (  +0.00)           0  
##>dpopt_share_one_def             START             3909884045 (  +0.00)      311.20 (   +0.00)          0 (       0)                    0 (  +0.00)              
##>                                  END             3909884045 (  +0.00)      311.20 (   +0.00)          0 (       0)                    0 (  +0.00)           0  
##>datapath_rewrite_post_share     START             3909884045 (  +0.00)      311.20 (   +0.00)          0 (       0)                    0 (  +0.00)              
##>                                  END             3909884045 (  +0.00)      311.20 (   +0.00)          0 (       0)                    0 (  +0.00)           0  
##>dp_combine_const_mult_with_com  START             3909884045 (  +0.00)      311.20 (   +0.00)          0 (       0)                    0 (  +0.00)              
##>                                  END             3909884045 (  +0.00)      311.20 (   +0.00)          0 (       0)                    0 (  +0.00)           0  
##>dp_operator_level_decompositio  START             3909884045 (  +0.00)      311.20 (   +0.00)          0 (       0)                    0 (  +0.00)              
##>                                  END             3909884045 (  +0.00)      311.20 (   +0.00)          0 (       0)                    0 (  +0.00)           0  
##>selective_flatten_dp_config     START             3909884045 (  +0.00)      311.20 (   +0.00)          0 (       0)                    0 (  +0.00)              
##>                                  END             3909884045 (  +0.00)      311.20 (   +0.00)          0 (       0)                    0 (  +0.00)           0  
##>createMaxCarrySave              START             3909884045 (  +0.00)      311.20 (   +0.00)          0 (       0)                    0 (  +0.00)              
##> datapath_rewrite_one_def       START             3909884045 (  +0.00)      311.20 (   +0.00)          0 (       0)                    0 (  +0.00)              
##>  fast_cse_elim                 START             3909884045 (  +0.00)      311.20 (   +0.00)          0 (       0)                    0 (  +0.00)              
##>                                  END             3909884045 (  +0.00)      311.20 (   +0.00)          0 (       0)                    0 (  +0.00)           0  
##>  fast_cse_elim                 START             3909884045 (  +0.00)      311.20 (   +0.00)          0 (       0)                    0 (  +0.00)              
##>                                  END             3909884045 (  +0.00)      311.20 (   +0.00)          0 (       0)                    0 (  +0.00)           0  
##>                                  END             3909884045 (  +0.00)      311.20 (   +0.00)          0 (       0)                    0 (  +0.00)           0  
##> csa_opto                       START             3909884045 (  +0.00)      311.20 (   +0.00)          0 (       0)                    0 (  +0.00)              
##>                                  END             3909884045 (  +0.00)      311.20 (   +0.00)          0 (       0)                    0 (  +0.00)           0  
##>                                  END             3909884045 (  +0.00)      311.20 (   +0.00)          0 (       0)                    0 (  +0.00)           0  
##>context_based_simplify          START             3909884045 (  +0.00)      311.20 (   +0.00)          0 (       0)                    0 (  +0.00)              
##>                                  END             3675504075 (  -5.99)      311.20 (   +0.00)          0 (       0)                    0 (  +0.00)           0  
##>group_csa_final_adder_dp        START             3675504075 (  +0.00)      311.20 (   +0.00)          0 (       0)                    0 (  +0.00)              
##>                                  END             3675504075 (  +0.00)      311.20 (   +0.00)          0 (       0)                    0 (  +0.00)           0  
##>dpopt_flatten_critical_muxes_i  START             3675504075 (  +0.00)      311.20 (   +0.00)          0 (       0)                    0 (  +0.00)              
##>                                  END             3675504075 (  +0.00)      311.20 (   +0.00)          0 (       0)                    0 (  +0.00)           0  
##>create_score                    START             3675504075 (  +0.00)      311.20 (   +0.00)          0 (       0)                    0 (  +0.00)              
##>                                  END             3675504075 (  +0.00)      311.20 (   +0.00)          0 (       0)                    0 (  +0.00)           0  
##>+-----------------------------------------------------------------------------------------------------------------------------------------------------------------------------------------------------+
Committed config: CDN_DP_region_7_3_c7
Info    : Done implementing datapath configurations. [DPOPT-4]
        : Selected 'very_fast' configuration 7 for module 'CDN_DP_region_7_3_c7'.
          Optimizations applied to 'very_fast' configuration:
            rewriting(0), factoring(0), sharing(0), cmultcse(0), downsizing(0), speculation(0)
Info    : Implementing datapath configurations. [DPOPT-3]
        : Implementing datapath configurations for 'CDN_DP_region_7_2'
  CSAGen Prep Share:0 Re-Write:0 Speculation: 0

CDN_DP_region_7_2 level = 0 loads = 0 drivers = 0
CDN_DP_region_7_2_c0 in butterfly2x2: area: 3909884045 , DP = 2  Mux = 1  other = 1  sg = slow     
    wns: 0  norm_wns:  -1.0000 
    tns:  0
 skipped
CDN_DP_region_7_2_c1 in butterfly2x2: area: 3675504075 , DP = 2  Mux = 1  other = 1  sg = fast     
    wns: 0  norm_wns:  -1.0000 
    tns:  0
 is current best
CDN_DP_region_7_2_c2 in butterfly2x2: area: 3675504075 , DP = 2  Mux = 1  other = 1  sg = very_slow
    wns: 0  norm_wns:  -1.0000 
    tns:  0
 is current best
CDN_DP_region_7_2_c3 in butterfly2x2: area: 3675504075 , DP = 2  Mux = 1  other = 1  sg = very_fast
    wns: 0  norm_wns:  -1.0000 
    tns:  0
 is current best
CDN_DP_region_7_2_c4 in butterfly2x2: area: 3675504075 , DP = 2  Mux = 1  other = 1  sg = very_fast
    wns: 0  norm_wns:  -1.0000 
    tns:  0
 is current best
CDN_DP_region_7_2_c5 in butterfly2x2: area: 3675504075 , DP = 2  Mux = 1  other = 1  sg = very_fast
    wns: 0  norm_wns:  -1.0000 
    tns:  0
 is current best
CDN_DP_region_7_2_c6 in butterfly2x2: area: 3675504075 , DP = 2  Mux = 1  other = 1  sg = very_fast
    wns: 0  norm_wns:  -1.0000 
    tns:  0
 is current best
CDN_DP_region_7_2_c7 in butterfly2x2: area: 3675504075 , DP = 2  Mux = 1  other = 1  sg = very_fast
    wns: 0  norm_wns:  -1.0000 
    tns:  0
 is current best
Best config: CDN_DP_region_7_2_c7 in butterfly2x2: area: 3675504075 , DP = 2  Mux = 1  other = 1  sg = very_fast
    wns: 0  norm_wns:  -1.0000 
    tns:  0
  Smallest config area : 3675504075.  Fastest config wns;  0
##>+----------------------------------------------------------------------------------------------------------------------------------------------------------------+
##>Summary table of configs (Best config is CDN_DP_region_7_2_c7)
##>+----------------------------------------------------------------------------------------------------------------------------------------------------------------+
##>                     0                  1                  2                  3                  4                  5                  6                  7            
##>+----------------------------------------------------------------------------------------------------------------------------------------------------------------+
##>           Area       3909884045         3675504075         3675504075         3675504075         3675504075         3675504075         3675504075         3675504075  
##>            WNS          +311.20            +311.20            +311.20            +311.20            +311.20            +311.20            +311.20            +311.20  
##>            TNS                0                  0                  0                  0                  0                  0                  0                  0  
##>    Num Rewrite                0                  0                  0                  0                  0                  0                  0                  0  
##>      Num Share                0                  0                  0                  0                  0                  0                  0                  0  
##>  Num Speculate                0                  0                  0                  0                  0                  0                  0                  0  
##>         Num DP                2                  2                  2                  2                  2                  2                  2                  2  
##>        Num Mux                1                  1                  1                  1                  1                  1                  1                  1  
##>      Num other                1                  1                  1                  1                  1                  1                  1                  1  
##>     Runtime(s)                0                  0                  0                  0                  0                  0                  0                  0  
+----------------------------------------------------------------------------------------------------------------------------------------------------------------+
##>
##>
##>+-----------------------------------------------------------------------------------------------------------------------------------------------------------------------------------------------------+
##>Optimization Step DEBUG Table for config CDN_DP_region_7_2_c7
##>
##>                          Step                        Area   (  % Chg)         WNS (Change)          TNS (Change)                Power   (  % Chg)        Runtime (s)        Comment                   
##>+-----------------------------------------------------------------------------------------------------------------------------------------------------------------------------------------------------+
##>EquationExtraction              START             3909884045 (       )      311.20 (        )          0 (        )                    0 (       )              
##> rewrite                        START             6360220095 ( +62.67)      293.50 (  -17.70)          0 (       0)                    0 (  +0.00)              (a,ar) Expr27_from --> Expr27_to
##>                                  END             9439120610 ( +48.41)      293.50 (   +0.00)          0 (       0)                    0 (  +0.00)           0  
##>                                  END             3909884045 (  +0.00)      311.20 (   +0.00)          0 (       0)                    0 (  +0.00)           0  
##>createMaxCarrySave              START             3909884045 (  +0.00)      311.20 (   +0.00)          0 (       0)                    0 (  +0.00)              
##> datapath_rewrite_one_def       START             3909884045 (  +0.00)      311.20 (   +0.00)          0 (       0)                    0 (  +0.00)              
##>  rewrite                       START             3909884045 (  +0.00)      311.20 (   +0.00)          0 (       0)                    0 (  +0.00)              (na,csaa) subt_c_with_select_version1 --> subt_c_with_select_version2
##>                                  END             4431912160 ( +13.35)      209.00 ( -102.20)          0 (       0)                    0 (  +0.00)           0  
##>                                  END             3909884045 (  +0.00)      311.20 (   +0.00)          0 (       0)                    0 (  +0.00)           0  
##> csa_opto                       START             3909884045 (  +0.00)      311.20 (   +0.00)          0 (       0)                    0 (  +0.00)              
##>                                  END             3909884045 (  +0.00)      311.20 (   +0.00)          0 (       0)                    0 (  +0.00)           0  
##>                                  END             3909884045 (  +0.00)      311.20 (   +0.00)          0 (       0)                    0 (  +0.00)           0  
##>canonicalize_by_names           START             3909884045 (  +0.00)      311.20 (   +0.00)          0 (       0)                    0 (  +0.00)              
##>                                  END             3909884045 (  +0.00)      311.20 (   +0.00)          0 (       0)                    0 (  +0.00)           0  
##>datapath_rewrite_post_csa_one_  START             3909884045 (  +0.00)      311.20 (   +0.00)          0 (       0)                    0 (  +0.00)              
##> rewrite                        START             3909884045 (  +0.00)      311.20 (   +0.00)          0 (       0)                    0 (  +0.00)              (na, greater_or_equal_from_uns --> greater_or_equal_to_uns
##>                                  END             5262895690 ( +34.60)      295.10 (  -16.10)          0 (       0)                    0 (  +0.00)           0  
##>                                  END             3909884045 (  +0.00)      311.20 (   +0.00)          0 (       0)                    0 (  +0.00)           0  
##>datapath_csa_factoring_one_gde  START             3909884045 (  +0.00)      311.20 (   +0.00)          0 (       0)                    0 (  +0.00)              
##>                                  END             3909884045 (  +0.00)      311.20 (   +0.00)          0 (       0)                    0 (  +0.00)           0  
##>dpopt_share_one_def             START             3909884045 (  +0.00)      311.20 (   +0.00)          0 (       0)                    0 (  +0.00)              
##>                                  END             3909884045 (  +0.00)      311.20 (   +0.00)          0 (       0)                    0 (  +0.00)           0  
##>datapath_rewrite_post_share     START             3909884045 (  +0.00)      311.20 (   +0.00)          0 (       0)                    0 (  +0.00)              
##>                                  END             3909884045 (  +0.00)      311.20 (   +0.00)          0 (       0)                    0 (  +0.00)           0  
##>dp_combine_const_mult_with_com  START             3909884045 (  +0.00)      311.20 (   +0.00)          0 (       0)                    0 (  +0.00)              
##>                                  END             3909884045 (  +0.00)      311.20 (   +0.00)          0 (       0)                    0 (  +0.00)           0  
##>dp_operator_level_decompositio  START             3909884045 (  +0.00)      311.20 (   +0.00)          0 (       0)                    0 (  +0.00)              
##>                                  END             3909884045 (  +0.00)      311.20 (   +0.00)          0 (       0)                    0 (  +0.00)           0  
##>selective_flatten_dp_config     START             3909884045 (  +0.00)      311.20 (   +0.00)          0 (       0)                    0 (  +0.00)              
##>                                  END             3909884045 (  +0.00)      311.20 (   +0.00)          0 (       0)                    0 (  +0.00)           0  
##>createMaxCarrySave              START             3909884045 (  +0.00)      311.20 (   +0.00)          0 (       0)                    0 (  +0.00)              
##> datapath_rewrite_one_def       START             3909884045 (  +0.00)      311.20 (   +0.00)          0 (       0)                    0 (  +0.00)              
##>  fast_cse_elim                 START             3909884045 (  +0.00)      311.20 (   +0.00)          0 (       0)                    0 (  +0.00)              
##>                                  END             3909884045 (  +0.00)      311.20 (   +0.00)          0 (       0)                    0 (  +0.00)           0  
##>  fast_cse_elim                 START             3909884045 (  +0.00)      311.20 (   +0.00)          0 (       0)                    0 (  +0.00)              
##>                                  END             3909884045 (  +0.00)      311.20 (   +0.00)          0 (       0)                    0 (  +0.00)           0  
##>                                  END             3909884045 (  +0.00)      311.20 (   +0.00)          0 (       0)                    0 (  +0.00)           0  
##> csa_opto                       START             3909884045 (  +0.00)      311.20 (   +0.00)          0 (       0)                    0 (  +0.00)              
##>                                  END             3909884045 (  +0.00)      311.20 (   +0.00)          0 (       0)                    0 (  +0.00)           0  
##>                                  END             3909884045 (  +0.00)      311.20 (   +0.00)          0 (       0)                    0 (  +0.00)           0  
##>context_based_simplify          START             3909884045 (  +0.00)      311.20 (   +0.00)          0 (       0)                    0 (  +0.00)              
##>                                  END             3675504075 (  -5.99)      311.20 (   +0.00)          0 (       0)                    0 (  +0.00)           0  
##>group_csa_final_adder_dp        START             3675504075 (  +0.00)      311.20 (   +0.00)          0 (       0)                    0 (  +0.00)              
##>                                  END             3675504075 (  +0.00)      311.20 (   +0.00)          0 (       0)                    0 (  +0.00)           0  
##>dpopt_flatten_critical_muxes_i  START             3675504075 (  +0.00)      311.20 (   +0.00)          0 (       0)                    0 (  +0.00)              
##>                                  END             3675504075 (  +0.00)      311.20 (   +0.00)          0 (       0)                    0 (  +0.00)           0  
##>create_score                    START             3675504075 (  +0.00)      311.20 (   +0.00)          0 (       0)                    0 (  +0.00)              
##>                                  END             3675504075 (  +0.00)      311.20 (   +0.00)          0 (       0)                    0 (  +0.00)           0  
##>+-----------------------------------------------------------------------------------------------------------------------------------------------------------------------------------------------------+
Committed config: CDN_DP_region_7_2_c7
Info    : Done implementing datapath configurations. [DPOPT-4]
        : Selected 'very_fast' configuration 7 for module 'CDN_DP_region_7_2_c7'.
          Optimizations applied to 'very_fast' configuration:
            rewriting(0), factoring(0), sharing(0), cmultcse(0), downsizing(0), speculation(0)
Info    : Implementing datapath configurations. [DPOPT-3]
        : Implementing datapath configurations for 'CDN_DP_region_7_1'
  CSAGen Prep Share:0 Re-Write:0 Speculation: 0

CDN_DP_region_7_1 level = 0 loads = 0 drivers = 0
CDN_DP_region_7_1_c0 in butterfly2x2: area: 3909884045 , DP = 2  Mux = 1  other = 1  sg = slow     
    wns: 0  norm_wns:  -1.0000 
    tns:  0
 skipped
CDN_DP_region_7_1_c1 in butterfly2x2: area: 3675504075 , DP = 2  Mux = 1  other = 1  sg = fast     
    wns: 0  norm_wns:  -1.0000 
    tns:  0
 is current best
CDN_DP_region_7_1_c2 in butterfly2x2: area: 3675504075 , DP = 2  Mux = 1  other = 1  sg = very_slow
    wns: 0  norm_wns:  -1.0000 
    tns:  0
 is current best
CDN_DP_region_7_1_c3 in butterfly2x2: area: 3675504075 , DP = 2  Mux = 1  other = 1  sg = very_fast
    wns: 0  norm_wns:  -1.0000 
    tns:  0
 is current best
CDN_DP_region_7_1_c4 in butterfly2x2: area: 3675504075 , DP = 2  Mux = 1  other = 1  sg = very_fast
    wns: 0  norm_wns:  -1.0000 
    tns:  0
 is current best
CDN_DP_region_7_1_c5 in butterfly2x2: area: 3675504075 , DP = 2  Mux = 1  other = 1  sg = very_fast
    wns: 0  norm_wns:  -1.0000 
    tns:  0
 is current best
CDN_DP_region_7_1_c6 in butterfly2x2: area: 3675504075 , DP = 2  Mux = 1  other = 1  sg = very_fast
    wns: 0  norm_wns:  -1.0000 
    tns:  0
 is current best
CDN_DP_region_7_1_c7 in butterfly2x2: area: 3675504075 , DP = 2  Mux = 1  other = 1  sg = very_fast
    wns: 0  norm_wns:  -1.0000 
    tns:  0
 is current best
Best config: CDN_DP_region_7_1_c7 in butterfly2x2: area: 3675504075 , DP = 2  Mux = 1  other = 1  sg = very_fast
    wns: 0  norm_wns:  -1.0000 
    tns:  0
  Smallest config area : 3675504075.  Fastest config wns;  0
##>+----------------------------------------------------------------------------------------------------------------------------------------------------------------+
##>Summary table of configs (Best config is CDN_DP_region_7_1_c7)
##>+----------------------------------------------------------------------------------------------------------------------------------------------------------------+
##>                     0                  1                  2                  3                  4                  5                  6                  7            
##>+----------------------------------------------------------------------------------------------------------------------------------------------------------------+
##>           Area       3909884045         3675504075         3675504075         3675504075         3675504075         3675504075         3675504075         3675504075  
##>            WNS          +311.20            +311.20            +311.20            +311.20            +311.20            +311.20            +311.20            +311.20  
##>            TNS                0                  0                  0                  0                  0                  0                  0                  0  
##>    Num Rewrite                0                  0                  0                  0                  0                  0                  0                  0  
##>      Num Share                0                  0                  0                  0                  0                  0                  0                  0  
##>  Num Speculate                0                  0                  0                  0                  0                  0                  0                  0  
##>         Num DP                2                  2                  2                  2                  2                  2                  2                  2  
##>        Num Mux                1                  1                  1                  1                  1                  1                  1                  1  
##>      Num other                1                  1                  1                  1                  1                  1                  1                  1  
##>     Runtime(s)                0                  0                  0                  0                  0                  0                  0                  0  
+----------------------------------------------------------------------------------------------------------------------------------------------------------------+
##>
##>
##>+-----------------------------------------------------------------------------------------------------------------------------------------------------------------------------------------------------+
##>Optimization Step DEBUG Table for config CDN_DP_region_7_1_c7
##>
##>                          Step                        Area   (  % Chg)         WNS (Change)          TNS (Change)                Power   (  % Chg)        Runtime (s)        Comment                   
##>+-----------------------------------------------------------------------------------------------------------------------------------------------------------------------------------------------------+
##>EquationExtraction              START             3909884045 (       )      311.20 (        )          0 (        )                    0 (       )              
##> rewrite                        START             6360220095 ( +62.67)      293.50 (  -17.70)          0 (       0)                    0 (  +0.00)              (a,ar) Expr28_from --> Expr28_to
##>                                  END             9439120610 ( +48.41)      293.50 (   +0.00)          0 (       0)                    0 (  +0.00)           0  
##>                                  END             3909884045 (  +0.00)      311.20 (   +0.00)          0 (       0)                    0 (  +0.00)           0  
##>createMaxCarrySave              START             3909884045 (  +0.00)      311.20 (   +0.00)          0 (       0)                    0 (  +0.00)              
##> datapath_rewrite_one_def       START             3909884045 (  +0.00)      311.20 (   +0.00)          0 (       0)                    0 (  +0.00)              
##>  rewrite                       START             3909884045 (  +0.00)      311.20 (   +0.00)          0 (       0)                    0 (  +0.00)              (na,csaa) subt_c_with_select_version1 --> subt_c_with_select_version2
##>                                  END             4431912160 ( +13.35)      209.00 ( -102.20)          0 (       0)                    0 (  +0.00)           0  
##>                                  END             3909884045 (  +0.00)      311.20 (   +0.00)          0 (       0)                    0 (  +0.00)           0  
##> csa_opto                       START             3909884045 (  +0.00)      311.20 (   +0.00)          0 (       0)                    0 (  +0.00)              
##>                                  END             3909884045 (  +0.00)      311.20 (   +0.00)          0 (       0)                    0 (  +0.00)           0  
##>                                  END             3909884045 (  +0.00)      311.20 (   +0.00)          0 (       0)                    0 (  +0.00)           0  
##>canonicalize_by_names           START             3909884045 (  +0.00)      311.20 (   +0.00)          0 (       0)                    0 (  +0.00)              
##>                                  END             3909884045 (  +0.00)      311.20 (   +0.00)          0 (       0)                    0 (  +0.00)           0  
##>datapath_rewrite_post_csa_one_  START             3909884045 (  +0.00)      311.20 (   +0.00)          0 (       0)                    0 (  +0.00)              
##> rewrite                        START             3909884045 (  +0.00)      311.20 (   +0.00)          0 (       0)                    0 (  +0.00)              (na, greater_or_equal_from_uns --> greater_or_equal_to_uns
##>                                  END             5262895690 ( +34.60)      295.10 (  -16.10)          0 (       0)                    0 (  +0.00)           0  
##>                                  END             3909884045 (  +0.00)      311.20 (   +0.00)          0 (       0)                    0 (  +0.00)           0  
##>datapath_csa_factoring_one_gde  START             3909884045 (  +0.00)      311.20 (   +0.00)          0 (       0)                    0 (  +0.00)              
##>                                  END             3909884045 (  +0.00)      311.20 (   +0.00)          0 (       0)                    0 (  +0.00)           0  
##>dpopt_share_one_def             START             3909884045 (  +0.00)      311.20 (   +0.00)          0 (       0)                    0 (  +0.00)              
##>                                  END             3909884045 (  +0.00)      311.20 (   +0.00)          0 (       0)                    0 (  +0.00)           0  
##>datapath_rewrite_post_share     START             3909884045 (  +0.00)      311.20 (   +0.00)          0 (       0)                    0 (  +0.00)              
##>                                  END             3909884045 (  +0.00)      311.20 (   +0.00)          0 (       0)                    0 (  +0.00)           0  
##>dp_combine_const_mult_with_com  START             3909884045 (  +0.00)      311.20 (   +0.00)          0 (       0)                    0 (  +0.00)              
##>                                  END             3909884045 (  +0.00)      311.20 (   +0.00)          0 (       0)                    0 (  +0.00)           0  
##>dp_operator_level_decompositio  START             3909884045 (  +0.00)      311.20 (   +0.00)          0 (       0)                    0 (  +0.00)              
##>                                  END             3909884045 (  +0.00)      311.20 (   +0.00)          0 (       0)                    0 (  +0.00)           0  
##>selective_flatten_dp_config     START             3909884045 (  +0.00)      311.20 (   +0.00)          0 (       0)                    0 (  +0.00)              
##>                                  END             3909884045 (  +0.00)      311.20 (   +0.00)          0 (       0)                    0 (  +0.00)           0  
##>createMaxCarrySave              START             3909884045 (  +0.00)      311.20 (   +0.00)          0 (       0)                    0 (  +0.00)              
##> datapath_rewrite_one_def       START             3909884045 (  +0.00)      311.20 (   +0.00)          0 (       0)                    0 (  +0.00)              
##>  fast_cse_elim                 START             3909884045 (  +0.00)      311.20 (   +0.00)          0 (       0)                    0 (  +0.00)              
##>                                  END             3909884045 (  +0.00)      311.20 (   +0.00)          0 (       0)                    0 (  +0.00)           0  
##>  fast_cse_elim                 START             3909884045 (  +0.00)      311.20 (   +0.00)          0 (       0)                    0 (  +0.00)              
##>                                  END             3909884045 (  +0.00)      311.20 (   +0.00)          0 (       0)                    0 (  +0.00)           0  
##>                                  END             3909884045 (  +0.00)      311.20 (   +0.00)          0 (       0)                    0 (  +0.00)           0  
##> csa_opto                       START             3909884045 (  +0.00)      311.20 (   +0.00)          0 (       0)                    0 (  +0.00)              
##>                                  END             3909884045 (  +0.00)      311.20 (   +0.00)          0 (       0)                    0 (  +0.00)           0  
##>                                  END             3909884045 (  +0.00)      311.20 (   +0.00)          0 (       0)                    0 (  +0.00)           0  
##>context_based_simplify          START             3909884045 (  +0.00)      311.20 (   +0.00)          0 (       0)                    0 (  +0.00)              
##>                                  END             3675504075 (  -5.99)      311.20 (   +0.00)          0 (       0)                    0 (  +0.00)           0  
##>group_csa_final_adder_dp        START             3675504075 (  +0.00)      311.20 (   +0.00)          0 (       0)                    0 (  +0.00)              
##>                                  END             3675504075 (  +0.00)      311.20 (   +0.00)          0 (       0)                    0 (  +0.00)           0  
##>dpopt_flatten_critical_muxes_i  START             3675504075 (  +0.00)      311.20 (   +0.00)          0 (       0)                    0 (  +0.00)              
##>                                  END             3675504075 (  +0.00)      311.20 (   +0.00)          0 (       0)                    0 (  +0.00)           0  
##>create_score                    START             3675504075 (  +0.00)      311.20 (   +0.00)          0 (       0)                    0 (  +0.00)              
##>                                  END             3675504075 (  +0.00)      311.20 (   +0.00)          0 (       0)                    0 (  +0.00)           0  
##>+-----------------------------------------------------------------------------------------------------------------------------------------------------------------------------------------------------+
Committed config: CDN_DP_region_7_1_c7
Info    : Done implementing datapath configurations. [DPOPT-4]
        : Selected 'very_fast' configuration 7 for module 'CDN_DP_region_7_1_c7'.
          Optimizations applied to 'very_fast' configuration:
            rewriting(0), factoring(0), sharing(0), cmultcse(0), downsizing(0), speculation(0)
Info    : Implementing datapath configurations. [DPOPT-3]
        : Implementing datapath configurations for 'CDN_DP_region_7_0'
  CSAGen Prep Share:0 Re-Write:0 Speculation: 0

CDN_DP_region_7_0 level = 0 loads = 0 drivers = 0
CDN_DP_region_7_0_c0 in butterfly2x2: area: 3909884045 , DP = 2  Mux = 1  other = 1  sg = slow     
    wns: 0  norm_wns:  -1.0000 
    tns:  0
 skipped
CDN_DP_region_7_0_c1 in butterfly2x2: area: 3675504075 , DP = 2  Mux = 1  other = 1  sg = fast     
    wns: 0  norm_wns:  -1.0000 
    tns:  0
 is current best
CDN_DP_region_7_0_c2 in butterfly2x2: area: 3675504075 , DP = 2  Mux = 1  other = 1  sg = very_slow
    wns: 0  norm_wns:  -1.0000 
    tns:  0
 is current best
CDN_DP_region_7_0_c3 in butterfly2x2: area: 3675504075 , DP = 2  Mux = 1  other = 1  sg = very_fast
    wns: 0  norm_wns:  -1.0000 
    tns:  0
 is current best
CDN_DP_region_7_0_c4 in butterfly2x2: area: 3675504075 , DP = 2  Mux = 1  other = 1  sg = very_fast
    wns: 0  norm_wns:  -1.0000 
    tns:  0
 is current best
CDN_DP_region_7_0_c5 in butterfly2x2: area: 3675504075 , DP = 2  Mux = 1  other = 1  sg = very_fast
    wns: 0  norm_wns:  -1.0000 
    tns:  0
 is current best
CDN_DP_region_7_0_c6 in butterfly2x2: area: 3675504075 , DP = 2  Mux = 1  other = 1  sg = very_fast
    wns: 0  norm_wns:  -1.0000 
    tns:  0
 is current best
CDN_DP_region_7_0_c7 in butterfly2x2: area: 3675504075 , DP = 2  Mux = 1  other = 1  sg = very_fast
    wns: 0  norm_wns:  -1.0000 
    tns:  0
 is current best
Best config: CDN_DP_region_7_0_c7 in butterfly2x2: area: 3675504075 , DP = 2  Mux = 1  other = 1  sg = very_fast
    wns: 0  norm_wns:  -1.0000 
    tns:  0
  Smallest config area : 3675504075.  Fastest config wns;  0
##>+----------------------------------------------------------------------------------------------------------------------------------------------------------------+
##>Summary table of configs (Best config is CDN_DP_region_7_0_c7)
##>+----------------------------------------------------------------------------------------------------------------------------------------------------------------+
##>                     0                  1                  2                  3                  4                  5                  6                  7            
##>+----------------------------------------------------------------------------------------------------------------------------------------------------------------+
##>           Area       3909884045         3675504075         3675504075         3675504075         3675504075         3675504075         3675504075         3675504075  
##>            WNS          +311.20            +311.20            +311.20            +311.20            +311.20            +311.20            +311.20            +311.20  
##>            TNS                0                  0                  0                  0                  0                  0                  0                  0  
##>    Num Rewrite                0                  0                  0                  0                  0                  0                  0                  0  
##>      Num Share                0                  0                  0                  0                  0                  0                  0                  0  
##>  Num Speculate                0                  0                  0                  0                  0                  0                  0                  0  
##>         Num DP                2                  2                  2                  2                  2                  2                  2                  2  
##>        Num Mux                1                  1                  1                  1                  1                  1                  1                  1  
##>      Num other                1                  1                  1                  1                  1                  1                  1                  1  
##>     Runtime(s)                0                  0                  0                  0                  0                  0                  0                  0  
+----------------------------------------------------------------------------------------------------------------------------------------------------------------+
##>
##>
##>+-----------------------------------------------------------------------------------------------------------------------------------------------------------------------------------------------------+
##>Optimization Step DEBUG Table for config CDN_DP_region_7_0_c7
##>
##>                          Step                        Area   (  % Chg)         WNS (Change)          TNS (Change)                Power   (  % Chg)        Runtime (s)        Comment                   
##>+-----------------------------------------------------------------------------------------------------------------------------------------------------------------------------------------------------+
##>EquationExtraction              START             3909884045 (       )      311.20 (        )          0 (        )                    0 (       )              
##> rewrite                        START             6360220095 ( +62.67)      293.50 (  -17.70)          0 (       0)                    0 (  +0.00)              (a,ar) Expr29_from --> Expr29_to
##>                                  END             9439120610 ( +48.41)      293.50 (   +0.00)          0 (       0)                    0 (  +0.00)           0  
##>                                  END             3909884045 (  +0.00)      311.20 (   +0.00)          0 (       0)                    0 (  +0.00)           0  
##>createMaxCarrySave              START             3909884045 (  +0.00)      311.20 (   +0.00)          0 (       0)                    0 (  +0.00)              
##> datapath_rewrite_one_def       START             3909884045 (  +0.00)      311.20 (   +0.00)          0 (       0)                    0 (  +0.00)              
##>  rewrite                       START             3909884045 (  +0.00)      311.20 (   +0.00)          0 (       0)                    0 (  +0.00)              (na,csaa) subt_c_with_select_version1 --> subt_c_with_select_version2
##>                                  END             4431912160 ( +13.35)      209.00 ( -102.20)          0 (       0)                    0 (  +0.00)           0  
##>                                  END             3909884045 (  +0.00)      311.20 (   +0.00)          0 (       0)                    0 (  +0.00)           0  
##> csa_opto                       START             3909884045 (  +0.00)      311.20 (   +0.00)          0 (       0)                    0 (  +0.00)              
##>                                  END             3909884045 (  +0.00)      311.20 (   +0.00)          0 (       0)                    0 (  +0.00)           0  
##>                                  END             3909884045 (  +0.00)      311.20 (   +0.00)          0 (       0)                    0 (  +0.00)           0  
##>canonicalize_by_names           START             3909884045 (  +0.00)      311.20 (   +0.00)          0 (       0)                    0 (  +0.00)              
##>                                  END             3909884045 (  +0.00)      311.20 (   +0.00)          0 (       0)                    0 (  +0.00)           0  
##>datapath_rewrite_post_csa_one_  START             3909884045 (  +0.00)      311.20 (   +0.00)          0 (       0)                    0 (  +0.00)              
##> rewrite                        START             3909884045 (  +0.00)      311.20 (   +0.00)          0 (       0)                    0 (  +0.00)              (na, greater_or_equal_from_uns --> greater_or_equal_to_uns
##>                                  END             5262895690 ( +34.60)      295.10 (  -16.10)          0 (       0)                    0 (  +0.00)           0  
##>                                  END             3909884045 (  +0.00)      311.20 (   +0.00)          0 (       0)                    0 (  +0.00)           0  
##>datapath_csa_factoring_one_gde  START             3909884045 (  +0.00)      311.20 (   +0.00)          0 (       0)                    0 (  +0.00)              
##>                                  END             3909884045 (  +0.00)      311.20 (   +0.00)          0 (       0)                    0 (  +0.00)           0  
##>dpopt_share_one_def             START             3909884045 (  +0.00)      311.20 (   +0.00)          0 (       0)                    0 (  +0.00)              
##>                                  END             3909884045 (  +0.00)      311.20 (   +0.00)          0 (       0)                    0 (  +0.00)           0  
##>datapath_rewrite_post_share     START             3909884045 (  +0.00)      311.20 (   +0.00)          0 (       0)                    0 (  +0.00)              
##>                                  END             3909884045 (  +0.00)      311.20 (   +0.00)          0 (       0)                    0 (  +0.00)           0  
##>dp_combine_const_mult_with_com  START             3909884045 (  +0.00)      311.20 (   +0.00)          0 (       0)                    0 (  +0.00)              
##>                                  END             3909884045 (  +0.00)      311.20 (   +0.00)          0 (       0)                    0 (  +0.00)           0  
##>dp_operator_level_decompositio  START             3909884045 (  +0.00)      311.20 (   +0.00)          0 (       0)                    0 (  +0.00)              
##>                                  END             3909884045 (  +0.00)      311.20 (   +0.00)          0 (       0)                    0 (  +0.00)           0  
##>selective_flatten_dp_config     START             3909884045 (  +0.00)      311.20 (   +0.00)          0 (       0)                    0 (  +0.00)              
##>                                  END             3909884045 (  +0.00)      311.20 (   +0.00)          0 (       0)                    0 (  +0.00)           0  
##>createMaxCarrySave              START             3909884045 (  +0.00)      311.20 (   +0.00)          0 (       0)                    0 (  +0.00)              
##> datapath_rewrite_one_def       START             3909884045 (  +0.00)      311.20 (   +0.00)          0 (       0)                    0 (  +0.00)              
##>  fast_cse_elim                 START             3909884045 (  +0.00)      311.20 (   +0.00)          0 (       0)                    0 (  +0.00)              
##>                                  END             3909884045 (  +0.00)      311.20 (   +0.00)          0 (       0)                    0 (  +0.00)           0  
##>  fast_cse_elim                 START             3909884045 (  +0.00)      311.20 (   +0.00)          0 (       0)                    0 (  +0.00)              
##>                                  END             3909884045 (  +0.00)      311.20 (   +0.00)          0 (       0)                    0 (  +0.00)           0  
##>                                  END             3909884045 (  +0.00)      311.20 (   +0.00)          0 (       0)                    0 (  +0.00)           0  
##> csa_opto                       START             3909884045 (  +0.00)      311.20 (   +0.00)          0 (       0)                    0 (  +0.00)              
##>                                  END             3909884045 (  +0.00)      311.20 (   +0.00)          0 (       0)                    0 (  +0.00)           0  
##>                                  END             3909884045 (  +0.00)      311.20 (   +0.00)          0 (       0)                    0 (  +0.00)           0  
##>context_based_simplify          START             3909884045 (  +0.00)      311.20 (   +0.00)          0 (       0)                    0 (  +0.00)              
##>                                  END             3675504075 (  -5.99)      311.20 (   +0.00)          0 (       0)                    0 (  +0.00)           0  
##>group_csa_final_adder_dp        START             3675504075 (  +0.00)      311.20 (   +0.00)          0 (       0)                    0 (  +0.00)              
##>                                  END             3675504075 (  +0.00)      311.20 (   +0.00)          0 (       0)                    0 (  +0.00)           0  
##>dpopt_flatten_critical_muxes_i  START             3675504075 (  +0.00)      311.20 (   +0.00)          0 (       0)                    0 (  +0.00)              
##>                                  END             3675504075 (  +0.00)      311.20 (   +0.00)          0 (       0)                    0 (  +0.00)           0  
##>create_score                    START             3675504075 (  +0.00)      311.20 (   +0.00)          0 (       0)                    0 (  +0.00)              
##>                                  END             3675504075 (  +0.00)      311.20 (   +0.00)          0 (       0)                    0 (  +0.00)           0  
##>+-----------------------------------------------------------------------------------------------------------------------------------------------------------------------------------------------------+
Committed config: CDN_DP_region_7_0_c7
Info    : Done implementing datapath configurations. [DPOPT-4]
        : Selected 'very_fast' configuration 7 for module 'CDN_DP_region_7_0_c7'.
          Optimizations applied to 'very_fast' configuration:
            rewriting(0), factoring(0), sharing(0), cmultcse(0), downsizing(0), speculation(0)
Info    : Implementing datapath configurations. [DPOPT-3]
        : Implementing datapath configurations for 'CDN_DP_region_7_10'
  CSAGen Prep Share:0 Re-Write:0 Speculation: 0

CDN_DP_region_7_10 level = 0 loads = 0 drivers = 0
CDN_DP_region_7_10_c0 in butterfly2x2: area: 2855174180 , DP = 1  Mux = 1  other = 2  sg = slow     
    wns: 0  norm_wns:  -1.0000 
    tns:  0
 skipped
CDN_DP_region_7_10_c1 in butterfly2x2: area: 2855174180 , DP = 1  Mux = 1  other = 2  sg = fast     
    wns: 0  norm_wns:  -1.0000 
    tns:  0
 is current best
CDN_DP_region_7_10_c2 in butterfly2x2: area: 2855174180 , DP = 1  Mux = 1  other = 2  sg = very_slow
    wns: 0  norm_wns:  -1.0000 
    tns:  0
 is current best
CDN_DP_region_7_10_c3 in butterfly2x2: area: 2855174180 , DP = 1  Mux = 1  other = 2  sg = very_fast
    wns: 0  norm_wns:  -1.0000 
    tns:  0
 is current best
CDN_DP_region_7_10_c4 in butterfly2x2: area: 2855174180 , DP = 1  Mux = 1  other = 2  sg = very_fast
    wns: 0  norm_wns:  -1.0000 
    tns:  0
 is current best
CDN_DP_region_7_10_c5 in butterfly2x2: area: 2855174180 , DP = 1  Mux = 1  other = 2  sg = very_fast
    wns: 0  norm_wns:  -1.0000 
    tns:  0
 is current best
CDN_DP_region_7_10_c6 in butterfly2x2: area: 2855174180 , DP = 1  Mux = 1  other = 2  sg = very_fast
    wns: 0  norm_wns:  -1.0000 
    tns:  0
 is current best
CDN_DP_region_7_10_c7 in butterfly2x2: area: 2855174180 , DP = 1  Mux = 1  other = 2  sg = very_fast
    wns: 0  norm_wns:  -1.0000 
    tns:  0
 is current best
Best config: CDN_DP_region_7_10_c7 in butterfly2x2: area: 2855174180 , DP = 1  Mux = 1  other = 2  sg = very_fast
    wns: 0  norm_wns:  -1.0000 
    tns:  0
  Smallest config area : 2855174180.  Fastest config wns;  0
##>+----------------------------------------------------------------------------------------------------------------------------------------------------------------+
##>Summary table of configs (Best config is CDN_DP_region_7_10_c7)
##>+----------------------------------------------------------------------------------------------------------------------------------------------------------------+
##>                     0                  1                  2                  3                  4                  5                  6                  7            
##>+----------------------------------------------------------------------------------------------------------------------------------------------------------------+
##>           Area       2855174180         2855174180         2855174180         2855174180         2855174180         2855174180         2855174180         2855174180  
##>            WNS          +314.80            +314.80            +314.80            +314.80            +314.80            +314.80            +314.80            +314.80  
##>            TNS                0                  0                  0                  0                  0                  0                  0                  0  
##>    Num Rewrite                0                  0                  0                  0                  0                  0                  0                  0  
##>      Num Share                0                  0                  0                  0                  0                  0                  0                  0  
##>  Num Speculate                0                  0                  0                  0                  0                  0                  0                  0  
##>         Num DP                1                  1                  1                  1                  1                  1                  1                  1  
##>        Num Mux                1                  1                  1                  1                  1                  1                  1                  1  
##>      Num other                2                  2                  2                  2                  2                  2                  2                  2  
##>     Runtime(s)                0                  0                  0                  0                  0                  0                  0                  0  
+----------------------------------------------------------------------------------------------------------------------------------------------------------------+
##>
##>
##>+-----------------------------------------------------------------------------------------------------------------------------------------------------------------------------------------------------+
##>Optimization Step DEBUG Table for config CDN_DP_region_7_10_c7
##>
##>                          Step                        Area   (  % Chg)         WNS (Change)          TNS (Change)                Power   (  % Chg)        Runtime (s)        Comment                   
##>+-----------------------------------------------------------------------------------------------------------------------------------------------------------------------------------------------------+
##>EquationExtraction              START             2855174180 (       )      314.80 (        )          0 (        )                    0 (       )              
##> rewrite                        START             5230934785 ( +83.21)      307.00 (   -7.80)          0 (       0)                    0 (  +0.00)              (a,ar) Expr30_from --> Expr30_to
##>                                  END            13657960070 (+161.10)      307.00 (   +0.00)          0 (       0)                    0 (  +0.00)           0  
##>                                  END             2855174180 (  +0.00)      314.80 (   +0.00)          0 (       0)                    0 (  +0.00)           0  
##>createMaxCarrySave              START             2855174180 (  +0.00)      314.80 (   +0.00)          0 (       0)                    0 (  +0.00)              
##> datapath_rewrite_one_def       START             2855174180 (  +0.00)      314.80 (   +0.00)          0 (       0)                    0 (  +0.00)              
##>                                  END             2855174180 (  +0.00)      314.80 (   +0.00)          0 (       0)                    0 (  +0.00)           0  
##> csa_opto                       START             2855174180 (  +0.00)      314.80 (   +0.00)          0 (       0)                    0 (  +0.00)              
##>                                  END             2855174180 (  +0.00)      314.80 (   +0.00)          0 (       0)                    0 (  +0.00)           0  
##>                                  END             2855174180 (  +0.00)      314.80 (   +0.00)          0 (       0)                    0 (  +0.00)           0  
##>canonicalize_by_names           START             2855174180 (  +0.00)      314.80 (   +0.00)          0 (       0)                    0 (  +0.00)              
##>                                  END             2855174180 (  +0.00)      314.80 (   +0.00)          0 (       0)                    0 (  +0.00)           0  
##>datapath_rewrite_post_csa_one_  START             2855174180 (  +0.00)      314.80 (   +0.00)          0 (       0)                    0 (  +0.00)              
##>                                  END             2855174180 (  +0.00)      314.80 (   +0.00)          0 (       0)                    0 (  +0.00)           0  
##>datapath_csa_factoring_one_gde  START             2855174180 (  +0.00)      314.80 (   +0.00)          0 (       0)                    0 (  +0.00)              
##>                                  END             2855174180 (  +0.00)      314.80 (   +0.00)          0 (       0)                    0 (  +0.00)           0  
##>dpopt_share_one_def             START             2855174180 (  +0.00)      314.80 (   +0.00)          0 (       0)                    0 (  +0.00)              
##>                                  END             2855174180 (  +0.00)      314.80 (   +0.00)          0 (       0)                    0 (  +0.00)           0  
##>datapath_rewrite_post_share     START             2855174180 (  +0.00)      314.80 (   +0.00)          0 (       0)                    0 (  +0.00)              
##>                                  END             2855174180 (  +0.00)      314.80 (   +0.00)          0 (       0)                    0 (  +0.00)           0  
##>dp_combine_const_mult_with_com  START             2855174180 (  +0.00)      314.80 (   +0.00)          0 (       0)                    0 (  +0.00)              
##>                                  END             2855174180 (  +0.00)      314.80 (   +0.00)          0 (       0)                    0 (  +0.00)           0  
##>dp_operator_level_decompositio  START             2855174180 (  +0.00)      314.80 (   +0.00)          0 (       0)                    0 (  +0.00)              
##>                                  END             2855174180 (  +0.00)      314.80 (   +0.00)          0 (       0)                    0 (  +0.00)           0  
##>selective_flatten_dp_config     START             2855174180 (  +0.00)      314.80 (   +0.00)          0 (       0)                    0 (  +0.00)              
##>                                  END             2855174180 (  +0.00)      314.80 (   +0.00)          0 (       0)                    0 (  +0.00)           0  
##>createMaxCarrySave              START             2855174180 (  +0.00)      314.80 (   +0.00)          0 (       0)                    0 (  +0.00)              
##> datapath_rewrite_one_def       START             2855174180 (  +0.00)      314.80 (   +0.00)          0 (       0)                    0 (  +0.00)              
##>  fast_cse_elim                 START             2855174180 (  +0.00)      314.80 (   +0.00)          0 (       0)                    0 (  +0.00)              
##>                                  END             2855174180 (  +0.00)      314.80 (   +0.00)          0 (       0)                    0 (  +0.00)           0  
##>  fast_cse_elim                 START             2855174180 (  +0.00)      314.80 (   +0.00)          0 (       0)                    0 (  +0.00)              
##>                                  END             2855174180 (  +0.00)      314.80 (   +0.00)          0 (       0)                    0 (  +0.00)           0  
##>                                  END             2855174180 (  +0.00)      314.80 (   +0.00)          0 (       0)                    0 (  +0.00)           0  
##> csa_opto                       START             2855174180 (  +0.00)      314.80 (   +0.00)          0 (       0)                    0 (  +0.00)              
##>                                  END             2855174180 (  +0.00)      314.80 (   +0.00)          0 (       0)                    0 (  +0.00)           0  
##>                                  END             2855174180 (  +0.00)      314.80 (   +0.00)          0 (       0)                    0 (  +0.00)           0  
##>context_based_simplify          START             2855174180 (  +0.00)      314.80 (   +0.00)          0 (       0)                    0 (  +0.00)              
##>                                  END             2855174180 (  +0.00)      314.80 (   +0.00)          0 (       0)                    0 (  +0.00)           0  
##>group_csa_final_adder_dp        START             2855174180 (  +0.00)      314.80 (   +0.00)          0 (       0)                    0 (  +0.00)              
##>                                  END             2855174180 (  +0.00)      314.80 (   +0.00)          0 (       0)                    0 (  +0.00)           0  
##>dpopt_flatten_critical_muxes_i  START             2855174180 (  +0.00)      314.80 (   +0.00)          0 (       0)                    0 (  +0.00)              
##>                                  END             2855174180 (  +0.00)      314.80 (   +0.00)          0 (       0)                    0 (  +0.00)           0  
##>create_score                    START             2855174180 (  +0.00)      314.80 (   +0.00)          0 (       0)                    0 (  +0.00)              
##>                                  END             2855174180 (  +0.00)      314.80 (   +0.00)          0 (       0)                    0 (  +0.00)           0  
##>+-----------------------------------------------------------------------------------------------------------------------------------------------------------------------------------------------------+
Committed config: CDN_DP_region_7_10_c7
Info    : Done implementing datapath configurations. [DPOPT-4]
        : Selected 'very_fast' configuration 7 for module 'CDN_DP_region_7_10_c7'.
          Optimizations applied to 'very_fast' configuration:
            rewriting(0), factoring(0), sharing(0), cmultcse(0), downsizing(0), speculation(0)
Info    : Implementing datapath configurations. [DPOPT-3]
        : Implementing datapath configurations for 'CDN_DP_region_7_7'
  CSAGen Prep Share:0 Re-Write:0 Speculation: 0

CDN_DP_region_7_7 level = 0 loads = 0 drivers = 0
CDN_DP_region_7_7_c0 in butterfly2x2: area: 2855174180 , DP = 1  Mux = 1  other = 2  sg = slow     
    wns: 0  norm_wns:  -1.0000 
    tns:  0
 skipped
CDN_DP_region_7_7_c1 in butterfly2x2: area: 2855174180 , DP = 1  Mux = 1  other = 2  sg = fast     
    wns: 0  norm_wns:  -1.0000 
    tns:  0
 is current best
CDN_DP_region_7_7_c2 in butterfly2x2: area: 2855174180 , DP = 1  Mux = 1  other = 2  sg = very_slow
    wns: 0  norm_wns:  -1.0000 
    tns:  0
 is current best
CDN_DP_region_7_7_c3 in butterfly2x2: area: 2855174180 , DP = 1  Mux = 1  other = 2  sg = very_fast
    wns: 0  norm_wns:  -1.0000 
    tns:  0
 is current best
CDN_DP_region_7_7_c4 in butterfly2x2: area: 2855174180 , DP = 1  Mux = 1  other = 2  sg = very_fast
    wns: 0  norm_wns:  -1.0000 
    tns:  0
 is current best
CDN_DP_region_7_7_c5 in butterfly2x2: area: 2855174180 , DP = 1  Mux = 1  other = 2  sg = very_fast
    wns: 0  norm_wns:  -1.0000 
    tns:  0
 is current best
CDN_DP_region_7_7_c6 in butterfly2x2: area: 2855174180 , DP = 1  Mux = 1  other = 2  sg = very_fast
    wns: 0  norm_wns:  -1.0000 
    tns:  0
 is current best
CDN_DP_region_7_7_c7 in butterfly2x2: area: 2855174180 , DP = 1  Mux = 1  other = 2  sg = very_fast
    wns: 0  norm_wns:  -1.0000 
    tns:  0
 is current best
Best config: CDN_DP_region_7_7_c7 in butterfly2x2: area: 2855174180 , DP = 1  Mux = 1  other = 2  sg = very_fast
    wns: 0  norm_wns:  -1.0000 
    tns:  0
  Smallest config area : 2855174180.  Fastest config wns;  0
##>+----------------------------------------------------------------------------------------------------------------------------------------------------------------+
##>Summary table of configs (Best config is CDN_DP_region_7_7_c7)
##>+----------------------------------------------------------------------------------------------------------------------------------------------------------------+
##>                     0                  1                  2                  3                  4                  5                  6                  7            
##>+----------------------------------------------------------------------------------------------------------------------------------------------------------------+
##>           Area       2855174180         2855174180         2855174180         2855174180         2855174180         2855174180         2855174180         2855174180  
##>            WNS          +314.80            +314.80            +314.80            +314.80            +314.80            +314.80            +314.80            +314.80  
##>            TNS                0                  0                  0                  0                  0                  0                  0                  0  
##>    Num Rewrite                0                  0                  0                  0                  0                  0                  0                  0  
##>      Num Share                0                  0                  0                  0                  0                  0                  0                  0  
##>  Num Speculate                0                  0                  0                  0                  0                  0                  0                  0  
##>         Num DP                1                  1                  1                  1                  1                  1                  1                  1  
##>        Num Mux                1                  1                  1                  1                  1                  1                  1                  1  
##>      Num other                2                  2                  2                  2                  2                  2                  2                  2  
##>     Runtime(s)                0                  0                  0                  0                  0                  0                  0                  0  
+----------------------------------------------------------------------------------------------------------------------------------------------------------------+
##>
##>
##>+-----------------------------------------------------------------------------------------------------------------------------------------------------------------------------------------------------+
##>Optimization Step DEBUG Table for config CDN_DP_region_7_7_c7
##>
##>                          Step                        Area   (  % Chg)         WNS (Change)          TNS (Change)                Power   (  % Chg)        Runtime (s)        Comment                   
##>+-----------------------------------------------------------------------------------------------------------------------------------------------------------------------------------------------------+
##>EquationExtraction              START             2855174180 (       )      314.80 (        )          0 (        )                    0 (       )              
##> rewrite                        START             5230934785 ( +83.21)      307.00 (   -7.80)          0 (       0)                    0 (  +0.00)              (a,ar) Expr31_from --> Expr31_to
##>                                  END            13657960070 (+161.10)      307.00 (   +0.00)          0 (       0)                    0 (  +0.00)           0  
##>                                  END             2855174180 (  +0.00)      314.80 (   +0.00)          0 (       0)                    0 (  +0.00)           0  
##>createMaxCarrySave              START             2855174180 (  +0.00)      314.80 (   +0.00)          0 (       0)                    0 (  +0.00)              
##> datapath_rewrite_one_def       START             2855174180 (  +0.00)      314.80 (   +0.00)          0 (       0)                    0 (  +0.00)              
##>                                  END             2855174180 (  +0.00)      314.80 (   +0.00)          0 (       0)                    0 (  +0.00)           0  
##> csa_opto                       START             2855174180 (  +0.00)      314.80 (   +0.00)          0 (       0)                    0 (  +0.00)              
##>                                  END             2855174180 (  +0.00)      314.80 (   +0.00)          0 (       0)                    0 (  +0.00)           0  
##>                                  END             2855174180 (  +0.00)      314.80 (   +0.00)          0 (       0)                    0 (  +0.00)           0  
##>canonicalize_by_names           START             2855174180 (  +0.00)      314.80 (   +0.00)          0 (       0)                    0 (  +0.00)              
##>                                  END             2855174180 (  +0.00)      314.80 (   +0.00)          0 (       0)                    0 (  +0.00)           0  
##>datapath_rewrite_post_csa_one_  START             2855174180 (  +0.00)      314.80 (   +0.00)          0 (       0)                    0 (  +0.00)              
##>                                  END             2855174180 (  +0.00)      314.80 (   +0.00)          0 (       0)                    0 (  +0.00)           0  
##>datapath_csa_factoring_one_gde  START             2855174180 (  +0.00)      314.80 (   +0.00)          0 (       0)                    0 (  +0.00)              
##>                                  END             2855174180 (  +0.00)      314.80 (   +0.00)          0 (       0)                    0 (  +0.00)           0  
##>dpopt_share_one_def             START             2855174180 (  +0.00)      314.80 (   +0.00)          0 (       0)                    0 (  +0.00)              
##>                                  END             2855174180 (  +0.00)      314.80 (   +0.00)          0 (       0)                    0 (  +0.00)           0  
##>datapath_rewrite_post_share     START             2855174180 (  +0.00)      314.80 (   +0.00)          0 (       0)                    0 (  +0.00)              
##>                                  END             2855174180 (  +0.00)      314.80 (   +0.00)          0 (       0)                    0 (  +0.00)           0  
##>dp_combine_const_mult_with_com  START             2855174180 (  +0.00)      314.80 (   +0.00)          0 (       0)                    0 (  +0.00)              
##>                                  END             2855174180 (  +0.00)      314.80 (   +0.00)          0 (       0)                    0 (  +0.00)           0  
##>dp_operator_level_decompositio  START             2855174180 (  +0.00)      314.80 (   +0.00)          0 (       0)                    0 (  +0.00)              
##>                                  END             2855174180 (  +0.00)      314.80 (   +0.00)          0 (       0)                    0 (  +0.00)           0  
##>selective_flatten_dp_config     START             2855174180 (  +0.00)      314.80 (   +0.00)          0 (       0)                    0 (  +0.00)              
##>                                  END             2855174180 (  +0.00)      314.80 (   +0.00)          0 (       0)                    0 (  +0.00)           0  
##>createMaxCarrySave              START             2855174180 (  +0.00)      314.80 (   +0.00)          0 (       0)                    0 (  +0.00)              
##> datapath_rewrite_one_def       START             2855174180 (  +0.00)      314.80 (   +0.00)          0 (       0)                    0 (  +0.00)              
##>  fast_cse_elim                 START             2855174180 (  +0.00)      314.80 (   +0.00)          0 (       0)                    0 (  +0.00)              
##>                                  END             2855174180 (  +0.00)      314.80 (   +0.00)          0 (       0)                    0 (  +0.00)           0  
##>  fast_cse_elim                 START             2855174180 (  +0.00)      314.80 (   +0.00)          0 (       0)                    0 (  +0.00)              
##>                                  END             2855174180 (  +0.00)      314.80 (   +0.00)          0 (       0)                    0 (  +0.00)           0  
##>                                  END             2855174180 (  +0.00)      314.80 (   +0.00)          0 (       0)                    0 (  +0.00)           0  
##> csa_opto                       START             2855174180 (  +0.00)      314.80 (   +0.00)          0 (       0)                    0 (  +0.00)              
##>                                  END             2855174180 (  +0.00)      314.80 (   +0.00)          0 (       0)                    0 (  +0.00)           0  
##>                                  END             2855174180 (  +0.00)      314.80 (   +0.00)          0 (       0)                    0 (  +0.00)           0  
##>context_based_simplify          START             2855174180 (  +0.00)      314.80 (   +0.00)          0 (       0)                    0 (  +0.00)              
##>                                  END             2855174180 (  +0.00)      314.80 (   +0.00)          0 (       0)                    0 (  +0.00)           0  
##>group_csa_final_adder_dp        START             2855174180 (  +0.00)      314.80 (   +0.00)          0 (       0)                    0 (  +0.00)              
##>                                  END             2855174180 (  +0.00)      314.80 (   +0.00)          0 (       0)                    0 (  +0.00)           0  
##>dpopt_flatten_critical_muxes_i  START             2855174180 (  +0.00)      314.80 (   +0.00)          0 (       0)                    0 (  +0.00)              
##>                                  END             2855174180 (  +0.00)      314.80 (   +0.00)          0 (       0)                    0 (  +0.00)           0  
##>create_score                    START             2855174180 (  +0.00)      314.80 (   +0.00)          0 (       0)                    0 (  +0.00)              
##>                                  END             2855174180 (  +0.00)      314.80 (   +0.00)          0 (       0)                    0 (  +0.00)           0  
##>+-----------------------------------------------------------------------------------------------------------------------------------------------------------------------------------------------------+
Committed config: CDN_DP_region_7_7_c7
Info    : Done implementing datapath configurations. [DPOPT-4]
        : Selected 'very_fast' configuration 7 for module 'CDN_DP_region_7_7_c7'.
          Optimizations applied to 'very_fast' configuration:
            rewriting(0), factoring(0), sharing(0), cmultcse(0), downsizing(0), speculation(0)
Info    : Implementing datapath configurations. [DPOPT-3]
        : Implementing datapath configurations for 'CDN_DP_region_1_0'
  CSAGen Prep Share:0 Re-Write:0 Speculation: 0

CDN_DP_region_1_0 level = 0 loads = 0 drivers = 0
CDN_DP_region_1_0_c0 in Barrett_127: area: 8608137080 , DP = 2  Mux = 1  other = 1  sg = slow     
    wns: 0  norm_wns:  -1.0000 
    tns:  0
 skipped
CDN_DP_region_1_0_c1 in Barrett_127: area: 14425021790 , CSA = 2  DP = 1  Mux = 1  other = 1  sg = fast     
    wns: 0  norm_wns:  -1.0000 
    tns:  0
 is current best
CDN_DP_region_1_0_c2 in Barrett_127: area: 8608137080 , DP = 2  Mux = 1  other = 1  sg = very_slow
    wns: 0  norm_wns:  -1.0000 
    tns:  0
 is current best
CDN_DP_region_1_0_c3 in Barrett_127: area: 14425021790 , CSA = 2  DP = 1  Mux = 1  other = 1  sg = very_fast
    wns: 0  norm_wns:  -1.0000 
    tns:  0

CDN_DP_region_1_0_c4 in Barrett_127: area: 8608137080 , DP = 2  Mux = 1  other = 1  sg = very_fast
    wns: 0  norm_wns:  -1.0000 
    tns:  0
 is current best
CDN_DP_region_1_0_c5 in Barrett_127: area: 8608137080 , DP = 2  Mux = 1  other = 1  sg = very_fast
    wns: 0  norm_wns:  -1.0000 
    tns:  0
 is current best
CDN_DP_region_1_0_c6 in Barrett_127: area: 14425021790 , CSA = 2  DP = 1  Mux = 1  other = 1  sg = very_fast
    wns: 0  norm_wns:  -1.0000 
    tns:  0

CDN_DP_region_1_0_c7 in Barrett_127: area: 12390177505 , CSA = 1  DP = 1  Mux = 1  other = 1  sg = very_fast
    wns: 0  norm_wns:  -1.0000 
    tns:  0

Best config: CDN_DP_region_1_0_c5 in Barrett_127: area: 8608137080 , DP = 2  Mux = 1  other = 1  sg = very_fast
    wns: 0  norm_wns:  -1.0000 
    tns:  0
  Smallest config area : 8608137080.  Fastest config wns;  0
##>+----------------------------------------------------------------------------------------------------------------------------------------------------------------+
##>Summary table of configs (Best config is CDN_DP_region_1_0_c5)
##>+----------------------------------------------------------------------------------------------------------------------------------------------------------------+
##>                     0                  1                  2                  3                  4                  5                  6                  7            
##>+----------------------------------------------------------------------------------------------------------------------------------------------------------------+
##>           Area       8608137080        14425021790         8608137080        14425021790         8608137080         8608137080        14425021790        12390177505  
##>            WNS          +153.00            +223.60            +153.00            +223.60            +153.00            +153.00            +223.60            +244.50  
##>            TNS                0                  0                  0                  0                  0                  0                  0                  0  
##>    Num Rewrite                0                  0                  0                  0                  0                  0                  0                  0  
##>      Num Share                0                  0                  0                  0                  0                  0                  0                  0  
##>  Num Speculate                0                  0                  0                  0                  0                  0                  0                  0  
##>        Num CSA                0                  2                  0                  2                  0                  0                  2                  1  
##>         Num DP                2                  1                  2                  1                  2                  2                  1                  1  
##>        Num Mux                1                  1                  1                  1                  1                  1                  1                  1  
##>      Num other                1                  1                  1                  1                  1                  1                  1                  1  
##>     Runtime(s)                0                  1                  0                  0                  0                  0                  0                  1  
+----------------------------------------------------------------------------------------------------------------------------------------------------------------+
##>
##>
##>+-----------------------------------------------------------------------------------------------------------------------------------------------------------------------------------------------------+
##>Optimization Step DEBUG Table for config CDN_DP_region_1_0_c5
##>
##>                          Step                        Area   (  % Chg)         WNS (Change)          TNS (Change)                Power   (  % Chg)        Runtime (s)        Comment                   
##>+-----------------------------------------------------------------------------------------------------------------------------------------------------------------------------------------------------+
##>createMaxCarrySave              START             8608137080 (       )      153.00 (        )          0 (        )                    0 (       )              
##> datapath_rewrite_one_def       START             8608137080 (  +0.00)      153.00 (   +0.00)          0 (       0)                    0 (  +0.00)              
##>  fast_cse_elim                 START             8608137080 (  +0.00)      153.00 (   +0.00)          0 (       0)                    0 (  +0.00)              
##>                                  END             8608137080 (  +0.00)      153.00 (   +0.00)          0 (       0)                    0 (  +0.00)           0  
##>  fast_cse_elim                 START             8608137080 (  +0.00)      153.00 (   +0.00)          0 (       0)                    0 (  +0.00)              
##>                                  END             8608137080 (  +0.00)      153.00 (   +0.00)          0 (       0)                    0 (  +0.00)           0  
##>                                  END             8608137080 (  +0.00)      153.00 (   +0.00)          0 (       0)                    0 (  +0.00)           0  
##> csa_opto                       START             8608137080 (  +0.00)      153.00 (   +0.00)          0 (       0)                    0 (  +0.00)              
##>                                  END             8608137080 (  +0.00)      153.00 (   +0.00)          0 (       0)                    0 (  +0.00)           0  
##>                                  END             8608137080 (  +0.00)      153.00 (   +0.00)          0 (       0)                    0 (  +0.00)           0  
##>canonicalize_by_names           START             8608137080 (  +0.00)      153.00 (   +0.00)          0 (       0)                    0 (  +0.00)              
##>                                  END             8608137080 (  +0.00)      153.00 (   +0.00)          0 (       0)                    0 (  +0.00)           0  
##>datapath_rewrite_post_csa_one_  START             8608137080 (  +0.00)      153.00 (   +0.00)          0 (       0)                    0 (  +0.00)              
##> rewrite                        START             8608137080 (  +0.00)      153.00 (   +0.00)          0 (       0)                    0 (  +0.00)              (na,csaa) base_comb_unsigned_sub_exs_sub_from --> comb_unsigned_sub_exs_sub_to
##>                                  END            12486060220 ( +45.05)      250.70 (  +97.70)          0 (       0)                    0 (  +0.00)           0  
##>                                  END             8608137080 (  +0.00)      153.00 (   +0.00)          0 (       0)                    0 (  +0.00)           0  
##>datapath_csa_factoring_one_gde  START             8608137080 (  +0.00)      153.00 (   +0.00)          0 (       0)                    0 (  +0.00)              
##>                                  END             8608137080 (  +0.00)      153.00 (   +0.00)          0 (       0)                    0 (  +0.00)           0  
##>dpopt_share_one_def             START             8608137080 (  +0.00)      153.00 (   +0.00)          0 (       0)                    0 (  +0.00)              
##>                                  END             8608137080 (  +0.00)      153.00 (   +0.00)          0 (       0)                    0 (  +0.00)           0  
##>datapath_rewrite_post_share     START             8608137080 (  +0.00)      153.00 (   +0.00)          0 (       0)                    0 (  +0.00)              
##>                                  END             8608137080 (  +0.00)      153.00 (   +0.00)          0 (       0)                    0 (  +0.00)           0  
##>dp_combine_const_mult_with_com  START             8608137080 (  +0.00)      153.00 (   +0.00)          0 (       0)                    0 (  +0.00)              
##>                                  END             8608137080 (  +0.00)      153.00 (   +0.00)          0 (       0)                    0 (  +0.00)           0  
##>dp_operator_level_decompositio  START             8608137080 (  +0.00)      153.00 (   +0.00)          0 (       0)                    0 (  +0.00)              
##>                                  END             8608137080 (  +0.00)      153.00 (   +0.00)          0 (       0)                    0 (  +0.00)           0  
##>selective_flatten_dp_config     START             8608137080 (  +0.00)      153.00 (   +0.00)          0 (       0)                    0 (  +0.00)              
##>                                  END             8608137080 (  +0.00)      153.00 (   +0.00)          0 (       0)                    0 (  +0.00)           0  
##>createMaxCarrySave              START             8608137080 (  +0.00)      153.00 (   +0.00)          0 (       0)                    0 (  +0.00)              
##> datapath_rewrite_one_def       START             8608137080 (  +0.00)      153.00 (   +0.00)          0 (       0)                    0 (  +0.00)              
##>  fast_cse_elim                 START             8608137080 (  +0.00)      153.00 (   +0.00)          0 (       0)                    0 (  +0.00)              
##>                                  END             8608137080 (  +0.00)      153.00 (   +0.00)          0 (       0)                    0 (  +0.00)           0  
##>  fast_cse_elim                 START             8608137080 (  +0.00)      153.00 (   +0.00)          0 (       0)                    0 (  +0.00)              
##>                                  END             8608137080 (  +0.00)      153.00 (   +0.00)          0 (       0)                    0 (  +0.00)           0  
##>                                  END             8608137080 (  +0.00)      153.00 (   +0.00)          0 (       0)                    0 (  +0.00)           0  
##> csa_opto                       START             8608137080 (  +0.00)      153.00 (   +0.00)          0 (       0)                    0 (  +0.00)              
##>                                  END             8608137080 (  +0.00)      153.00 (   +0.00)          0 (       0)                    0 (  +0.00)           0  
##>                                  END             8608137080 (  +0.00)      153.00 (   +0.00)          0 (       0)                    0 (  +0.00)           0  
##>context_based_simplify          START             8608137080 (  +0.00)      153.00 (   +0.00)          0 (       0)                    0 (  +0.00)              
##>                                  END             8608137080 (  +0.00)      153.00 (   +0.00)          0 (       0)                    0 (  +0.00)           0  
##>group_csa_final_adder_dp        START             8608137080 (  +0.00)      153.00 (   +0.00)          0 (       0)                    0 (  +0.00)              
##>                                  END             8608137080 (  +0.00)      153.00 (   +0.00)          0 (       0)                    0 (  +0.00)           0  
##>dpopt_flatten_critical_muxes_i  START             8608137080 (  +0.00)      153.00 (   +0.00)          0 (       0)                    0 (  +0.00)              
##>                                  END             8608137080 (  +0.00)      153.00 (   +0.00)          0 (       0)                    0 (  +0.00)           0  
##>create_score                    START             8608137080 (  +0.00)      153.00 (   +0.00)          0 (       0)                    0 (  +0.00)              
##>                                  END             8608137080 (  +0.00)      153.00 (   +0.00)          0 (       0)                    0 (  +0.00)           0  
##>+-----------------------------------------------------------------------------------------------------------------------------------------------------------------------------------------------------+
Committed config: CDN_DP_region_1_0_c5
Info    : Done implementing datapath configurations. [DPOPT-4]
        : Selected 'very_fast' configuration 5 for module 'CDN_DP_region_1_0_c5'.
          Optimizations applied to 'very_fast' configuration:
            rewriting(0), factoring(0), sharing(0), cmultcse(0), downsizing(0), speculation(0)
Info    : Implementing datapath configurations. [DPOPT-3]
        : Implementing datapath configurations for 'CDN_DP_region_2_0'
  CSAGen Prep Share:0 Re-Write:0 Speculation: 0

CDN_DP_region_2_0 level = 0 loads = 0 drivers = 0
CDN_DP_region_2_0_c0 in Barrett_128: area: 8608137080 , DP = 2  Mux = 1  other = 1  sg = slow     
    wns: 0  norm_wns:  -1.0000 
    tns:  0
 skipped
CDN_DP_region_2_0_c1 in Barrett_128: area: 14425021790 , CSA = 2  DP = 1  Mux = 1  other = 1  sg = fast     
    wns: 0  norm_wns:  -1.0000 
    tns:  0
 is current best
CDN_DP_region_2_0_c2 in Barrett_128: area: 8608137080 , DP = 2  Mux = 1  other = 1  sg = very_slow
    wns: 0  norm_wns:  -1.0000 
    tns:  0
 is current best
CDN_DP_region_2_0_c3 in Barrett_128: area: 14425021790 , CSA = 2  DP = 1  Mux = 1  other = 1  sg = very_fast
    wns: 0  norm_wns:  -1.0000 
    tns:  0

CDN_DP_region_2_0_c4 in Barrett_128: area: 8608137080 , DP = 2  Mux = 1  other = 1  sg = very_fast
    wns: 0  norm_wns:  -1.0000 
    tns:  0
 is current best
CDN_DP_region_2_0_c5 in Barrett_128: area: 8608137080 , DP = 2  Mux = 1  other = 1  sg = very_fast
    wns: 0  norm_wns:  -1.0000 
    tns:  0
 is current best
CDN_DP_region_2_0_c6 in Barrett_128: area: 14425021790 , CSA = 2  DP = 1  Mux = 1  other = 1  sg = very_fast
    wns: 0  norm_wns:  -1.0000 
    tns:  0

CDN_DP_region_2_0_c7 in Barrett_128: area: 12390177505 , CSA = 1  DP = 1  Mux = 1  other = 1  sg = very_fast
    wns: 0  norm_wns:  -1.0000 
    tns:  0

Best config: CDN_DP_region_2_0_c5 in Barrett_128: area: 8608137080 , DP = 2  Mux = 1  other = 1  sg = very_fast
    wns: 0  norm_wns:  -1.0000 
    tns:  0
  Smallest config area : 8608137080.  Fastest config wns;  0
##>+----------------------------------------------------------------------------------------------------------------------------------------------------------------+
##>Summary table of configs (Best config is CDN_DP_region_2_0_c5)
##>+----------------------------------------------------------------------------------------------------------------------------------------------------------------+
##>                     0                  1                  2                  3                  4                  5                  6                  7            
##>+----------------------------------------------------------------------------------------------------------------------------------------------------------------+
##>           Area       8608137080        14425021790         8608137080        14425021790         8608137080         8608137080        14425021790        12390177505  
##>            WNS          +153.00            +223.60            +153.00            +223.60            +153.00            +153.00            +223.60            +244.50  
##>            TNS                0                  0                  0                  0                  0                  0                  0                  0  
##>    Num Rewrite                0                  0                  0                  0                  0                  0                  0                  0  
##>      Num Share                0                  0                  0                  0                  0                  0                  0                  0  
##>  Num Speculate                0                  0                  0                  0                  0                  0                  0                  0  
##>        Num CSA                0                  2                  0                  2                  0                  0                  2                  1  
##>         Num DP                2                  1                  2                  1                  2                  2                  1                  1  
##>        Num Mux                1                  1                  1                  1                  1                  1                  1                  1  
##>      Num other                1                  1                  1                  1                  1                  1                  1                  1  
##>     Runtime(s)                0                  0                  0                  0                  0                  0                  0                  1  
+----------------------------------------------------------------------------------------------------------------------------------------------------------------+
##>
##>
##>+-----------------------------------------------------------------------------------------------------------------------------------------------------------------------------------------------------+
##>Optimization Step DEBUG Table for config CDN_DP_region_2_0_c5
##>
##>                          Step                        Area   (  % Chg)         WNS (Change)          TNS (Change)                Power   (  % Chg)        Runtime (s)        Comment                   
##>+-----------------------------------------------------------------------------------------------------------------------------------------------------------------------------------------------------+
##>createMaxCarrySave              START             8608137080 (       )      153.00 (        )          0 (        )                    0 (       )              
##> datapath_rewrite_one_def       START             8608137080 (  +0.00)      153.00 (   +0.00)          0 (       0)                    0 (  +0.00)              
##>  fast_cse_elim                 START             8608137080 (  +0.00)      153.00 (   +0.00)          0 (       0)                    0 (  +0.00)              
##>                                  END             8608137080 (  +0.00)      153.00 (   +0.00)          0 (       0)                    0 (  +0.00)           0  
##>  fast_cse_elim                 START             8608137080 (  +0.00)      153.00 (   +0.00)          0 (       0)                    0 (  +0.00)              
##>                                  END             8608137080 (  +0.00)      153.00 (   +0.00)          0 (       0)                    0 (  +0.00)           0  
##>                                  END             8608137080 (  +0.00)      153.00 (   +0.00)          0 (       0)                    0 (  +0.00)           0  
##> csa_opto                       START             8608137080 (  +0.00)      153.00 (   +0.00)          0 (       0)                    0 (  +0.00)              
##>                                  END             8608137080 (  +0.00)      153.00 (   +0.00)          0 (       0)                    0 (  +0.00)           0  
##>                                  END             8608137080 (  +0.00)      153.00 (   +0.00)          0 (       0)                    0 (  +0.00)           0  
##>canonicalize_by_names           START             8608137080 (  +0.00)      153.00 (   +0.00)          0 (       0)                    0 (  +0.00)              
##>                                  END             8608137080 (  +0.00)      153.00 (   +0.00)          0 (       0)                    0 (  +0.00)           0  
##>datapath_rewrite_post_csa_one_  START             8608137080 (  +0.00)      153.00 (   +0.00)          0 (       0)                    0 (  +0.00)              
##> rewrite                        START             8608137080 (  +0.00)      153.00 (   +0.00)          0 (       0)                    0 (  +0.00)              (na,csaa) base_comb_unsigned_sub_exs_sub_from --> comb_unsigned_sub_exs_sub_to
##>                                  END            12486060220 ( +45.05)      250.70 (  +97.70)          0 (       0)                    0 (  +0.00)           0  
##>                                  END             8608137080 (  +0.00)      153.00 (   +0.00)          0 (       0)                    0 (  +0.00)           0  
##>datapath_csa_factoring_one_gde  START             8608137080 (  +0.00)      153.00 (   +0.00)          0 (       0)                    0 (  +0.00)              
##>                                  END             8608137080 (  +0.00)      153.00 (   +0.00)          0 (       0)                    0 (  +0.00)           0  
##>dpopt_share_one_def             START             8608137080 (  +0.00)      153.00 (   +0.00)          0 (       0)                    0 (  +0.00)              
##>                                  END             8608137080 (  +0.00)      153.00 (   +0.00)          0 (       0)                    0 (  +0.00)           0  
##>datapath_rewrite_post_share     START             8608137080 (  +0.00)      153.00 (   +0.00)          0 (       0)                    0 (  +0.00)              
##>                                  END             8608137080 (  +0.00)      153.00 (   +0.00)          0 (       0)                    0 (  +0.00)           0  
##>dp_combine_const_mult_with_com  START             8608137080 (  +0.00)      153.00 (   +0.00)          0 (       0)                    0 (  +0.00)              
##>                                  END             8608137080 (  +0.00)      153.00 (   +0.00)          0 (       0)                    0 (  +0.00)           0  
##>dp_operator_level_decompositio  START             8608137080 (  +0.00)      153.00 (   +0.00)          0 (       0)                    0 (  +0.00)              
##>                                  END             8608137080 (  +0.00)      153.00 (   +0.00)          0 (       0)                    0 (  +0.00)           0  
##>selective_flatten_dp_config     START             8608137080 (  +0.00)      153.00 (   +0.00)          0 (       0)                    0 (  +0.00)              
##>                                  END             8608137080 (  +0.00)      153.00 (   +0.00)          0 (       0)                    0 (  +0.00)           0  
##>createMaxCarrySave              START             8608137080 (  +0.00)      153.00 (   +0.00)          0 (       0)                    0 (  +0.00)              
##> datapath_rewrite_one_def       START             8608137080 (  +0.00)      153.00 (   +0.00)          0 (       0)                    0 (  +0.00)              
##>  fast_cse_elim                 START             8608137080 (  +0.00)      153.00 (   +0.00)          0 (       0)                    0 (  +0.00)              
##>                                  END             8608137080 (  +0.00)      153.00 (   +0.00)          0 (       0)                    0 (  +0.00)           0  
##>  fast_cse_elim                 START             8608137080 (  +0.00)      153.00 (   +0.00)          0 (       0)                    0 (  +0.00)              
##>                                  END             8608137080 (  +0.00)      153.00 (   +0.00)          0 (       0)                    0 (  +0.00)           0  
##>                                  END             8608137080 (  +0.00)      153.00 (   +0.00)          0 (       0)                    0 (  +0.00)           0  
##> csa_opto                       START             8608137080 (  +0.00)      153.00 (   +0.00)          0 (       0)                    0 (  +0.00)              
##>                                  END             8608137080 (  +0.00)      153.00 (   +0.00)          0 (       0)                    0 (  +0.00)           0  
##>                                  END             8608137080 (  +0.00)      153.00 (   +0.00)          0 (       0)                    0 (  +0.00)           0  
##>context_based_simplify          START             8608137080 (  +0.00)      153.00 (   +0.00)          0 (       0)                    0 (  +0.00)              
##>                                  END             8608137080 (  +0.00)      153.00 (   +0.00)          0 (       0)                    0 (  +0.00)           0  
##>group_csa_final_adder_dp        START             8608137080 (  +0.00)      153.00 (   +0.00)          0 (       0)                    0 (  +0.00)              
##>                                  END             8608137080 (  +0.00)      153.00 (   +0.00)          0 (       0)                    0 (  +0.00)           0  
##>dpopt_flatten_critical_muxes_i  START             8608137080 (  +0.00)      153.00 (   +0.00)          0 (       0)                    0 (  +0.00)              
##>                                  END             8608137080 (  +0.00)      153.00 (   +0.00)          0 (       0)                    0 (  +0.00)           0  
##>create_score                    START             8608137080 (  +0.00)      153.00 (   +0.00)          0 (       0)                    0 (  +0.00)              
##>                                  END             8608137080 (  +0.00)      153.00 (   +0.00)          0 (       0)                    0 (  +0.00)           0  
##>+-----------------------------------------------------------------------------------------------------------------------------------------------------------------------------------------------------+
Committed config: CDN_DP_region_2_0_c5
Info    : Done implementing datapath configurations. [DPOPT-4]
        : Selected 'very_fast' configuration 5 for module 'CDN_DP_region_2_0_c5'.
          Optimizations applied to 'very_fast' configuration:
            rewriting(0), factoring(0), sharing(0), cmultcse(0), downsizing(0), speculation(0)
Info    : Implementing datapath configurations. [DPOPT-3]
        : Implementing datapath configurations for 'CDN_DP_region_3_0'
  CSAGen Prep Share:0 Re-Write:0 Speculation: 0

CDN_DP_region_3_0 level = 0 loads = 0 drivers = 0
CDN_DP_region_3_0_c0 in Barrett_129: area: 8608137080 , DP = 2  Mux = 1  other = 1  sg = slow     
    wns: 0  norm_wns:  -1.0000 
    tns:  0
 skipped
CDN_DP_region_3_0_c1 in Barrett_129: area: 14425021790 , CSA = 2  DP = 1  Mux = 1  other = 1  sg = fast     
    wns: 0  norm_wns:  -1.0000 
    tns:  0
 is current best
CDN_DP_region_3_0_c2 in Barrett_129: area: 8608137080 , DP = 2  Mux = 1  other = 1  sg = very_slow
    wns: 0  norm_wns:  -1.0000 
    tns:  0
 is current best
CDN_DP_region_3_0_c3 in Barrett_129: area: 14425021790 , CSA = 2  DP = 1  Mux = 1  other = 1  sg = very_fast
    wns: 0  norm_wns:  -1.0000 
    tns:  0

CDN_DP_region_3_0_c4 in Barrett_129: area: 8608137080 , DP = 2  Mux = 1  other = 1  sg = very_fast
    wns: 0  norm_wns:  -1.0000 
    tns:  0
 is current best
CDN_DP_region_3_0_c5 in Barrett_129: area: 8608137080 , DP = 2  Mux = 1  other = 1  sg = very_fast
    wns: 0  norm_wns:  -1.0000 
    tns:  0
 is current best
CDN_DP_region_3_0_c6 in Barrett_129: area: 14425021790 , CSA = 2  DP = 1  Mux = 1  other = 1  sg = very_fast
    wns: 0  norm_wns:  -1.0000 
    tns:  0

CDN_DP_region_3_0_c7 in Barrett_129: area: 12390177505 , CSA = 1  DP = 1  Mux = 1  other = 1  sg = very_fast
    wns: 0  norm_wns:  -1.0000 
    tns:  0

Best config: CDN_DP_region_3_0_c5 in Barrett_129: area: 8608137080 , DP = 2  Mux = 1  other = 1  sg = very_fast
    wns: 0  norm_wns:  -1.0000 
    tns:  0
  Smallest config area : 8608137080.  Fastest config wns;  0
##>+----------------------------------------------------------------------------------------------------------------------------------------------------------------+
##>Summary table of configs (Best config is CDN_DP_region_3_0_c5)
##>+----------------------------------------------------------------------------------------------------------------------------------------------------------------+
##>                     0                  1                  2                  3                  4                  5                  6                  7            
##>+----------------------------------------------------------------------------------------------------------------------------------------------------------------+
##>           Area       8608137080        14425021790         8608137080        14425021790         8608137080         8608137080        14425021790        12390177505  
##>            WNS          +153.00            +223.60            +153.00            +223.60            +153.00            +153.00            +223.60            +244.50  
##>            TNS                0                  0                  0                  0                  0                  0                  0                  0  
##>    Num Rewrite                0                  0                  0                  0                  0                  0                  0                  0  
##>      Num Share                0                  0                  0                  0                  0                  0                  0                  0  
##>  Num Speculate                0                  0                  0                  0                  0                  0                  0                  0  
##>        Num CSA                0                  2                  0                  2                  0                  0                  2                  1  
##>         Num DP                2                  1                  2                  1                  2                  2                  1                  1  
##>        Num Mux                1                  1                  1                  1                  1                  1                  1                  1  
##>      Num other                1                  1                  1                  1                  1                  1                  1                  1  
##>     Runtime(s)                0                  0                  0                  0                  0                  0                  0                  1  
+----------------------------------------------------------------------------------------------------------------------------------------------------------------+
##>
##>
##>+-----------------------------------------------------------------------------------------------------------------------------------------------------------------------------------------------------+
##>Optimization Step DEBUG Table for config CDN_DP_region_3_0_c5
##>
##>                          Step                        Area   (  % Chg)         WNS (Change)          TNS (Change)                Power   (  % Chg)        Runtime (s)        Comment                   
##>+-----------------------------------------------------------------------------------------------------------------------------------------------------------------------------------------------------+
##>createMaxCarrySave              START             8608137080 (       )      153.00 (        )          0 (        )                    0 (       )              
##> datapath_rewrite_one_def       START             8608137080 (  +0.00)      153.00 (   +0.00)          0 (       0)                    0 (  +0.00)              
##>  fast_cse_elim                 START             8608137080 (  +0.00)      153.00 (   +0.00)          0 (       0)                    0 (  +0.00)              
##>                                  END             8608137080 (  +0.00)      153.00 (   +0.00)          0 (       0)                    0 (  +0.00)           0  
##>  fast_cse_elim                 START             8608137080 (  +0.00)      153.00 (   +0.00)          0 (       0)                    0 (  +0.00)              
##>                                  END             8608137080 (  +0.00)      153.00 (   +0.00)          0 (       0)                    0 (  +0.00)           0  
##>                                  END             8608137080 (  +0.00)      153.00 (   +0.00)          0 (       0)                    0 (  +0.00)           0  
##> csa_opto                       START             8608137080 (  +0.00)      153.00 (   +0.00)          0 (       0)                    0 (  +0.00)              
##>                                  END             8608137080 (  +0.00)      153.00 (   +0.00)          0 (       0)                    0 (  +0.00)           0  
##>                                  END             8608137080 (  +0.00)      153.00 (   +0.00)          0 (       0)                    0 (  +0.00)           0  
##>canonicalize_by_names           START             8608137080 (  +0.00)      153.00 (   +0.00)          0 (       0)                    0 (  +0.00)              
##>                                  END             8608137080 (  +0.00)      153.00 (   +0.00)          0 (       0)                    0 (  +0.00)           0  
##>datapath_rewrite_post_csa_one_  START             8608137080 (  +0.00)      153.00 (   +0.00)          0 (       0)                    0 (  +0.00)              
##> rewrite                        START             8608137080 (  +0.00)      153.00 (   +0.00)          0 (       0)                    0 (  +0.00)              (na,csaa) base_comb_unsigned_sub_exs_sub_from --> comb_unsigned_sub_exs_sub_to
##>                                  END            12486060220 ( +45.05)      250.70 (  +97.70)          0 (       0)                    0 (  +0.00)           0  
##>                                  END             8608137080 (  +0.00)      153.00 (   +0.00)          0 (       0)                    0 (  +0.00)           0  
##>datapath_csa_factoring_one_gde  START             8608137080 (  +0.00)      153.00 (   +0.00)          0 (       0)                    0 (  +0.00)              
##>                                  END             8608137080 (  +0.00)      153.00 (   +0.00)          0 (       0)                    0 (  +0.00)           0  
##>dpopt_share_one_def             START             8608137080 (  +0.00)      153.00 (   +0.00)          0 (       0)                    0 (  +0.00)              
##>                                  END             8608137080 (  +0.00)      153.00 (   +0.00)          0 (       0)                    0 (  +0.00)           0  
##>datapath_rewrite_post_share     START             8608137080 (  +0.00)      153.00 (   +0.00)          0 (       0)                    0 (  +0.00)              
##>                                  END             8608137080 (  +0.00)      153.00 (   +0.00)          0 (       0)                    0 (  +0.00)           0  
##>dp_combine_const_mult_with_com  START             8608137080 (  +0.00)      153.00 (   +0.00)          0 (       0)                    0 (  +0.00)              
##>                                  END             8608137080 (  +0.00)      153.00 (   +0.00)          0 (       0)                    0 (  +0.00)           0  
##>dp_operator_level_decompositio  START             8608137080 (  +0.00)      153.00 (   +0.00)          0 (       0)                    0 (  +0.00)              
##>                                  END             8608137080 (  +0.00)      153.00 (   +0.00)          0 (       0)                    0 (  +0.00)           0  
##>selective_flatten_dp_config     START             8608137080 (  +0.00)      153.00 (   +0.00)          0 (       0)                    0 (  +0.00)              
##>                                  END             8608137080 (  +0.00)      153.00 (   +0.00)          0 (       0)                    0 (  +0.00)           0  
##>createMaxCarrySave              START             8608137080 (  +0.00)      153.00 (   +0.00)          0 (       0)                    0 (  +0.00)              
##> datapath_rewrite_one_def       START             8608137080 (  +0.00)      153.00 (   +0.00)          0 (       0)                    0 (  +0.00)              
##>  fast_cse_elim                 START             8608137080 (  +0.00)      153.00 (   +0.00)          0 (       0)                    0 (  +0.00)              
##>                                  END             8608137080 (  +0.00)      153.00 (   +0.00)          0 (       0)                    0 (  +0.00)           0  
##>  fast_cse_elim                 START             8608137080 (  +0.00)      153.00 (   +0.00)          0 (       0)                    0 (  +0.00)              
##>                                  END             8608137080 (  +0.00)      153.00 (   +0.00)          0 (       0)                    0 (  +0.00)           0  
##>                                  END             8608137080 (  +0.00)      153.00 (   +0.00)          0 (       0)                    0 (  +0.00)           0  
##> csa_opto                       START             8608137080 (  +0.00)      153.00 (   +0.00)          0 (       0)                    0 (  +0.00)              
##>                                  END             8608137080 (  +0.00)      153.00 (   +0.00)          0 (       0)                    0 (  +0.00)           0  
##>                                  END             8608137080 (  +0.00)      153.00 (   +0.00)          0 (       0)                    0 (  +0.00)           0  
##>context_based_simplify          START             8608137080 (  +0.00)      153.00 (   +0.00)          0 (       0)                    0 (  +0.00)              
##>                                  END             8608137080 (  +0.00)      153.00 (   +0.00)          0 (       0)                    0 (  +0.00)           0  
##>group_csa_final_adder_dp        START             8608137080 (  +0.00)      153.00 (   +0.00)          0 (       0)                    0 (  +0.00)              
##>                                  END             8608137080 (  +0.00)      153.00 (   +0.00)          0 (       0)                    0 (  +0.00)           0  
##>dpopt_flatten_critical_muxes_i  START             8608137080 (  +0.00)      153.00 (   +0.00)          0 (       0)                    0 (  +0.00)              
##>                                  END             8608137080 (  +0.00)      153.00 (   +0.00)          0 (       0)                    0 (  +0.00)           0  
##>create_score                    START             8608137080 (  +0.00)      153.00 (   +0.00)          0 (       0)                    0 (  +0.00)              
##>                                  END             8608137080 (  +0.00)      153.00 (   +0.00)          0 (       0)                    0 (  +0.00)           0  
##>+-----------------------------------------------------------------------------------------------------------------------------------------------------------------------------------------------------+
Committed config: CDN_DP_region_3_0_c5
Info    : Done implementing datapath configurations. [DPOPT-4]
        : Selected 'very_fast' configuration 5 for module 'CDN_DP_region_3_0_c5'.
          Optimizations applied to 'very_fast' configuration:
            rewriting(0), factoring(0), sharing(0), cmultcse(0), downsizing(0), speculation(0)
Info    : Implementing datapath configurations. [DPOPT-3]
        : Implementing datapath configurations for 'CDN_DP_region_0_0'
  CSAGen Prep Share:0 Re-Write:0 Speculation: 0

CDN_DP_region_0_0 level = 0 loads = 0 drivers = 0
CDN_DP_region_0_0_c0 in Barrett: area: 8608137080 , DP = 2  Mux = 1  other = 1  sg = slow     
    wns: 0  norm_wns:  -1.0000 
    tns:  0
 skipped
CDN_DP_region_0_0_c1 in Barrett: area: 14425021790 , CSA = 2  DP = 1  Mux = 1  other = 1  sg = fast     
    wns: 0  norm_wns:  -1.0000 
    tns:  0
 is current best
CDN_DP_region_0_0_c2 in Barrett: area: 8608137080 , DP = 2  Mux = 1  other = 1  sg = very_slow
    wns: 0  norm_wns:  -1.0000 
    tns:  0
 is current best
CDN_DP_region_0_0_c3 in Barrett: area: 14425021790 , CSA = 2  DP = 1  Mux = 1  other = 1  sg = very_fast
    wns: 0  norm_wns:  -1.0000 
    tns:  0

CDN_DP_region_0_0_c4 in Barrett: area: 8608137080 , DP = 2  Mux = 1  other = 1  sg = very_fast
    wns: 0  norm_wns:  -1.0000 
    tns:  0
 is current best
CDN_DP_region_0_0_c5 in Barrett: area: 8608137080 , DP = 2  Mux = 1  other = 1  sg = very_fast
    wns: 0  norm_wns:  -1.0000 
    tns:  0
 is current best
CDN_DP_region_0_0_c6 in Barrett: area: 14425021790 , CSA = 2  DP = 1  Mux = 1  other = 1  sg = very_fast
    wns: 0  norm_wns:  -1.0000 
    tns:  0

CDN_DP_region_0_0_c7 in Barrett: area: 12390177505 , CSA = 1  DP = 1  Mux = 1  other = 1  sg = very_fast
    wns: 0  norm_wns:  -1.0000 
    tns:  0

Best config: CDN_DP_region_0_0_c5 in Barrett: area: 8608137080 , DP = 2  Mux = 1  other = 1  sg = very_fast
    wns: 0  norm_wns:  -1.0000 
    tns:  0
  Smallest config area : 8608137080.  Fastest config wns;  0
##>+----------------------------------------------------------------------------------------------------------------------------------------------------------------+
##>Summary table of configs (Best config is CDN_DP_region_0_0_c5)
##>+----------------------------------------------------------------------------------------------------------------------------------------------------------------+
##>                     0                  1                  2                  3                  4                  5                  6                  7            
##>+----------------------------------------------------------------------------------------------------------------------------------------------------------------+
##>           Area       8608137080        14425021790         8608137080        14425021790         8608137080         8608137080        14425021790        12390177505  
##>            WNS          +153.00            +223.60            +153.00            +223.60            +153.00            +153.00            +223.60            +244.50  
##>            TNS                0                  0                  0                  0                  0                  0                  0                  0  
##>    Num Rewrite                0                  0                  0                  0                  0                  0                  0                  0  
##>      Num Share                0                  0                  0                  0                  0                  0                  0                  0  
##>  Num Speculate                0                  0                  0                  0                  0                  0                  0                  0  
##>        Num CSA                0                  2                  0                  2                  0                  0                  2                  1  
##>         Num DP                2                  1                  2                  1                  2                  2                  1                  1  
##>        Num Mux                1                  1                  1                  1                  1                  1                  1                  1  
##>      Num other                1                  1                  1                  1                  1                  1                  1                  1  
##>     Runtime(s)                0                  0                  0                  0                  0                  0                  0                  1  
+----------------------------------------------------------------------------------------------------------------------------------------------------------------+
##>
##>
##>+-----------------------------------------------------------------------------------------------------------------------------------------------------------------------------------------------------+
##>Optimization Step DEBUG Table for config CDN_DP_region_0_0_c5
##>
##>                          Step                        Area   (  % Chg)         WNS (Change)          TNS (Change)                Power   (  % Chg)        Runtime (s)        Comment                   
##>+-----------------------------------------------------------------------------------------------------------------------------------------------------------------------------------------------------+
##>createMaxCarrySave              START             8608137080 (       )      153.00 (        )          0 (        )                    0 (       )              
##> datapath_rewrite_one_def       START             8608137080 (  +0.00)      153.00 (   +0.00)          0 (       0)                    0 (  +0.00)              
##>  fast_cse_elim                 START             8608137080 (  +0.00)      153.00 (   +0.00)          0 (       0)                    0 (  +0.00)              
##>                                  END             8608137080 (  +0.00)      153.00 (   +0.00)          0 (       0)                    0 (  +0.00)           0  
##>  fast_cse_elim                 START             8608137080 (  +0.00)      153.00 (   +0.00)          0 (       0)                    0 (  +0.00)              
##>                                  END             8608137080 (  +0.00)      153.00 (   +0.00)          0 (       0)                    0 (  +0.00)           0  
##>                                  END             8608137080 (  +0.00)      153.00 (   +0.00)          0 (       0)                    0 (  +0.00)           0  
##> csa_opto                       START             8608137080 (  +0.00)      153.00 (   +0.00)          0 (       0)                    0 (  +0.00)              
##>                                  END             8608137080 (  +0.00)      153.00 (   +0.00)          0 (       0)                    0 (  +0.00)           0  
##>                                  END             8608137080 (  +0.00)      153.00 (   +0.00)          0 (       0)                    0 (  +0.00)           0  
##>canonicalize_by_names           START             8608137080 (  +0.00)      153.00 (   +0.00)          0 (       0)                    0 (  +0.00)              
##>                                  END             8608137080 (  +0.00)      153.00 (   +0.00)          0 (       0)                    0 (  +0.00)           0  
##>datapath_rewrite_post_csa_one_  START             8608137080 (  +0.00)      153.00 (   +0.00)          0 (       0)                    0 (  +0.00)              
##> rewrite                        START             8608137080 (  +0.00)      153.00 (   +0.00)          0 (       0)                    0 (  +0.00)              (na,csaa) base_comb_unsigned_sub_exs_sub_from --> comb_unsigned_sub_exs_sub_to
##>                                  END            12486060220 ( +45.05)      250.70 (  +97.70)          0 (       0)                    0 (  +0.00)           0  
##>                                  END             8608137080 (  +0.00)      153.00 (   +0.00)          0 (       0)                    0 (  +0.00)           0  
##>datapath_csa_factoring_one_gde  START             8608137080 (  +0.00)      153.00 (   +0.00)          0 (       0)                    0 (  +0.00)              
##>                                  END             8608137080 (  +0.00)      153.00 (   +0.00)          0 (       0)                    0 (  +0.00)           0  
##>dpopt_share_one_def             START             8608137080 (  +0.00)      153.00 (   +0.00)          0 (       0)                    0 (  +0.00)              
##>                                  END             8608137080 (  +0.00)      153.00 (   +0.00)          0 (       0)                    0 (  +0.00)           0  
##>datapath_rewrite_post_share     START             8608137080 (  +0.00)      153.00 (   +0.00)          0 (       0)                    0 (  +0.00)              
##>                                  END             8608137080 (  +0.00)      153.00 (   +0.00)          0 (       0)                    0 (  +0.00)           0  
##>dp_combine_const_mult_with_com  START             8608137080 (  +0.00)      153.00 (   +0.00)          0 (       0)                    0 (  +0.00)              
##>                                  END             8608137080 (  +0.00)      153.00 (   +0.00)          0 (       0)                    0 (  +0.00)           0  
##>dp_operator_level_decompositio  START             8608137080 (  +0.00)      153.00 (   +0.00)          0 (       0)                    0 (  +0.00)              
##>                                  END             8608137080 (  +0.00)      153.00 (   +0.00)          0 (       0)                    0 (  +0.00)           0  
##>selective_flatten_dp_config     START             8608137080 (  +0.00)      153.00 (   +0.00)          0 (       0)                    0 (  +0.00)              
##>                                  END             8608137080 (  +0.00)      153.00 (   +0.00)          0 (       0)                    0 (  +0.00)           0  
##>createMaxCarrySave              START             8608137080 (  +0.00)      153.00 (   +0.00)          0 (       0)                    0 (  +0.00)              
##> datapath_rewrite_one_def       START             8608137080 (  +0.00)      153.00 (   +0.00)          0 (       0)                    0 (  +0.00)              
##>  fast_cse_elim                 START             8608137080 (  +0.00)      153.00 (   +0.00)          0 (       0)                    0 (  +0.00)              
##>                                  END             8608137080 (  +0.00)      153.00 (   +0.00)          0 (       0)                    0 (  +0.00)           0  
##>  fast_cse_elim                 START             8608137080 (  +0.00)      153.00 (   +0.00)          0 (       0)                    0 (  +0.00)              
##>                                  END             8608137080 (  +0.00)      153.00 (   +0.00)          0 (       0)                    0 (  +0.00)           0  
##>                                  END             8608137080 (  +0.00)      153.00 (   +0.00)          0 (       0)                    0 (  +0.00)           0  
##> csa_opto                       START             8608137080 (  +0.00)      153.00 (   +0.00)          0 (       0)                    0 (  +0.00)              
##>                                  END             8608137080 (  +0.00)      153.00 (   +0.00)          0 (       0)                    0 (  +0.00)           0  
##>                                  END             8608137080 (  +0.00)      153.00 (   +0.00)          0 (       0)                    0 (  +0.00)           0  
##>context_based_simplify          START             8608137080 (  +0.00)      153.00 (   +0.00)          0 (       0)                    0 (  +0.00)              
##>                                  END             8608137080 (  +0.00)      153.00 (   +0.00)          0 (       0)                    0 (  +0.00)           0  
##>group_csa_final_adder_dp        START             8608137080 (  +0.00)      153.00 (   +0.00)          0 (       0)                    0 (  +0.00)              
##>                                  END             8608137080 (  +0.00)      153.00 (   +0.00)          0 (       0)                    0 (  +0.00)           0  
##>dpopt_flatten_critical_muxes_i  START             8608137080 (  +0.00)      153.00 (   +0.00)          0 (       0)                    0 (  +0.00)              
##>                                  END             8608137080 (  +0.00)      153.00 (   +0.00)          0 (       0)                    0 (  +0.00)           0  
##>create_score                    START             8608137080 (  +0.00)      153.00 (   +0.00)          0 (       0)                    0 (  +0.00)              
##>                                  END             8608137080 (  +0.00)      153.00 (   +0.00)          0 (       0)                    0 (  +0.00)           0  
##>+-----------------------------------------------------------------------------------------------------------------------------------------------------------------------------------------------------+
Committed config: CDN_DP_region_0_0_c5
Info    : Done implementing datapath configurations. [DPOPT-4]
        : Selected 'very_fast' configuration 5 for module 'CDN_DP_region_0_0_c5'.
          Optimizations applied to 'very_fast' configuration:
            rewriting(0), factoring(0), sharing(0), cmultcse(0), downsizing(0), speculation(0)
Warning : Maximum message print count reached. [MESG-11]
        : Maximum print count of '20' reached for message 'DPOPT-3'.
  CSAGen Prep Share:0 Re-Write:0 Speculation: 0

CDN_DP_region_1_2 level = 0 loads = 0 drivers = 0
CDN_DP_region_1_2_c0 in Barrett_127: area: 16076335215 , DP = 3  sg = slow     
    wns: 0  norm_wns:  -1.0000 
    tns:  0
 skipped
CDN_DP_region_1_2_c1 in Barrett_127: area: 14254563630 , CSA = 1  DP = 1  sg = fast     
    wns: 0  norm_wns:  -1.0000 
    tns:  0
 is current best
CDN_DP_region_1_2_c2 in Barrett_127: area: 14254563630 , CSA = 1  DP = 1  sg = very_slow
    wns: 0  norm_wns:  -1.0000 
    tns:  0
 is current best
CDN_DP_region_1_2_c3 in Barrett_127: area: 14254563630 , CSA = 1  DP = 1  sg = very_fast
    wns: 0  norm_wns:  -1.0000 
    tns:  0
 is current best
CDN_DP_region_1_2_c4 in Barrett_127: area: 14254563630 , CSA = 1  DP = 1  sg = very_fast
    wns: 0  norm_wns:  -1.0000 
    tns:  0
 is current best
CDN_DP_region_1_2_c5 in Barrett_127: area: 14254563630 , CSA = 1  DP = 1  sg = very_fast
    wns: 0  norm_wns:  -1.0000 
    tns:  0
 is current best
CDN_DP_region_1_2_c6 in Barrett_127: area: 14254563630 , CSA = 1  DP = 1  sg = very_fast
    wns: 0  norm_wns:  -1.0000 
    tns:  0
 is current best
CDN_DP_region_1_2_c7 in Barrett_127: area: 14190641820 , CSA = 1  DP = 1  sg = very_fast
    wns: 0  norm_wns:  -1.0000 
    tns:  0
 is current best
Best config: CDN_DP_region_1_2_c7 in Barrett_127: area: 14190641820 , CSA = 1  DP = 1  sg = very_fast
    wns: 0  norm_wns:  -1.0000 
    tns:  0
  Smallest config area : 14190641820.  Fastest config wns;  0
##>+----------------------------------------------------------------------------------------------------------------------------------------------------------------+
##>Summary table of configs (Best config is CDN_DP_region_1_2_c7)
##>+----------------------------------------------------------------------------------------------------------------------------------------------------------------+
##>                     0                  1                  2                  3                  4                  5                  6                  7            
##>+----------------------------------------------------------------------------------------------------------------------------------------------------------------+
##>           Area      16076335215        14254563630        14254563630        14254563630        14254563630        14254563630        14254563630        14190641820  
##>            WNS           +97.10             +53.70             +53.70             +53.70             +53.70             +53.70             +53.70             +64.60  
##>            TNS                0                  0                  0                  0                  0                  0                  0                  0  
##>    Num Rewrite                0                  1                  1                  1                  1                  1                  1                  0  
##>      Num Share                0                  0                  0                  0                  0                  0                  0                  0  
##>  Num Speculate                0                  0                  0                  0                  0                  0                  0                  0  
##>        Num CSA                0                  1                  1                  1                  1                  1                  1                  1  
##>         Num DP                3                  1                  1                  1                  1                  1                  1                  1  
##>     Runtime(s)                0                  2                  1                  1                  1                  1                  1                  1  
+----------------------------------------------------------------------------------------------------------------------------------------------------------------+
##>
##>

CSA report for CDN_DP_region_1_2_c7, cover 0 
----------------------------
| POs | Operation    | FRC | 
----------------------------
| 1   | MULT_TC_OP_2 | -   | 
|     | ADD_TC_OP    | -   | 
----------------------------
---------------------------------------------------------------------------------------------------------
| Input/Output    | Driver     | Type | Reason        | Polarity | Bitwidth | Expression                | 
---------------------------------------------------------------------------------------------------------
| MULT_TC_OP_2[1] | in_23      | PI   | soft_op,      | signed   | 25       | {1'b0,in_23[23,0]}        | 
|                 |            |      | duplication   |          |          |                           | 
| ADD_TC_OP[1]    | MULT_TC_OP | PI   | sign_mismatch | signed   | 16       | {1'b0,MULT_TC_OP[27,13]}  | 
| ADD_TC_OP       | -          | PO   | -             | signed   | 35       | 1025*{1'b0,in_23[23,0]}   | 
|                 |            |      |               |          |          | +{1'b0,MULT_TC_OP[27,13]} | 
---------------------------------------------------------------------------------------------------------
 
##>+-----------------------------------------------------------------------------------------------------------------------------------------------------------------------------------------------------+
##>Optimization Step DEBUG Table for config CDN_DP_region_1_2_c7
##>
##>                          Step                        Area   (  % Chg)         WNS (Change)          TNS (Change)                Power   (  % Chg)        Runtime (s)        Comment                   
##>+-----------------------------------------------------------------------------------------------------------------------------------------------------------------------------------------------------+
##>EquationExtraction              START            16076335215 (       )       97.10 (        )          0 (        )                    0 (       )              
##> rewrite                        START            36808308925 (+128.96)       -6.30 ( -103.40)       1323 (    1323)                    0 (  +0.00)              (a,ar) Expr36_from --> Expr36_to
##>                                  END            76759440175 (+108.54)      -43.60 (  -37.30)       2165 (     842)                    0 (  +0.00)           0  
##>                                  END            60683104960 (+277.47)      -46.70 ( -143.80)       2475 (    2475)                    0 (  +0.00)           0  
##>createMaxCarrySave              START            60683104960 (  +0.00)      -46.70 (   +0.00)       2475 (       0)                    0 (  +0.00)              
##> datapath_rewrite_one_def       START            60683104960 (  +0.00)      -46.70 (   +0.00)       2475 (       0)                    0 (  +0.00)              
##>                                  END            60683104960 (  +0.00)      -46.70 (   +0.00)       2475 (       0)                    0 (  +0.00)           0  
##> csa_opto                       START            60683104960 (  +0.00)      -46.70 (   +0.00)       2475 (       0)                    0 (  +0.00)              
##>                                  END            15596921640 ( -74.30)       68.40 ( +115.10)          0 (   -2475)                    0 (  +0.00)           0  
##>                                  END            15596921640 ( -74.30)       68.40 ( +115.10)          0 (   -2475)                    0 (  +0.00)           0  
##>canonicalize_by_names           START            15596921640 (  +0.00)       68.40 (   +0.00)          0 (       0)                    0 (  +0.00)              
##>                                  END            15596921640 (  +0.00)       68.40 (   +0.00)          0 (       0)                    0 (  +0.00)           0  
##>datapath_rewrite_post_csa_one_  START            15596921640 (  +0.00)       68.40 (   +0.00)          0 (       0)                    0 (  +0.00)              
##>                                  END            15596921640 (  +0.00)       68.40 (   +0.00)          0 (       0)                    0 (  +0.00)           0  
##>datapath_csa_factoring_one_gde  START            15596921640 (  +0.00)       68.40 (   +0.00)          0 (       0)                    0 (  +0.00)              
##>                                  END            15596921640 (  +0.00)       68.40 (   +0.00)          0 (       0)                    0 (  +0.00)           0  
##>dpopt_share_one_def             START            15596921640 (  +0.00)       68.40 (   +0.00)          0 (       0)                    0 (  +0.00)              
##>                                  END            15596921640 (  +0.00)       68.40 (   +0.00)          0 (       0)                    0 (  +0.00)           0  
##>datapath_rewrite_post_share     START            15596921640 (  +0.00)       68.40 (   +0.00)          0 (       0)                    0 (  +0.00)              
##>                                  END            15596921640 (  +0.00)       68.40 (   +0.00)          0 (       0)                    0 (  +0.00)           0  
##>dp_combine_const_mult_with_com  START            15596921640 (  +0.00)       68.40 (   +0.00)          0 (       0)                    0 (  +0.00)              
##>                                  END            15596921640 (  +0.00)       68.40 (   +0.00)          0 (       0)                    0 (  +0.00)           0  
##>dp_operator_level_decompositio  START            15596921640 (  +0.00)       68.40 (   +0.00)          0 (       0)                    0 (  +0.00)              
##>                                  END            15596921640 (  +0.00)       68.40 (   +0.00)          0 (       0)                    0 (  +0.00)           0  
##>selective_flatten_dp_config     START            15596921640 (  +0.00)       68.40 (   +0.00)          0 (       0)                    0 (  +0.00)              
##>                                  END            15596921640 (  +0.00)       68.40 (   +0.00)          0 (       0)                    0 (  +0.00)           0  
##>createMaxCarrySave              START            15596921640 (  +0.00)       68.40 (   +0.00)          0 (       0)                    0 (  +0.00)              
##> datapath_rewrite_one_def       START            15596921640 (  +0.00)       68.40 (   +0.00)          0 (       0)                    0 (  +0.00)              
##>  fast_cse_elim                 START            15596921640 (  +0.00)       68.40 (   +0.00)          0 (       0)                    0 (  +0.00)              
##>                                  END            15596921640 (  +0.00)       68.40 (   +0.00)          0 (       0)                    0 (  +0.00)           0  
##>  fast_cse_elim                 START            15596921640 (  +0.00)       68.40 (   +0.00)          0 (       0)                    0 (  +0.00)              
##>                                  END            15596921640 (  +0.00)       68.40 (   +0.00)          0 (       0)                    0 (  +0.00)           0  
##>                                  END            15596921640 (  +0.00)       68.40 (   +0.00)          0 (       0)                    0 (  +0.00)           0  
##> csa_opto                       START            15596921640 (  +0.00)       68.40 (   +0.00)          0 (       0)                    0 (  +0.00)              
##>                                  END            15596921640 (  +0.00)       68.40 (   +0.00)          0 (       0)                    0 (  +0.00)           0  
##>                                  END            15596921640 (  +0.00)       68.40 (   +0.00)          0 (       0)                    0 (  +0.00)           0  
##>context_based_simplify          START            14190641820 (  -9.02)       70.80 (   +2.40)          0 (       0)                    0 (  +0.00)              
##>                                  END            14190641820 (  +0.00)       70.80 (   +0.00)          0 (       0)                    0 (  +0.00)           0  
##>group_csa_final_adder_dp        START            14190641820 (  +0.00)       70.80 (   +0.00)          0 (       0)                    0 (  +0.00)              
##>                                  END            14190641820 (  +0.00)       64.60 (   -6.20)          0 (       0)                    0 (  +0.00)           0  
##>dpopt_flatten_critical_muxes_i  START            14190641820 (  +0.00)       64.60 (   +0.00)          0 (       0)                    0 (  +0.00)              
##>                                  END            14190641820 (  +0.00)       64.60 (   +0.00)          0 (       0)                    0 (  +0.00)           0  
##>create_score                    START            14190641820 (  +0.00)       64.60 (   +0.00)          0 (       0)                    0 (  +0.00)              
##>                                  END            14190641820 (  +0.00)       64.60 (   +0.00)          0 (       0)                    0 (  +0.00)           0  
##>+-----------------------------------------------------------------------------------------------------------------------------------------------------------------------------------------------------+
Committed config: CDN_DP_region_1_2_c7
Warning : Maximum message print count reached. [MESG-11]
        : Maximum print count of '20' reached for message 'DPOPT-4'.
          Optimizations applied to 'very_fast' configuration:
            rewriting(0), factoring(0), sharing(0), cmultcse(0), downsizing(0), speculation(0)
  CSAGen Prep Share:0 Re-Write:0 Speculation: 0

CDN_DP_region_1_1 level = 0 loads = 0 drivers = 0
CDN_DP_region_1_1_c0 in Barrett_127: area: 7425583595 , DP = 2  sg = slow     
    wns: 0  norm_wns:  -1.0000 
    tns:  0
 skipped
CDN_DP_region_1_1_c1 in Barrett_127: area: 2098766095 , CSA = 1  sg = fast     
    wns: 0  norm_wns:  -1.0000 
    tns:  0
 is current best
CDN_DP_region_1_1_c2 in Barrett_127: area: 2098766095 , CSA = 1  sg = very_slow
    wns: 0  norm_wns:  -1.0000 
    tns:  0
 is current best
CDN_DP_region_1_1_c3 in Barrett_127: area: 2098766095 , CSA = 1  sg = very_fast
    wns: 0  norm_wns:  -1.0000 
    tns:  0
 is current best
CDN_DP_region_1_1_c4 in Barrett_127: area: 2098766095 , CSA = 1  sg = very_fast
    wns: 0  norm_wns:  -1.0000 
    tns:  0
 is current best
CDN_DP_region_1_1_c5 in Barrett_127: area: 2098766095 , CSA = 1  sg = very_fast
    wns: 0  norm_wns:  -1.0000 
    tns:  0
 is current best
CDN_DP_region_1_1_c6 in Barrett_127: area: 2098766095 , CSA = 1  sg = very_fast
    wns: 0  norm_wns:  -1.0000 
    tns:  0
 is current best
CDN_DP_region_1_1_c7 in Barrett_127: area: 2098766095 , CSA = 1  sg = very_fast
    wns: 0  norm_wns:  -1.0000 
    tns:  0
 is current best
Best config: CDN_DP_region_1_1_c7 in Barrett_127: area: 2098766095 , CSA = 1  sg = very_fast
    wns: 0  norm_wns:  -1.0000 
    tns:  0
  Smallest config area : 2098766095.  Fastest config wns;  0
##>+----------------------------------------------------------------------------------------------------------------------------------------------------------------+
##>Summary table of configs (Best config is CDN_DP_region_1_1_c7)
##>+----------------------------------------------------------------------------------------------------------------------------------------------------------------+
##>                     0                  1                  2                  3                  4                  5                  6                  7            
##>+----------------------------------------------------------------------------------------------------------------------------------------------------------------+
##>           Area       7425583595         2098766095         2098766095         2098766095         2098766095         2098766095         2098766095         2098766095  
##>            WNS          +240.50            +299.00            +299.00            +299.00            +299.00            +299.00            +299.00            +297.90  
##>            TNS                0                  0                  0                  0                  0                  0                  0                  0  
##>    Num Rewrite                0                  0                  0                  0                  0                  0                  0                  0  
##>      Num Share                0                  0                  0                  0                  0                  0                  0                  0  
##>  Num Speculate                0                  0                  0                  0                  0                  0                  0                  0  
##>        Num CSA                0                  1                  1                  1                  1                  1                  1                  1  
##>         Num DP                2                  0                  0                  0                  0                  0                  0                  0  
##>     Runtime(s)                0                  0                  0                  0                  0                  0                  0                  0  
+----------------------------------------------------------------------------------------------------------------------------------------------------------------+
##>
##>

CSA report for CDN_DP_region_1_1_c7, cover 0 
-------------------------
| POs | Operation | FRC | 
-------------------------
| 1   | ADD_TC_OP | -   | 
|     | SUB_TC_OP | -   | 
-------------------------
---------------------------------------------------------------------------------------
| Input/Output | Driver | Type | Reason | Polarity | Bitwidth | Expression            | 
---------------------------------------------------------------------------------------
| ADD_TC_OP[0] | in_23  | PI   | -      | signed   | 11       | in_23<<10             | 
| ADD_TC_OP[1] | in_10  | PI   | -      | signed   | 11       | in_10[10,0]           | 
| SUB_TC_OP[1] | in_23  | PI   | -      | signed   | 11       | in_23[10,0]           | 
| SUB_TC_OP    | -      | PO   | -      | signed   | 11       | in_23<<10+in_10[10,0] | 
|              |        |      |        |          |          | -in_23[10,0]          | 
---------------------------------------------------------------------------------------
 
##>+-----------------------------------------------------------------------------------------------------------------------------------------------------------------------------------------------------+
##>Optimization Step DEBUG Table for config CDN_DP_region_1_1_c7
##>
##>                          Step                        Area   (  % Chg)         WNS (Change)          TNS (Change)                Power   (  % Chg)        Runtime (s)        Comment                   
##>+-----------------------------------------------------------------------------------------------------------------------------------------------------------------------------------------------------+
##>EquationExtraction              START             7425583595 (       )      240.50 (        )          0 (        )                    0 (       )              
##> rewrite                        START            10046377805 ( +35.29)      272.80 (  +32.30)          0 (       0)                    0 (  +0.00)              (a,ar) Expr37_from --> Expr37_to
##>                                  END            11324814005 ( +12.73)      251.10 (  -21.70)          0 (       0)                    0 (  +0.00)           0  
##>                                  END             3899230410 ( -47.49)      233.50 (   -7.00)          0 (       0)                    0 (  +0.00)           0  
##>createMaxCarrySave              START             3899230410 (  +0.00)      233.50 (   +0.00)          0 (       0)                    0 (  +0.00)              
##> datapath_rewrite_one_def       START             3899230410 (  +0.00)      233.50 (   +0.00)          0 (       0)                    0 (  +0.00)              
##>                                  END             3899230410 (  +0.00)      233.50 (   +0.00)          0 (       0)                    0 (  +0.00)           0  
##> csa_opto                       START             3899230410 (  +0.00)      233.50 (   +0.00)          0 (       0)                    0 (  +0.00)              
##>                                  END             2141380635 ( -45.08)      308.70 (  +75.20)          0 (       0)                    0 (  +0.00)           0  
##>                                  END             2141380635 ( -45.08)      308.70 (  +75.20)          0 (       0)                    0 (  +0.00)           0  
##>canonicalize_by_names           START             2141380635 (  +0.00)      308.70 (   +0.00)          0 (       0)                    0 (  +0.00)              
##>                                  END             2141380635 (  +0.00)      308.70 (   +0.00)          0 (       0)                    0 (  +0.00)           0  
##>datapath_rewrite_post_csa_one_  START             2141380635 (  +0.00)      308.70 (   +0.00)          0 (       0)                    0 (  +0.00)              
##>                                  END             2141380635 (  +0.00)      308.70 (   +0.00)          0 (       0)                    0 (  +0.00)           0  
##>datapath_csa_factoring_one_gde  START             2141380635 (  +0.00)      308.70 (   +0.00)          0 (       0)                    0 (  +0.00)              
##>                                  END             2141380635 (  +0.00)      308.70 (   +0.00)          0 (       0)                    0 (  +0.00)           0  
##>dpopt_share_one_def             START             2141380635 (  +0.00)      308.70 (   +0.00)          0 (       0)                    0 (  +0.00)              
##>                                  END             2141380635 (  +0.00)      308.70 (   +0.00)          0 (       0)                    0 (  +0.00)           0  
##>datapath_rewrite_post_share     START             2141380635 (  +0.00)      308.70 (   +0.00)          0 (       0)                    0 (  +0.00)              
##>                                  END             2141380635 (  +0.00)      308.70 (   +0.00)          0 (       0)                    0 (  +0.00)           0  
##>dp_combine_const_mult_with_com  START             2141380635 (  +0.00)      308.70 (   +0.00)          0 (       0)                    0 (  +0.00)              
##>                                  END             2141380635 (  +0.00)      308.70 (   +0.00)          0 (       0)                    0 (  +0.00)           0  
##>dp_operator_level_decompositio  START             2141380635 (  +0.00)      308.70 (   +0.00)          0 (       0)                    0 (  +0.00)              
##>                                  END             2141380635 (  +0.00)      308.70 (   +0.00)          0 (       0)                    0 (  +0.00)           0  
##>selective_flatten_dp_config     START             2141380635 (  +0.00)      308.70 (   +0.00)          0 (       0)                    0 (  +0.00)              
##>                                  END             2141380635 (  +0.00)      308.70 (   +0.00)          0 (       0)                    0 (  +0.00)           0  
##>createMaxCarrySave              START             2141380635 (  +0.00)      308.70 (   +0.00)          0 (       0)                    0 (  +0.00)              
##> datapath_rewrite_one_def       START             2141380635 (  +0.00)      308.70 (   +0.00)          0 (       0)                    0 (  +0.00)              
##>  fast_cse_elim                 START             2141380635 (  +0.00)      308.70 (   +0.00)          0 (       0)                    0 (  +0.00)              
##>                                  END             2141380635 (  +0.00)      308.70 (   +0.00)          0 (       0)                    0 (  +0.00)           0  
##>  fast_cse_elim                 START             2141380635 (  +0.00)      308.70 (   +0.00)          0 (       0)                    0 (  +0.00)              
##>                                  END             2141380635 (  +0.00)      308.70 (   +0.00)          0 (       0)                    0 (  +0.00)           0  
##>                                  END             2141380635 (  +0.00)      308.70 (   +0.00)          0 (       0)                    0 (  +0.00)           0  
##> csa_opto                       START             2141380635 (  +0.00)      308.70 (   +0.00)          0 (       0)                    0 (  +0.00)              
##>                                  END             2141380635 (  +0.00)      308.70 (   +0.00)          0 (       0)                    0 (  +0.00)           0  
##>                                  END             2141380635 (  +0.00)      308.70 (   +0.00)          0 (       0)                    0 (  +0.00)           0  
##>context_based_simplify          START             2098766095 (  -1.99)      308.70 (   +0.00)          0 (       0)                    0 (  +0.00)              
##>                                  END             2098766095 (  +0.00)      308.70 (   +0.00)          0 (       0)                    0 (  +0.00)           0  
##>group_csa_final_adder_dp        START             2098766095 (  +0.00)      308.70 (   +0.00)          0 (       0)                    0 (  +0.00)              
##>                                  END             3387855930 ( +61.42)      264.80 (  -43.90)          0 (       0)                    0 (  +0.00)           0  
##>dpopt_flatten_critical_muxes_i  START             3387855930 (  +0.00)      264.80 (   +0.00)          0 (       0)                    0 (  +0.00)              
##>                                  END             3387855930 (  +0.00)      264.80 (   +0.00)          0 (       0)                    0 (  +0.00)           0  
##>create_score                    START             2098766095 ( -38.05)      297.90 (  +33.10)          0 (       0)                    0 (  +0.00)              
##>                                  END             2098766095 (  +0.00)      297.90 (   +0.00)          0 (       0)                    0 (  +0.00)           0  
##>+-----------------------------------------------------------------------------------------------------------------------------------------------------------------------------------------------------+
Committed config: CDN_DP_region_1_1_c7
          Optimizations applied to 'very_fast' configuration:
            rewriting(0), factoring(0), sharing(0), cmultcse(0), downsizing(0), speculation(0)
  CSAGen Prep Share:0 Re-Write:0 Speculation: 0

CDN_DP_region_2_2 level = 0 loads = 0 drivers = 0
CDN_DP_region_2_2_c0 in Barrett_128: area: 16076335215 , DP = 3  sg = slow     
    wns: 0  norm_wns:  -1.0000 
    tns:  0
 skipped
CDN_DP_region_2_2_c1 in Barrett_128: area: 14254563630 , CSA = 1  DP = 1  sg = fast     
    wns: 0  norm_wns:  -1.0000 
    tns:  0
 is current best
CDN_DP_region_2_2_c2 in Barrett_128: area: 14254563630 , CSA = 1  DP = 1  sg = very_slow
    wns: 0  norm_wns:  -1.0000 
    tns:  0
 is current best
CDN_DP_region_2_2_c3 in Barrett_128: area: 14254563630 , CSA = 1  DP = 1  sg = very_fast
    wns: 0  norm_wns:  -1.0000 
    tns:  0
 is current best
CDN_DP_region_2_2_c4 in Barrett_128: area: 14254563630 , CSA = 1  DP = 1  sg = very_fast
    wns: 0  norm_wns:  -1.0000 
    tns:  0
 is current best
CDN_DP_region_2_2_c5 in Barrett_128: area: 14254563630 , CSA = 1  DP = 1  sg = very_fast
    wns: 0  norm_wns:  -1.0000 
    tns:  0
 is current best
CDN_DP_region_2_2_c6 in Barrett_128: area: 14254563630 , CSA = 1  DP = 1  sg = very_fast
    wns: 0  norm_wns:  -1.0000 
    tns:  0
 is current best
CDN_DP_region_2_2_c7 in Barrett_128: area: 14190641820 , CSA = 1  DP = 1  sg = very_fast
    wns: 0  norm_wns:  -1.0000 
    tns:  0
 is current best
Best config: CDN_DP_region_2_2_c7 in Barrett_128: area: 14190641820 , CSA = 1  DP = 1  sg = very_fast
    wns: 0  norm_wns:  -1.0000 
    tns:  0
  Smallest config area : 14190641820.  Fastest config wns;  0
##>+----------------------------------------------------------------------------------------------------------------------------------------------------------------+
##>Summary table of configs (Best config is CDN_DP_region_2_2_c7)
##>+----------------------------------------------------------------------------------------------------------------------------------------------------------------+
##>                     0                  1                  2                  3                  4                  5                  6                  7            
##>+----------------------------------------------------------------------------------------------------------------------------------------------------------------+
##>           Area      16076335215        14254563630        14254563630        14254563630        14254563630        14254563630        14254563630        14190641820  
##>            WNS           +97.10             +53.70             +53.70             +53.70             +53.70             +53.70             +53.70             +64.60  
##>            TNS                0                  0                  0                  0                  0                  0                  0                  0  
##>    Num Rewrite                0                  1                  1                  1                  1                  1                  1                  0  
##>      Num Share                0                  0                  0                  0                  0                  0                  0                  0  
##>  Num Speculate                0                  0                  0                  0                  0                  0                  0                  0  
##>        Num CSA                0                  1                  1                  1                  1                  1                  1                  1  
##>         Num DP                3                  1                  1                  1                  1                  1                  1                  1  
##>     Runtime(s)                0                  1                  1                  1                  1                  1                  1                  1  
+----------------------------------------------------------------------------------------------------------------------------------------------------------------+
##>
##>

CSA report for CDN_DP_region_2_2_c7, cover 0 
----------------------------
| POs | Operation    | FRC | 
----------------------------
| 1   | MULT_TC_OP_2 | -   | 
|     | ADD_TC_OP    | -   | 
----------------------------
---------------------------------------------------------------------------------------------------------
| Input/Output    | Driver     | Type | Reason        | Polarity | Bitwidth | Expression                | 
---------------------------------------------------------------------------------------------------------
| MULT_TC_OP_2[1] | in_23      | PI   | soft_op,      | signed   | 25       | {1'b0,in_23[23,0]}        | 
|                 |            |      | duplication   |          |          |                           | 
| ADD_TC_OP[1]    | MULT_TC_OP | PI   | sign_mismatch | signed   | 16       | {1'b0,MULT_TC_OP[27,13]}  | 
| ADD_TC_OP       | -          | PO   | -             | signed   | 35       | 1025*{1'b0,in_23[23,0]}   | 
|                 |            |      |               |          |          | +{1'b0,MULT_TC_OP[27,13]} | 
---------------------------------------------------------------------------------------------------------
 
##>+-----------------------------------------------------------------------------------------------------------------------------------------------------------------------------------------------------+
##>Optimization Step DEBUG Table for config CDN_DP_region_2_2_c7
##>
##>                          Step                        Area   (  % Chg)         WNS (Change)          TNS (Change)                Power   (  % Chg)        Runtime (s)        Comment                   
##>+-----------------------------------------------------------------------------------------------------------------------------------------------------------------------------------------------------+
##>EquationExtraction              START            16076335215 (       )       97.10 (        )          0 (        )                    0 (       )              
##> rewrite                        START            36808308925 (+128.96)       -6.30 ( -103.40)       1323 (    1323)                    0 (  +0.00)              (a,ar) Expr38_from --> Expr38_to
##>                                  END            76759440175 (+108.54)      -43.60 (  -37.30)       2165 (     842)                    0 (  +0.00)           0  
##>                                  END            60683104960 (+277.47)      -46.70 ( -143.80)       2475 (    2475)                    0 (  +0.00)           0  
##>createMaxCarrySave              START            60683104960 (  +0.00)      -46.70 (   +0.00)       2475 (       0)                    0 (  +0.00)              
##> datapath_rewrite_one_def       START            60683104960 (  +0.00)      -46.70 (   +0.00)       2475 (       0)                    0 (  +0.00)              
##>                                  END            60683104960 (  +0.00)      -46.70 (   +0.00)       2475 (       0)                    0 (  +0.00)           0  
##> csa_opto                       START            60683104960 (  +0.00)      -46.70 (   +0.00)       2475 (       0)                    0 (  +0.00)              
##>                                  END            15596921640 ( -74.30)       68.40 ( +115.10)          0 (   -2475)                    0 (  +0.00)           0  
##>                                  END            15596921640 ( -74.30)       68.40 ( +115.10)          0 (   -2475)                    0 (  +0.00)           0  
##>canonicalize_by_names           START            15596921640 (  +0.00)       68.40 (   +0.00)          0 (       0)                    0 (  +0.00)              
##>                                  END            15596921640 (  +0.00)       68.40 (   +0.00)          0 (       0)                    0 (  +0.00)           0  
##>datapath_rewrite_post_csa_one_  START            15596921640 (  +0.00)       68.40 (   +0.00)          0 (       0)                    0 (  +0.00)              
##>                                  END            15596921640 (  +0.00)       68.40 (   +0.00)          0 (       0)                    0 (  +0.00)           0  
##>datapath_csa_factoring_one_gde  START            15596921640 (  +0.00)       68.40 (   +0.00)          0 (       0)                    0 (  +0.00)              
##>                                  END            15596921640 (  +0.00)       68.40 (   +0.00)          0 (       0)                    0 (  +0.00)           0  
##>dpopt_share_one_def             START            15596921640 (  +0.00)       68.40 (   +0.00)          0 (       0)                    0 (  +0.00)              
##>                                  END            15596921640 (  +0.00)       68.40 (   +0.00)          0 (       0)                    0 (  +0.00)           0  
##>datapath_rewrite_post_share     START            15596921640 (  +0.00)       68.40 (   +0.00)          0 (       0)                    0 (  +0.00)              
##>                                  END            15596921640 (  +0.00)       68.40 (   +0.00)          0 (       0)                    0 (  +0.00)           0  
##>dp_combine_const_mult_with_com  START            15596921640 (  +0.00)       68.40 (   +0.00)          0 (       0)                    0 (  +0.00)              
##>                                  END            15596921640 (  +0.00)       68.40 (   +0.00)          0 (       0)                    0 (  +0.00)           0  
##>dp_operator_level_decompositio  START            15596921640 (  +0.00)       68.40 (   +0.00)          0 (       0)                    0 (  +0.00)              
##>                                  END            15596921640 (  +0.00)       68.40 (   +0.00)          0 (       0)                    0 (  +0.00)           0  
##>selective_flatten_dp_config     START            15596921640 (  +0.00)       68.40 (   +0.00)          0 (       0)                    0 (  +0.00)              
##>                                  END            15596921640 (  +0.00)       68.40 (   +0.00)          0 (       0)                    0 (  +0.00)           0  
##>createMaxCarrySave              START            15596921640 (  +0.00)       68.40 (   +0.00)          0 (       0)                    0 (  +0.00)              
##> datapath_rewrite_one_def       START            15596921640 (  +0.00)       68.40 (   +0.00)          0 (       0)                    0 (  +0.00)              
##>  fast_cse_elim                 START            15596921640 (  +0.00)       68.40 (   +0.00)          0 (       0)                    0 (  +0.00)              
##>                                  END            15596921640 (  +0.00)       68.40 (   +0.00)          0 (       0)                    0 (  +0.00)           0  
##>  fast_cse_elim                 START            15596921640 (  +0.00)       68.40 (   +0.00)          0 (       0)                    0 (  +0.00)              
##>                                  END            15596921640 (  +0.00)       68.40 (   +0.00)          0 (       0)                    0 (  +0.00)           0  
##>                                  END            15596921640 (  +0.00)       68.40 (   +0.00)          0 (       0)                    0 (  +0.00)           0  
##> csa_opto                       START            15596921640 (  +0.00)       68.40 (   +0.00)          0 (       0)                    0 (  +0.00)              
##>                                  END            15596921640 (  +0.00)       68.40 (   +0.00)          0 (       0)                    0 (  +0.00)           0  
##>                                  END            15596921640 (  +0.00)       68.40 (   +0.00)          0 (       0)                    0 (  +0.00)           0  
##>context_based_simplify          START            14190641820 (  -9.02)       70.80 (   +2.40)          0 (       0)                    0 (  +0.00)              
##>                                  END            14190641820 (  +0.00)       70.80 (   +0.00)          0 (       0)                    0 (  +0.00)           0  
##>group_csa_final_adder_dp        START            14190641820 (  +0.00)       70.80 (   +0.00)          0 (       0)                    0 (  +0.00)              
##>                                  END            14190641820 (  +0.00)       64.60 (   -6.20)          0 (       0)                    0 (  +0.00)           0  
##>dpopt_flatten_critical_muxes_i  START            14190641820 (  +0.00)       64.60 (   +0.00)          0 (       0)                    0 (  +0.00)              
##>                                  END            14190641820 (  +0.00)       64.60 (   +0.00)          0 (       0)                    0 (  +0.00)           0  
##>create_score                    START            14190641820 (  +0.00)       64.60 (   +0.00)          0 (       0)                    0 (  +0.00)              
##>                                  END            14190641820 (  +0.00)       64.60 (   +0.00)          0 (       0)                    0 (  +0.00)           0  
##>+-----------------------------------------------------------------------------------------------------------------------------------------------------------------------------------------------------+
Committed config: CDN_DP_region_2_2_c7
          Optimizations applied to 'very_fast' configuration:
            rewriting(0), factoring(0), sharing(0), cmultcse(0), downsizing(0), speculation(0)
  CSAGen Prep Share:0 Re-Write:0 Speculation: 0

CDN_DP_region_2_1 level = 0 loads = 0 drivers = 0
CDN_DP_region_2_1_c0 in Barrett_128: area: 7425583595 , DP = 2  sg = slow     
    wns: 0  norm_wns:  -1.0000 
    tns:  0
 skipped
CDN_DP_region_2_1_c1 in Barrett_128: area: 2098766095 , CSA = 1  sg = fast     
    wns: 0  norm_wns:  -1.0000 
    tns:  0
 is current best
CDN_DP_region_2_1_c2 in Barrett_128: area: 2098766095 , CSA = 1  sg = very_slow
    wns: 0  norm_wns:  -1.0000 
    tns:  0
 is current best
CDN_DP_region_2_1_c3 in Barrett_128: area: 2098766095 , CSA = 1  sg = very_fast
    wns: 0  norm_wns:  -1.0000 
    tns:  0
 is current best
CDN_DP_region_2_1_c4 in Barrett_128: area: 2098766095 , CSA = 1  sg = very_fast
    wns: 0  norm_wns:  -1.0000 
    tns:  0
 is current best
CDN_DP_region_2_1_c5 in Barrett_128: area: 2098766095 , CSA = 1  sg = very_fast
    wns: 0  norm_wns:  -1.0000 
    tns:  0
 is current best
CDN_DP_region_2_1_c6 in Barrett_128: area: 2098766095 , CSA = 1  sg = very_fast
    wns: 0  norm_wns:  -1.0000 
    tns:  0
 is current best
CDN_DP_region_2_1_c7 in Barrett_128: area: 2098766095 , CSA = 1  sg = very_fast
    wns: 0  norm_wns:  -1.0000 
    tns:  0
 is current best
Best config: CDN_DP_region_2_1_c7 in Barrett_128: area: 2098766095 , CSA = 1  sg = very_fast
    wns: 0  norm_wns:  -1.0000 
    tns:  0
  Smallest config area : 2098766095.  Fastest config wns;  0
##>+----------------------------------------------------------------------------------------------------------------------------------------------------------------+
##>Summary table of configs (Best config is CDN_DP_region_2_1_c7)
##>+----------------------------------------------------------------------------------------------------------------------------------------------------------------+
##>                     0                  1                  2                  3                  4                  5                  6                  7            
##>+----------------------------------------------------------------------------------------------------------------------------------------------------------------+
##>           Area       7425583595         2098766095         2098766095         2098766095         2098766095         2098766095         2098766095         2098766095  
##>            WNS          +240.50            +299.00            +299.00            +299.00            +299.00            +299.00            +299.00            +297.90  
##>            TNS                0                  0                  0                  0                  0                  0                  0                  0  
##>    Num Rewrite                0                  0                  0                  0                  0                  0                  0                  0  
##>      Num Share                0                  0                  0                  0                  0                  0                  0                  0  
##>  Num Speculate                0                  0                  0                  0                  0                  0                  0                  0  
##>        Num CSA                0                  1                  1                  1                  1                  1                  1                  1  
##>         Num DP                2                  0                  0                  0                  0                  0                  0                  0  
##>     Runtime(s)                0                  0                  0                  0                  0                  0                  0                  0  
+----------------------------------------------------------------------------------------------------------------------------------------------------------------+
##>
##>

CSA report for CDN_DP_region_2_1_c7, cover 0 
-------------------------
| POs | Operation | FRC | 
-------------------------
| 1   | ADD_TC_OP | -   | 
|     | SUB_TC_OP | -   | 
-------------------------
---------------------------------------------------------------------------------------
| Input/Output | Driver | Type | Reason | Polarity | Bitwidth | Expression            | 
---------------------------------------------------------------------------------------
| ADD_TC_OP[0] | in_23  | PI   | -      | signed   | 11       | in_23<<10             | 
| ADD_TC_OP[1] | in_10  | PI   | -      | signed   | 11       | in_10[10,0]           | 
| SUB_TC_OP[1] | in_23  | PI   | -      | signed   | 11       | in_23[10,0]           | 
| SUB_TC_OP    | -      | PO   | -      | signed   | 11       | in_23<<10+in_10[10,0] | 
|              |        |      |        |          |          | -in_23[10,0]          | 
---------------------------------------------------------------------------------------
 
##>+-----------------------------------------------------------------------------------------------------------------------------------------------------------------------------------------------------+
##>Optimization Step DEBUG Table for config CDN_DP_region_2_1_c7
##>
##>                          Step                        Area   (  % Chg)         WNS (Change)          TNS (Change)                Power   (  % Chg)        Runtime (s)        Comment                   
##>+-----------------------------------------------------------------------------------------------------------------------------------------------------------------------------------------------------+
##>EquationExtraction              START             7425583595 (       )      240.50 (        )          0 (        )                    0 (       )              
##> rewrite                        START            10046377805 ( +35.29)      272.80 (  +32.30)          0 (       0)                    0 (  +0.00)              (a,ar) Expr39_from --> Expr39_to
##>                                  END            11324814005 ( +12.73)      251.10 (  -21.70)          0 (       0)                    0 (  +0.00)           0  
##>                                  END             3899230410 ( -47.49)      233.50 (   -7.00)          0 (       0)                    0 (  +0.00)           0  
##>createMaxCarrySave              START             3899230410 (  +0.00)      233.50 (   +0.00)          0 (       0)                    0 (  +0.00)              
##> datapath_rewrite_one_def       START             3899230410 (  +0.00)      233.50 (   +0.00)          0 (       0)                    0 (  +0.00)              
##>                                  END             3899230410 (  +0.00)      233.50 (   +0.00)          0 (       0)                    0 (  +0.00)           0  
##> csa_opto                       START             3899230410 (  +0.00)      233.50 (   +0.00)          0 (       0)                    0 (  +0.00)              
##>                                  END             2141380635 ( -45.08)      308.70 (  +75.20)          0 (       0)                    0 (  +0.00)           0  
##>                                  END             2141380635 ( -45.08)      308.70 (  +75.20)          0 (       0)                    0 (  +0.00)           0  
##>canonicalize_by_names           START             2141380635 (  +0.00)      308.70 (   +0.00)          0 (       0)                    0 (  +0.00)              
##>                                  END             2141380635 (  +0.00)      308.70 (   +0.00)          0 (       0)                    0 (  +0.00)           0  
##>datapath_rewrite_post_csa_one_  START             2141380635 (  +0.00)      308.70 (   +0.00)          0 (       0)                    0 (  +0.00)              
##>                                  END             2141380635 (  +0.00)      308.70 (   +0.00)          0 (       0)                    0 (  +0.00)           0  
##>datapath_csa_factoring_one_gde  START             2141380635 (  +0.00)      308.70 (   +0.00)          0 (       0)                    0 (  +0.00)              
##>                                  END             2141380635 (  +0.00)      308.70 (   +0.00)          0 (       0)                    0 (  +0.00)           0  
##>dpopt_share_one_def             START             2141380635 (  +0.00)      308.70 (   +0.00)          0 (       0)                    0 (  +0.00)              
##>                                  END             2141380635 (  +0.00)      308.70 (   +0.00)          0 (       0)                    0 (  +0.00)           0  
##>datapath_rewrite_post_share     START             2141380635 (  +0.00)      308.70 (   +0.00)          0 (       0)                    0 (  +0.00)              
##>                                  END             2141380635 (  +0.00)      308.70 (   +0.00)          0 (       0)                    0 (  +0.00)           0  
##>dp_combine_const_mult_with_com  START             2141380635 (  +0.00)      308.70 (   +0.00)          0 (       0)                    0 (  +0.00)              
##>                                  END             2141380635 (  +0.00)      308.70 (   +0.00)          0 (       0)                    0 (  +0.00)           0  
##>dp_operator_level_decompositio  START             2141380635 (  +0.00)      308.70 (   +0.00)          0 (       0)                    0 (  +0.00)              
##>                                  END             2141380635 (  +0.00)      308.70 (   +0.00)          0 (       0)                    0 (  +0.00)           0  
##>selective_flatten_dp_config     START             2141380635 (  +0.00)      308.70 (   +0.00)          0 (       0)                    0 (  +0.00)              
##>                                  END             2141380635 (  +0.00)      308.70 (   +0.00)          0 (       0)                    0 (  +0.00)           0  
##>createMaxCarrySave              START             2141380635 (  +0.00)      308.70 (   +0.00)          0 (       0)                    0 (  +0.00)              
##> datapath_rewrite_one_def       START             2141380635 (  +0.00)      308.70 (   +0.00)          0 (       0)                    0 (  +0.00)              
##>  fast_cse_elim                 START             2141380635 (  +0.00)      308.70 (   +0.00)          0 (       0)                    0 (  +0.00)              
##>                                  END             2141380635 (  +0.00)      308.70 (   +0.00)          0 (       0)                    0 (  +0.00)           0  
##>  fast_cse_elim                 START             2141380635 (  +0.00)      308.70 (   +0.00)          0 (       0)                    0 (  +0.00)              
##>                                  END             2141380635 (  +0.00)      308.70 (   +0.00)          0 (       0)                    0 (  +0.00)           0  
##>                                  END             2141380635 (  +0.00)      308.70 (   +0.00)          0 (       0)                    0 (  +0.00)           0  
##> csa_opto                       START             2141380635 (  +0.00)      308.70 (   +0.00)          0 (       0)                    0 (  +0.00)              
##>                                  END             2141380635 (  +0.00)      308.70 (   +0.00)          0 (       0)                    0 (  +0.00)           0  
##>                                  END             2141380635 (  +0.00)      308.70 (   +0.00)          0 (       0)                    0 (  +0.00)           0  
##>context_based_simplify          START             2098766095 (  -1.99)      308.70 (   +0.00)          0 (       0)                    0 (  +0.00)              
##>                                  END             2098766095 (  +0.00)      308.70 (   +0.00)          0 (       0)                    0 (  +0.00)           0  
##>group_csa_final_adder_dp        START             2098766095 (  +0.00)      308.70 (   +0.00)          0 (       0)                    0 (  +0.00)              
##>                                  END             3387855930 ( +61.42)      264.80 (  -43.90)          0 (       0)                    0 (  +0.00)           0  
##>dpopt_flatten_critical_muxes_i  START             3387855930 (  +0.00)      264.80 (   +0.00)          0 (       0)                    0 (  +0.00)              
##>                                  END             3387855930 (  +0.00)      264.80 (   +0.00)          0 (       0)                    0 (  +0.00)           0  
##>create_score                    START             2098766095 ( -38.05)      297.90 (  +33.10)          0 (       0)                    0 (  +0.00)              
##>                                  END             2098766095 (  +0.00)      297.90 (   +0.00)          0 (       0)                    0 (  +0.00)           0  
##>+-----------------------------------------------------------------------------------------------------------------------------------------------------------------------------------------------------+
Committed config: CDN_DP_region_2_1_c7
          Optimizations applied to 'very_fast' configuration:
            rewriting(0), factoring(0), sharing(0), cmultcse(0), downsizing(0), speculation(0)
  CSAGen Prep Share:0 Re-Write:0 Speculation: 0

CDN_DP_region_3_2 level = 0 loads = 0 drivers = 0
CDN_DP_region_3_2_c0 in Barrett_129: area: 16076335215 , DP = 3  sg = slow     
    wns: 0  norm_wns:  -1.0000 
    tns:  0
 skipped
CDN_DP_region_3_2_c1 in Barrett_129: area: 14254563630 , CSA = 1  DP = 1  sg = fast     
    wns: 0  norm_wns:  -1.0000 
    tns:  0
 is current best
CDN_DP_region_3_2_c2 in Barrett_129: area: 14254563630 , CSA = 1  DP = 1  sg = very_slow
    wns: 0  norm_wns:  -1.0000 
    tns:  0
 is current best
CDN_DP_region_3_2_c3 in Barrett_129: area: 14254563630 , CSA = 1  DP = 1  sg = very_fast
    wns: 0  norm_wns:  -1.0000 
    tns:  0
 is current best
CDN_DP_region_3_2_c4 in Barrett_129: area: 14254563630 , CSA = 1  DP = 1  sg = very_fast
    wns: 0  norm_wns:  -1.0000 
    tns:  0
 is current best
CDN_DP_region_3_2_c5 in Barrett_129: area: 14254563630 , CSA = 1  DP = 1  sg = very_fast
    wns: 0  norm_wns:  -1.0000 
    tns:  0
 is current best
CDN_DP_region_3_2_c6 in Barrett_129: area: 14254563630 , CSA = 1  DP = 1  sg = very_fast
    wns: 0  norm_wns:  -1.0000 
    tns:  0
 is current best
CDN_DP_region_3_2_c7 in Barrett_129: area: 14190641820 , CSA = 1  DP = 1  sg = very_fast
    wns: 0  norm_wns:  -1.0000 
    tns:  0
 is current best
Best config: CDN_DP_region_3_2_c7 in Barrett_129: area: 14190641820 , CSA = 1  DP = 1  sg = very_fast
    wns: 0  norm_wns:  -1.0000 
    tns:  0
  Smallest config area : 14190641820.  Fastest config wns;  0
##>+----------------------------------------------------------------------------------------------------------------------------------------------------------------+
##>Summary table of configs (Best config is CDN_DP_region_3_2_c7)
##>+----------------------------------------------------------------------------------------------------------------------------------------------------------------+
##>                     0                  1                  2                  3                  4                  5                  6                  7            
##>+----------------------------------------------------------------------------------------------------------------------------------------------------------------+
##>           Area      16076335215        14254563630        14254563630        14254563630        14254563630        14254563630        14254563630        14190641820  
##>            WNS           +97.10             +53.70             +53.70             +53.70             +53.70             +53.70             +53.70             +64.60  
##>            TNS                0                  0                  0                  0                  0                  0                  0                  0  
##>    Num Rewrite                0                  1                  1                  1                  1                  1                  1                  0  
##>      Num Share                0                  0                  0                  0                  0                  0                  0                  0  
##>  Num Speculate                0                  0                  0                  0                  0                  0                  0                  0  
##>        Num CSA                0                  1                  1                  1                  1                  1                  1                  1  
##>         Num DP                3                  1                  1                  1                  1                  1                  1                  1  
##>     Runtime(s)                0                  1                  1                  1                  1                  1                  1                  1  
+----------------------------------------------------------------------------------------------------------------------------------------------------------------+
##>
##>

CSA report for CDN_DP_region_3_2_c7, cover 0 
----------------------------
| POs | Operation    | FRC | 
----------------------------
| 1   | MULT_TC_OP_2 | -   | 
|     | ADD_TC_OP    | -   | 
----------------------------
---------------------------------------------------------------------------------------------------------
| Input/Output    | Driver     | Type | Reason        | Polarity | Bitwidth | Expression                | 
---------------------------------------------------------------------------------------------------------
| MULT_TC_OP_2[1] | in_23      | PI   | soft_op,      | signed   | 25       | {1'b0,in_23[23,0]}        | 
|                 |            |      | duplication   |          |          |                           | 
| ADD_TC_OP[1]    | MULT_TC_OP | PI   | sign_mismatch | signed   | 16       | {1'b0,MULT_TC_OP[27,13]}  | 
| ADD_TC_OP       | -          | PO   | -             | signed   | 35       | 1025*{1'b0,in_23[23,0]}   | 
|                 |            |      |               |          |          | +{1'b0,MULT_TC_OP[27,13]} | 
---------------------------------------------------------------------------------------------------------
 
##>+-----------------------------------------------------------------------------------------------------------------------------------------------------------------------------------------------------+
##>Optimization Step DEBUG Table for config CDN_DP_region_3_2_c7
##>
##>                          Step                        Area   (  % Chg)         WNS (Change)          TNS (Change)                Power   (  % Chg)        Runtime (s)        Comment                   
##>+-----------------------------------------------------------------------------------------------------------------------------------------------------------------------------------------------------+
##>EquationExtraction              START            16076335215 (       )       97.10 (        )          0 (        )                    0 (       )              
##> rewrite                        START            36808308925 (+128.96)       -6.30 ( -103.40)       1323 (    1323)                    0 (  +0.00)              (a,ar) Expr40_from --> Expr40_to
##>                                  END            76759440175 (+108.54)      -43.60 (  -37.30)       2165 (     842)                    0 (  +0.00)           0  
##>                                  END            60683104960 (+277.47)      -46.70 ( -143.80)       2475 (    2475)                    0 (  +0.00)           0  
##>createMaxCarrySave              START            60683104960 (  +0.00)      -46.70 (   +0.00)       2475 (       0)                    0 (  +0.00)              
##> datapath_rewrite_one_def       START            60683104960 (  +0.00)      -46.70 (   +0.00)       2475 (       0)                    0 (  +0.00)              
##>                                  END            60683104960 (  +0.00)      -46.70 (   +0.00)       2475 (       0)                    0 (  +0.00)           0  
##> csa_opto                       START            60683104960 (  +0.00)      -46.70 (   +0.00)       2475 (       0)                    0 (  +0.00)              
##>                                  END            15596921640 ( -74.30)       68.40 ( +115.10)          0 (   -2475)                    0 (  +0.00)           0  
##>                                  END            15596921640 ( -74.30)       68.40 ( +115.10)          0 (   -2475)                    0 (  +0.00)           0  
##>canonicalize_by_names           START            15596921640 (  +0.00)       68.40 (   +0.00)          0 (       0)                    0 (  +0.00)              
##>                                  END            15596921640 (  +0.00)       68.40 (   +0.00)          0 (       0)                    0 (  +0.00)           0  
##>datapath_rewrite_post_csa_one_  START            15596921640 (  +0.00)       68.40 (   +0.00)          0 (       0)                    0 (  +0.00)              
##>                                  END            15596921640 (  +0.00)       68.40 (   +0.00)          0 (       0)                    0 (  +0.00)           0  
##>datapath_csa_factoring_one_gde  START            15596921640 (  +0.00)       68.40 (   +0.00)          0 (       0)                    0 (  +0.00)              
##>                                  END            15596921640 (  +0.00)       68.40 (   +0.00)          0 (       0)                    0 (  +0.00)           0  
##>dpopt_share_one_def             START            15596921640 (  +0.00)       68.40 (   +0.00)          0 (       0)                    0 (  +0.00)              
##>                                  END            15596921640 (  +0.00)       68.40 (   +0.00)          0 (       0)                    0 (  +0.00)           0  
##>datapath_rewrite_post_share     START            15596921640 (  +0.00)       68.40 (   +0.00)          0 (       0)                    0 (  +0.00)              
##>                                  END            15596921640 (  +0.00)       68.40 (   +0.00)          0 (       0)                    0 (  +0.00)           0  
##>dp_combine_const_mult_with_com  START            15596921640 (  +0.00)       68.40 (   +0.00)          0 (       0)                    0 (  +0.00)              
##>                                  END            15596921640 (  +0.00)       68.40 (   +0.00)          0 (       0)                    0 (  +0.00)           0  
##>dp_operator_level_decompositio  START            15596921640 (  +0.00)       68.40 (   +0.00)          0 (       0)                    0 (  +0.00)              
##>                                  END            15596921640 (  +0.00)       68.40 (   +0.00)          0 (       0)                    0 (  +0.00)           0  
##>selective_flatten_dp_config     START            15596921640 (  +0.00)       68.40 (   +0.00)          0 (       0)                    0 (  +0.00)              
##>                                  END            15596921640 (  +0.00)       68.40 (   +0.00)          0 (       0)                    0 (  +0.00)           0  
##>createMaxCarrySave              START            15596921640 (  +0.00)       68.40 (   +0.00)          0 (       0)                    0 (  +0.00)              
##> datapath_rewrite_one_def       START            15596921640 (  +0.00)       68.40 (   +0.00)          0 (       0)                    0 (  +0.00)              
##>  fast_cse_elim                 START            15596921640 (  +0.00)       68.40 (   +0.00)          0 (       0)                    0 (  +0.00)              
##>                                  END            15596921640 (  +0.00)       68.40 (   +0.00)          0 (       0)                    0 (  +0.00)           0  
##>  fast_cse_elim                 START            15596921640 (  +0.00)       68.40 (   +0.00)          0 (       0)                    0 (  +0.00)              
##>                                  END            15596921640 (  +0.00)       68.40 (   +0.00)          0 (       0)                    0 (  +0.00)           0  
##>                                  END            15596921640 (  +0.00)       68.40 (   +0.00)          0 (       0)                    0 (  +0.00)           0  
##> csa_opto                       START            15596921640 (  +0.00)       68.40 (   +0.00)          0 (       0)                    0 (  +0.00)              
##>                                  END            15596921640 (  +0.00)       68.40 (   +0.00)          0 (       0)                    0 (  +0.00)           0  
##>                                  END            15596921640 (  +0.00)       68.40 (   +0.00)          0 (       0)                    0 (  +0.00)           0  
##>context_based_simplify          START            14190641820 (  -9.02)       70.80 (   +2.40)          0 (       0)                    0 (  +0.00)              
##>                                  END            14190641820 (  +0.00)       70.80 (   +0.00)          0 (       0)                    0 (  +0.00)           0  
##>group_csa_final_adder_dp        START            14190641820 (  +0.00)       70.80 (   +0.00)          0 (       0)                    0 (  +0.00)              
##>                                  END            14190641820 (  +0.00)       64.60 (   -6.20)          0 (       0)                    0 (  +0.00)           0  
##>dpopt_flatten_critical_muxes_i  START            14190641820 (  +0.00)       64.60 (   +0.00)          0 (       0)                    0 (  +0.00)              
##>                                  END            14190641820 (  +0.00)       64.60 (   +0.00)          0 (       0)                    0 (  +0.00)           0  
##>create_score                    START            14190641820 (  +0.00)       64.60 (   +0.00)          0 (       0)                    0 (  +0.00)              
##>                                  END            14190641820 (  +0.00)       64.60 (   +0.00)          0 (       0)                    0 (  +0.00)           0  
##>+-----------------------------------------------------------------------------------------------------------------------------------------------------------------------------------------------------+
Committed config: CDN_DP_region_3_2_c7
          Optimizations applied to 'very_fast' configuration:
            rewriting(0), factoring(0), sharing(0), cmultcse(0), downsizing(0), speculation(0)
  CSAGen Prep Share:0 Re-Write:0 Speculation: 0

CDN_DP_region_3_1 level = 0 loads = 0 drivers = 0
CDN_DP_region_3_1_c0 in Barrett_129: area: 7425583595 , DP = 2  sg = slow     
    wns: 0  norm_wns:  -1.0000 
    tns:  0
 skipped
CDN_DP_region_3_1_c1 in Barrett_129: area: 2098766095 , CSA = 1  sg = fast     
    wns: 0  norm_wns:  -1.0000 
    tns:  0
 is current best
CDN_DP_region_3_1_c2 in Barrett_129: area: 2098766095 , CSA = 1  sg = very_slow
    wns: 0  norm_wns:  -1.0000 
    tns:  0
 is current best
CDN_DP_region_3_1_c3 in Barrett_129: area: 2098766095 , CSA = 1  sg = very_fast
    wns: 0  norm_wns:  -1.0000 
    tns:  0
 is current best
CDN_DP_region_3_1_c4 in Barrett_129: area: 2098766095 , CSA = 1  sg = very_fast
    wns: 0  norm_wns:  -1.0000 
    tns:  0
 is current best
CDN_DP_region_3_1_c5 in Barrett_129: area: 2098766095 , CSA = 1  sg = very_fast
    wns: 0  norm_wns:  -1.0000 
    tns:  0
 is current best
CDN_DP_region_3_1_c6 in Barrett_129: area: 2098766095 , CSA = 1  sg = very_fast
    wns: 0  norm_wns:  -1.0000 
    tns:  0
 is current best
CDN_DP_region_3_1_c7 in Barrett_129: area: 2098766095 , CSA = 1  sg = very_fast
    wns: 0  norm_wns:  -1.0000 
    tns:  0
 is current best
Best config: CDN_DP_region_3_1_c7 in Barrett_129: area: 2098766095 , CSA = 1  sg = very_fast
    wns: 0  norm_wns:  -1.0000 
    tns:  0
  Smallest config area : 2098766095.  Fastest config wns;  0
##>+----------------------------------------------------------------------------------------------------------------------------------------------------------------+
##>Summary table of configs (Best config is CDN_DP_region_3_1_c7)
##>+----------------------------------------------------------------------------------------------------------------------------------------------------------------+
##>                     0                  1                  2                  3                  4                  5                  6                  7            
##>+----------------------------------------------------------------------------------------------------------------------------------------------------------------+
##>           Area       7425583595         2098766095         2098766095         2098766095         2098766095         2098766095         2098766095         2098766095  
##>            WNS          +240.50            +299.00            +299.00            +299.00            +299.00            +299.00            +299.00            +297.90  
##>            TNS                0                  0                  0                  0                  0                  0                  0                  0  
##>    Num Rewrite                0                  0                  0                  0                  0                  0                  0                  0  
##>      Num Share                0                  0                  0                  0                  0                  0                  0                  0  
##>  Num Speculate                0                  0                  0                  0                  0                  0                  0                  0  
##>        Num CSA                0                  1                  1                  1                  1                  1                  1                  1  
##>         Num DP                2                  0                  0                  0                  0                  0                  0                  0  
##>     Runtime(s)                0                  0                  0                  0                  0                  0                  0                  0  
+----------------------------------------------------------------------------------------------------------------------------------------------------------------+
##>
##>

CSA report for CDN_DP_region_3_1_c7, cover 0 
-------------------------
| POs | Operation | FRC | 
-------------------------
| 1   | ADD_TC_OP | -   | 
|     | SUB_TC_OP | -   | 
-------------------------
---------------------------------------------------------------------------------------
| Input/Output | Driver | Type | Reason | Polarity | Bitwidth | Expression            | 
---------------------------------------------------------------------------------------
| ADD_TC_OP[0] | in_23  | PI   | -      | signed   | 11       | in_23<<10             | 
| ADD_TC_OP[1] | in_10  | PI   | -      | signed   | 11       | in_10[10,0]           | 
| SUB_TC_OP[1] | in_23  | PI   | -      | signed   | 11       | in_23[10,0]           | 
| SUB_TC_OP    | -      | PO   | -      | signed   | 11       | in_23<<10+in_10[10,0] | 
|              |        |      |        |          |          | -in_23[10,0]          | 
---------------------------------------------------------------------------------------
 
##>+-----------------------------------------------------------------------------------------------------------------------------------------------------------------------------------------------------+
##>Optimization Step DEBUG Table for config CDN_DP_region_3_1_c7
##>
##>                          Step                        Area   (  % Chg)         WNS (Change)          TNS (Change)                Power   (  % Chg)        Runtime (s)        Comment                   
##>+-----------------------------------------------------------------------------------------------------------------------------------------------------------------------------------------------------+
##>EquationExtraction              START             7425583595 (       )      240.50 (        )          0 (        )                    0 (       )              
##> rewrite                        START            10046377805 ( +35.29)      272.80 (  +32.30)          0 (       0)                    0 (  +0.00)              (a,ar) Expr41_from --> Expr41_to
##>                                  END            11324814005 ( +12.73)      251.10 (  -21.70)          0 (       0)                    0 (  +0.00)           0  
##>                                  END             3899230410 ( -47.49)      233.50 (   -7.00)          0 (       0)                    0 (  +0.00)           0  
##>createMaxCarrySave              START             3899230410 (  +0.00)      233.50 (   +0.00)          0 (       0)                    0 (  +0.00)              
##> datapath_rewrite_one_def       START             3899230410 (  +0.00)      233.50 (   +0.00)          0 (       0)                    0 (  +0.00)              
##>                                  END             3899230410 (  +0.00)      233.50 (   +0.00)          0 (       0)                    0 (  +0.00)           0  
##> csa_opto                       START             3899230410 (  +0.00)      233.50 (   +0.00)          0 (       0)                    0 (  +0.00)              
##>                                  END             2141380635 ( -45.08)      308.70 (  +75.20)          0 (       0)                    0 (  +0.00)           0  
##>                                  END             2141380635 ( -45.08)      308.70 (  +75.20)          0 (       0)                    0 (  +0.00)           0  
##>canonicalize_by_names           START             2141380635 (  +0.00)      308.70 (   +0.00)          0 (       0)                    0 (  +0.00)              
##>                                  END             2141380635 (  +0.00)      308.70 (   +0.00)          0 (       0)                    0 (  +0.00)           0  
##>datapath_rewrite_post_csa_one_  START             2141380635 (  +0.00)      308.70 (   +0.00)          0 (       0)                    0 (  +0.00)              
##>                                  END             2141380635 (  +0.00)      308.70 (   +0.00)          0 (       0)                    0 (  +0.00)           0  
##>datapath_csa_factoring_one_gde  START             2141380635 (  +0.00)      308.70 (   +0.00)          0 (       0)                    0 (  +0.00)              
##>                                  END             2141380635 (  +0.00)      308.70 (   +0.00)          0 (       0)                    0 (  +0.00)           0  
##>dpopt_share_one_def             START             2141380635 (  +0.00)      308.70 (   +0.00)          0 (       0)                    0 (  +0.00)              
##>                                  END             2141380635 (  +0.00)      308.70 (   +0.00)          0 (       0)                    0 (  +0.00)           0  
##>datapath_rewrite_post_share     START             2141380635 (  +0.00)      308.70 (   +0.00)          0 (       0)                    0 (  +0.00)              
##>                                  END             2141380635 (  +0.00)      308.70 (   +0.00)          0 (       0)                    0 (  +0.00)           0  
##>dp_combine_const_mult_with_com  START             2141380635 (  +0.00)      308.70 (   +0.00)          0 (       0)                    0 (  +0.00)              
##>                                  END             2141380635 (  +0.00)      308.70 (   +0.00)          0 (       0)                    0 (  +0.00)           0  
##>dp_operator_level_decompositio  START             2141380635 (  +0.00)      308.70 (   +0.00)          0 (       0)                    0 (  +0.00)              
##>                                  END             2141380635 (  +0.00)      308.70 (   +0.00)          0 (       0)                    0 (  +0.00)           0  
##>selective_flatten_dp_config     START             2141380635 (  +0.00)      308.70 (   +0.00)          0 (       0)                    0 (  +0.00)              
##>                                  END             2141380635 (  +0.00)      308.70 (   +0.00)          0 (       0)                    0 (  +0.00)           0  
##>createMaxCarrySave              START             2141380635 (  +0.00)      308.70 (   +0.00)          0 (       0)                    0 (  +0.00)              
##> datapath_rewrite_one_def       START             2141380635 (  +0.00)      308.70 (   +0.00)          0 (       0)                    0 (  +0.00)              
##>  fast_cse_elim                 START             2141380635 (  +0.00)      308.70 (   +0.00)          0 (       0)                    0 (  +0.00)              
##>                                  END             2141380635 (  +0.00)      308.70 (   +0.00)          0 (       0)                    0 (  +0.00)           0  
##>  fast_cse_elim                 START             2141380635 (  +0.00)      308.70 (   +0.00)          0 (       0)                    0 (  +0.00)              
##>                                  END             2141380635 (  +0.00)      308.70 (   +0.00)          0 (       0)                    0 (  +0.00)           0  
##>                                  END             2141380635 (  +0.00)      308.70 (   +0.00)          0 (       0)                    0 (  +0.00)           0  
##> csa_opto                       START             2141380635 (  +0.00)      308.70 (   +0.00)          0 (       0)                    0 (  +0.00)              
##>                                  END             2141380635 (  +0.00)      308.70 (   +0.00)          0 (       0)                    0 (  +0.00)           0  
##>                                  END             2141380635 (  +0.00)      308.70 (   +0.00)          0 (       0)                    0 (  +0.00)           0  
##>context_based_simplify          START             2098766095 (  -1.99)      308.70 (   +0.00)          0 (       0)                    0 (  +0.00)              
##>                                  END             2098766095 (  +0.00)      308.70 (   +0.00)          0 (       0)                    0 (  +0.00)           0  
##>group_csa_final_adder_dp        START             2098766095 (  +0.00)      308.70 (   +0.00)          0 (       0)                    0 (  +0.00)              
##>                                  END             3387855930 ( +61.42)      264.80 (  -43.90)          0 (       0)                    0 (  +0.00)           0  
##>dpopt_flatten_critical_muxes_i  START             3387855930 (  +0.00)      264.80 (   +0.00)          0 (       0)                    0 (  +0.00)              
##>                                  END             3387855930 (  +0.00)      264.80 (   +0.00)          0 (       0)                    0 (  +0.00)           0  
##>create_score                    START             2098766095 ( -38.05)      297.90 (  +33.10)          0 (       0)                    0 (  +0.00)              
##>                                  END             2098766095 (  +0.00)      297.90 (   +0.00)          0 (       0)                    0 (  +0.00)           0  
##>+-----------------------------------------------------------------------------------------------------------------------------------------------------------------------------------------------------+
Committed config: CDN_DP_region_3_1_c7
          Optimizations applied to 'very_fast' configuration:
            rewriting(0), factoring(0), sharing(0), cmultcse(0), downsizing(0), speculation(0)
  CSAGen Prep Share:0 Re-Write:0 Speculation: 0

CDN_DP_region_0_2 level = 0 loads = 0 drivers = 0
CDN_DP_region_0_2_c0 in Barrett: area: 16076335215 , DP = 3  sg = slow     
    wns: 0  norm_wns:  -1.0000 
    tns:  0
 skipped
CDN_DP_region_0_2_c1 in Barrett: area: 14254563630 , CSA = 1  DP = 1  sg = fast     
    wns: 0  norm_wns:  -1.0000 
    tns:  0
 is current best
CDN_DP_region_0_2_c2 in Barrett: area: 14254563630 , CSA = 1  DP = 1  sg = very_slow
    wns: 0  norm_wns:  -1.0000 
    tns:  0
 is current best
CDN_DP_region_0_2_c3 in Barrett: area: 14254563630 , CSA = 1  DP = 1  sg = very_fast
    wns: 0  norm_wns:  -1.0000 
    tns:  0
 is current best
CDN_DP_region_0_2_c4 in Barrett: area: 14254563630 , CSA = 1  DP = 1  sg = very_fast
    wns: 0  norm_wns:  -1.0000 
    tns:  0
 is current best
CDN_DP_region_0_2_c5 in Barrett: area: 14254563630 , CSA = 1  DP = 1  sg = very_fast
    wns: 0  norm_wns:  -1.0000 
    tns:  0
 is current best
CDN_DP_region_0_2_c6 in Barrett: area: 14254563630 , CSA = 1  DP = 1  sg = very_fast
    wns: 0  norm_wns:  -1.0000 
    tns:  0
 is current best
CDN_DP_region_0_2_c7 in Barrett: area: 14190641820 , CSA = 1  DP = 1  sg = very_fast
    wns: 0  norm_wns:  -1.0000 
    tns:  0
 is current best
Best config: CDN_DP_region_0_2_c7 in Barrett: area: 14190641820 , CSA = 1  DP = 1  sg = very_fast
    wns: 0  norm_wns:  -1.0000 
    tns:  0
  Smallest config area : 14190641820.  Fastest config wns;  0
##>+----------------------------------------------------------------------------------------------------------------------------------------------------------------+
##>Summary table of configs (Best config is CDN_DP_region_0_2_c7)
##>+----------------------------------------------------------------------------------------------------------------------------------------------------------------+
##>                     0                  1                  2                  3                  4                  5                  6                  7            
##>+----------------------------------------------------------------------------------------------------------------------------------------------------------------+
##>           Area      16076335215        14254563630        14254563630        14254563630        14254563630        14254563630        14254563630        14190641820  
##>            WNS           +97.10             +53.70             +53.70             +53.70             +53.70             +53.70             +53.70             +64.60  
##>            TNS                0                  0                  0                  0                  0                  0                  0                  0  
##>    Num Rewrite                0                  1                  1                  1                  1                  1                  1                  0  
##>      Num Share                0                  0                  0                  0                  0                  0                  0                  0  
##>  Num Speculate                0                  0                  0                  0                  0                  0                  0                  0  
##>        Num CSA                0                  1                  1                  1                  1                  1                  1                  1  
##>         Num DP                3                  1                  1                  1                  1                  1                  1                  1  
##>     Runtime(s)                0                  1                  1                  1                  1                  1                  1                  1  
+----------------------------------------------------------------------------------------------------------------------------------------------------------------+
##>
##>

CSA report for CDN_DP_region_0_2_c7, cover 0 
----------------------------
| POs | Operation    | FRC | 
----------------------------
| 1   | MULT_TC_OP_2 | -   | 
|     | ADD_TC_OP    | -   | 
----------------------------
---------------------------------------------------------------------------------------------------------
| Input/Output    | Driver     | Type | Reason        | Polarity | Bitwidth | Expression                | 
---------------------------------------------------------------------------------------------------------
| MULT_TC_OP_2[1] | in_23      | PI   | soft_op,      | signed   | 25       | {1'b0,in_23[23,0]}        | 
|                 |            |      | duplication   |          |          |                           | 
| ADD_TC_OP[1]    | MULT_TC_OP | PI   | sign_mismatch | signed   | 16       | {1'b0,MULT_TC_OP[27,13]}  | 
| ADD_TC_OP       | -          | PO   | -             | signed   | 35       | 1025*{1'b0,in_23[23,0]}   | 
|                 |            |      |               |          |          | +{1'b0,MULT_TC_OP[27,13]} | 
---------------------------------------------------------------------------------------------------------
 
##>+-----------------------------------------------------------------------------------------------------------------------------------------------------------------------------------------------------+
##>Optimization Step DEBUG Table for config CDN_DP_region_0_2_c7
##>
##>                          Step                        Area   (  % Chg)         WNS (Change)          TNS (Change)                Power   (  % Chg)        Runtime (s)        Comment                   
##>+-----------------------------------------------------------------------------------------------------------------------------------------------------------------------------------------------------+
##>EquationExtraction              START            16076335215 (       )       97.10 (        )          0 (        )                    0 (       )              
##> rewrite                        START            36808308925 (+128.96)       -6.30 ( -103.40)       1323 (    1323)                    0 (  +0.00)              (a,ar) Expr42_from --> Expr42_to
##>                                  END            76759440175 (+108.54)      -43.60 (  -37.30)       2165 (     842)                    0 (  +0.00)           0  
##>                                  END            60683104960 (+277.47)      -46.70 ( -143.80)       2475 (    2475)                    0 (  +0.00)           0  
##>createMaxCarrySave              START            60683104960 (  +0.00)      -46.70 (   +0.00)       2475 (       0)                    0 (  +0.00)              
##> datapath_rewrite_one_def       START            60683104960 (  +0.00)      -46.70 (   +0.00)       2475 (       0)                    0 (  +0.00)              
##>                                  END            60683104960 (  +0.00)      -46.70 (   +0.00)       2475 (       0)                    0 (  +0.00)           0  
##> csa_opto                       START            60683104960 (  +0.00)      -46.70 (   +0.00)       2475 (       0)                    0 (  +0.00)              
##>                                  END            15596921640 ( -74.30)       68.40 ( +115.10)          0 (   -2475)                    0 (  +0.00)           0  
##>                                  END            15596921640 ( -74.30)       68.40 ( +115.10)          0 (   -2475)                    0 (  +0.00)           0  
##>canonicalize_by_names           START            15596921640 (  +0.00)       68.40 (   +0.00)          0 (       0)                    0 (  +0.00)              
##>                                  END            15596921640 (  +0.00)       68.40 (   +0.00)          0 (       0)                    0 (  +0.00)           0  
##>datapath_rewrite_post_csa_one_  START            15596921640 (  +0.00)       68.40 (   +0.00)          0 (       0)                    0 (  +0.00)              
##>                                  END            15596921640 (  +0.00)       68.40 (   +0.00)          0 (       0)                    0 (  +0.00)           0  
##>datapath_csa_factoring_one_gde  START            15596921640 (  +0.00)       68.40 (   +0.00)          0 (       0)                    0 (  +0.00)              
##>                                  END            15596921640 (  +0.00)       68.40 (   +0.00)          0 (       0)                    0 (  +0.00)           0  
##>dpopt_share_one_def             START            15596921640 (  +0.00)       68.40 (   +0.00)          0 (       0)                    0 (  +0.00)              
##>                                  END            15596921640 (  +0.00)       68.40 (   +0.00)          0 (       0)                    0 (  +0.00)           0  
##>datapath_rewrite_post_share     START            15596921640 (  +0.00)       68.40 (   +0.00)          0 (       0)                    0 (  +0.00)              
##>                                  END            15596921640 (  +0.00)       68.40 (   +0.00)          0 (       0)                    0 (  +0.00)           0  
##>dp_combine_const_mult_with_com  START            15596921640 (  +0.00)       68.40 (   +0.00)          0 (       0)                    0 (  +0.00)              
##>                                  END            15596921640 (  +0.00)       68.40 (   +0.00)          0 (       0)                    0 (  +0.00)           0  
##>dp_operator_level_decompositio  START            15596921640 (  +0.00)       68.40 (   +0.00)          0 (       0)                    0 (  +0.00)              
##>                                  END            15596921640 (  +0.00)       68.40 (   +0.00)          0 (       0)                    0 (  +0.00)           0  
##>selective_flatten_dp_config     START            15596921640 (  +0.00)       68.40 (   +0.00)          0 (       0)                    0 (  +0.00)              
##>                                  END            15596921640 (  +0.00)       68.40 (   +0.00)          0 (       0)                    0 (  +0.00)           0  
##>createMaxCarrySave              START            15596921640 (  +0.00)       68.40 (   +0.00)          0 (       0)                    0 (  +0.00)              
##> datapath_rewrite_one_def       START            15596921640 (  +0.00)       68.40 (   +0.00)          0 (       0)                    0 (  +0.00)              
##>  fast_cse_elim                 START            15596921640 (  +0.00)       68.40 (   +0.00)          0 (       0)                    0 (  +0.00)              
##>                                  END            15596921640 (  +0.00)       68.40 (   +0.00)          0 (       0)                    0 (  +0.00)           0  
##>  fast_cse_elim                 START            15596921640 (  +0.00)       68.40 (   +0.00)          0 (       0)                    0 (  +0.00)              
##>                                  END            15596921640 (  +0.00)       68.40 (   +0.00)          0 (       0)                    0 (  +0.00)           0  
##>                                  END            15596921640 (  +0.00)       68.40 (   +0.00)          0 (       0)                    0 (  +0.00)           0  
##> csa_opto                       START            15596921640 (  +0.00)       68.40 (   +0.00)          0 (       0)                    0 (  +0.00)              
##>                                  END            15596921640 (  +0.00)       68.40 (   +0.00)          0 (       0)                    0 (  +0.00)           0  
##>                                  END            15596921640 (  +0.00)       68.40 (   +0.00)          0 (       0)                    0 (  +0.00)           0  
##>context_based_simplify          START            14190641820 (  -9.02)       70.80 (   +2.40)          0 (       0)                    0 (  +0.00)              
##>                                  END            14190641820 (  +0.00)       70.80 (   +0.00)          0 (       0)                    0 (  +0.00)           0  
##>group_csa_final_adder_dp        START            14190641820 (  +0.00)       70.80 (   +0.00)          0 (       0)                    0 (  +0.00)              
##>                                  END            14190641820 (  +0.00)       64.60 (   -6.20)          0 (       0)                    0 (  +0.00)           0  
##>dpopt_flatten_critical_muxes_i  START            14190641820 (  +0.00)       64.60 (   +0.00)          0 (       0)                    0 (  +0.00)              
##>                                  END            14190641820 (  +0.00)       64.60 (   +0.00)          0 (       0)                    0 (  +0.00)           0  
##>create_score                    START            14190641820 (  +0.00)       64.60 (   +0.00)          0 (       0)                    0 (  +0.00)              
##>                                  END            14190641820 (  +0.00)       64.60 (   +0.00)          0 (       0)                    0 (  +0.00)           0  
##>+-----------------------------------------------------------------------------------------------------------------------------------------------------------------------------------------------------+
Committed config: CDN_DP_region_0_2_c7
          Optimizations applied to 'very_fast' configuration:
            rewriting(0), factoring(0), sharing(0), cmultcse(0), downsizing(0), speculation(0)
  CSAGen Prep Share:0 Re-Write:0 Speculation: 0

CDN_DP_region_0_1 level = 0 loads = 0 drivers = 0
CDN_DP_region_0_1_c0 in Barrett: area: 7425583595 , DP = 2  sg = slow     
    wns: 0  norm_wns:  -1.0000 
    tns:  0
 skipped
CDN_DP_region_0_1_c1 in Barrett: area: 2098766095 , CSA = 1  sg = fast     
    wns: 0  norm_wns:  -1.0000 
    tns:  0
 is current best
CDN_DP_region_0_1_c2 in Barrett: area: 2098766095 , CSA = 1  sg = very_slow
    wns: 0  norm_wns:  -1.0000 
    tns:  0
 is current best
CDN_DP_region_0_1_c3 in Barrett: area: 2098766095 , CSA = 1  sg = very_fast
    wns: 0  norm_wns:  -1.0000 
    tns:  0
 is current best
CDN_DP_region_0_1_c4 in Barrett: area: 2098766095 , CSA = 1  sg = very_fast
    wns: 0  norm_wns:  -1.0000 
    tns:  0
 is current best
CDN_DP_region_0_1_c5 in Barrett: area: 2098766095 , CSA = 1  sg = very_fast
    wns: 0  norm_wns:  -1.0000 
    tns:  0
 is current best
CDN_DP_region_0_1_c6 in Barrett: area: 2098766095 , CSA = 1  sg = very_fast
    wns: 0  norm_wns:  -1.0000 
    tns:  0
 is current best
CDN_DP_region_0_1_c7 in Barrett: area: 2098766095 , CSA = 1  sg = very_fast
    wns: 0  norm_wns:  -1.0000 
    tns:  0
 is current best
Best config: CDN_DP_region_0_1_c7 in Barrett: area: 2098766095 , CSA = 1  sg = very_fast
    wns: 0  norm_wns:  -1.0000 
    tns:  0
  Smallest config area : 2098766095.  Fastest config wns;  0
##>+----------------------------------------------------------------------------------------------------------------------------------------------------------------+
##>Summary table of configs (Best config is CDN_DP_region_0_1_c7)
##>+----------------------------------------------------------------------------------------------------------------------------------------------------------------+
##>                     0                  1                  2                  3                  4                  5                  6                  7            
##>+----------------------------------------------------------------------------------------------------------------------------------------------------------------+
##>           Area       7425583595         2098766095         2098766095         2098766095         2098766095         2098766095         2098766095         2098766095  
##>            WNS          +240.50            +299.00            +299.00            +299.00            +299.00            +299.00            +299.00            +297.90  
##>            TNS                0                  0                  0                  0                  0                  0                  0                  0  
##>    Num Rewrite                0                  0                  0                  0                  0                  0                  0                  0  
##>      Num Share                0                  0                  0                  0                  0                  0                  0                  0  
##>  Num Speculate                0                  0                  0                  0                  0                  0                  0                  0  
##>        Num CSA                0                  1                  1                  1                  1                  1                  1                  1  
##>         Num DP                2                  0                  0                  0                  0                  0                  0                  0  
##>     Runtime(s)                0                  0                  0                  0                  0                  0                  0                  0  
+----------------------------------------------------------------------------------------------------------------------------------------------------------------+
##>
##>

CSA report for CDN_DP_region_0_1_c7, cover 0 
-------------------------
| POs | Operation | FRC | 
-------------------------
| 1   | ADD_TC_OP | -   | 
|     | SUB_TC_OP | -   | 
-------------------------
---------------------------------------------------------------------------------------
| Input/Output | Driver | Type | Reason | Polarity | Bitwidth | Expression            | 
---------------------------------------------------------------------------------------
| ADD_TC_OP[0] | in_23  | PI   | -      | signed   | 11       | in_23<<10             | 
| ADD_TC_OP[1] | in_10  | PI   | -      | signed   | 11       | in_10[10,0]           | 
| SUB_TC_OP[1] | in_23  | PI   | -      | signed   | 11       | in_23[10,0]           | 
| SUB_TC_OP    | -      | PO   | -      | signed   | 11       | in_23<<10+in_10[10,0] | 
|              |        |      |        |          |          | -in_23[10,0]          | 
---------------------------------------------------------------------------------------
 
##>+-----------------------------------------------------------------------------------------------------------------------------------------------------------------------------------------------------+
##>Optimization Step DEBUG Table for config CDN_DP_region_0_1_c7
##>
##>                          Step                        Area   (  % Chg)         WNS (Change)          TNS (Change)                Power   (  % Chg)        Runtime (s)        Comment                   
##>+-----------------------------------------------------------------------------------------------------------------------------------------------------------------------------------------------------+
##>EquationExtraction              START             7425583595 (       )      240.50 (        )          0 (        )                    0 (       )              
##> rewrite                        START            10046377805 ( +35.29)      272.80 (  +32.30)          0 (       0)                    0 (  +0.00)              (a,ar) Expr43_from --> Expr43_to
##>                                  END            11324814005 ( +12.73)      251.10 (  -21.70)          0 (       0)                    0 (  +0.00)           0  
##>                                  END             3899230410 ( -47.49)      233.50 (   -7.00)          0 (       0)                    0 (  +0.00)           0  
##>createMaxCarrySave              START             3899230410 (  +0.00)      233.50 (   +0.00)          0 (       0)                    0 (  +0.00)              
##> datapath_rewrite_one_def       START             3899230410 (  +0.00)      233.50 (   +0.00)          0 (       0)                    0 (  +0.00)              
##>                                  END             3899230410 (  +0.00)      233.50 (   +0.00)          0 (       0)                    0 (  +0.00)           0  
##> csa_opto                       START             3899230410 (  +0.00)      233.50 (   +0.00)          0 (       0)                    0 (  +0.00)              
##>                                  END             2141380635 ( -45.08)      308.70 (  +75.20)          0 (       0)                    0 (  +0.00)           0  
##>                                  END             2141380635 ( -45.08)      308.70 (  +75.20)          0 (       0)                    0 (  +0.00)           0  
##>canonicalize_by_names           START             2141380635 (  +0.00)      308.70 (   +0.00)          0 (       0)                    0 (  +0.00)              
##>                                  END             2141380635 (  +0.00)      308.70 (   +0.00)          0 (       0)                    0 (  +0.00)           0  
##>datapath_rewrite_post_csa_one_  START             2141380635 (  +0.00)      308.70 (   +0.00)          0 (       0)                    0 (  +0.00)              
##>                                  END             2141380635 (  +0.00)      308.70 (   +0.00)          0 (       0)                    0 (  +0.00)           0  
##>datapath_csa_factoring_one_gde  START             2141380635 (  +0.00)      308.70 (   +0.00)          0 (       0)                    0 (  +0.00)              
##>                                  END             2141380635 (  +0.00)      308.70 (   +0.00)          0 (       0)                    0 (  +0.00)           0  
##>dpopt_share_one_def             START             2141380635 (  +0.00)      308.70 (   +0.00)          0 (       0)                    0 (  +0.00)              
##>                                  END             2141380635 (  +0.00)      308.70 (   +0.00)          0 (       0)                    0 (  +0.00)           0  
##>datapath_rewrite_post_share     START             2141380635 (  +0.00)      308.70 (   +0.00)          0 (       0)                    0 (  +0.00)              
##>                                  END             2141380635 (  +0.00)      308.70 (   +0.00)          0 (       0)                    0 (  +0.00)           0  
##>dp_combine_const_mult_with_com  START             2141380635 (  +0.00)      308.70 (   +0.00)          0 (       0)                    0 (  +0.00)              
##>                                  END             2141380635 (  +0.00)      308.70 (   +0.00)          0 (       0)                    0 (  +0.00)           0  
##>dp_operator_level_decompositio  START             2141380635 (  +0.00)      308.70 (   +0.00)          0 (       0)                    0 (  +0.00)              
##>                                  END             2141380635 (  +0.00)      308.70 (   +0.00)          0 (       0)                    0 (  +0.00)           0  
##>selective_flatten_dp_config     START             2141380635 (  +0.00)      308.70 (   +0.00)          0 (       0)                    0 (  +0.00)              
##>                                  END             2141380635 (  +0.00)      308.70 (   +0.00)          0 (       0)                    0 (  +0.00)           0  
##>createMaxCarrySave              START             2141380635 (  +0.00)      308.70 (   +0.00)          0 (       0)                    0 (  +0.00)              
##> datapath_rewrite_one_def       START             2141380635 (  +0.00)      308.70 (   +0.00)          0 (       0)                    0 (  +0.00)              
##>  fast_cse_elim                 START             2141380635 (  +0.00)      308.70 (   +0.00)          0 (       0)                    0 (  +0.00)              
##>                                  END             2141380635 (  +0.00)      308.70 (   +0.00)          0 (       0)                    0 (  +0.00)           0  
##>  fast_cse_elim                 START             2141380635 (  +0.00)      308.70 (   +0.00)          0 (       0)                    0 (  +0.00)              
##>                                  END             2141380635 (  +0.00)      308.70 (   +0.00)          0 (       0)                    0 (  +0.00)           0  
##>                                  END             2141380635 (  +0.00)      308.70 (   +0.00)          0 (       0)                    0 (  +0.00)           0  
##> csa_opto                       START             2141380635 (  +0.00)      308.70 (   +0.00)          0 (       0)                    0 (  +0.00)              
##>                                  END             2141380635 (  +0.00)      308.70 (   +0.00)          0 (       0)                    0 (  +0.00)           0  
##>                                  END             2141380635 (  +0.00)      308.70 (   +0.00)          0 (       0)                    0 (  +0.00)           0  
##>context_based_simplify          START             2098766095 (  -1.99)      308.70 (   +0.00)          0 (       0)                    0 (  +0.00)              
##>                                  END             2098766095 (  +0.00)      308.70 (   +0.00)          0 (       0)                    0 (  +0.00)           0  
##>group_csa_final_adder_dp        START             2098766095 (  +0.00)      308.70 (   +0.00)          0 (       0)                    0 (  +0.00)              
##>                                  END             3387855930 ( +61.42)      264.80 (  -43.90)          0 (       0)                    0 (  +0.00)           0  
##>dpopt_flatten_critical_muxes_i  START             3387855930 (  +0.00)      264.80 (   +0.00)          0 (       0)                    0 (  +0.00)              
##>                                  END             3387855930 (  +0.00)      264.80 (   +0.00)          0 (       0)                    0 (  +0.00)           0  
##>create_score                    START             2098766095 ( -38.05)      297.90 (  +33.10)          0 (       0)                    0 (  +0.00)              
##>                                  END             2098766095 (  +0.00)      297.90 (   +0.00)          0 (       0)                    0 (  +0.00)           0  
##>+-----------------------------------------------------------------------------------------------------------------------------------------------------------------------------------------------------+
Committed config: CDN_DP_region_0_1_c7
          Optimizations applied to 'very_fast' configuration:
            rewriting(0), factoring(0), sharing(0), cmultcse(0), downsizing(0), speculation(0)
Info:  Ungrouped 0 dp-cluster instances.  0 cluster instances were left intact, to aid verification.
Info    : Deleting instances not driving any primary outputs. [GLO-34]
        : Deleting 20 sequential instances.

==========================
 Sanity Check for POST-DATAPATH 
==========================
     DPOPT_INTERNAL_HIER check : PASS
 Components naming style check : PASS
==========================

Info    : Done optimizing datapath logic. [DPOPT-2]
        : Done optimizing datapath logic in 'butterfly2x2'.
Number of big hc bmuxes after = 0
Starting bit-level redundancy removal [v1.0] (stage: post_rtlopt, startdef: butterfly2x2, recur: true)
Bit-level redundancy removal for def butterfly2x2 (round= 0, cands= 38, i/o= 62/29)
Bit-level redundancy removal for def butterfly2x2 (round= 1, cands= 38, i/o= 62/29)
Bit-level redundancy removal for def Barrett (round= 0, cands= 1, i/o= 2/1)
Bit-level redundancy removal for def Barrett (round= 1, cands= 1, i/o= 2/1)
Bit-level redundancy removal for def DecoupledStage (round= 0, cands= 0, i/o= 0/0)
Bit-level redundancy removal for def DecoupledStage (round= 1, cands= 0, i/o= 0/0)
Bit-level redundancy removal for def DecoupledStage_1 (round= 0, cands= 0, i/o= 0/0)
Bit-level redundancy removal for def DecoupledStage_1 (round= 1, cands= 0, i/o= 0/0)
Bit-level redundancy removal for def DecoupledStage_2 (round= 0, cands= 0, i/o= 0/0)
Bit-level redundancy removal for def DecoupledStage_2 (round= 1, cands= 0, i/o= 0/0)
Bit-level redundancy removal for def Barrett_129 (round= 0, cands= 1, i/o= 2/1)
Bit-level redundancy removal for def Barrett_129 (round= 1, cands= 1, i/o= 2/1)
Bit-level redundancy removal for def Barrett_128 (round= 0, cands= 1, i/o= 2/1)
Bit-level redundancy removal for def Barrett_128 (round= 1, cands= 1, i/o= 2/1)
Bit-level redundancy removal for def Barrett_127 (round= 0, cands= 1, i/o= 2/1)
Bit-level redundancy removal for def Barrett_127 (round= 1, cands= 1, i/o= 2/1)
Completed bit-level redundancy removal (accepts: 0, rejects: 0, runtime: 1.557s)
Starting logic reduction [v1.0] (stage: post_rtlopt, startdef: butterfly2x2, recur: true)
Completed logic reduction (accepts: 0, rejects: 0, runtime: 0.001s)
Starting mux data reorder optimization [v1.0] (stage: post_rtlopt, startdef: butterfly2x2, recur: true)
Completed mux data reorder optimization (accepts: 0, rejects: 0, runtime: 0.000s)
Starting timing based select reordering [v1.0] (stage: post_rtlopt, startdef: butterfly2x2, recur: true)
Completed timing based select reordering (accepts: 0, rejects: 0, runtime: 1.463s)

Stage: post_rtlopt
----------------------------------------------------------------
| Transform                  | Accepts | Rejects | Runtime (s) | 
----------------------------------------------------------------
| hlo_redundancy_removal_bit |       0 |       0 |        1.56 | 
| hlo_logic_reduction        |       0 |       0 |        0.00 | 
| hlo_mux_reorder            |       0 |       0 |        0.00 | 
| hlo_timing_reorder         |       0 |       0 |        1.46 | 
----------------------------------------------------------------
Info    : Deleting instances not driving any primary outputs. [GLO-34]
        : Deleting 11 sequential instances.
Running post blast mux optimization. Please follow up with Cadence support if runtime issues are seen with this optimization.
Running post blast mux optimization. Please follow up with Cadence support if runtime issues are seen with this optimization.
Running post blast mux optimization. Please follow up with Cadence support if runtime issues are seen with this optimization.
Running post blast mux optimization. Please follow up with Cadence support if runtime issues are seen with this optimization.
Running post blast mux optimization. Please follow up with Cadence support if runtime issues are seen with this optimization.
Starting mux speculation [v1.0] (stage: post_muxopt, startdef: butterfly2x2, recur: true)
Starting speculation optimization
Completed speculation optimization (accepts:0)
Completed mux speculation (accepts: 0, rejects: 0, runtime: 1.571s)
Starting timing based select reordering [v1.0] (stage: post_muxopt, startdef: butterfly2x2, recur: true)
Completed timing based select reordering (accepts: 0, rejects: 0, runtime: 1.359s)

Stage: post_muxopt
--------------------------------------------------------
| Transform          | Accepts | Rejects | Runtime (s) | 
--------------------------------------------------------
| hlo_speculation    |       0 |       0 |        1.57 | 
| hlo_timing_reorder |       0 |       0 |        1.36 | 
--------------------------------------------------------
==================================
Stage : to_generic 
==================================
  =================
   Message Summary
  =================
---------------------------------------------------------------------------
|    Id    |  Sev  |Count|                  Message Text                  |
---------------------------------------------------------------------------
|CDFG-250  |Info   |    3|Processing multi-dimensional arrays.            |
|CDFG-372  |Info   |   36|Bitwidth mismatch in assignment.                |
|          |       |     |Review and make sure the mismatch is            |
|          |       |     | intentional. Genus can possibly issue bitwidth |
|          |       |     | mismatch warning for explicit assignments      |
|          |       |     | present in RTL as-well-as for implicit         |
|          |       |     | assignments inferred by the tool. For example, |
|          |       |     | in case of enum declaration without value, the |
|          |       |     | tool will implicitly assign value to the enum  |
|          |       |     | variables. It also issues the warning for any  |
|          |       |     | bitwidth mismatch that appears in this implicit|
|          |       |     | assignment.                                    |
|CDFG-373  |Info   |    6|Sign mismatch in assignment.                    |
|CDFG-508  |Warning|    1|Removing unused register.                       |
|          |       |     |Genus removes the flip-flop or latch inferred   |
|          |       |     | for an unused signal or variable. To preserve  |
|          |       |     | the flip-flop or latch, set the                |
|          |       |     | hdl_preserve_unused_registers attribute to true|
|          |       |     | or use a pragma in the RTL.                    |
|CDFG-567  |Info   |    8|Instantiating Subdesign.                        |
|CDFG-738  |Info   |    5|Common subexpression eliminated.                |
|CDFG-739  |Info   |    5|Common subexpression kept.                      |
|CWD-19    |Info   | 1655|An implementation was inferred.                 |
|DPOPT-1   |Info   |    1|Optimizing datapath logic.                      |
|DPOPT-2   |Info   |    1|Done optimizing datapath logic.                 |
|DPOPT-3   |Info   |   28|Implementing datapath configurations.           |
|DPOPT-4   |Info   |   28|Done implementing datapath configurations.      |
|DPOPT-6   |Info   |    1|Pre-processed datapath logic.                   |
|DPOPT-10  |Info   |    8|Optimized a mux chain.                          |
|ELAB-1    |Info   |    1|Elaborating Design.                             |
|ELAB-2    |Info   |    5|Elaborating Subdesign.                          |
|ELAB-3    |Info   |    1|Done Elaborating Design.                        |
|GB-6      |Info   |   12|A datapath component has been ungrouped.        |
|GLO-12    |Info   |    4|Replacing a flip-flop with a logic constant 0.  |
|          |       |     |To prevent this optimization, set the           |
|          |       |     | 'optimize_constant_0_flops' root attribute to  |
|          |       |     | 'false' or 'optimize_constant_0_seq' instance  |
|          |       |     | attribute to 'false'. You can also see the     |
|          |       |     | complete list of deleted sequential with       |
|          |       |     | command 'report sequential -deleted'           |
|          |       |     | (on Reason 'constant0').                       |
|GLO-34    |Info   |    6|Deleting instances not driving any primary      |
|          |       |     | outputs.                                       |
|          |       |     |Optimizations such as constant propagation or   |
|          |       |     | redundancy removal could change the connections|
|          |       |     | so a hierarchical instance does not drive any  |
|          |       |     | primary outputs anymore. To see the list of    |
|          |       |     | deleted hierarchical instances, set the        |
|          |       |     | 'information_level' attribute to 2 or above. If|
|          |       |     | the message is truncated set the message       |
|          |       |     | attribute 'truncate' to false to see the       |
|          |       |     | complete list. To prevent this optimization,   |
|          |       |     | set the 'delete_unloaded_insts' root/subdesign |
|          |       |     | attribute to 'false' or 'preserve' instance    |
|          |       |     | attribute to 'true'.                           |
|GLO-42    |Info   |   55|Equivalent sequential instances have been       |
|          |       |     | merged.                                        |
|          |       |     |To prevent merging of sequential instances, set |
|          |       |     | the 'optimize_merge_flops' and                 |
|          |       |     | 'optimize_merge_latches' root attributes to    |
|          |       |     | 'false' or the 'optimize_merge_seq' instance   |
|          |       |     | attribute to 'false'.                          |
|GLO-51    |Info   |    4|Hierarchical instance automatically ungrouped.  |
|          |       |     |Hierarchical instances can be automatically     |
|          |       |     | ungrouped to allow for better area or timing   |
|          |       |     | optimization. To prevent this ungroup, set the |
|          |       |     | root-level attribute 'auto_ungroup' to 'none'. |
|          |       |     | You can also prevent individual ungroup with   |
|          |       |     | setting the attribute 'ungroup_ok' of instances|
|          |       |     | or modules to 'false'.                         |
|GLO-61    |Warning|  516|Ungrouping the instance/module as 'false' cannot|
|          |       |     | be set on tool_generated hierarchies.          |
|          |       |     |Kindly check the script whether the ungroup_ok  |
|          |       |     | is set to false. Alternately it can be set to  |
|          |       |     | 'strict_no' to disable ungrouping but this can |
|          |       |     | impact PPA.                                    |
|GLO-62    |Info   |  118|On tool_generated instance/module 'strict_no' is|
|          |       |     | set.                                           |
|          |       |     |This shall only be used for special purposes    |
|          |       |     | like formal verification.                      |
|LBR-155   |Info   |    4|Mismatch in unateness between 'timing_sense'    |
|          |       |     | attribute and the function.                    |
|          |       |     |The 'timing_sense' attribute will be respected. |
|LBR-162   |Info   |   34|Both 'pos_unate' and 'neg_unate' timing_sense   |
|          |       |     | arcs have been processed.                      |
|          |       |     |Setting the 'timing_sense' to non_unate.        |
|LBR-412   |Info   |   10|Created nominal operating condition.            |
|          |       |     |The nominal operating condition is represented, |
|          |       |     | either by the nominal PVT values specified in  |
|          |       |     | the library source                             |
|          |       |     | (via nom_process,nom_voltage and nom_temperatur|
|          |       |     | e respectively)                                |
|          |       |     | , or by the default PVT values (1.0,1.0,1.0).  |
|PHYS-12   |Warning|    4|The variant range of wire parameters is too     |
|          |       |     | large. An example of wire parameters are, a    |
|          |       |     | WIDTH for layer, PITCH for layer, MINSPACING   |
|          |       |     | for layers, etc.                               |
|          |       |     |Check the consistency of the parameters, and see|
|          |       |     | if you can ignore this message or you're using |
|          |       |     | different LEF file with wrong parameters.      |
|PHYS-13   |Warning|    4|The value of the wire parameter is too big.     |
|          |       |     |Check the consistency of the specified wire     |
|          |       |     | parameter.                                     |
|PHYS-14   |Warning|    4|The value of the wire parameter is too small.   |
|          |       |     |Check the consistency of the specified wire     |
|          |       |     | parameter.                                     |
|PHYS-15   |Warning|   30|Missing wire parameter.                         |
|          |       |     |Check the wire parameter in LEF technology      |
|          |       |     | files.                                         |
|PHYS-106  |Warning|    1|Site already defined before, duplicated site    |
|          |       |     | will be ignored.                               |
|PHYS-129  |Info   |    9|Via with no resistance will have a value of     |
|          |       |     | '0.0' assigned for resistance value.           |
|          |       |     |If this is the expected behavior, this message  |
|          |       |     | can be ignored.                                |
|PHYS-279  |Warning|   20|Physical cell not defined in library.           |
|          |       |     |Ensure that the proper library files are        |
|          |       |     | available and have been imported.              |
|PHYS-752  |Info   |    1|Partition Based Synthesis execution skipped.    |
|RTLOPT-30 |Info   |    3|Accepted resource sharing opportunity.          |
|RTLOPT-40 |Info   |   30|Transformed datapath macro.                     |
|RTLOPT-55 |Warning|  516|Inferred datapath logic has changed and cannot  |
|          |       |     | be considered for datapath optimizations.      |
|          |       |     |For best results, ensure this command is issued |
|          |       |     | after syn_map, when all datapath optimizations |
|          |       |     | have finished.                                 |
|SYNTH-1   |Info   |    1|Synthesizing.                                   |
|TIM-1000  |Info   |    1|Multimode clock gating check is disabled.       |
|VLOGPT-37 |Warning|   29|Ignoring unsynthesizable construct.             |
|          |       |     |For example, the following constructs will be   |
|          |       |     | ignored:
    - initial block
    - final block
|
|          |       |     | - program block
    - property block
    -     |
|          |       |     | sequence block
    - covergroup
    - checker  |
|          |       |     | block
    - gate drive strength
    - system   |
|          |       |     | task enable
    - reg declaration with initial |
|          |       |     | value
    - specify block.                     |
|VLOGPT-506|Warning|    1|Unused attribute.                               |
---------------------------------------------------------------------------
	1344	 CDN_PAS_CONNECTED_MUXi
Ungrouping: BF1_1_REDUCER/stg1/CDN_PAS_CONNECTED_MUXi count=147 ratio=1.0
Ungrouping: BF1_1_REDUCER/stg2/CDN_PAS_CONNECTED_MUXi count=69 ratio=1.0
Ungrouping: BF1_1_REDUCER/CDN_PAS_CONNECTED_MUXi count=69 ratio=1.0
Ungrouping: BF1_2_REDUCER/CDN_PAS_CONNECTED_MUXi count=69 ratio=1.0
Ungrouping: BF2_1_REDUCER/CDN_PAS_CONNECTED_MUXi count=69 ratio=1.0
Ungrouping: BF2_2_REDUCER/CDN_PAS_CONNECTED_MUXi count=69 ratio=1.0
Ungrouping: CDN_PAS_CONNECTED_MUXi count=7258 ratio=1.0
Current PLE settings:

Aspect ratio        : 1.000
Shrink factor       : 1.000
Scale of res/length : 1.000
Scale of cap/length : 1.000
Net derating factor : 1.000
Thermal factor      : 1.000
Via Resistance      : 0.000 ohm (from default)
Site size           : 1.224 um (from lef [tech+cell])

                                   Capacitance  
  Layer                             / Length         Data source:
Name        Direction Utilization  (pF/micron)       default value
------------------------------------------------
<default>       U         n/a         0.000250  

** = DEFAULT cap per unit length is used for timing analysis

                                    Resistance   
  Layer                              / Length         Data source:
Name        Direction Utilization  (ohm/micron)       default value
-------------------------------------------------
<default>       U         n/a               0.0  

** = DEFAULT res per unit length is used for timing analysis

                                        Area       
  Layer                               / Length          Data source:
Name        Direction Utilization     (micron)          lef_library
---------------------------------------------------
M1              V         0.00         0.072000    
M2              H         1.00         0.072000    
M3              V         1.00         0.072000    
M4              H         1.00         0.096000    
M5              V         1.00         0.096000    
M6              H         1.00         0.128000    
M7              V         1.00         0.128000    
M8              H         1.00         0.160000    
M9              V         1.00         0.160000    
Pad             H         1.00         8.000000 ** 

** = 'Pad' is dropped because its width (8) is too large (threshold 2)

Mapper: Libraries have:
	domain _default_: 334 combo usable cells and 46 sequential usable cells
Info    : Attempting to launch a super-threading server. [ST-120]
        : Attempting to Launch server 1 of 8.
        : The tool is entering super-threading mode and is launching a CPU server process.  This is enabled by the root attribute 'super_thread_servers' or 'auto_super_thread'.
Info    : Connection established with super-threading server. [ST-110]
        : The server 'localhost_1_0' is forked process '915026' on this host.
        : The tool is entering super-threading mode and has established a connection with a CPU server process.  This is enabled by the root attributes 'super_thread_servers' or 'auto_super_thread'.
Info    : Connection established with super-threading server. [ST-110]
        : The server 'localhost_1_1' is forked process '915028' on this host.
Info    : Connection established with super-threading server. [ST-110]
        : The server 'localhost_1_2' is forked process '915030' on this host.
Info    : Connection established with super-threading server. [ST-110]
        : The server 'localhost_1_3' is forked process '915032' on this host.
Info    : Connection established with super-threading server. [ST-110]
        : The server 'localhost_1_4' is forked process '915034' on this host.
Info    : Connection established with super-threading server. [ST-110]
        : The server 'localhost_1_5' is forked process '915036' on this host.
Info    : Connection established with super-threading server. [ST-110]
        : The server 'localhost_1_6' is forked process '915038' on this host.
Info    : Connection established with super-threading server. [ST-110]
        : The server 'localhost_1_7' is forked process '915040' on this host.
Multi-threaded Virtual Mapping    (8 threads per ST process, 8 of 80 CPUs usable)
        Distributing super-thread jobs: cb_part sub_unsigned_9_11
          Sending 'cb_part' to server 'localhost_1_4'...
            Sent 'cb_part' to server 'localhost_1_4'.
          Sending 'sub_unsigned_9_11' to server 'localhost_1_7'...
            Sent 'sub_unsigned_9_11' to server 'localhost_1_7'.
          Received 'sub_unsigned_9_11' from server 'localhost_1_7'. (256 ms elapsed)
          Received 'cb_part' from server 'localhost_1_4'. (9958 ms elapsed)
Normal Structuring mode def=cb_part
Normal Structuring mode def=sub_unsigned_9_11
Normal Structuring mode def=cb_oseq
Working on Hinst: CDN_PAS_SKIP_FFC_0i
[gig_analyze] should_ungroup = 0
[gig_analyze] should_ungroup = 0
[gig_analyze] should_ungroup = 0
[gig_analyze] should_ungroup = 0
[gig_analyze] should_ungroup = 0
[gig_analyze] should_ungroup = 0

INFO: Identified hierarchy for CAS: hinst:iopt_partition/CDN_PAS_SKIP_FFC_0i

        Distributing super-thread jobs: cb_part_874 cb_part_876 WALLACE_CSA_DUMMY_OP_group_5557 cb_part_872
          Sending 'cb_part_874' to server 'localhost_1_4'...
            Sent 'cb_part_874' to server 'localhost_1_4'.
          Sending 'cb_part_876' to server 'localhost_1_7'...
            Sent 'cb_part_876' to server 'localhost_1_7'.
          Sending 'WALLACE_CSA_DUMMY_OP_group_5557' to server 'localhost_1_3'...
            Sent 'WALLACE_CSA_DUMMY_OP_group_5557' to server 'localhost_1_3'.
          Sending 'cb_part_872' to server 'localhost_1_5'...
            Sent 'cb_part_872' to server 'localhost_1_5'.
          Received 'WALLACE_CSA_DUMMY_OP_group_5557' from server 'localhost_1_3'. (934 ms elapsed)
          Received 'cb_part_872' from server 'localhost_1_5'. (1772 ms elapsed)
          Received 'cb_part_876' from server 'localhost_1_7'. (5201 ms elapsed)
          Received 'cb_part_874' from server 'localhost_1_4'. (9437 ms elapsed)
Normal Structuring mode def=cb_part_870
Normal Structuring mode def=cb_part_874
Normal Structuring mode def=cb_part_876
Normal Structuring mode def=WALLACE_CSA_DUMMY_OP_group_5557
Normal Structuring mode def=cb_part_872
Working on Hinst: CDN_PAS_SKIP_FFC_0i
[gig_analyze] should_ungroup = 0
[gig_analyze] should_ungroup = 0
[gig_analyze] should_ungroup = 0
[gig_analyze] should_ungroup = 0
[gig_analyze] should_ungroup = 0
[gig_analyze] should_ungroup = 0

INFO: Identified hierarchy for CAS: hinst:iopt_partition/CDN_PAS_SKIP_FFC_0i

Normal Structuring mode def=cb_part_886
Normal Structuring mode def=cb_part_882
Normal Structuring mode def=cb_part_878
        Distributing super-thread jobs: mult_unsigned_6036 cb_oseq_869 cb_part_884 cb_part_880 cb_part_888
          Sending 'mult_unsigned_6036' to server 'localhost_1_4'...
            Sent 'mult_unsigned_6036' to server 'localhost_1_4'.
          Sending 'cb_oseq_869' to server 'localhost_1_7'...
            Sent 'cb_oseq_869' to server 'localhost_1_7'.
          Sending 'cb_part_884' to server 'localhost_1_3'...
            Sent 'cb_part_884' to server 'localhost_1_3'.
          Sending 'cb_part_880' to server 'localhost_1_5'...
            Sent 'cb_part_880' to server 'localhost_1_5'.
          Sending 'cb_part_888' to server 'localhost_1_2'...
            Sent 'cb_part_888' to server 'localhost_1_2'.
          Received 'cb_part_880' from server 'localhost_1_5'. (944 ms elapsed)
          Received 'cb_part_884' from server 'localhost_1_3'. (1309 ms elapsed)
          Received 'cb_part_888' from server 'localhost_1_2'. (1519 ms elapsed)
          Received 'cb_oseq_869' from server 'localhost_1_7'. (4539 ms elapsed)
          Received 'mult_unsigned_6036' from server 'localhost_1_4'. (8565 ms elapsed)
Normal Structuring mode def=mult_unsigned_6036
Normal Structuring mode def=cb_oseq_869
Working on Hinst: CDN_PAS_SKIP_FFC_0i
[gig_analyze] should_ungroup = 0
[gig_analyze] should_ungroup = 0
[gig_analyze] should_ungroup = 0
[gig_analyze] should_ungroup = 0
[gig_analyze] should_ungroup = 0
[gig_analyze] should_ungroup = 0

INFO: Identified hierarchy for CAS: hinst:iopt_partition/CDN_PAS_SKIP_FFC_0i

Working on Hinst: CDN_PAS_SKIP_FFC_1i
[gig_analyze] should_ungroup = 0
[gig_analyze] should_ungroup = 0
[gig_analyze] should_ungroup = 0
[gig_analyze] should_ungroup = 0
[gig_analyze] should_ungroup = 0
[gig_analyze] should_ungroup = 0

INFO: Identified hierarchy for CAS: hinst:iopt_partition/CDN_PAS_SKIP_FFC_1i

Working on Hinst: CDN_PAS_SKIP_FFC_2i
[gig_analyze] should_ungroup = 0
[gig_analyze] should_ungroup = 0
[gig_analyze] should_ungroup = 0
[gig_analyze] should_ungroup = 0
[gig_analyze] should_ungroup = 0
[gig_analyze] should_ungroup = 0

INFO: Identified hierarchy for CAS: hinst:iopt_partition/CDN_PAS_SKIP_FFC_2i

Normal Structuring mode def=cb_part_884
Working on Hinst: CDN_PAS_SKIP_FFC_0i
[gig_analyze] should_ungroup = 0
[gig_analyze] should_ungroup = 0
[gig_analyze] should_ungroup = 0
[gig_analyze] should_ungroup = 0
[gig_analyze] should_ungroup = 0
[gig_analyze] should_ungroup = 0

INFO: Identified hierarchy for CAS: hinst:iopt_partition/CDN_PAS_SKIP_FFC_0i

Normal Structuring mode def=cb_part_880
Working on Hinst: CDN_PAS_SKIP_FFC_0i
[gig_analyze] should_ungroup = 0
[gig_analyze] should_ungroup = 0
[gig_analyze] should_ungroup = 0
[gig_analyze] should_ungroup = 0
[gig_analyze] should_ungroup = 0
[gig_analyze] should_ungroup = 0

INFO: Identified hierarchy for CAS: hinst:iopt_partition/CDN_PAS_SKIP_FFC_0i

Normal Structuring mode def=cb_part_888
Working on Hinst: CDN_PAS_SKIP_FFC_0i
[gig_analyze] should_ungroup = 0
[gig_analyze] should_ungroup = 0
[gig_analyze] should_ungroup = 0
[gig_analyze] should_ungroup = 0
[gig_analyze] should_ungroup = 0
[gig_analyze] should_ungroup = 0

INFO: Identified hierarchy for CAS: hinst:iopt_partition/CDN_PAS_SKIP_FFC_0i

        Distributing super-thread jobs: WALLACE_CSA_DUMMY_OP921_group_5556 WALLACE_CSA_DUMMY_OP923_group_5555 WALLACE_CSA_DUMMY_OP925_group_5554 add_unsigned_25_3
          Sending 'WALLACE_CSA_DUMMY_OP921_group_5556' to server 'localhost_1_4'...
            Sent 'WALLACE_CSA_DUMMY_OP921_group_5556' to server 'localhost_1_4'.
          Sending 'WALLACE_CSA_DUMMY_OP923_group_5555' to server 'localhost_1_7'...
            Sent 'WALLACE_CSA_DUMMY_OP923_group_5555' to server 'localhost_1_7'.
          Sending 'WALLACE_CSA_DUMMY_OP925_group_5554' to server 'localhost_1_3'...
            Sent 'WALLACE_CSA_DUMMY_OP925_group_5554' to server 'localhost_1_3'.
          Sending 'add_unsigned_25_3' to server 'localhost_1_5'...
            Sent 'add_unsigned_25_3' to server 'localhost_1_5'.
          Received 'add_unsigned_25_3' from server 'localhost_1_5'. (210 ms elapsed)
          Received 'WALLACE_CSA_DUMMY_OP921_group_5556' from server 'localhost_1_4'. (821 ms elapsed)
Normal Structuring mode def=WALLACE_CSA_DUMMY_OP921_group_5556
          Received 'WALLACE_CSA_DUMMY_OP923_group_5555' from server 'localhost_1_7'. (919 ms elapsed)
Normal Structuring mode def=WALLACE_CSA_DUMMY_OP923_group_5555
          Received 'WALLACE_CSA_DUMMY_OP925_group_5554' from server 'localhost_1_3'. (960 ms elapsed)
Normal Structuring mode def=WALLACE_CSA_DUMMY_OP925_group_5554
Normal Structuring mode def=add_unsigned_25_3
        Distributing super-thread jobs: cb_part_889
          Sending 'cb_part_889' to server 'localhost_1_4'...
            Sent 'cb_part_889' to server 'localhost_1_4'.
          Received 'cb_part_889' from server 'localhost_1_4'. (40769 ms elapsed)
Normal Structuring mode def=cb_part_889
Working on Hinst: CDN_PAS_SKIP_FFC_0i
[gig_analyze] should_ungroup = 0
[gig_analyze] should_ungroup = 0
[gig_analyze] should_ungroup = 0
[gig_analyze] should_ungroup = 0
[gig_analyze] should_ungroup = 0
[gig_analyze] should_ungroup = 0

INFO: Identified hierarchy for CAS: hinst:iopt_partition/CDN_PAS_SKIP_FFC_0i

        Distributing super-thread jobs: cb_seq mult_const_trivial_24553_654 mult_const_trivial_24553
          Sending 'cb_seq' to server 'localhost_1_4'...
            Sent 'cb_seq' to server 'localhost_1_4'.
          Sending 'mult_const_trivial_24553_654' to server 'localhost_1_7'...
            Sent 'mult_const_trivial_24553_654' to server 'localhost_1_7'.
          Sending 'mult_const_trivial_24553' to server 'localhost_1_3'...
            Sent 'mult_const_trivial_24553' to server 'localhost_1_3'.
          Received 'mult_const_trivial_24553' from server 'localhost_1_3'. (402 ms elapsed)
          Received 'mult_const_trivial_24553_654' from server 'localhost_1_7'. (491 ms elapsed)
          Received 'cb_seq' from server 'localhost_1_4'. (1191 ms elapsed)
Normal Structuring mode def=cb_seq
Normal Structuring mode def=mult_const_trivial_24553_654
Normal Structuring mode def=mult_const_trivial_24553
        Distributing super-thread jobs: csa_tree_ADD_TC_OP_group_2 csa_tree_ADD_TC_OP_group_2_3
          Sending 'csa_tree_ADD_TC_OP_group_2' to server 'localhost_1_4'...
            Sent 'csa_tree_ADD_TC_OP_group_2' to server 'localhost_1_4'.
          Sending 'csa_tree_ADD_TC_OP_group_2_3' to server 'localhost_1_7'...
            Sent 'csa_tree_ADD_TC_OP_group_2_3' to server 'localhost_1_7'.
          Received 'csa_tree_ADD_TC_OP_group_2' from server 'localhost_1_4'. (706 ms elapsed)
Normal Structuring mode def=csa_tree_ADD_TC_OP_group_2
          Received 'csa_tree_ADD_TC_OP_group_2_3' from server 'localhost_1_7'. (767 ms elapsed)
Normal Structuring mode def=csa_tree_ADD_TC_OP_group_2_3
        Distributing super-thread jobs: mux_ctl_0x_859 mux_ctl_0x_861 mux_ctl_0x_860 mux_ctl_0x
          Sending 'mux_ctl_0x_859' to server 'localhost_1_4'...
            Sent 'mux_ctl_0x_859' to server 'localhost_1_4'.
          Sending 'mux_ctl_0x_861' to server 'localhost_1_7'...
            Sent 'mux_ctl_0x_861' to server 'localhost_1_7'.
          Sending 'mux_ctl_0x_860' to server 'localhost_1_3'...
            Sent 'mux_ctl_0x_860' to server 'localhost_1_3'.
          Sending 'mux_ctl_0x' to server 'localhost_1_5'...
            Sent 'mux_ctl_0x' to server 'localhost_1_5'.
          Received 'mux_ctl_0x_859' from server 'localhost_1_4'. (3745 ms elapsed)
          Received 'mux_ctl_0x_861' from server 'localhost_1_7'. (3839 ms elapsed)
          Received 'mux_ctl_0x' from server 'localhost_1_5'. (3809 ms elapsed)
          Received 'mux_ctl_0x_860' from server 'localhost_1_3'. (3994 ms elapsed)
Normal Structuring mode def=cb_seq_864
Normal Structuring mode def=cb_seq_868
Normal Structuring mode def=mux_ctl_0x_859
Normal Structuring mode def=mux_ctl_0x_861
Normal Structuring mode def=mux_ctl_0x_860
Normal Structuring mode def=mux_ctl_0x
==================================
Stage : first_condense 
==================================
  =================
   Message Summary
  =================
---------------------------------------------------------------------------
|  Id  |Sev |Count|                     Message Text                      |
---------------------------------------------------------------------------
|GB-6  |Info|   48|A datapath component has been ungrouped.               |
|GLO-51|Info|   12|Hierarchical instance automatically ungrouped.         |
|      |    |     |Hierarchical instances can be automatically ungrouped  |
|      |    |     | to allow for better area or timing optimization. To   |
|      |    |     | prevent this ungroup, set the root-level attribute    |
|      |    |     | 'auto_ungroup' to 'none'. You can also prevent        |
|      |    |     | individual ungroup with setting the attribute         |
|      |    |     | 'ungroup_ok' of instances or modules to 'false'.      |
|GLO-62|Info|   11|On tool_generated instance/module 'strict_no' is set.  |
|      |    |     |This shall only be used for special purposes like      |
|      |    |     | formal verification.                                  |
|ST-110|Info|    8|Connection established with super-threading server.    |
|      |    |     |The tool is entering super-threading mode and has      |
|      |    |     | established a connection with a CPU server process.   |
|      |    |     | This is enabled by the root attributes                |
|      |    |     | 'super_thread_servers' or 'auto_super_thread'.        |
|ST-120|Info|    1|Attempting to launch a super-threading server.         |
|      |    |     |The tool is entering super-threading mode and is       |
|      |    |     | launching a CPU server process.  This is enabled by   |
|      |    |     | the root attribute 'super_thread_servers' or          |
|      |    |     | 'auto_super_thread'.                                  |
|ST-128|Info|    2|Super thread servers are launched successfully.        |
---------------------------------------------------------------------------
 
Global mapping target info
==========================
Cost Group 'clk' target slack:    16 ps
Target path end-point (Pin: BF2_2_mult_p_reg[42]/d)


+-----------+------------------------------+-----+----------------------+---------------------------+
|   Host    |           Machine            | CPU | Physical Memory (MB) | Peak Physical Memory (MB) |
+-----------+------------------------------+-----+----------------------+---------------------------+
| localhost | engr-r940s01.engr.uidaho.edu |  8  |        2205.0        |          2270.5           |
+-----------+------------------------------+-----+----------------------+---------------------------+

+---------------+----------------------+---------------------------+
|    Server     | Physical Memory (MB) | Peak Physical Memory (MB) |
+---------------+----------------------+---------------------------+
| localhost_1_3 |      212.5 [1]       |          [1] [2]          |
| localhost_1_7 |      225.7 [1]       |          [1] [2]          |
| localhost_1_0 |    1644.4 [3] [4]    |        [3] [2] [4]        |
| localhost_1_1 |      171.7 [1]       |          [1] [2]          |
| localhost_1_6 |      171.7 [1]       |          [1] [2]          |
| localhost_1_4 |      273.6 [1]       |          [1] [2]          |
| localhost_1_2 |      204.1 [1]       |          [1] [2]          |
| localhost_1_5 |      209.1 [1]       |          [1] [2]          |
+---------------+----------------------+---------------------------+
[1] Memory is included in parent localhost_1_0.
[2] Peak physical memory is not available for forked background servers.
[3] Memory is included in main process.
[4] Memory of child processes is included.


State Retention Synthesis Status
================================

Category                        Flops   Percentage
--------------------------------------------------
Total instances                  3513        100.0
Excluded from State Retention    3513        100.0
    - Will not convert           3513        100.0
      - Preserved                   0          0.0
      - Power intent excluded    3513        100.0
    - Could not convert             0          0.0
      - Scan type                   0          0.0
      - No suitable cell            0          0.0
State Retention instances           0          0.0
--------------------------------------------------

Info    : Using '2' number of super-threading servers using the attribute 'super_thread_servers' could have
          saved '26' more seconds during global map.
Starting post first-condense unobservable FF removal
Detecting unobservable FF's ... (design is not uniquified)
Detected 0 unobservable FF's cputime(detection/total) = 0.308 /0.862 seconds
Unobservable FF redundancy removal succeeded.
Done post first-condense unobservable FF removal (3.00 cpu seconds) (2.00 elapsed cpu seconds)
Advanced structuring report (syn_gen):
---------------------------------------------------------------------------------------------------------------------
|                                  | Graph                | Opt. Graph           | Result          |                | 
|----------------------------------+----------------------+----------------------+-----------------+----------------|
| Name                     | Tag   | #nodes | #and | #lvl | #nodes | #and | #lvl | Acc | Time      | Netlist ID     | 
---------------------------------------------------------------------------------------------------------------------
| cb_part_889              | FCOPT |  19295 | 1624 |   51 |  18711 | 1040 |   25 | Y   |     16.68 | cb_part_889    | 
| cb_part                  | FCOPT |   5371 |  666 |   34 |   5212 |  507 |   25 | Y   |      3.98 | cb_part        | 
| cb_part_874              | FCOPT |   5244 |  645 |   32 |   5089 |  490 |   25 | Y   |      3.66 | cb_part_874    | 
| cb_part_876              | FCOPT |   3360 |  246 |   22 |   3282 |  168 |   23 | Y   |      2.41 | cb_part_876    | 
---------------------------------------------------------------------------------------------------------------------
Number of LFLHs filtered from table: 14
Runtime accepts/rejects/total =    33.25 /     7.05 /    40.30
Accepts/rejects/total = 8 / 10 / 18
Sum of reduced nodes/levels = 1296 / 125
PBS_Generic_Opt-Post - Elapsed_Time 498, CPU_Time 424.640138
stamp 'PBS_Generic_Opt-Post' being created for table 'pbs_debug'

  Total Time (Wall) |  Stage Time (Wall)  |   % (Wall)   |    Date - Time     |  Memory   | Stage
--------------------+---------------------+--------------+--------------------+-----------+----------------------
 00:00:59(00:00:38) |  00:00:00(00:00:00) |   0.0(  0.0) |   16:33:42 (Aug12) |   1.02 GB | PBS_Generic-Start
--------------------+---------------------+--------------+--------------------+-----------+----------------------
 00:08:09(00:09:02) |  00:07:10(00:08:24) | 100.0(100.0) |   16:42:06 (Aug12) |   1.75 GB | PBS_Generic_Opt-Post
--------------------+---------------------+--------------+--------------------+-----------+----------------------
Number of threads: 8 * 1   (id: pbs_debug, time_info v1.57)
Info: (*N*) indicates data that was populated from previously saved time_info database
Info: CPU time includes time of parent + longest thread
PBS_Generic-Postgen HBO Optimizations - Elapsed_Time 1, CPU_Time 1.0
stamp 'PBS_Generic-Postgen HBO Optimizations' being created for table 'pbs_debug'

  Total Time (Wall) |  Stage Time (Wall)  |   % (Wall)   |    Date - Time     |  Memory   | Stage
--------------------+---------------------+--------------+--------------------+-----------+----------------------
 00:00:59(00:00:38) |  00:00:00(00:00:00) |   0.0(  0.0) |   16:33:42 (Aug12) |   1.02 GB | PBS_Generic-Start
--------------------+---------------------+--------------+--------------------+-----------+----------------------
 00:08:09(00:09:02) |  00:07:10(00:08:24) |  99.8( 99.8) |   16:42:06 (Aug12) |   1.75 GB | PBS_Generic_Opt-Post
--------------------+---------------------+--------------+--------------------+-----------+----------------------
 00:08:10(00:09:03) |  00:00:01(00:00:01) |   0.2(  0.2) |   16:42:07 (Aug12) |   1.75 GB | PBS_Generic-Postgen HBO Optimizations
--------------------+---------------------+--------------+--------------------+-----------+----------------------
Number of threads: 8 * 1   (id: pbs_debug, time_info v1.57)
Info: (*N*) indicates data that was populated from previously saved time_info database
Info: CPU time includes time of parent + longest thread
Starting post syn_generic ultra-effort Boolean optimization
Redundancy removal succeeded.
Done post syn_generic ultra-effort Boolean optimization (2.00 cpu seconds) (2.00 elapsed cpu seconds)
Info    : Done synthesizing. [SYNTH-2]
        : Done synthesizing 'butterfly2x2' to generic gates.
##>=================== Cadence Confidential (Generic-Logical) ===================
##>=================== Cadence Confidential (Generic-Logical) ===================
      flow.cputime  flow.realtime  timing.setup.tns  timing.setup.wns  snapshot
UM:*                                                                   syn_gen
@file(genus_asap7_v2.tcl) 76: stamp "syn_generic DONE"
===== [2026-08-12_16:42:14] syn_generic DONE
@file(genus_asap7_v2.tcl) 77: write_db $OUTDIR/${DESIGN}_p${PERIOD}_generic.db
Finished exporting design database to file '/home/alco9414/pqc/hqc/asic/asap7/out/bf2x2_opt_p583/butterfly2x2_p583_generic.db' for 'butterfly2x2' (command execution time mm:ss cpu = 00:04, real = 00:04).
@file(genus_asap7_v2.tcl) 79: stamp "syn_map START"
===== [2026-08-12_16:42:18] syn_map START
@file(genus_asap7_v2.tcl) 80: syn_map
#----------------------------------------------------------------------------------------
# Root attributes for category: opt
#----------------------------------------------------------------------------------------
# Feature                           | Attribute                    | Value            
#----------------------------------------------------------------------------------------
# Avoid tied inputs                 | avoid_tied_inputs            | false (default)  
# Allow floating outputs            | opt_allow_floating_outputs   | false (default)  
# Power optimization effort         | design_power_effort          | none (default)   
# Do not use qbar sequential pins   | dont_use_qbar_seq_pins       | false (default)  
#----------------------------------------------------------------------------------------

##Generic Timing Info: typical gate delay   22.2 ps   std_slew:    4.2 ps   std_load:  1.0 fF  for library domain _default_
Mapping ChipWare ICG instances in butterfly2x2
Found 0 unmapped ChipWare ICG instances
Mapped 0 of 0 ChipWare ICG instances
Current PLE settings:

Aspect ratio        : 1.000
Shrink factor       : 1.000
Scale of res/length : 1.000
Scale of cap/length : 1.000
Net derating factor : 1.000
Thermal factor      : 1.000
Via Resistance      : 0.000 ohm (from default)
Site size           : 1.224 um (from lef [tech+cell])

                                   Capacitance  
  Layer                             / Length         Data source:
Name        Direction Utilization  (pF/micron)       default value
------------------------------------------------
<default>       U         n/a         0.000250  

** = DEFAULT cap per unit length is used for timing analysis

                                    Resistance   
  Layer                              / Length         Data source:
Name        Direction Utilization  (ohm/micron)       default value
-------------------------------------------------
<default>       U         n/a               0.0  

** = DEFAULT res per unit length is used for timing analysis

                                        Area       
  Layer                               / Length          Data source:
Name        Direction Utilization     (micron)          lef_library
---------------------------------------------------
M1              V         0.00         0.072000    
M2              H         1.00         0.072000    
M3              V         1.00         0.072000    
M4              H         1.00         0.096000    
M5              V         1.00         0.096000    
M6              H         1.00         0.128000    
M7              V         1.00         0.128000    
M8              H         1.00         0.160000    
M9              V         1.00         0.160000    
Pad             H         1.00         8.000000 ** 

** = 'Pad' is dropped because its width (8) is too large (threshold 2)

Info    : Mapping. [SYNTH-4]
        : Mapping 'butterfly2x2' using 'high' effort.
Mapper: Libraries have:
	domain _default_: 334 combo usable cells and 46 sequential usable cells
PBS_TechMap-Start - Elapsed_Time 0, CPU_Time 0.0
stamp 'PBS_TechMap-Start' being created for table 'pbs_debug'

  Total Time (Wall) |  Stage Time (Wall)  |   % (Wall)   |    Date - Time     |  Memory   | Stage
--------------------+---------------------+--------------+--------------------+-----------+----------------------
 00:00:59(00:00:38) |  00:00:00(00:00:00) |   0.0(  0.0) |   16:33:42 (Aug12) |   1.02 GB | PBS_Generic-Start
--------------------+---------------------+--------------+--------------------+-----------+----------------------
 00:08:09(00:09:02) |  00:07:10(00:08:24) |  97.3( 97.5) |   16:42:06 (Aug12) |   1.75 GB | PBS_Generic_Opt-Post
--------------------+---------------------+--------------+--------------------+-----------+----------------------
 00:08:10(00:09:03) |  00:00:01(00:00:01) |   0.2(  0.2) |   16:42:07 (Aug12) |   1.75 GB | PBS_Generic-Postgen HBO Optimizations
--------------------+---------------------+--------------+--------------------+-----------+----------------------
 00:08:21(00:09:15) |  00:00:11(00:00:12) |   2.5(  2.3) |   16:42:19 (Aug12) |   1.72 GB | PBS_TechMap-Start
--------------------+---------------------+--------------+--------------------+-----------+----------------------
Number of threads: 8 * 1   (id: pbs_debug, time_info v1.57)
Info: (*N*) indicates data that was populated from previously saved time_info database
Info: CPU time includes time of parent + longest thread
PBS_TechMap-Premap HBO Optimizations - Elapsed_Time 1, CPU_Time 1.0
stamp 'PBS_TechMap-Premap HBO Optimizations' being created for table 'pbs_debug'

  Total Time (Wall) |  Stage Time (Wall)  |   % (Wall)   |    Date - Time     |  Memory   | Stage
--------------------+---------------------+--------------+--------------------+-----------+----------------------
 00:00:59(00:00:38) |  00:00:00(00:00:00) |   0.0(  0.0) |   16:33:42 (Aug12) |   1.02 GB | PBS_Generic-Start
--------------------+---------------------+--------------+--------------------+-----------+----------------------
 00:08:09(00:09:02) |  00:07:10(00:08:24) |  96.9( 97.3) |   16:42:06 (Aug12) |   1.75 GB | PBS_Generic_Opt-Post
--------------------+---------------------+--------------+--------------------+-----------+----------------------
 00:08:10(00:09:03) |  00:00:01(00:00:01) |   0.2(  0.2) |   16:42:07 (Aug12) |   1.75 GB | PBS_Generic-Postgen HBO Optimizations
--------------------+---------------------+--------------+--------------------+-----------+----------------------
 00:08:21(00:09:15) |  00:00:11(00:00:12) |   2.5(  2.3) |   16:42:19 (Aug12) |   1.72 GB | PBS_TechMap-Start
--------------------+---------------------+--------------+--------------------+-----------+----------------------
 00:08:23(00:09:16) |  00:00:02(00:00:01) |   0.4(  0.2) |   16:42:20 (Aug12) |   1.72 GB | PBS_TechMap-Premap HBO Optimizations
--------------------+---------------------+--------------+--------------------+-----------+----------------------
Number of threads: 8 * 1   (id: pbs_debug, time_info v1.57)
Info: (*N*) indicates data that was populated from previously saved time_info database
Info: CPU time includes time of parent + longest thread
Info    : Partition Based Synthesis execution skipped. [PHYS-752]
        : Design size is less than the partition size '100000' for distributed mapping optimization to kick in.
Current PLE settings:

Aspect ratio        : 1.000
Shrink factor       : 1.000
Scale of res/length : 1.000
Scale of cap/length : 1.000
Net derating factor : 1.000
Thermal factor      : 1.000
Via Resistance      : 0.000 ohm (from default)
Site size           : 1.224 um (from lef [tech+cell])

                                   Capacitance  
  Layer                             / Length         Data source:
Name        Direction Utilization  (pF/micron)       default value
------------------------------------------------
<default>       U         n/a         0.000250  

** = DEFAULT cap per unit length is used for timing analysis

                                    Resistance   
  Layer                              / Length         Data source:
Name        Direction Utilization  (ohm/micron)       default value
-------------------------------------------------
<default>       U         n/a               0.0  

** = DEFAULT res per unit length is used for timing analysis

                                        Area       
  Layer                               / Length          Data source:
Name        Direction Utilization     (micron)          lef_library
---------------------------------------------------
M1              V         0.00         0.072000    
M2              H         1.00         0.072000    
M3              V         1.00         0.072000    
M4              H         1.00         0.096000    
M5              V         1.00         0.096000    
M6              H         1.00         0.128000    
M7              V         1.00         0.128000    
M8              H         1.00         0.160000    
M9              V         1.00         0.160000    
Pad             H         1.00         8.000000 ** 

** = 'Pad' is dropped because its width (8) is too large (threshold 2)

Mapper: Libraries have:
	domain _default_: 334 combo usable cells and 46 sequential usable cells
Info    : Attempting to launch a super-threading server. [ST-120]
        : Attempting to Launch server 1 of 8.
Info    : Connection established with super-threading server. [ST-110]
        : The server 'localhost_2_0' is forked process '915977' on this host.
Info    : Connection established with super-threading server. [ST-110]
        : The server 'localhost_2_1' is forked process '915980' on this host.
Info    : Connection established with super-threading server. [ST-110]
        : The server 'localhost_2_2' is forked process '915982' on this host.
Info    : Connection established with super-threading server. [ST-110]
        : The server 'localhost_2_3' is forked process '915984' on this host.
Info    : Connection established with super-threading server. [ST-110]
        : The server 'localhost_2_4' is forked process '915986' on this host.
Info    : Connection established with super-threading server. [ST-110]
        : The server 'localhost_2_5' is forked process '915988' on this host.
Info    : Connection established with super-threading server. [ST-110]
        : The server 'localhost_2_6' is forked process '915990' on this host.
Info    : Connection established with super-threading server. [ST-110]
        : The server 'localhost_2_7' is forked process '915992' on this host.
Multi-threaded Virtual Mapping    (8 threads per ST process, 8 of 80 CPUs usable)
        Distributing super-thread jobs: cb_part_1188 sub_unsigned_9_11 mult_const_trivial_24553_1176
          Sending 'cb_part_1188' to server 'localhost_2_2'...
            Sent 'cb_part_1188' to server 'localhost_2_2'.
          Sending 'sub_unsigned_9_11' to server 'localhost_2_1'...
            Sent 'sub_unsigned_9_11' to server 'localhost_2_1'.
          Sending 'mult_const_trivial_24553_1176' to server 'localhost_2_7'...
            Sent 'mult_const_trivial_24553_1176' to server 'localhost_2_7'.
          Received 'sub_unsigned_9_11' from server 'localhost_2_1'. (223 ms elapsed)
          Received 'mult_const_trivial_24553_1176' from server 'localhost_2_7'. (238 ms elapsed)
          Received 'cb_part_1188' from server 'localhost_2_2'. (24182 ms elapsed)
Normal Structuring mode def=cb_part_1188
Working on Hinst: CDN_PAS_SKIP_FFC_0i
[gig_analyze] should_ungroup = 0
[gig_analyze] should_ungroup = 0
[gig_analyze] should_ungroup = 0
[gig_analyze] should_ungroup = 0
[gig_analyze] should_ungroup = 0
[gig_analyze] should_ungroup = 0

INFO: Identified hierarchy for CAS: hinst:iopt_partition/CDN_PAS_SKIP_FFC_0i

Working on Hinst: CDN_PAS_SKIP_FFC_1i
[gig_analyze] should_ungroup = 0
[gig_analyze] should_ungroup = 0
[gig_analyze] should_ungroup = 0
[gig_analyze] should_ungroup = 0
[gig_analyze] should_ungroup = 0
[gig_analyze] should_ungroup = 0

INFO: Identified hierarchy for CAS: hinst:iopt_partition/CDN_PAS_SKIP_FFC_1i

Working on Hinst: CDN_PAS_SKIP_FFC_2i
[gig_analyze] should_ungroup = 0
[gig_analyze] should_ungroup = 0
[gig_analyze] should_ungroup = 0
[gig_analyze] should_ungroup = 0
[gig_analyze] should_ungroup = 0
[gig_analyze] should_ungroup = 0

INFO: Identified hierarchy for CAS: hinst:iopt_partition/CDN_PAS_SKIP_FFC_2i

Normal Structuring mode def=sub_unsigned_9_11
Normal Structuring mode def=mult_const_trivial_24553_1176
        Distributing super-thread jobs: cb_part_1190 csa_tree_ADD_TC_OP_group_2_1178
          Sending 'cb_part_1190' to server 'localhost_2_2'...
            Sent 'cb_part_1190' to server 'localhost_2_2'.
          Sending 'csa_tree_ADD_TC_OP_group_2_1178' to server 'localhost_2_1'...
            Sent 'csa_tree_ADD_TC_OP_group_2_1178' to server 'localhost_2_1'.
          Received 'csa_tree_ADD_TC_OP_group_2_1178' from server 'localhost_2_1'. (309 ms elapsed)
          Received 'cb_part_1190' from server 'localhost_2_2'. (10571 ms elapsed)
Normal Structuring mode def=cb_part_1190
Working on Hinst: CDN_PAS_SKIP_FFC_0i
[gig_analyze] should_ungroup = 0
[gig_analyze] should_ungroup = 0
[gig_analyze] should_ungroup = 0
[gig_analyze] should_ungroup = 0
[gig_analyze] should_ungroup = 0
[gig_analyze] should_ungroup = 0

INFO: Identified hierarchy for CAS: hinst:iopt_partition/CDN_PAS_SKIP_FFC_0i

Working on Hinst: CDN_PAS_SKIP_FFC_1i
[gig_analyze] should_ungroup = 0
[gig_analyze] should_ungroup = 0
[gig_analyze] should_ungroup = 0
[gig_analyze] should_ungroup = 0
[gig_analyze] should_ungroup = 0
[gig_analyze] should_ungroup = 0

INFO: Identified hierarchy for CAS: hinst:iopt_partition/CDN_PAS_SKIP_FFC_1i

Working on Hinst: CDN_PAS_SKIP_FFC_2i
[gig_analyze] should_ungroup = 0
[gig_analyze] should_ungroup = 0
[gig_analyze] should_ungroup = 1
Ungrouping hinst:hinst:iopt_partition/CDN_PAS_SKIP_FFC_2i
Normal Structuring mode def=csa_tree_ADD_TC_OP_group_2_1178
Normal Structuring mode def=cb_part_1192
Normal Structuring mode def=cb_part_1194
        Distributing super-thread jobs: mult_unsigned_6036 mult_unsigned_6036_1174 add_unsigned_25_3_713 add_unsigned_25_3 add_unsigned_25_3_712
          Sending 'mult_unsigned_6036' to server 'localhost_2_2'...
            Sent 'mult_unsigned_6036' to server 'localhost_2_2'.
          Sending 'mult_unsigned_6036_1174' to server 'localhost_2_1'...
            Sent 'mult_unsigned_6036_1174' to server 'localhost_2_1'.
          Sending 'add_unsigned_25_3_713' to server 'localhost_2_7'...
            Sent 'add_unsigned_25_3_713' to server 'localhost_2_7'.
          Sending 'add_unsigned_25_3' to server 'localhost_2_4'...
            Sent 'add_unsigned_25_3' to server 'localhost_2_4'.
          Sending 'add_unsigned_25_3_712' to server 'localhost_2_6'...
            Sent 'add_unsigned_25_3_712' to server 'localhost_2_6'.
          Received 'add_unsigned_25_3_713' from server 'localhost_2_7'. (200 ms elapsed)
          Received 'add_unsigned_25_3' from server 'localhost_2_4'. (220 ms elapsed)
          Received 'mult_unsigned_6036' from server 'localhost_2_2'. (2427 ms elapsed)
Normal Structuring mode def=mult_unsigned_6036
          Received 'mult_unsigned_6036_1174' from server 'localhost_2_1'. (2980 ms elapsed)
Normal Structuring mode def=mult_unsigned_6036_1174
Normal Structuring mode def=add_unsigned_25_3_713
Normal Structuring mode def=add_unsigned_25_3
          Received 'add_unsigned_25_3_712' from server 'localhost_2_6'. (2617 ms elapsed)
Normal Structuring mode def=add_unsigned_25_3_712
        Distributing super-thread jobs: cb_part_1195
          Sending 'cb_part_1195' to server 'localhost_2_2'...
            Sent 'cb_part_1195' to server 'localhost_2_2'.
          Received 'cb_part_1195' from server 'localhost_2_2'. (51603 ms elapsed)
Normal Structuring mode def=cb_part_1195
	262	 CDN_PAS_CONNECTED_FFCi555
	193	 CDN_PAS_CONNECTED_FFCi562
Working on Hinst: CDN_PAS_SKIP_FFC_0i
[gig_analyze] should_ungroup = 0
[gig_analyze] should_ungroup = 0
[gig_analyze] should_ungroup = 0
[gig_analyze] should_ungroup = 0
[gig_analyze] should_ungroup = 0
[gig_analyze] should_ungroup = 0

INFO: Identified hierarchy for CAS: hinst:iopt_partition/CDN_PAS_SKIP_FFC_0i

Working on Hinst: CDN_PAS_SKIP_FFC_1i
[gig_analyze] should_ungroup = 0
[gig_analyze] should_ungroup = 0
[gig_analyze] should_ungroup = 0
[gig_analyze] should_ungroup = 0
[gig_analyze] should_ungroup = 0
[gig_analyze] should_ungroup = 0

INFO: Identified hierarchy for CAS: hinst:iopt_partition/CDN_PAS_SKIP_FFC_1i

Working on Hinst: CDN_PAS_SKIP_FFC_2i
[gig_analyze] should_ungroup = 0
[gig_analyze] should_ungroup = 0
[gig_analyze] should_ungroup = 0
[gig_analyze] should_ungroup = 0
[gig_analyze] should_ungroup = 0
[gig_analyze] should_ungroup = 1
Ungrouping hinst:hinst:iopt_partition/CDN_PAS_SKIP_FFC_2i
Working on Hinst: CDN_PAS_SKIP_FFC_3i
[gig_analyze] should_ungroup = 0
[gig_analyze] should_ungroup = 0
[gig_analyze] should_ungroup = 0
[gig_analyze] should_ungroup = 0
[gig_analyze] should_ungroup = 0
[gig_analyze] should_ungroup = 0

INFO: Identified hierarchy for CAS: hinst:iopt_partition/CDN_PAS_SKIP_FFC_3i

Working on Hinst: CDN_PAS_SKIP_FFC_4i
[gig_analyze] should_ungroup = 0
[gig_analyze] should_ungroup = 0
[gig_analyze] should_ungroup = 0
[gig_analyze] should_ungroup = 0
[gig_analyze] should_ungroup = 0
[gig_analyze] should_ungroup = 1
Ungrouping hinst:hinst:iopt_partition/CDN_PAS_SKIP_FFC_4i
        Distributing super-thread jobs: mult_unsigned_6036_1172 WALLACE_CSA_DUMMY_OP921_group_5556 WALLACE_CSA_DUMMY_OP925_group_5554 WALLACE_CSA_DUMMY_OP923_group_5555 add_unsigned_25_3_711 mult_const_trivial_24553_654
          Sending 'mult_unsigned_6036_1172' to server 'localhost_2_2'...
            Sent 'mult_unsigned_6036_1172' to server 'localhost_2_2'.
          Sending 'WALLACE_CSA_DUMMY_OP921_group_5556' to server 'localhost_2_1'...
            Sent 'WALLACE_CSA_DUMMY_OP921_group_5556' to server 'localhost_2_1'.
          Sending 'WALLACE_CSA_DUMMY_OP925_group_5554' to server 'localhost_2_7'...
            Sent 'WALLACE_CSA_DUMMY_OP925_group_5554' to server 'localhost_2_7'.
          Sending 'WALLACE_CSA_DUMMY_OP923_group_5555' to server 'localhost_2_4'...
            Sent 'WALLACE_CSA_DUMMY_OP923_group_5555' to server 'localhost_2_4'.
          Sending 'add_unsigned_25_3_711' to server 'localhost_2_6'...
            Sent 'add_unsigned_25_3_711' to server 'localhost_2_6'.
          Sending 'mult_const_trivial_24553_654' to server 'localhost_2_3'...
            Sent 'mult_const_trivial_24553_654' to server 'localhost_2_3'.
          Received 'WALLACE_CSA_DUMMY_OP921_group_5556' from server 'localhost_2_1'. (297 ms elapsed)
          Received 'WALLACE_CSA_DUMMY_OP925_group_5554' from server 'localhost_2_7'. (424 ms elapsed)
          Received 'WALLACE_CSA_DUMMY_OP923_group_5555' from server 'localhost_2_4'. (488 ms elapsed)
          Received 'add_unsigned_25_3_711' from server 'localhost_2_6'. (545 ms elapsed)
          Received 'mult_const_trivial_24553_654' from server 'localhost_2_3'. (573 ms elapsed)
          Received 'mult_unsigned_6036_1172' from server 'localhost_2_2'. (2492 ms elapsed)
Normal Structuring mode def=mult_unsigned_6036_1172
Normal Structuring mode def=WALLACE_CSA_DUMMY_OP921_group_5556
Normal Structuring mode def=WALLACE_CSA_DUMMY_OP925_group_5554
Normal Structuring mode def=WALLACE_CSA_DUMMY_OP923_group_5555
Normal Structuring mode def=add_unsigned_25_3_711
Normal Structuring mode def=mult_const_trivial_24553_654
Normal Structuring mode def=cb_part_1186
        Distributing super-thread jobs: csa_tree_ADD_TC_OP_group_2_3 cb_part_1184 mult_const_trivial_24553
          Sending 'csa_tree_ADD_TC_OP_group_2_3' to server 'localhost_2_2'...
            Sent 'csa_tree_ADD_TC_OP_group_2_3' to server 'localhost_2_2'.
          Sending 'cb_part_1184' to server 'localhost_2_1'...
            Sent 'cb_part_1184' to server 'localhost_2_1'.
          Sending 'mult_const_trivial_24553' to server 'localhost_2_7'...
            Sent 'mult_const_trivial_24553' to server 'localhost_2_7'.
          Received 'mult_const_trivial_24553' from server 'localhost_2_7'. (171 ms elapsed)
          Received 'csa_tree_ADD_TC_OP_group_2_3' from server 'localhost_2_2'. (285 ms elapsed)
Normal Structuring mode def=csa_tree_ADD_TC_OP_group_2_3
          Received 'cb_part_1184' from server 'localhost_2_1'. (1873 ms elapsed)
Normal Structuring mode def=cb_part_1184
Working on Hinst: CDN_PAS_SKIP_FFC_0i
[gig_analyze] should_ungroup = 0
[gig_analyze] should_ungroup = 0
[gig_analyze] should_ungroup = 0
[gig_analyze] should_ungroup = 0
[gig_analyze] should_ungroup = 0
[gig_analyze] should_ungroup = 0

INFO: Identified hierarchy for CAS: hinst:iopt_partition/CDN_PAS_SKIP_FFC_0i

Normal Structuring mode def=mult_const_trivial_24553
        Distributing super-thread jobs: WALLACE_CSA_DUMMY_OP_group_5557 csa_tree_ADD_TC_OP_group_2
          Sending 'WALLACE_CSA_DUMMY_OP_group_5557' to server 'localhost_2_2'...
            Sent 'WALLACE_CSA_DUMMY_OP_group_5557' to server 'localhost_2_2'.
          Sending 'csa_tree_ADD_TC_OP_group_2' to server 'localhost_2_1'...
            Sent 'csa_tree_ADD_TC_OP_group_2' to server 'localhost_2_1'.
          Received 'WALLACE_CSA_DUMMY_OP_group_5557' from server 'localhost_2_2'. (317 ms elapsed)
Normal Structuring mode def=WALLACE_CSA_DUMMY_OP_group_5557
          Received 'csa_tree_ADD_TC_OP_group_2' from server 'localhost_2_1'. (312 ms elapsed)
Normal Structuring mode def=csa_tree_ADD_TC_OP_group_2
        Distributing super-thread jobs: cb_part_1182
          Sending 'cb_part_1182' to server 'localhost_2_2'...
            Sent 'cb_part_1182' to server 'localhost_2_2'.
          Received 'cb_part_1182' from server 'localhost_2_2'. (283 ms elapsed)
Normal Structuring mode def=cb_part
Normal Structuring mode def=cb_part_1182
        Distributing super-thread jobs: cb_seq
          Sending 'cb_seq' to server 'localhost_2_2'...
            Sent 'cb_seq' to server 'localhost_2_2'.
          Received 'cb_seq' from server 'localhost_2_2'. (372960 ms elapsed)
Normal Structuring mode def=cb_part_1180
Normal Structuring mode def=cb_seq
	496	 CDN_PAS_CONNECTED_FFCi839
Working on Hinst: CDN_PAS_SKIP_FFC_0i
[gig_analyze] should_ungroup = 0
[gig_analyze] should_ungroup = 0
[gig_analyze] should_ungroup = 0
[gig_analyze] should_ungroup = 0
[gig_analyze] should_ungroup = 0
[gig_analyze] should_ungroup = 0

INFO: Identified hierarchy for CAS: hinst:iopt_partition/CDN_PAS_SKIP_FFC_0i

Working on Hinst: CDN_PAS_SKIP_FFC_1i
[gig_analyze] should_ungroup = 0
[gig_analyze] should_ungroup = 0
[gig_analyze] should_ungroup = 0
[gig_analyze] should_ungroup = 0
[gig_analyze] should_ungroup = 0
[gig_analyze] should_ungroup = 0

INFO: Identified hierarchy for CAS: hinst:iopt_partition/CDN_PAS_SKIP_FFC_1i

Working on Hinst: CDN_PAS_SKIP_FFC_2i
[gig_analyze] should_ungroup = 0
[gig_analyze] should_ungroup = 0
[gig_analyze] should_ungroup = 0
[gig_analyze] should_ungroup = 0
[gig_analyze] should_ungroup = 0
[gig_analyze] should_ungroup = 1
Ungrouping hinst:hinst:iopt_partition/CDN_PAS_SKIP_FFC_2i
Working on Hinst: CDN_PAS_SKIP_FFC_3i
[gig_analyze] should_ungroup = 0
[gig_analyze] should_ungroup = 0
[gig_analyze] should_ungroup = 0
[gig_analyze] should_ungroup = 0
[gig_analyze] should_ungroup = 0
[gig_analyze] should_ungroup = 0

INFO: Identified hierarchy for CAS: hinst:iopt_partition/CDN_PAS_SKIP_FFC_3i

Working on Hinst: CDN_PAS_SKIP_FFC_4i
[gig_analyze] should_ungroup = 0
[gig_analyze] should_ungroup = 0
[gig_analyze] should_ungroup = 0
[gig_analyze] should_ungroup = 0
[gig_analyze] should_ungroup = 0
[gig_analyze] should_ungroup = 0

INFO: Identified hierarchy for CAS: hinst:iopt_partition/CDN_PAS_SKIP_FFC_4i

Working on Hinst: CDN_PAS_SKIP_FFC_5i
[gig_analyze] should_ungroup = 0
[gig_analyze] should_ungroup = 0
[gig_analyze] should_ungroup = 0
[gig_analyze] should_ungroup = 0
[gig_analyze] should_ungroup = 0
[gig_analyze] should_ungroup = 0

INFO: Identified hierarchy for CAS: hinst:iopt_partition/CDN_PAS_SKIP_FFC_5i

Working on Hinst: CDN_PAS_SKIP_FFC_6i
[gig_analyze] should_ungroup = 0
[gig_analyze] should_ungroup = 0
[gig_analyze] should_ungroup = 0
[gig_analyze] should_ungroup = 0
[gig_analyze] should_ungroup = 0
[gig_analyze] should_ungroup = 0

INFO: Identified hierarchy for CAS: hinst:iopt_partition/CDN_PAS_SKIP_FFC_6i

Working on Hinst: CDN_PAS_SKIP_FFC_7i
[gig_analyze] should_ungroup = 0
[gig_analyze] should_ungroup = 0
[gig_analyze] should_ungroup = 0
[gig_analyze] should_ungroup = 0
[gig_analyze] should_ungroup = 0
[gig_analyze] should_ungroup = 0

INFO: Identified hierarchy for CAS: hinst:iopt_partition/CDN_PAS_SKIP_FFC_7i

Working on Hinst: CDN_PAS_SKIP_FFC_8i
[gig_analyze] should_ungroup = 0
[gig_analyze] should_ungroup = 0
[gig_analyze] should_ungroup = 0
[gig_analyze] should_ungroup = 0
[gig_analyze] should_ungroup = 0
[gig_analyze] should_ungroup = 0

INFO: Identified hierarchy for CAS: hinst:iopt_partition/CDN_PAS_SKIP_FFC_8i

 
Global mapping target info
==========================
Cost Group 'clk' target slack:    17 ps
Target path end-point (Pin: BF1_2_mult_p_reg[45]/d)

Multi-threaded Technology Mapping (8 threads per ST process, 8 of 80 CPUs usable)
        Distributing super-thread jobs: cb_seq
          Sending 'cb_seq' to server 'localhost_2_2'...
            Sent 'cb_seq' to server 'localhost_2_2'.
          Received 'cb_seq' from server 'localhost_2_2'. (421467 ms elapsed)
Normal Structuring mode def=cb_part_1180
Normal Structuring mode def=cb_seq
	505	 CDN_PAS_CONNECTED_FFCi847
Working on Hinst: CDN_PAS_SKIP_FFC_0i
[gig_analyze] should_ungroup = 0
[gig_analyze] should_ungroup = 0
[gig_analyze] should_ungroup = 0
[gig_analyze] should_ungroup = 0
[gig_analyze] should_ungroup = 0
[gig_analyze] should_ungroup = 0

INFO: Identified hierarchy for CAS: hinst:iopt_partition/CDN_PAS_SKIP_FFC_0i

Working on Hinst: CDN_PAS_SKIP_FFC_1i
[gig_analyze] should_ungroup = 0
[gig_analyze] should_ungroup = 0
[gig_analyze] should_ungroup = 0
[gig_analyze] should_ungroup = 0
[gig_analyze] should_ungroup = 0
[gig_analyze] should_ungroup = 0

INFO: Identified hierarchy for CAS: hinst:iopt_partition/CDN_PAS_SKIP_FFC_1i

Working on Hinst: CDN_PAS_SKIP_FFC_2i
[gig_analyze] should_ungroup = 0
[gig_analyze] should_ungroup = 0
[gig_analyze] should_ungroup = 0
[gig_analyze] should_ungroup = 0
[gig_analyze] should_ungroup = 0
[gig_analyze] should_ungroup = 1
Ungrouping hinst:hinst:iopt_partition/CDN_PAS_SKIP_FFC_2i
Working on Hinst: CDN_PAS_SKIP_FFC_3i
[gig_analyze] should_ungroup = 0
[gig_analyze] should_ungroup = 0
[gig_analyze] should_ungroup = 0
[gig_analyze] should_ungroup = 0
[gig_analyze] should_ungroup = 0
[gig_analyze] should_ungroup = 0

INFO: Identified hierarchy for CAS: hinst:iopt_partition/CDN_PAS_SKIP_FFC_3i

Working on Hinst: CDN_PAS_SKIP_FFC_4i
[gig_analyze] should_ungroup = 0
[gig_analyze] should_ungroup = 0
[gig_analyze] should_ungroup = 0
[gig_analyze] should_ungroup = 0
[gig_analyze] should_ungroup = 0
[gig_analyze] should_ungroup = 0

INFO: Identified hierarchy for CAS: hinst:iopt_partition/CDN_PAS_SKIP_FFC_4i

Working on Hinst: CDN_PAS_SKIP_FFC_5i
[gig_analyze] should_ungroup = 0
[gig_analyze] should_ungroup = 0
[gig_analyze] should_ungroup = 0
[gig_analyze] should_ungroup = 0
[gig_analyze] should_ungroup = 0
[gig_analyze] should_ungroup = 0

INFO: Identified hierarchy for CAS: hinst:iopt_partition/CDN_PAS_SKIP_FFC_5i

Working on Hinst: CDN_PAS_SKIP_FFC_6i
[gig_analyze] should_ungroup = 0
[gig_analyze] should_ungroup = 0
[gig_analyze] should_ungroup = 0
[gig_analyze] should_ungroup = 0
[gig_analyze] should_ungroup = 0
[gig_analyze] should_ungroup = 0

INFO: Identified hierarchy for CAS: hinst:iopt_partition/CDN_PAS_SKIP_FFC_6i

Working on Hinst: CDN_PAS_SKIP_FFC_7i
[gig_analyze] should_ungroup = 0
[gig_analyze] should_ungroup = 0
[gig_analyze] should_ungroup = 0
[gig_analyze] should_ungroup = 0
[gig_analyze] should_ungroup = 0
[gig_analyze] should_ungroup = 0

INFO: Identified hierarchy for CAS: hinst:iopt_partition/CDN_PAS_SKIP_FFC_7i

Working on Hinst: CDN_PAS_SKIP_FFC_8i
[gig_analyze] should_ungroup = 0
[gig_analyze] should_ungroup = 0
[gig_analyze] should_ungroup = 0
[gig_analyze] should_ungroup = 0
[gig_analyze] should_ungroup = 0
[gig_analyze] should_ungroup = 0

INFO: Identified hierarchy for CAS: hinst:iopt_partition/CDN_PAS_SKIP_FFC_8i

        Distributing super-thread jobs: cb_part_1182
          Sending 'cb_part_1182' to server 'localhost_2_2'...
            Sent 'cb_part_1182' to server 'localhost_2_2'.
          Received 'cb_part_1182' from server 'localhost_2_2'. (288 ms elapsed)
Normal Structuring mode def=cb_part
Normal Structuring mode def=cb_part_1182
        Distributing super-thread jobs: WALLACE_CSA_DUMMY_OP_group_5557 csa_tree_ADD_TC_OP_group_2
          Sending 'WALLACE_CSA_DUMMY_OP_group_5557' to server 'localhost_2_2'...
            Sent 'WALLACE_CSA_DUMMY_OP_group_5557' to server 'localhost_2_2'.
          Sending 'csa_tree_ADD_TC_OP_group_2' to server 'localhost_2_1'...
            Sent 'csa_tree_ADD_TC_OP_group_2' to server 'localhost_2_1'.
          Received 'WALLACE_CSA_DUMMY_OP_group_5557' from server 'localhost_2_2'. (3542 ms elapsed)
Normal Structuring mode def=WALLACE_CSA_DUMMY_OP_group_5557
Normal Structuring mode def=WALLACE_CSA_DUMMY_OP_group
Normal Structuring mode def=WALLACE_CSA_DUMMY_OP_group
Normal Structuring mode def=WALLACE_CSA_DUMMY_OP_group
          Received 'csa_tree_ADD_TC_OP_group_2' from server 'localhost_2_1'. (4182 ms elapsed)
Normal Structuring mode def=csa_tree_ADD_TC_OP_group_2
Normal Structuring mode def=csa_tree_ADD_TC_OP_group
Normal Structuring mode def=csa_tree_ADD_TC_OP_group
Normal Structuring mode def=csa_tree_ADD_TC_OP_group
        Distributing super-thread jobs: csa_tree_ADD_TC_OP_group_2_3 cb_part_1184 mult_const_trivial_24553
          Sending 'csa_tree_ADD_TC_OP_group_2_3' to server 'localhost_2_2'...
            Sent 'csa_tree_ADD_TC_OP_group_2_3' to server 'localhost_2_2'.
          Sending 'cb_part_1184' to server 'localhost_2_1'...
            Sent 'cb_part_1184' to server 'localhost_2_1'.
          Sending 'mult_const_trivial_24553' to server 'localhost_2_7'...
            Sent 'mult_const_trivial_24553' to server 'localhost_2_7'.
          Received 'cb_part_1184' from server 'localhost_2_1'. (2448 ms elapsed)
          Received 'csa_tree_ADD_TC_OP_group_2_3' from server 'localhost_2_2'. (4062 ms elapsed)
Normal Structuring mode def=csa_tree_ADD_TC_OP_group_2_3
Normal Structuring mode def=csa_tree_ADD_TC_OP_group
Normal Structuring mode def=csa_tree_ADD_TC_OP_group
Normal Structuring mode def=csa_tree_ADD_TC_OP_group
Normal Structuring mode def=cb_part_1184
Working on Hinst: CDN_PAS_SKIP_FFC_0i
[gig_analyze] should_ungroup = 0
[gig_analyze] should_ungroup = 0
[gig_analyze] should_ungroup = 0
[gig_analyze] should_ungroup = 0
[gig_analyze] should_ungroup = 0
[gig_analyze] should_ungroup = 0

INFO: Identified hierarchy for CAS: hinst:iopt_partition/CDN_PAS_SKIP_FFC_0i

          Received 'mult_const_trivial_24553' from server 'localhost_2_7'. (5065 ms elapsed)
Normal Structuring mode def=mult_const_trivial_24553
Normal Structuring mode def=mult_const_trivial
Normal Structuring mode def=mult_const_trivial
Normal Structuring mode def=mult_const_trivial
Normal Structuring mode def=cb_part_1186
        Distributing super-thread jobs: mult_unsigned_6036_1172 WALLACE_CSA_DUMMY_OP921_group_5556 WALLACE_CSA_DUMMY_OP923_group_5555 WALLACE_CSA_DUMMY_OP925_group_5554 add_unsigned_25_3_711 mult_const_trivial_24553_654
          Sending 'mult_unsigned_6036_1172' to server 'localhost_2_2'...
            Sent 'mult_unsigned_6036_1172' to server 'localhost_2_2'.
          Sending 'WALLACE_CSA_DUMMY_OP921_group_5556' to server 'localhost_2_1'...
            Sent 'WALLACE_CSA_DUMMY_OP921_group_5556' to server 'localhost_2_1'.
          Sending 'WALLACE_CSA_DUMMY_OP923_group_5555' to server 'localhost_2_7'...
            Sent 'WALLACE_CSA_DUMMY_OP923_group_5555' to server 'localhost_2_7'.
          Sending 'WALLACE_CSA_DUMMY_OP925_group_5554' to server 'localhost_2_4'...
            Sent 'WALLACE_CSA_DUMMY_OP925_group_5554' to server 'localhost_2_4'.
          Sending 'add_unsigned_25_3_711' to server 'localhost_2_6'...
            Sent 'add_unsigned_25_3_711' to server 'localhost_2_6'.
          Sending 'mult_const_trivial_24553_654' to server 'localhost_2_3'...
            Sent 'mult_const_trivial_24553_654' to server 'localhost_2_3'.
          Received 'WALLACE_CSA_DUMMY_OP923_group_5555' from server 'localhost_2_7'. (5361 ms elapsed)
          Received 'WALLACE_CSA_DUMMY_OP921_group_5556' from server 'localhost_2_1'. (6506 ms elapsed)
          Received 'WALLACE_CSA_DUMMY_OP925_group_5554' from server 'localhost_2_4'. (6665 ms elapsed)
          Received 'mult_const_trivial_24553_654' from server 'localhost_2_3'. (7180 ms elapsed)
          Received 'add_unsigned_25_3_711' from server 'localhost_2_6'. (11071 ms elapsed)
          Received 'mult_unsigned_6036_1172' from server 'localhost_2_2'. (48778 ms elapsed)
Normal Structuring mode def=mult_unsigned_6036_1172
Normal Structuring mode def=mult_unsigned
Normal Structuring mode def=mult_unsigned
Normal Structuring mode def=mult_unsigned
Normal Structuring mode def=WALLACE_CSA_DUMMY_OP921_group_5556
Normal Structuring mode def=WALLACE_CSA_DUMMY_OP921_group
Normal Structuring mode def=WALLACE_CSA_DUMMY_OP921_group
Normal Structuring mode def=WALLACE_CSA_DUMMY_OP921_group
Normal Structuring mode def=WALLACE_CSA_DUMMY_OP923_group_5555
Normal Structuring mode def=WALLACE_CSA_DUMMY_OP923_group
Normal Structuring mode def=WALLACE_CSA_DUMMY_OP923_group
Normal Structuring mode def=WALLACE_CSA_DUMMY_OP923_group
Normal Structuring mode def=WALLACE_CSA_DUMMY_OP925_group_5554
Normal Structuring mode def=WALLACE_CSA_DUMMY_OP925_group
Normal Structuring mode def=WALLACE_CSA_DUMMY_OP925_group
Normal Structuring mode def=WALLACE_CSA_DUMMY_OP925_group
Normal Structuring mode def=add_unsigned_25_3_711
Normal Structuring mode def=add_unsigned
Normal Structuring mode def=add_unsigned
Normal Structuring mode def=mult_const_trivial_24553_654
Normal Structuring mode def=mult_const_trivial
Normal Structuring mode def=mult_const_trivial
Normal Structuring mode def=mult_const_trivial
        Distributing super-thread jobs: cb_part_1195
          Sending 'cb_part_1195' to server 'localhost_2_2'...
            Sent 'cb_part_1195' to server 'localhost_2_2'.
          Received 'cb_part_1195' from server 'localhost_2_2'. (63294 ms elapsed)
Normal Structuring mode def=cb_part_1195
	284	 CDN_PAS_CONNECTED_FFCi554
	193	 CDN_PAS_CONNECTED_FFCi555
Working on Hinst: CDN_PAS_SKIP_FFC_0i
[gig_analyze] should_ungroup = 0
[gig_analyze] should_ungroup = 0
[gig_analyze] should_ungroup = 0
[gig_analyze] should_ungroup = 0
[gig_analyze] should_ungroup = 1
Ungrouping hinst:hinst:iopt_partition/CDN_PAS_SKIP_FFC_0i
Working on Hinst: CDN_PAS_SKIP_FFC_1i
[gig_analyze] should_ungroup = 0
[gig_analyze] should_ungroup = 0
[gig_analyze] should_ungroup = 0
[gig_analyze] should_ungroup = 0
[gig_analyze] should_ungroup = 0
[gig_analyze] should_ungroup = 0

INFO: Identified hierarchy for CAS: hinst:iopt_partition/CDN_PAS_SKIP_FFC_1i

Working on Hinst: CDN_PAS_SKIP_FFC_2i
[gig_analyze] should_ungroup = 0
[gig_analyze] should_ungroup = 0
[gig_analyze] should_ungroup = 0
[gig_analyze] should_ungroup = 0
[gig_analyze] should_ungroup = 0
[gig_analyze] should_ungroup = 0

INFO: Identified hierarchy for CAS: hinst:iopt_partition/CDN_PAS_SKIP_FFC_2i

Working on Hinst: CDN_PAS_SKIP_FFC_3i
[gig_analyze] should_ungroup = 0
[gig_analyze] should_ungroup = 0
[gig_analyze] should_ungroup = 0
[gig_analyze] should_ungroup = 0
[gig_analyze] should_ungroup = 0
[gig_analyze] should_ungroup = 1
Ungrouping hinst:hinst:iopt_partition/CDN_PAS_SKIP_FFC_3i
        Distributing super-thread jobs: mult_unsigned_6036 mult_unsigned_6036_1174 add_unsigned_25_3_713 add_unsigned_25_3_712 add_unsigned_25_3
          Sending 'mult_unsigned_6036' to server 'localhost_2_2'...
            Sent 'mult_unsigned_6036' to server 'localhost_2_2'.
          Sending 'mult_unsigned_6036_1174' to server 'localhost_2_1'...
            Sent 'mult_unsigned_6036_1174' to server 'localhost_2_1'.
          Sending 'add_unsigned_25_3_713' to server 'localhost_2_7'...
            Sent 'add_unsigned_25_3_713' to server 'localhost_2_7'.
          Sending 'add_unsigned_25_3_712' to server 'localhost_2_4'...
            Sent 'add_unsigned_25_3_712' to server 'localhost_2_4'.
          Sending 'add_unsigned_25_3' to server 'localhost_2_6'...
            Sent 'add_unsigned_25_3' to server 'localhost_2_6'.
          Received 'add_unsigned_25_3_712' from server 'localhost_2_4'. (9408 ms elapsed)
          Received 'add_unsigned_25_3_713' from server 'localhost_2_7'. (9849 ms elapsed)
          Received 'add_unsigned_25_3' from server 'localhost_2_6'. (10627 ms elapsed)
          Received 'mult_unsigned_6036' from server 'localhost_2_2'. (41927 ms elapsed)
Normal Structuring mode def=mult_unsigned_6036
Normal Structuring mode def=mult_unsigned
Normal Structuring mode def=mult_unsigned
Normal Structuring mode def=mult_unsigned
          Received 'mult_unsigned_6036_1174' from server 'localhost_2_1'. (45015 ms elapsed)
Normal Structuring mode def=mult_unsigned_6036_1174
Normal Structuring mode def=mult_unsigned
Normal Structuring mode def=mult_unsigned
Normal Structuring mode def=mult_unsigned
Normal Structuring mode def=add_unsigned_25_3_713
Normal Structuring mode def=add_unsigned
Normal Structuring mode def=add_unsigned
Normal Structuring mode def=add_unsigned_25_3_712
Normal Structuring mode def=add_unsigned
Normal Structuring mode def=add_unsigned
Normal Structuring mode def=add_unsigned_25_3
Normal Structuring mode def=add_unsigned
Normal Structuring mode def=add_unsigned
Normal Structuring mode def=cb_part_1192
Normal Structuring mode def=cb_part_1194
        Distributing super-thread jobs: cb_part_1190 csa_tree_ADD_TC_OP_group_2_1178
          Sending 'cb_part_1190' to server 'localhost_2_2'...
            Sent 'cb_part_1190' to server 'localhost_2_2'.
          Sending 'csa_tree_ADD_TC_OP_group_2_1178' to server 'localhost_2_1'...
            Sent 'csa_tree_ADD_TC_OP_group_2_1178' to server 'localhost_2_1'.
          Received 'cb_part_1190' from server 'localhost_2_2'. (14987 ms elapsed)
Normal Structuring mode def=cb_part_1190
Working on Hinst: CDN_PAS_SKIP_FFC_0i
[gig_analyze] should_ungroup = 0
[gig_analyze] should_ungroup = 0
[gig_analyze] should_ungroup = 0
[gig_analyze] should_ungroup = 0
[gig_analyze] should_ungroup = 0
[gig_analyze] should_ungroup = 0

INFO: Identified hierarchy for CAS: hinst:iopt_partition/CDN_PAS_SKIP_FFC_0i

Working on Hinst: CDN_PAS_SKIP_FFC_1i
[gig_analyze] should_ungroup = 0
[gig_analyze] should_ungroup = 0
[gig_analyze] should_ungroup = 0
[gig_analyze] should_ungroup = 0
[gig_analyze] should_ungroup = 0
[gig_analyze] should_ungroup = 0

INFO: Identified hierarchy for CAS: hinst:iopt_partition/CDN_PAS_SKIP_FFC_1i

Working on Hinst: CDN_PAS_SKIP_FFC_2i
[gig_analyze] should_ungroup = 0
[gig_analyze] should_ungroup = 0
[gig_analyze] should_ungroup = 0
[gig_analyze] should_ungroup = 0
[gig_analyze] should_ungroup = 0
[gig_analyze] should_ungroup = 0

INFO: Identified hierarchy for CAS: hinst:iopt_partition/CDN_PAS_SKIP_FFC_2i

          Received 'csa_tree_ADD_TC_OP_group_2_1178' from server 'localhost_2_1'. (26752 ms elapsed)
Normal Structuring mode def=csa_tree_ADD_TC_OP_group_2_1178
Normal Structuring mode def=csa_tree_ADD_TC_OP_group
Normal Structuring mode def=csa_tree_ADD_TC_OP_group
Normal Structuring mode def=csa_tree_ADD_TC_OP_group
        Distributing super-thread jobs: cb_part_1188 sub_unsigned_9_11 mult_const_trivial_24553_1176
          Sending 'cb_part_1188' to server 'localhost_2_2'...
            Sent 'cb_part_1188' to server 'localhost_2_2'.
          Sending 'sub_unsigned_9_11' to server 'localhost_2_1'...
            Sent 'sub_unsigned_9_11' to server 'localhost_2_1'.
          Sending 'mult_const_trivial_24553_1176' to server 'localhost_2_7'...
            Sent 'mult_const_trivial_24553_1176' to server 'localhost_2_7'.
          Received 'mult_const_trivial_24553_1176' from server 'localhost_2_7'. (4609 ms elapsed)
          Received 'sub_unsigned_9_11' from server 'localhost_2_1'. (14650 ms elapsed)
          Received 'cb_part_1188' from server 'localhost_2_2'. (23896 ms elapsed)
Normal Structuring mode def=cb_part_1188
Working on Hinst: CDN_PAS_SKIP_FFC_0i
[gig_analyze] should_ungroup = 0
[gig_analyze] should_ungroup = 0
[gig_analyze] should_ungroup = 0
[gig_analyze] should_ungroup = 0
[gig_analyze] should_ungroup = 0
[gig_analyze] should_ungroup = 0

INFO: Identified hierarchy for CAS: hinst:iopt_partition/CDN_PAS_SKIP_FFC_0i

Working on Hinst: CDN_PAS_SKIP_FFC_1i
[gig_analyze] should_ungroup = 0
[gig_analyze] should_ungroup = 0
[gig_analyze] should_ungroup = 0
[gig_analyze] should_ungroup = 0
[gig_analyze] should_ungroup = 0
[gig_analyze] should_ungroup = 0

INFO: Identified hierarchy for CAS: hinst:iopt_partition/CDN_PAS_SKIP_FFC_1i

Working on Hinst: CDN_PAS_SKIP_FFC_2i
[gig_analyze] should_ungroup = 0
[gig_analyze] should_ungroup = 0
[gig_analyze] should_ungroup = 0
[gig_analyze] should_ungroup = 0
[gig_analyze] should_ungroup = 0
[gig_analyze] should_ungroup = 0

INFO: Identified hierarchy for CAS: hinst:iopt_partition/CDN_PAS_SKIP_FFC_2i

Normal Structuring mode def=sub_unsigned_9_11
Normal Structuring mode def=sub_unsigned
Normal Structuring mode def=sub_unsigned
Normal Structuring mode def=mult_const_trivial_24553_1176
Normal Structuring mode def=mult_const_trivial
Normal Structuring mode def=mult_const_trivial
Normal Structuring mode def=mult_const_trivial
 
Global mapping status
=====================
                                   Group   
                                  Tot Wrst 
                           Total  Weighted 
Operation                   Area   Slacks  
 global_map                73354      -38 
            Worst cost_group: clk, WNS: -38.3
            Path: BF1_1_modei_reg[2]/CLK --> BF1_2_mult_p_reg[33]/D

    Cost Group            Target    Slack    Diff.  Constr.
-----------------------------------------------------------
           clk                17      -38      -9%      583 

 
Global incremental target info
==============================
Cost Group 'clk' target slack:   -38 ps
Target path end-point (Pin: BF1_1_aj4_reg[23]/D (DFFHQNx1_ASAP7_75t_SL/D))

              Distributing super-thread jobs: cb_seq
                Sending 'cb_seq' to server 'localhost_2_2'...
                  Sent 'cb_seq' to server 'localhost_2_2'.
                Received 'cb_seq' from server 'localhost_2_2'. (4484 ms elapsed)
              Distributing super-thread jobs: mult_unsigned_6036_1172 mult_unsigned_6036_1173 WALLACE_CSA_DUMMY_OP923_group_5555 WALLACE_CSA_DUMMY_OP_group_5557 WALLACE_CSA_DUMMY_OP925_group_5554 WALLACE_CSA_DUMMY_OP921_group_5556
                Sending 'mult_unsigned_6036_1172' to server 'localhost_2_2'...
                  Sent 'mult_unsigned_6036_1172' to server 'localhost_2_2'.
                Sending 'mult_unsigned_6036_1173' to server 'localhost_2_1'...
                  Sent 'mult_unsigned_6036_1173' to server 'localhost_2_1'.
                Sending 'WALLACE_CSA_DUMMY_OP923_group_5555' to server 'localhost_2_7'...
                  Sent 'WALLACE_CSA_DUMMY_OP923_group_5555' to server 'localhost_2_7'.
                Sending 'WALLACE_CSA_DUMMY_OP_group_5557' to server 'localhost_2_4'...
                  Sent 'WALLACE_CSA_DUMMY_OP_group_5557' to server 'localhost_2_4'.
                Sending 'WALLACE_CSA_DUMMY_OP925_group_5554' to server 'localhost_2_6'...
                  Sent 'WALLACE_CSA_DUMMY_OP925_group_5554' to server 'localhost_2_6'.
                Sending 'WALLACE_CSA_DUMMY_OP921_group_5556' to server 'localhost_2_3'...
                  Sent 'WALLACE_CSA_DUMMY_OP921_group_5556' to server 'localhost_2_3'.
                Received 'WALLACE_CSA_DUMMY_OP925_group_5554' from server 'localhost_2_6'. (384 ms elapsed)
                Received 'WALLACE_CSA_DUMMY_OP_group_5557' from server 'localhost_2_4'. (440 ms elapsed)
                Received 'WALLACE_CSA_DUMMY_OP921_group_5556' from server 'localhost_2_3'. (435 ms elapsed)
                Received 'WALLACE_CSA_DUMMY_OP923_group_5555' from server 'localhost_2_7'. (1141 ms elapsed)
                Received 'mult_unsigned_6036_1172' from server 'localhost_2_2'. (10720 ms elapsed)
                Received 'mult_unsigned_6036_1173' from server 'localhost_2_1'. (12370 ms elapsed)
              Distributing super-thread jobs: cb_part_1195
                Sending 'cb_part_1195' to server 'localhost_2_2'...
                  Sent 'cb_part_1195' to server 'localhost_2_2'.
                Received 'cb_part_1195' from server 'localhost_2_2'. (6909 ms elapsed)
              Distributing super-thread jobs: mult_unsigned_6036_1174 mult_unsigned_6036
                Sending 'mult_unsigned_6036_1174' to server 'localhost_2_2'...
                  Sent 'mult_unsigned_6036_1174' to server 'localhost_2_2'.
                Sending 'mult_unsigned_6036' to server 'localhost_2_1'...
                  Sent 'mult_unsigned_6036' to server 'localhost_2_1'.
                Received 'mult_unsigned_6036' from server 'localhost_2_1'. (8880 ms elapsed)
                Received 'mult_unsigned_6036_1174' from server 'localhost_2_2'. (9879 ms elapsed)
              Distributing super-thread jobs: cb_part_1190
                Sending 'cb_part_1190' to server 'localhost_2_2'...
                  Sent 'cb_part_1190' to server 'localhost_2_2'.
                Received 'cb_part_1190' from server 'localhost_2_2'. (2693 ms elapsed)
              Distributing super-thread jobs: cb_part_1188
                Sending 'cb_part_1188' to server 'localhost_2_2'...
                  Sent 'cb_part_1188' to server 'localhost_2_2'.
                Received 'cb_part_1188' from server 'localhost_2_2'. (2105 ms elapsed)
Warning : Ungrouping the instance/module as 'false' cannot be set on tool_generated hierarchies. [GLO-61]
        : The 'false' setting on the 'sub_unsigned_9_11' tool_generated module is being ignored.
Warning : Inferred datapath logic has changed and cannot be considered for datapath optimizations. [RTLOPT-55]
        : Module 'sub_unsigned_9_11' has been invalidated for datapath optimizations.
Warning : Ungrouping the instance/module as 'false' cannot be set on tool_generated hierarchies. [GLO-61]
        : The 'false' setting on the 'sub_unsigned_9_11' tool_generated module is being ignored.
Warning : Inferred datapath logic has changed and cannot be considered for datapath optimizations. [RTLOPT-55]
        : Module 'sub_unsigned_9_11' has been invalidated for datapath optimizations.
==================================
Stage : global_incr_map 
==================================
  =================
   Message Summary
  =================
---------------------------------------------------------------------------
|   Id    |  Sev  |Count|                  Message Text                   |
---------------------------------------------------------------------------
|GLO-51   |Info   |    4|Hierarchical instance automatically ungrouped.   |
|         |       |     |Hierarchical instances can be automatically      |
|         |       |     | ungrouped to allow for better area or timing    |
|         |       |     | optimization. To prevent this ungroup, set the  |
|         |       |     | root-level attribute 'auto_ungroup' to 'none'.  |
|         |       |     | You can also prevent individual ungroup with    |
|         |       |     | setting the attribute 'ungroup_ok' of instances |
|         |       |     | or modules to 'false'.                          |
|GLO-61   |Warning|    2|Ungrouping the instance/module as 'false' cannot |
|         |       |     | be set on tool_generated hierarchies.           |
|         |       |     |Kindly check the script whether the ungroup_ok is|
|         |       |     | set to false. Alternately it can be set to      |
|         |       |     | 'strict_no' to disable ungrouping but this can  |
|         |       |     | impact PPA.                                     |
|GLO-62   |Info   |   16|On tool_generated instance/module 'strict_no' is |
|         |       |     | set.                                            |
|         |       |     |This shall only be used for special purposes like|
|         |       |     | formal verification.                            |
|PA-7     |Info   |   36|Resetting power analysis results.                |
|         |       |     |All computed switching activities are removed.   |
|PHYS-752 |Info   |    1|Partition Based Synthesis execution skipped.     |
|RTLOPT-55|Warning|    2|Inferred datapath logic has changed and cannot be|
|         |       |     | considered for datapath optimizations.          |
|         |       |     |For best results, ensure this command is issued  |
|         |       |     | after syn_map, when all datapath optimizations  |
|         |       |     | have finished.                                  |
|ST-110   |Info   |    8|Connection established with super-threading      |
|         |       |     | server.                                         |
|         |       |     |The tool is entering super-threading mode and has|
|         |       |     | established a connection with a CPU server      |
|         |       |     | process.  This is enabled by the root attributes|
|         |       |     | 'super_thread_servers' or 'auto_super_thread'.  |
|ST-112   |Info   |    8|A super-threading server has been shut down      |
|         |       |     | normally.                                       |
|         |       |     |A super-threaded optimization is complete and a  |
|         |       |     | CPU server was successfully shut down.          |
|ST-120   |Info   |    1|Attempting to launch a super-threading server.   |
|         |       |     |The tool is entering super-threading mode and is |
|         |       |     | launching a CPU server process.  This is enabled|
|         |       |     | by the root attribute 'super_thread_servers' or |
|         |       |     | 'auto_super_thread'.                            |
|ST-128   |Info   |    2|Super thread servers are launched successfully.  |
|SYNTH-2  |Info   |    1|Done synthesizing.                               |
|SYNTH-4  |Info   |    1|Mapping.                                         |
---------------------------------------------------------------------------
 
Global incremental optimization status
======================================
                                   Group   
                                  Tot Wrst 
                           Total  Weighted 
Operation                   Area   Slacks  
 global_incr               67683      -38 
            Worst cost_group: clk, WNS: -38.7
            Path: BF1_1_modei_reg[2]/CLK --> BF1_1_aj4_reg[23]/D

    Cost Group            Target    Slack    Diff.  Constr.
-----------------------------------------------------------
           clk               -38      -39      +0%      583 


+-----------+------------------------------+-----+----------------------+---------------------------+
|   Host    |           Machine            | CPU | Physical Memory (MB) | Peak Physical Memory (MB) |
+-----------+------------------------------+-----+----------------------+---------------------------+
| localhost | engr-r940s01.engr.uidaho.edu |  8  |        2377.9        |          2384.7           |
+-----------+------------------------------+-----+----------------------+---------------------------+

+---------------+----------------------+---------------------------+
|    Server     | Physical Memory (MB) | Peak Physical Memory (MB) |
+---------------+----------------------+---------------------------+
| localhost_2_5 |      178.5 [1]       |          [1] [2]          |
| localhost_2_4 |      216.0 [1]       |          [1] [2]          |
| localhost_2_7 |      217.4 [1]       |          [1] [2]          |
| localhost_2_0 |    1812.4 [3] [4]    |        [3] [2] [4]        |
| localhost_2_2 |      312.5 [1]       |          [1] [2]          |
| localhost_2_3 |      209.9 [1]       |          [1] [2]          |
| localhost_2_6 |      228.2 [1]       |          [1] [2]          |
| localhost_2_1 |      265.8 [1]       |          [1] [2]          |
+---------------+----------------------+---------------------------+
[1] Memory is included in parent localhost_2_0.
[2] Peak physical memory is not available for forked background servers.
[3] Memory is included in main process.
[4] Memory of child processes is included.


State Retention Synthesis Status
================================

Category                        Flops   Percentage
--------------------------------------------------
Total instances                  3513        100.0
Excluded from State Retention    3513        100.0
    - Will not convert           3513        100.0
      - Preserved                   0          0.0
      - Power intent excluded    3513        100.0
    - Could not convert             0          0.0
      - Scan type                   0          0.0
      - No suitable cell            0          0.0
State Retention instances           0          0.0
--------------------------------------------------

INFO: skipping constant propagation
PBS_Techmap-Global Mapping - Elapsed_Time 1190, CPU_Time 990.1397279999999
stamp 'PBS_Techmap-Global Mapping' being created for table 'pbs_debug'

  Total Time (Wall) |  Stage Time (Wall)  |   % (Wall)   |    Date - Time     |  Memory   | Stage
--------------------+---------------------+--------------+--------------------+-----------+----------------------
 00:00:59(00:00:38) |  00:00:00(00:00:00) |   0.0(  0.0) |   16:33:42 (Aug12) |   1.02 GB | PBS_Generic-Start
--------------------+---------------------+--------------+--------------------+-----------+----------------------
 00:08:09(00:09:02) |  00:07:10(00:08:24) |  30.0( 29.5) |   16:42:06 (Aug12) |   1.75 GB | PBS_Generic_Opt-Post
--------------------+---------------------+--------------+--------------------+-----------+----------------------
 00:08:10(00:09:03) |  00:00:01(00:00:01) |   0.1(  0.1) |   16:42:07 (Aug12) |   1.75 GB | PBS_Generic-Postgen HBO Optimizations
--------------------+---------------------+--------------+--------------------+-----------+----------------------
 00:08:21(00:09:15) |  00:00:11(00:00:12) |   0.8(  0.7) |   16:42:19 (Aug12) |   1.72 GB | PBS_TechMap-Start
--------------------+---------------------+--------------+--------------------+-----------+----------------------
 00:08:23(00:09:16) |  00:00:02(00:00:01) |   0.1(  0.1) |   16:42:20 (Aug12) |   1.72 GB | PBS_TechMap-Premap HBO Optimizations
--------------------+---------------------+--------------+--------------------+-----------+----------------------
 00:24:53(00:29:06) |  00:16:30(00:19:50) |  69.0( 69.7) |   17:02:11 (Aug12) |   1.72 GB | PBS_Techmap-Global Mapping
--------------------+---------------------+--------------+--------------------+-----------+----------------------
Number of threads: 8 * 1   (id: pbs_debug, time_info v1.57)
Info: (*N*) indicates data that was populated from previously saved time_info database
Info: CPU time includes time of parent + longest thread
Advanced structuring report (syn_map):
--------------------------------------------------------------------------------------------------------------------------------------
|                                   | Graph                | Opt. Graph           | Result           |                               | 
|-----------------------------------+----------------------+----------------------+------------------+-------------------------------|
| Name                      | Tag   | #nodes | #and | #lvl | #nodes | #and | #lvl | Acc | Time       | Netlist ID                    | 
--------------------------------------------------------------------------------------------------------------------------------------
| cb_seq                    | CONDE |  20659 | 4763 |   52 |  20096 | 4200 |   36 | Y   |     255.74 | cb_seq                        | 
| cb_part_1195              | CONDE |  20022 | 1405 |   52 |  19836 | 1219 |   35 | Y   |      22.60 |                               |
| cb_part_1188              | CONDE |   5699 |  598 |   59 |   5741 |  640 |    8 | N   |      15.13 | cb_part_1188                  | 
| cb_part_1190              | CONDE |   5018 |  622 |   36 |   4930 |  534 |   23 | Y   |       5.29 | cb_part_1190                  | 
--------------------------------------------------------------------------------------------------------------------------------------
Number of LFLHs filtered from table: 33
Runtime accepts/rejects/total =   283.64 /    16.63 /   300.27
Accepts/rejects/total = 3 / 4 / 7
Sum of reduced nodes/levels = 837 / 46
--------------------------------------------------------------------------------------------------------------------------------------
|                                   | Graph                | Opt. Graph           | Result           |                               | 
|-----------------------------------+----------------------+----------------------+------------------+-------------------------------|
| Name                      | Tag   | #nodes | #and | #lvl | #nodes | #and | #lvl | Acc | Time       | Netlist ID                    | 
--------------------------------------------------------------------------------------------------------------------------------------
| cb_seq                    | REIFI |  20401 | 4457 |   50 |  20920 | 4976 |   10 | N   |     290.28 | cb_seq                        | 
| cb_part_1195              | REIFI |  20149 | 1491 |   52 |  20024 | 1366 |    9 | Y   |      41.93 | cb_part_1195                  | 
| cb_part_1188              | REIFI |   5848 |  584 |   44 |   5917 |  653 |    8 | N   |      14.97 |                               |
| cb_part_1190              | REIFI |   5614 |  381 |   36 |   5656 |  423 |    7 | N   |       8.11 |                               |
--------------------------------------------------------------------------------------------------------------------------------------
Number of LFLHs filtered from table: 33
Runtime accepts/rejects/total =    41.93 /   320.08 /   362.01
Accepts/rejects/total = 1 / 11 / 12
Sum of reduced nodes/levels = 125 / 43
Info    : Wrote formal verification information. [CFM-5]
        : Wrote 'fv/butterfly2x2/fv_map.fv.json' for netlist 'fv/butterfly2x2/fv_map.v.gz'.
Info    : Wrote dofile. [CFM-1]
        : Dofile is 'fv/butterfly2x2/rtl_to_fv_map.do'.
        : RTL names flow is enabled.
PBS_TechMap-Datapath Postmap Operations - Elapsed_Time 18, CPU_Time 17.6560300000001
stamp 'PBS_TechMap-Datapath Postmap Operations' being created for table 'pbs_debug'

  Total Time (Wall) |  Stage Time (Wall)  |   % (Wall)   |    Date - Time     |  Memory   | Stage
--------------------+---------------------+--------------+--------------------+-----------+----------------------
 00:00:59(00:00:38) |  00:00:00(00:00:00) |   0.0(  0.0) |   16:33:42 (Aug12) |   1.02 GB | PBS_Generic-Start
--------------------+---------------------+--------------+--------------------+-----------+----------------------
 00:08:09(00:09:02) |  00:07:10(00:08:24) |  29.6( 29.2) |   16:42:06 (Aug12) |   1.75 GB | PBS_Generic_Opt-Post
--------------------+---------------------+--------------+--------------------+-----------+----------------------
 00:08:10(00:09:03) |  00:00:01(00:00:01) |   0.1(  0.1) |   16:42:07 (Aug12) |   1.75 GB | PBS_Generic-Postgen HBO Optimizations
--------------------+---------------------+--------------+--------------------+-----------+----------------------
 00:08:21(00:09:15) |  00:00:11(00:00:12) |   0.8(  0.7) |   16:42:19 (Aug12) |   1.72 GB | PBS_TechMap-Start
--------------------+---------------------+--------------+--------------------+-----------+----------------------
 00:08:23(00:09:16) |  00:00:02(00:00:01) |   0.1(  0.1) |   16:42:20 (Aug12) |   1.72 GB | PBS_TechMap-Premap HBO Optimizations
--------------------+---------------------+--------------+--------------------+-----------+----------------------
 00:24:53(00:29:06) |  00:16:30(00:19:50) |  68.2( 68.9) |   17:02:11 (Aug12) |   1.72 GB | PBS_Techmap-Global Mapping
--------------------+---------------------+--------------+--------------------+-----------+----------------------
 00:25:11(00:29:25) |  00:00:17(00:00:19) |   1.2(  1.1) |   17:02:29 (Aug12) |   1.71 GB | PBS_TechMap-Datapath Postmap Operations
--------------------+---------------------+--------------+--------------------+-----------+----------------------
Number of threads: 8 * 1   (id: pbs_debug, time_info v1.57)
Info: (*N*) indicates data that was populated from previously saved time_info database
Info: CPU time includes time of parent + longest thread
PBS_TechMap-Postmap HBO Optimizations - Elapsed_Time 0, CPU_Time 0.6658750000001419
stamp 'PBS_TechMap-Postmap HBO Optimizations' being created for table 'pbs_debug'

  Total Time (Wall) |  Stage Time (Wall)  |   % (Wall)   |    Date - Time     |  Memory   | Stage
--------------------+---------------------+--------------+--------------------+-----------+----------------------
 00:00:59(00:00:38) |  00:00:00(00:00:00) |   0.0(  0.0) |   16:33:42 (Aug12) |   1.02 GB | PBS_Generic-Start
--------------------+---------------------+--------------+--------------------+-----------+----------------------
 00:08:09(00:09:02) |  00:07:10(00:08:24) |  29.6( 29.2) |   16:42:06 (Aug12) |   1.75 GB | PBS_Generic_Opt-Post
--------------------+---------------------+--------------+--------------------+-----------+----------------------
 00:08:10(00:09:03) |  00:00:01(00:00:01) |   0.1(  0.1) |   16:42:07 (Aug12) |   1.75 GB | PBS_Generic-Postgen HBO Optimizations
--------------------+---------------------+--------------+--------------------+-----------+----------------------
 00:08:21(00:09:15) |  00:00:11(00:00:12) |   0.8(  0.7) |   16:42:19 (Aug12) |   1.72 GB | PBS_TechMap-Start
--------------------+---------------------+--------------+--------------------+-----------+----------------------
 00:08:23(00:09:16) |  00:00:02(00:00:01) |   0.1(  0.1) |   16:42:20 (Aug12) |   1.72 GB | PBS_TechMap-Premap HBO Optimizations
--------------------+---------------------+--------------+--------------------+-----------+----------------------
 00:24:53(00:29:06) |  00:16:30(00:19:50) |  68.1( 68.9) |   17:02:11 (Aug12) |   1.72 GB | PBS_Techmap-Global Mapping
--------------------+---------------------+--------------+--------------------+-----------+----------------------
 00:25:11(00:29:25) |  00:00:17(00:00:19) |   1.2(  1.1) |   17:02:29 (Aug12) |   1.71 GB | PBS_TechMap-Datapath Postmap Operations
--------------------+---------------------+--------------+--------------------+-----------+----------------------
 00:25:12(00:29:25) |  00:00:00(00:00:00) |   0.0(  0.0) |   17:02:29 (Aug12) |   1.71 GB | PBS_TechMap-Postmap HBO Optimizations
--------------------+---------------------+--------------+--------------------+-----------+----------------------
Number of threads: 8 * 1   (id: pbs_debug, time_info v1.57)
Info: (*N*) indicates data that was populated from previously saved time_info database
Info: CPU time includes time of parent + longest thread
 Doing ConstProp on design:butterfly2x2 ... 

Time taken by ConstProp Step: 00:00:02
PBS_TechMap-Postmap Clock Gating - Elapsed_Time 3, CPU_Time 3.0
stamp 'PBS_TechMap-Postmap Clock Gating' being created for table 'pbs_debug'

  Total Time (Wall) |  Stage Time (Wall)  |   % (Wall)   |    Date - Time     |  Memory   | Stage
--------------------+---------------------+--------------+--------------------+-----------+----------------------
 00:00:59(00:00:38) |  00:00:00(00:00:00) |   0.0(  0.0) |   16:33:42 (Aug12) |   1.02 GB | PBS_Generic-Start
--------------------+---------------------+--------------+--------------------+-----------+----------------------
 00:08:09(00:09:02) |  00:07:10(00:08:24) |  29.6( 29.1) |   16:42:06 (Aug12) |   1.75 GB | PBS_Generic_Opt-Post
--------------------+---------------------+--------------+--------------------+-----------+----------------------
 00:08:10(00:09:03) |  00:00:01(00:00:01) |   0.1(  0.1) |   16:42:07 (Aug12) |   1.75 GB | PBS_Generic-Postgen HBO Optimizations
--------------------+---------------------+--------------+--------------------+-----------+----------------------
 00:08:21(00:09:15) |  00:00:11(00:00:12) |   0.8(  0.7) |   16:42:19 (Aug12) |   1.72 GB | PBS_TechMap-Start
--------------------+---------------------+--------------+--------------------+-----------+----------------------
 00:08:23(00:09:16) |  00:00:02(00:00:01) |   0.1(  0.1) |   16:42:20 (Aug12) |   1.72 GB | PBS_TechMap-Premap HBO Optimizations
--------------------+---------------------+--------------+--------------------+-----------+----------------------
 00:24:53(00:29:06) |  00:16:30(00:19:50) |  68.0( 68.8) |   17:02:11 (Aug12) |   1.72 GB | PBS_Techmap-Global Mapping
--------------------+---------------------+--------------+--------------------+-----------+----------------------
 00:25:11(00:29:25) |  00:00:17(00:00:19) |   1.2(  1.1) |   17:02:29 (Aug12) |   1.71 GB | PBS_TechMap-Datapath Postmap Operations
--------------------+---------------------+--------------+--------------------+-----------+----------------------
 00:25:12(00:29:25) |  00:00:00(00:00:00) |   0.0(  0.0) |   17:02:29 (Aug12) |   1.71 GB | PBS_TechMap-Postmap HBO Optimizations
--------------------+---------------------+--------------+--------------------+-----------+----------------------
 00:25:15(00:29:28) |  00:00:03(00:00:03) |   0.2(  0.2) |   17:02:32 (Aug12) |   1.72 GB | PBS_TechMap-Postmap Clock Gating
--------------------+---------------------+--------------+--------------------+-----------+----------------------
Number of threads: 8 * 1   (id: pbs_debug, time_info v1.57)
Info: (*N*) indicates data that was populated from previously saved time_info database
Info: CPU time includes time of parent + longest thread
-------------------------------------------------------------------------------
 hi_fo_buf                 67786      -38     -3976         0        0
            Worst cost_group: clk, WNS: -38.7
            Path: BF1_1_modei_reg[2]/CLK --> BF1_2_mult_p_reg[39]/D

           Trick     Calls     Accepts   Attempts    Time(secs) 
-----------------------------------------------------------
       hi_fo_buf         3  (        3 /        3 )  0.33

 
Incremental optimization status
===============================
                                   Group   
                                  Tot Wrst     Total - - DRC Totals - -
                           Total  Weighted      Neg      Max       Max 
Operation                   Area   Slacks      Slack    Trans      Cap 
 init_delay                67786      -38     -3976         0        0
            Worst cost_group: clk, WNS: -38.7
            Path: BF1_1_modei_reg[2]/CLK --> BF1_2_mult_p_reg[39]/D
 incr_delay                67860      -34     -3982         0        0
            Worst cost_group: clk, WNS: -34.0
            Path: BF1_1_modei_reg[2]/CLK --> BF1_2_mult_p_reg[35]/D
 incr_delay                67918      -32     -3872         0        0
            Worst cost_group: clk, WNS: -32.0
            Path: BF1_1_modei_reg[2]/CLK --> BF1_1_mult_p_reg[35]/D
 incr_delay                67923      -31     -3860         0        0
            Worst cost_group: clk, WNS: -31.9
            Path: BF1_1_modei_reg[2]/CLK --> BF1_2_mult_p_reg[38]/D
 incr_delay                68096      -30     -3713         0        0
            Worst cost_group: clk, WNS: -30.2
            Path: BF1_1_modei_reg[2]/CLK --> BF1_2_mult_p_reg[38]/D
 incr_delay                68338      -28     -3595         0        0
            Worst cost_group: clk, WNS: -28.7
            Path: BF1_1_modei_reg[2]/CLK --> BF1_2_mult_p_reg[31]/D
 incr_delay                68362      -28     -3569         0        0
            Worst cost_group: clk, WNS: -28.4
            Path: BF1_1_modei_reg[2]/CLK --> BF2_1_mult_p_reg[42]/D
 incr_delay                68404      -28     -3544         0        0
            Worst cost_group: clk, WNS: -28.2
            Path: BF1_1_modei_reg[2]/CLK --> BF1_2_mult_p_reg[31]/D
 incr_delay                68468      -28     -3533         0        0
            Worst cost_group: clk, WNS: -28.0
            Path: BF1_1_modei_reg[2]/CLK --> BF1_2_mult_p_reg[31]/D

           Trick     Calls     Accepts   Attempts    Time(secs) 
-----------------------------------------------------------
       crit_upsz      1741  (      428 /      452 )  5.70
    plc_bal_star         0  (        0 /        0 )  0.00
     drc_buftimb         0  (        0 /        0 )  0.00
          plc_st       265  (        0 /        0 )  0.00
    plc_st_fence       265  (        0 /        0 )  0.00
        plc_star       265  (        0 /        0 )  0.00
      plc_laf_st       265  (        0 /        0 )  0.00
 plc_laf_st_fence       265  (        0 /        0 )  0.00
     drc_buftims         0  (        0 /        0 )  0.00
            fopt      1387  (      221 /      231 )  5.39
   plc_laf_lo_st       265  (        0 /        0 )  0.00
       plc_lo_st       265  (        0 /        0 )  0.00
        mb_split       265  (        0 /        0 )  0.00

 
Local TNS optimization status
=============================
                                   Group   
                                  Tot Wrst     Total - - DRC Totals - -
                           Total  Weighted      Neg      Max       Max 
Operation                   Area   Slacks      Slack    Trans      Cap 
 init_tns                  68468      -28     -3533         0        0
            Worst cost_group: clk, WNS: -28.0
            Path: BF1_1_modei_reg[2]/CLK --> BF1_2_mult_p_reg[31]/D
 incr_tns                  68571      -27     -2227         0        0
            Worst cost_group: clk, WNS: -27.8
            Path: BF1_1_modei_reg[2]/CLK --> BF2_2_mult_p_reg[39]/D
 incr_tns                  68571      -27     -2227         0        0
            Worst cost_group: clk, WNS: -27.8
            Path: BF1_1_modei_reg[2]/CLK --> BF2_2_mult_p_reg[39]/D

           Trick     Calls     Accepts   Attempts    Time(secs) 
-----------------------------------------------------------
    plc_bal_star         0  (        0 /        0 )  0.00
     drc_buftimb         0  (        0 /        0 )  0.00
     drc_buftims         0  (        0 /        0 )  0.00
       crit_upsz      1883  (      246 /      588 )  4.68
   plc_laf_lo_st      1637  (        0 /        0 )  0.00
       plc_lo_st      1637  (        0 /        0 )  0.00
            fopt      1637  (        0 /        1 )  0.57
       crit_dnsz      3603  (      176 /      769 )  9.25
             dup      1461  (        1 /        1 )  1.09
        setup_dn      1460  (       22 /       22 )  0.26
        mb_split      1438  (        0 /        0 )  0.01

PBS_TechMap-Postmap Cleanup - Elapsed_Time 29, CPU_Time 29.394455999999536
stamp 'PBS_TechMap-Postmap Cleanup' being created for table 'pbs_debug'

  Total Time (Wall) |  Stage Time (Wall)  |   % (Wall)   |    Date - Time     |  Memory   | Stage
--------------------+---------------------+--------------+--------------------+-----------+----------------------
 00:00:59(00:00:38) |  00:00:00(00:00:00) |   0.0(  0.0) |   16:33:42 (Aug12) |   1.02 GB | PBS_Generic-Start
--------------------+---------------------+--------------+--------------------+-----------+----------------------
 00:08:09(00:09:02) |  00:07:10(00:08:24) |  29.0( 28.7) |   16:42:06 (Aug12) |   1.75 GB | PBS_Generic_Opt-Post
--------------------+---------------------+--------------+--------------------+-----------+----------------------
 00:08:10(00:09:03) |  00:00:01(00:00:01) |   0.1(  0.1) |   16:42:07 (Aug12) |   1.75 GB | PBS_Generic-Postgen HBO Optimizations
--------------------+---------------------+--------------+--------------------+-----------+----------------------
 00:08:21(00:09:15) |  00:00:11(00:00:12) |   0.7(  0.7) |   16:42:19 (Aug12) |   1.72 GB | PBS_TechMap-Start
--------------------+---------------------+--------------+--------------------+-----------+----------------------
 00:08:23(00:09:16) |  00:00:02(00:00:01) |   0.1(  0.1) |   16:42:20 (Aug12) |   1.72 GB | PBS_TechMap-Premap HBO Optimizations
--------------------+---------------------+--------------+--------------------+-----------+----------------------
 00:24:53(00:29:06) |  00:16:30(00:19:50) |  66.7( 67.7) |   17:02:11 (Aug12) |   1.72 GB | PBS_Techmap-Global Mapping
--------------------+---------------------+--------------+--------------------+-----------+----------------------
 00:25:11(00:29:25) |  00:00:17(00:00:19) |   1.2(  1.1) |   17:02:29 (Aug12) |   1.71 GB | PBS_TechMap-Datapath Postmap Operations
--------------------+---------------------+--------------+--------------------+-----------+----------------------
 00:25:12(00:29:25) |  00:00:00(00:00:00) |   0.0(  0.0) |   17:02:29 (Aug12) |   1.71 GB | PBS_TechMap-Postmap HBO Optimizations
--------------------+---------------------+--------------+--------------------+-----------+----------------------
 00:25:15(00:29:28) |  00:00:03(00:00:03) |   0.2(  0.2) |   17:02:32 (Aug12) |   1.72 GB | PBS_TechMap-Postmap Clock Gating
--------------------+---------------------+--------------+--------------------+-----------+----------------------
 00:25:44(00:29:57) |  00:00:29(00:00:29) |   2.0(  1.6) |   17:03:01 (Aug12) |   1.72 GB | PBS_TechMap-Postmap Cleanup
--------------------+---------------------+--------------+--------------------+-----------+----------------------
Number of threads: 8 * 1   (id: pbs_debug, time_info v1.57)
Info: (*N*) indicates data that was populated from previously saved time_info database
Info: CPU time includes time of parent + longest thread
PBS_Techmap-Post_MBCI - Elapsed_Time 0, CPU_Time 0.0
stamp 'PBS_Techmap-Post_MBCI' being created for table 'pbs_debug'

  Total Time (Wall) |  Stage Time (Wall)  |   % (Wall)   |    Date - Time     |  Memory   | Stage
--------------------+---------------------+--------------+--------------------+-----------+----------------------
 00:00:59(00:00:38) |  00:00:00(00:00:00) |   0.0(  0.0) |   16:33:42 (Aug12) |   1.02 GB | PBS_Generic-Start
--------------------+---------------------+--------------+--------------------+-----------+----------------------
 00:08:09(00:09:02) |  00:07:10(00:08:24) |  29.0( 28.7) |   16:42:06 (Aug12) |   1.75 GB | PBS_Generic_Opt-Post
--------------------+---------------------+--------------+--------------------+-----------+----------------------
 00:08:10(00:09:03) |  00:00:01(00:00:01) |   0.1(  0.1) |   16:42:07 (Aug12) |   1.75 GB | PBS_Generic-Postgen HBO Optimizations
--------------------+---------------------+--------------+--------------------+-----------+----------------------
 00:08:21(00:09:15) |  00:00:11(00:00:12) |   0.7(  0.7) |   16:42:19 (Aug12) |   1.72 GB | PBS_TechMap-Start
--------------------+---------------------+--------------+--------------------+-----------+----------------------
 00:08:23(00:09:16) |  00:00:02(00:00:01) |   0.1(  0.1) |   16:42:20 (Aug12) |   1.72 GB | PBS_TechMap-Premap HBO Optimizations
--------------------+---------------------+--------------+--------------------+-----------+----------------------
 00:24:53(00:29:06) |  00:16:30(00:19:50) |  66.7( 67.7) |   17:02:11 (Aug12) |   1.72 GB | PBS_Techmap-Global Mapping
--------------------+---------------------+--------------+--------------------+-----------+----------------------
 00:25:11(00:29:25) |  00:00:17(00:00:19) |   1.2(  1.1) |   17:02:29 (Aug12) |   1.71 GB | PBS_TechMap-Datapath Postmap Operations
--------------------+---------------------+--------------+--------------------+-----------+----------------------
 00:25:12(00:29:25) |  00:00:00(00:00:00) |   0.0(  0.0) |   17:02:29 (Aug12) |   1.71 GB | PBS_TechMap-Postmap HBO Optimizations
--------------------+---------------------+--------------+--------------------+-----------+----------------------
 00:25:15(00:29:28) |  00:00:03(00:00:03) |   0.2(  0.2) |   17:02:32 (Aug12) |   1.72 GB | PBS_TechMap-Postmap Clock Gating
--------------------+---------------------+--------------+--------------------+-----------+----------------------
 00:25:44(00:29:57) |  00:00:29(00:00:29) |   2.0(  1.6) |   17:03:01 (Aug12) |   1.72 GB | PBS_TechMap-Postmap Cleanup
--------------------+---------------------+--------------+--------------------+-----------+----------------------
 00:25:44(00:29:57) |  00:00:00(00:00:00) |   0.0(  0.0) |   17:03:01 (Aug12) |   1.72 GB | PBS_Techmap-Post_MBCI
--------------------+---------------------+--------------+--------------------+-----------+----------------------
Number of threads: 8 * 1   (id: pbs_debug, time_info v1.57)
Info: (*N*) indicates data that was populated from previously saved time_info database
Info: CPU time includes time of parent + longest thread
##>=================== Cadence Confidential (Mapping-Logical) ===================
##>Main Thread Summary:
##>----------------------------------------------------------------------------------------
##>STEP                           Elapsed       WNS       TNS     Insts      Area    Memory
##>----------------------------------------------------------------------------------------
##>M:Initial                            1         -         -     40740     66292      1721
##>M:Early Clock Gating                 0         -         -         -         -         -
##>M:Pre Cleanup                        0         -         -     40740     66292      1721
##>M:Setup                              0         -         -         -         -         -
##>M:Launch ST                          0         -         -         -         -         -
##>M:Design Partition                   0         -         -         -         -         -
##>M:Create Partition Netlists          0         -         -         -         -         -
##>M:Init Power                         0         -         -         -         -         -
##>M:Budgeting                          0         -         -         -         -         -
##>M:Derenv-DB                          0         -         -         -         -         -
##>M:Debug Outputs                      0         -         -         -         -         -
##>M:ST loading                         0         -         -         -         -         -
##>M:Distributed                        0         -         -         -         -         -
##>M:Timer                              0         -         -         -         -         -
##>M:Assembly                           0         -         -         -         -         -
##>M:DFT                                0         -         -         -         -         -
##>M:DP Operations                     18         -         -     22606     49544      1714
##>M:Const Prop                         0       -38      3956     22606     49544      1714
##>M:Cleanup                           29       -27      2227     22915     50280      1721
##>M:MBCI                               0         -         -     22915     50280      1721
##>M:PostGen Opt                        0         -         -         -         -         -
##>M:Const Gate Removal                 0         -         -         -         -         -
##>M:Early Clock Gating Cleanup         0         -         -         -         -         -
##>M:Misc                            1195
##>----------------------------------------------------------------------------------------
##>Total Elapsed                     1243
##>========================================================================================
Info    : Done mapping. [SYNTH-5]
        : Done mapping 'butterfly2x2'.
      flow.cputime  flow.realtime  timing.setup.tns  timing.setup.wns  snapshot
UM:*                                                                   syn_map
@file(genus_asap7_v2.tcl) 81: stamp "syn_map DONE"
===== [2026-08-12_17:03:04] syn_map DONE
@file(genus_asap7_v2.tcl) 82: write_db $OUTDIR/${DESIGN}_p${PERIOD}_mapped.db
Finished exporting design database to file '/home/alco9414/pqc/hqc/asic/asap7/out/bf2x2_opt_p583/butterfly2x2_p583_mapped.db' for 'butterfly2x2' (command execution time mm:ss cpu = 00:02, real = 00:02).
@file(genus_asap7_v2.tcl) 83: report timing -nworst 20 > $OUTDIR/${DESIGN}_p${PERIOD}_timing_mapped.rpt
@file(genus_asap7_v2.tcl) 84: report area > $OUTDIR/${DESIGN}_p${PERIOD}_area_mapped.rpt
@file(genus_asap7_v2.tcl) 86: stamp "syn_opt START"
===== [2026-08-12_17:03:08] syn_opt START
@file(genus_asap7_v2.tcl) 87: syn_opt
Warning : The selected flow setting will be removed in a future release. [SYNTH-33]
        : The use of 'syn_opt' for logical only optimization will be obsolete in a future release.
	Transition to 'syn_opt -logical' or 'syn_opt -spatial'.

        : Contact Cadence support to understand current flows.
Current PLE settings:

Aspect ratio        : 1.000
Shrink factor       : 1.000
Scale of res/length : 1.000
Scale of cap/length : 1.000
Net derating factor : 1.000
Thermal factor      : 1.000
Via Resistance      : 0.000 ohm (from default)
Site size           : 1.224 um (from lef [tech+cell])

                                   Capacitance  
  Layer                             / Length         Data source:
Name        Direction Utilization  (pF/micron)       default value
------------------------------------------------
<default>       U         n/a         0.000250  

** = DEFAULT cap per unit length is used for timing analysis

                                    Resistance   
  Layer                              / Length         Data source:
Name        Direction Utilization  (ohm/micron)       default value
-------------------------------------------------
<default>       U         n/a               0.0  

** = DEFAULT res per unit length is used for timing analysis

                                        Area       
  Layer                               / Length          Data source:
Name        Direction Utilization     (micron)          lef_library
---------------------------------------------------
M1              V         0.00         0.072000    
M2              H         1.00         0.072000    
M3              V         1.00         0.072000    
M4              H         1.00         0.096000    
M5              V         1.00         0.096000    
M6              H         1.00         0.128000    
M7              V         1.00         0.128000    
M8              H         1.00         0.160000    
M9              V         1.00         0.160000    
Pad             H         1.00         8.000000 ** 

** = 'Pad' is dropped because its width (8) is too large (threshold 2)

Info    : Incrementally optimizing. [SYNTH-7]
        : Incrementally optimizing 'butterfly2x2' using 'high' effort.
 
Incremental optimization status
===============================
                                   Group   
                                  Tot Wrst     Total - - DRC Totals - -
                           Total  Weighted      Neg      Max       Max 
Operation                   Area   Slacks      Slack    Trans      Cap 
 init_iopt                 68571      -27     -2227         0        0
            Worst cost_group: clk, WNS: -27.8
            Path: BF1_1_modei_reg[2]/CLK --> BF2_2_mult_p_reg[39]/D
-------------------------------------------------------------------------------
 const_prop                68569      -27     -2227         0        0
            Worst cost_group: clk, WNS: -27.8
            Path: BF1_1_modei_reg[2]/CLK --> BF2_2_mult_p_reg[39]/D
 simp_cc_inputs            68505      -27     -2226         0        0
            Worst cost_group: clk, WNS: -27.8
            Path: BF1_1_modei_reg[2]/CLK --> BF2_2_mult_p_reg[39]/D
-------------------------------------------------------------------------------
 hi_fo_buf                 68505      -27     -2226         0        0
            Worst cost_group: clk, WNS: -27.8
            Path: BF1_1_modei_reg[2]/CLK --> BF2_2_mult_p_reg[39]/D

           Trick     Calls     Accepts   Attempts    Time(secs) 
-----------------------------------------------------------
       hi_fo_buf         0  (        0 /        0 )  0.00

 
Incremental optimization status
===============================
                                   Group   
                                  Tot Wrst     Total - - DRC Totals - -
                           Total  Weighted      Neg      Max       Max 
Operation                   Area   Slacks      Slack    Trans      Cap 
 init_delay                68505      -27     -2226         0        0
            Worst cost_group: clk, WNS: -27.8
            Path: BF1_1_modei_reg[2]/CLK --> BF2_2_mult_p_reg[39]/D
 incr_delay                68882      -22     -1832         0        0
            Worst cost_group: clk, WNS: -22.3
            Path: BF1_1_modei_reg[2]/CLK --> BF2_1_mult_p_reg[45]/D
 incr_delay                69001      -20     -1718         0        0
            Worst cost_group: clk, WNS: -20.9
            Path: BF1_1_modei_reg[2]/CLK --> BF1_1_mult_p_reg[35]/D
 incr_delay                69100      -19     -1602         0        0
            Worst cost_group: clk, WNS: -19.6
            Path: BF1_1_modei_reg[2]/CLK --> BF1_1_mult_p_reg[35]/D
 incr_delay                69321      -17     -1451         0        0
            Worst cost_group: clk, WNS: -17.9
            Path: BF1_1_modei_reg[2]/CLK --> BF1_1_mult_p_reg[38]/D
 incr_delay                69390      -17     -1405         0        0
            Worst cost_group: clk, WNS: -17.3
            Path: BF1_1_modei_reg[2]/CLK --> BF1_1_mult_p_reg[35]/D
 incr_delay                69466      -16     -1373         0        0
            Worst cost_group: clk, WNS: -16.7
            Path: BF1_1_modei_reg[2]/CLK --> BF1_1_mult_p_reg[35]/D
 incr_delay                69494      -16     -1355         0        0
            Worst cost_group: clk, WNS: -16.4
            Path: BF1_1_modei_reg[2]/CLK --> BF2_1_mult_p_reg[44]/D
 incr_delay                69586      -15     -1304         0        0
            Worst cost_group: clk, WNS: -15.8
            Path: BF1_1_modei_reg[2]/CLK --> BF1_1_mult_p_reg[35]/D
 incr_delay                69618      -15     -1288         0        0
            Worst cost_group: clk, WNS: -15.6
            Path: BF1_1_modei_reg[2]/CLK --> BF1_1_mult_p_reg[35]/D
 incr_delay                69790      -14     -1236         0        0
            Worst cost_group: clk, WNS: -14.9
            Path: BF1_1_modei_reg[2]/CLK --> BF2_2_mult_p_reg[31]/D
 incr_delay                69876      -14     -1196         0        0
            Worst cost_group: clk, WNS: -14.4
            Path: BF1_1_modei_reg[2]/CLK --> BF1_2_mult_p_reg[33]/D
 incr_delay                69923      -14     -1188         0        0
            Worst cost_group: clk, WNS: -14.2
            Path: BF1_1_modei_reg[2]/CLK --> BF2_2_mult_p_reg[42]/D
 incr_delay                69953      -13     -1163         0        0
            Worst cost_group: clk, WNS: -13.9
            Path: BF1_1_modei_reg[2]/CLK --> BF2_2_mult_p_reg[31]/D

           Trick     Calls     Accepts   Attempts    Time(secs) 
-----------------------------------------------------------
        crit_msz      2095  (      602 /      771 )  15.10
       crit_upsz      1110  (      110 /      116 )  2.09
       crit_slew       609  (        6 /       29 )  1.15
        setup_dn       578  (        0 /        0 )  0.12
    plc_bal_star         0  (        0 /        0 )  0.00
     drc_buftimb         0  (        0 /        0 )  0.00
          plc_st       578  (        0 /        0 )  0.00
    plc_st_fence       578  (        0 /        0 )  0.00
        plc_star       578  (        0 /        0 )  0.00
      plc_laf_st       578  (        0 /        0 )  0.00
 plc_laf_st_fence       578  (        0 /        0 )  0.00
     drc_buftims         0  (        0 /        0 )  0.00
   plc_laf_lo_st       578  (        0 /        0 )  0.00
       plc_lo_st       578  (        0 /        0 )  0.00
            fopt       578  (        0 /        0 )  1.79
       crit_swap       606  (        1 /        1 )  1.44
       mux2_swap       578  (        0 /        0 )  0.00
       crit_dnsz      1478  (        8 /        8 )  2.74
       load_swap       582  (        0 /        0 )  1.21
            fopt      1272  (       82 /       88 )  4.31
        setup_dn       577  (        0 /        0 )  0.05
       load_isol      1437  (      155 /      160 )  14.35
       load_isol       502  (        0 /        0 )  1.59
        move_for       782  (        9 /        9 )  1.17
        move_for       642  (        0 /        1 )  0.62
          rem_bi       642  (        0 /        9 )  0.70
         offload       642  (        0 /        0 )  0.32
          rem_bi       642  (        0 /       37 )  2.40
         offload       642  (        0 /        1 )  2.40
           phase       642  (        0 /        0 )  0.00
        in_phase       642  (        0 /        0 )  0.00
       merge_bit       698  (        0 /        0 )  0.17
     merge_idrvr       642  (        0 /        0 )  0.00
     merge_iload       642  (        0 /        0 )  0.00
    merge_idload       642  (        0 /        0 )  0.00
      merge_drvr       678  (        2 /        2 )  0.73
      merge_load       647  (        0 /        1 )  0.65
          decomp       647  (        0 /        0 )  4.96
        p_decomp       647  (        0 /        0 )  2.47
        levelize       757  (        8 /       89 )  1.69
        mb_split       675  (        0 /        0 )  0.00
             dup      1417  (      133 /      143 )  9.62
      mux_retime       611  (        0 /        0 )  0.00
         buf2inv       611  (        0 /        0 )  0.00
             exp       122  (        9 /       23 )  0.46
       gate_deco       182  (        1 /        1 )  2.80
       gcomp_tim       296  (        9 /        9 )  1.82
  inv_pair_2_buf      1844  (        0 /        0 )  0.01

 incr_delay                70014      -13     -1153         0        0
            Worst cost_group: clk, WNS: -13.9
            Path: BF1_1_modei_reg[2]/CLK --> BF2_1_mult_p_reg[34]/D
 incr_delay                70082      -13     -1106         0        0
            Worst cost_group: clk, WNS: -13.5
            Path: BF1_1_modei_reg[2]/CLK --> BF1_1_mult_p_reg[33]/D
 incr_delay                70143      -13     -1057         0        0
            Worst cost_group: clk, WNS: -13.2
            Path: BF1_1_modei_reg[2]/CLK --> BF1_1_mult_p_reg[36]/D
 incr_delay                70232      -13     -1045         0        0
            Worst cost_group: clk, WNS: -13.1
            Path: BF1_1_modei_reg[2]/CLK --> BF1_1_mult_p_reg[36]/D
 incr_delay                70253      -13     -1031         0        0
            Worst cost_group: clk, WNS: -13.0
            Path: BF1_1_modei_reg[2]/CLK --> BF1_2_mult_p_reg[33]/D
 incr_delay                70361      -12      -967         0        0
            Worst cost_group: clk, WNS: -12.2
            Path: BF1_1_modei_reg[2]/CLK --> BF2_1_mult_p_reg[34]/D
 incr_delay                70415      -12      -944         0        0
            Worst cost_group: clk, WNS: -12.0
            Path: BF1_1_modei_reg[2]/CLK --> BF1_1_mult_p_reg[36]/D
 incr_delay                70493      -11      -896         0        0
            Worst cost_group: clk, WNS: -11.5
            Path: BF1_1_modei_reg[2]/CLK --> BF1_2_mult_p_reg[33]/D
 incr_delay                70495      -11      -896         0        0
            Worst cost_group: clk, WNS: -11.5
            Path: BF1_1_modei_reg[2]/CLK --> BF1_2_mult_p_reg[33]/D
 incr_delay                70505      -11      -892         0        0
            Worst cost_group: clk, WNS: -11.4
            Path: BF1_1_modei_reg[2]/CLK --> BF2_1_mult_p_reg[34]/D
 incr_delay                70611      -10      -779         0        0
            Worst cost_group: clk, WNS: -10.5
            Path: BF1_1_modei_reg[2]/CLK --> BF1_2_mult_p_reg[33]/D
 incr_delay                70641      -10      -712         0        0
            Worst cost_group: clk, WNS: -10.3
            Path: BF1_1_modei_reg[1]/CLK --> BF2_1_mult_p_reg[34]/D
 incr_delay                70792       -8      -610         0        0
            Worst cost_group: clk, WNS: -8.4
            Path: BF1_1_modei_reg[1]/CLK --> BF2_1_mult_p_reg[36]/D
 incr_delay                70878       -7      -544         0        0
            Worst cost_group: clk, WNS: -7.6
            Path: BF1_1_modei_reg[1]/CLK --> BF2_1_mult_p_reg[36]/D
 incr_delay                70929       -7      -505         0        0
            Worst cost_group: clk, WNS: -7.0
            Path: BF1_1_modei_reg[2]/CLK --> BF2_2_mult_p_reg[44]/D
 incr_delay                70935       -7      -505         0        0
            Worst cost_group: clk, WNS: -7.0
            Path: BF1_1_modei_reg[2]/CLK --> BF2_2_mult_p_reg[44]/D
 incr_delay                70940       -6      -492         0        0
            Worst cost_group: clk, WNS: -6.8
            Path: BF1_1_modei_reg[2]/CLK --> BF2_1_mult_p_reg[34]/D
 incr_delay                70939       -6      -490         0        0
            Worst cost_group: clk, WNS: -6.8
            Path: BF1_1_modei_reg[2]/CLK --> BF2_1_mult_p_reg[36]/D
 incr_delay                70949       -6      -487         0        0
            Worst cost_group: clk, WNS: -6.8
            Path: BF1_1_modei_reg[2]/CLK --> BF1_1_mult_p_reg[35]/D
 incr_delay                70955       -6      -483         0        0
            Worst cost_group: clk, WNS: -6.7
            Path: BF1_1_modei_reg[2]/CLK --> BF1_1_mult_p_reg[35]/D
 incr_delay                71002       -6      -459         0        0
            Worst cost_group: clk, WNS: -6.4
            Path: BF1_1_modei_reg[2]/CLK --> BF1_2_mult_p_reg[33]/D
 incr_delay                71002       -6      -459         0        0
            Worst cost_group: clk, WNS: -6.4
            Path: BF1_1_modei_reg[2]/CLK --> BF1_2_mult_p_reg[33]/D
 incr_delay                71013       -6      -447         0        0
            Worst cost_group: clk, WNS: -6.2
            Path: BF1_1_modei_reg[2]/CLK --> BF2_2_mult_p_reg[31]/D
 incr_delay                71035       -6      -437         0        0
            Worst cost_group: clk, WNS: -6.1
            Path: BF1_1_modei_reg[2]/CLK --> BF1_1_mult_p_reg[35]/D
 incr_delay                71079       -5      -421         0        0
            Worst cost_group: clk, WNS: -5.9
            Path: BF1_1_modei_reg[1]/CLK --> BF2_1_mult_p_reg[34]/D
 incr_delay                71088       -5      -420         0        0
            Worst cost_group: clk, WNS: -5.9
            Path: BF1_1_modei_reg[1]/CLK --> BF2_1_mult_p_reg[34]/D
 incr_delay                71109       -5      -397         0        0
            Worst cost_group: clk, WNS: -5.7
            Path: BF1_1_modei_reg[1]/CLK --> BF1_2_mult_p_reg[35]/D
 incr_delay                71118       -5      -377         0        0
            Worst cost_group: clk, WNS: -5.5
            Path: BF1_1_modei_reg[2]/CLK --> BF1_1_mult_p_reg[35]/D
 incr_delay                71136       -5      -372         0        0
            Worst cost_group: clk, WNS: -5.4
            Path: BF1_1_modei_reg[1]/CLK --> BF1_1_mult_p_reg[35]/D
 incr_delay                71140       -5      -365         0        0
            Worst cost_group: clk, WNS: -5.3
            Path: BF1_1_modei_reg[1]/CLK --> BF2_2_mult_p_reg[31]/D
 incr_delay                71156       -5      -363         0        0
            Worst cost_group: clk, WNS: -5.3
            Path: BF1_1_modei_reg[1]/CLK --> BF1_1_mult_p_reg[35]/D
 incr_delay                71168       -5      -364         0        0
            Worst cost_group: clk, WNS: -5.3
            Path: BF1_1_modei_reg[1]/CLK --> BF1_1_mult_p_reg[35]/D
 incr_delay                71170       -5      -364         0        0
            Worst cost_group: clk, WNS: -5.3
            Path: BF1_1_modei_reg[1]/CLK --> BF1_1_mult_p_reg[35]/D
 incr_delay                71245       -5      -337         0        0
            Worst cost_group: clk, WNS: -5.1
            Path: BF1_1_modei_reg[1]/CLK --> BF2_2_mult_p_reg[44]/D
 incr_delay                71257       -4      -322         0        0
            Worst cost_group: clk, WNS: -4.9
            Path: BF1_1_modei_reg[1]/CLK --> BF1_2_mult_p_reg[35]/D
 incr_delay                71267       -4      -299         0        0
            Worst cost_group: clk, WNS: -4.8
            Path: BF1_1_modei_reg[1]/CLK --> BF2_1_mult_p_reg[36]/D
 incr_delay                71341       -4      -267         0        0
            Worst cost_group: clk, WNS: -4.3
            Path: BF1_1_modei_reg[1]/CLK --> BF2_1_mult_p_reg[36]/D
 incr_delay                71350       -4      -262         0        0
            Worst cost_group: clk, WNS: -4.3
            Path: BF1_1_modei_reg[1]/CLK --> BF1_2_mult_p_reg[35]/D
 incr_delay                71394       -4      -250         0        0
            Worst cost_group: clk, WNS: -4.0
            Path: BF1_1_modei_reg[1]/CLK --> BF2_2_mult_p_reg[37]/D
 incr_delay                71395       -4      -250         0        0
            Worst cost_group: clk, WNS: -4.0
            Path: BF1_1_modei_reg[1]/CLK --> BF2_2_mult_p_reg[37]/D
 incr_delay                71400       -4      -248         0        0
            Worst cost_group: clk, WNS: -4.0
            Path: BF1_1_modei_reg[1]/CLK --> BF2_2_mult_p_reg[37]/D
 incr_delay                71416       -4      -244         0        0
            Worst cost_group: clk, WNS: -4.0
            Path: BF1_1_modei_reg[1]/CLK --> BF1_1_mult_p_reg[36]/D
 incr_delay                71422       -3      -236         0        0
            Worst cost_group: clk, WNS: -3.9
            Path: BF1_1_modei_reg[1]/CLK --> BF1_1_mult_p_reg[35]/D
 incr_delay                71424       -3      -235         0        0
            Worst cost_group: clk, WNS: -3.9
            Path: BF1_1_modei_reg[1]/CLK --> BF1_2_mult_p_reg[33]/D
 incr_delay                71424       -3      -235         0        0
            Worst cost_group: clk, WNS: -3.9
            Path: BF1_1_modei_reg[1]/CLK --> BF1_2_mult_p_reg[43]/D
 incr_delay                71454       -3      -214         0        0
            Worst cost_group: clk, WNS: -3.6
            Path: BF1_1_modei_reg[1]/CLK --> BF1_1_mult_p_reg[35]/D

           Trick     Calls     Accepts   Attempts    Time(secs) 
-----------------------------------------------------------
         crr_220       182  (       25 /      175 )  45.12
        crr_glob       341  (       16 /       25 )  2.37
         crr_200       444  (      139 /      439 )  21.78
        crr_glob       787  (      129 /      139 )  2.76
         crr_300       160  (       10 /      147 )  8.72
        crr_glob       360  (        9 /       10 )  0.62
         crr_400       117  (        3 /      104 )  7.29
        crr_glob       315  (        2 /        3 )  0.47
         crr_111       415  (      107 /      407 )  55.35
        crr_glob       596  (       89 /      107 )  4.76
         crr_210       276  (       47 /      265 )  32.86
        crr_glob       470  (       35 /       47 )  2.16
         crr_110       477  (      171 /      471 )  38.19
        crr_glob       862  (      133 /      171 )  4.26
         crr_101       505  (      176 /      476 )  28.88
        crr_glob       822  (      156 /      176 )  3.47
         crr_201       396  (       86 /      386 )  31.59
        crr_glob       683  (       80 /       86 )  2.73
         crr_211       178  (        6 /      167 )  30.61
        crr_glob       313  (        4 /        6 )  1.64
        crit_msz      1145  (      199 /      277 )  6.54
       crit_upsz      1109  (      127 /      130 )  2.40
       crit_slew       423  (        1 /        7 )  0.54
        setup_dn       894  (        0 /        0 )  0.16
    plc_bal_star         0  (        0 /        0 )  0.00
     drc_buftimb         0  (        0 /        0 )  0.00
          plc_st       418  (        0 /        0 )  0.00
    plc_st_fence       418  (        0 /        0 )  0.00
        plc_star       418  (        0 /        0 )  0.00
      plc_laf_st       418  (        0 /        0 )  0.00
 plc_laf_st_fence       418  (        0 /        0 )  0.00
     drc_buftims         0  (        0 /        0 )  0.00
       plc_lo_st       418  (        0 /        0 )  0.00
            fopt      1110  (       21 /       24 )  3.95
       crit_swap       395  (        0 /        0 )  1.03
       mux2_swap       395  (        0 /        0 )  0.00
       crit_dnsz       951  (        9 /        9 )  1.87
       load_swap       470  (        8 /        8 )  1.14
            fopt      1110  (       21 /       24 )  3.95
        setup_dn       894  (        0 /        0 )  0.16
       load_isol      1400  (       47 /       51 )  10.40
       load_isol      1400  (       47 /       51 )  10.40
        move_for      1231  (        6 /        6 )  1.55
        move_for      1231  (        6 /        6 )  1.55
          rem_bi      1122  (        0 /       31 )  2.65
         offload      1122  (        0 /        0 )  2.11
          rem_bi      1122  (        0 /       31 )  2.65
         offload      1122  (        0 /        0 )  2.11
       merge_bit       626  (        2 /        3 )  0.17
     merge_idrvr       561  (        0 /        0 )  0.00
     merge_iload       561  (        0 /        0 )  0.00
    merge_idload       561  (        0 /        0 )  0.00
      merge_drvr       561  (        0 /        0 )  0.62
      merge_load       561  (        0 /        0 )  0.57
           phase       561  (        0 /        0 )  0.00
          decomp       561  (        0 /        0 )  4.86
        p_decomp       561  (        0 /        0 )  2.17
        levelize       594  (        4 /       58 )  1.06
        mb_split       564  (        0 /        0 )  0.00
        in_phase       564  (        0 /        0 )  0.00
             dup       880  (       51 /       56 )  5.21
      mux_retime       545  (        0 /        0 )  0.00
         buf2inv       545  (        0 /        0 )  0.00
             exp       153  (        6 /       28 )  1.04
       gate_deco       178  (        0 /        2 )  2.51
       gcomp_tim       267  (        3 /        5 )  1.56
  inv_pair_2_buf      1778  (        0 /        0 )  0.01
 init_drc                  71454       -3      -214         0        0
            Worst cost_group: clk, WNS: -3.6
            Path: BF1_1_modei_reg[1]/CLK --> BF1_1_mult_p_reg[35]/D

           Trick     Calls     Accepts   Attempts    Time(secs) 
-----------------------------------------------------------
          plc_st         0  (        0 /        0 )  0.00
        plc_star         0  (        0 /        0 )  0.00
        drc_bufs         0  (        0 /        0 )  0.00
        drc_fopt         0  (        0 /        0 )  0.00
        drc_bufb         0  (        0 /        0 )  0.00
      simple_buf         0  (        0 /        0 )  0.00
             dup         0  (        0 /        0 )  0.00
       crit_dnsz         0  (        0 /        0 )  0.00
       crit_upsz         0  (        0 /        0 )  0.00
       crit_slew         0  (        0 /        0 )  0.00


           Trick     Calls     Accepts   Attempts    Time(secs) 
-----------------------------------------------------------
          plc_st         0  (        0 /        0 )  0.00
        plc_star         0  (        0 /        0 )  0.00
      drc_buf_sp         0  (        0 /        0 )  0.00
        drc_bufs         0  (        0 /        0 )  0.00
        drc_fopt         0  (        0 /        0 )  0.00
        drc_bufb         0  (        0 /        0 )  0.00
      simple_buf         0  (        0 /        0 )  0.00
             dup         0  (        0 /        0 )  0.00
       crit_dnsz         0  (        0 /        0 )  0.00
       crit_upsz         0  (        0 /        0 )  0.00


           Trick     Calls     Accepts   Attempts    Time(secs) 
-----------------------------------------------------------
          plc_st         0  (        0 /        0 )  0.00
        plc_star         0  (        0 /        0 )  0.00
      drc_buf_sp         0  (        0 /        0 )  0.00
        drc_bufs         0  (        0 /        0 )  0.00
        drc_fopt         0  (        0 /        0 )  0.00
        drc_bufb         0  (        0 /        0 )  0.00
             dup         0  (        0 /        0 )  0.00
       crit_dnsz         0  (        0 /        0 )  0.00
       crit_upsz         0  (        0 /        0 )  0.00

 init_tns                  71454       -3      -214         0        0
            Worst cost_group: clk, WNS: -3.6
            Path: BF1_1_modei_reg[1]/CLK --> BF1_1_mult_p_reg[35]/D
 incr_tns                  71450       -3      -117         0        0
            Worst cost_group: clk, WNS: -3.4
            Path: BF1_1_modei_reg[1]/CLK --> BF2_1_mult_p_reg[36]/D
 incr_tns                  71450       -3      -117         0        0
            Worst cost_group: clk, WNS: -3.4
            Path: BF1_1_modei_reg[1]/CLK --> BF2_1_mult_p_reg[36]/D

           Trick     Calls     Accepts   Attempts    Time(secs) 
-----------------------------------------------------------
            fopt       804  (        0 /        3 )  0.96
    plc_bal_star         0  (        0 /        0 )  0.00
     drc_buftimb         0  (        0 /        0 )  0.00
     drc_buftims         0  (        0 /        0 )  0.00
        crit_msz       804  (      108 /      274 )  4.12
       crit_upsz       696  (       16 /      103 )  1.16
   plc_laf_lo_st       680  (        0 /        0 )  0.00
       plc_lo_st       680  (        0 /        0 )  0.00
       crit_swap       680  (        5 /       84 )  2.52
       mux2_swap       675  (        0 /        0 )  0.00
       crit_dnsz      1491  (       27 /      205 )  3.66
       load_swap       648  (        0 /      122 )  1.59
            fopt       648  (        8 /       32 )  1.33
        setup_dn       640  (        1 /        1 )  0.11
       load_isol       639  (        4 /       47 )  5.82
       load_isol       635  (        0 /        1 )  1.76
        move_for       635  (        7 /       16 )  1.06
        move_for       628  (        1 /        5 )  0.65
          rem_bi       627  (        0 /        0 )  0.07
         offload       627  (        0 /        0 )  0.08
          rem_bi       627  (        3 /        3 )  0.93
         offload       624  (        0 /        1 )  1.97
       merge_bit       674  (       10 /       12 )  0.19
     merge_idrvr       615  (        0 /        0 )  0.00
     merge_iload       615  (        0 /        0 )  0.00
    merge_idload       615  (        0 /        0 )  0.00
      merge_drvr       615  (        0 /        0 )  0.67
      merge_load       615  (        1 /        1 )  0.67
           phase       614  (        0 /        0 )  0.00
          decomp       614  (        0 /        0 )  4.70
        p_decomp       614  (        0 /        0 )  2.54
        levelize       614  (        4 /        8 )  0.58
        mb_split       610  (        0 /        0 )  0.01
             dup       610  (        4 /       27 )  2.72
      mux_retime       606  (        0 /        0 )  0.00
       crr_local       606  (       27 /      135 )  31.30
         buf2inv       579  (        0 /        0 )  0.00

 init_area                 71450       -3      -117         0        0
            Worst cost_group: clk, WNS: -3.4
            Path: BF1_1_modei_reg[1]/CLK --> BF2_1_mult_p_reg[36]/D
 undup                     71329       -3      -117         0        0
            Worst cost_group: clk, WNS: -3.4
            Path: BF1_1_modei_reg[1]/CLK --> BF2_1_mult_p_reg[36]/D
 rem_buf                   70590       -3      -116         0        0
            Worst cost_group: clk, WNS: -3.4
            Path: BF1_1_modei_reg[1]/CLK --> BF2_1_mult_p_reg[36]/D
 rem_inv                   70457       -3      -116         0        0
            Worst cost_group: clk, WNS: -3.4
            Path: BF1_1_modei_reg[1]/CLK --> BF2_1_mult_p_reg[36]/D
 merge_bi                  70185       -3      -115         0        0
            Worst cost_group: clk, WNS: -3.4
            Path: BF1_1_modei_reg[1]/CLK --> BF2_1_mult_p_reg[36]/D
 merge_bi                  70170       -3      -115         0        0
            Worst cost_group: clk, WNS: -3.4
            Path: BF1_1_modei_reg[1]/CLK --> BF2_1_mult_p_reg[36]/D
 seq_res_area              70164       -3      -115         0        0
            Worst cost_group: clk, WNS: -3.4
            Path: BF1_1_modei_reg[1]/CLK --> BF2_1_mult_p_reg[36]/D
 io_phase                  69994       -3      -113         0        0
            Worst cost_group: clk, WNS: -3.3
            Path: BF1_1_modei_reg[1]/CLK --> BF2_2_mult_p_reg[44]/D
 gate_comp                 69626       -3      -113         0        0
            Worst cost_group: clk, WNS: -3.3
            Path: BF1_1_modei_reg[1]/CLK --> BF2_2_mult_p_reg[44]/D
 gcomp_mog                 69599       -3      -113         0        0
            Worst cost_group: clk, WNS: -3.3
            Path: BF1_1_modei_reg[1]/CLK --> BF2_2_mult_p_reg[44]/D
 glob_area                 69229       -3      -111         0        0
            Worst cost_group: clk, WNS: -3.3
            Path: BF1_1_modei_reg[1]/CLK --> BF2_1_mult_p_reg[34]/D
 area_down                 68851       -3      -102         0        0
            Worst cost_group: clk, WNS: -3.2
            Path: BF1_1_modei_reg[1]/CLK --> BF2_1_mult_p_reg[34]/D
 rem_buf                   68730       -3      -102         0        0
            Worst cost_group: clk, WNS: -3.2
            Path: BF1_1_modei_reg[1]/CLK --> BF2_1_mult_p_reg[34]/D
 rem_inv                   68716       -3      -102         0        0
            Worst cost_group: clk, WNS: -3.2
            Path: BF1_1_modei_reg[1]/CLK --> BF2_1_mult_p_reg[34]/D
 merge_bi                  68682       -3       -99         0        0
            Worst cost_group: clk, WNS: -3.2
            Path: BF1_1_modei_reg[1]/CLK --> BF2_1_mult_p_reg[34]/D
 merge_bi                  68673       -3       -99         0        0
            Worst cost_group: clk, WNS: -3.2
            Path: BF1_1_modei_reg[1]/CLK --> BF2_1_mult_p_reg[34]/D

           Trick     Calls     Accepts   Attempts    Time(secs) 
-----------------------------------------------------------
           undup       125  (       42 /       50 )  1.06
         rem_buf      1141  (      384 /      429 )  4.84
         rem_inv       212  (       93 /      104 )  1.26
        merge_bi       419  (      220 /      270 )  3.13
      rem_inv_qb       800  (        0 /        0 )  0.01
    seq_res_area        47  (        7 /        9 )  21.29
        io_phase       272  (      117 /      126 )  1.33
       gate_comp      1088  (      216 /      230 )  7.42
       gcomp_mog       474  (       20 /       20 )  5.23
       glob_area        59  (       56 /       59 )  7.99
       area_down      1547  (      531 /      593 )  23.16
      size_n_buf         2  (        0 /        0 )  0.22
  gate_deco_area         0  (        0 /        0 )  0.03
         rem_buf       738  (       76 /      101 )  2.56
         rem_inv        97  (       12 /       16 )  0.53
        merge_bi       186  (       31 /       61 )  1.50
      rem_inv_qb       794  (        0 /        0 )  0.01

 
Incremental optimization status
===============================
                                   Group   
                                  Tot Wrst     Total - - DRC Totals - -
                           Total  Weighted      Neg      Max       Max 
Operation                   Area   Slacks      Slack    Trans      Cap 
 init_delay                68673       -3       -99         0        0
            Worst cost_group: clk, WNS: -3.2
            Path: BF1_1_modei_reg[1]/CLK --> BF2_1_mult_p_reg[34]/D
 incr_delay                68674       -3       -96         0        0
            Worst cost_group: clk, WNS: -3.2
            Path: BF1_1_modei_reg[1]/CLK --> BF1_2_mult_p_reg[33]/D
 incr_delay                68676       -3       -95         0        0
            Worst cost_group: clk, WNS: -3.1
            Path: BF1_1_modei_reg[1]/CLK --> BF1_2_mult_p_reg[33]/D
 incr_delay                68679       -3       -94         0        0
            Worst cost_group: clk, WNS: -3.0
            Path: BF1_1_modei_reg[1]/CLK --> BF2_1_mult_p_reg[33]/D
 incr_delay                68694       -3       -94         0        0
            Worst cost_group: clk, WNS: -3.0
            Path: BF1_1_modei_reg[1]/CLK --> BF1_1_mult_p_reg[36]/D
 incr_delay                68695       -2       -92         0        0
            Worst cost_group: clk, WNS: -2.9
            Path: BF1_1_modei_reg[1]/CLK --> BF1_1_mult_p_reg[35]/D
 incr_delay                68705       -2       -87         0        0
            Worst cost_group: clk, WNS: -2.8
            Path: BF1_1_modei_reg[2]/CLK --> BF1_2_mult_p_reg[33]/D
 incr_delay                68730       -2       -75         0        0
            Worst cost_group: clk, WNS: -2.3
            Path: BF1_1_modei_reg[1]/CLK --> BF2_1_mult_p_reg[34]/D
 incr_delay                68754       -2       -70         0        0
            Worst cost_group: clk, WNS: -2.2
            Path: BF1_1_modei_reg[2]/CLK --> BF1_1_mult_p_reg[35]/D
 incr_delay                68756       -2       -70         0        0
            Worst cost_group: clk, WNS: -2.2
            Path: BF1_1_modei_reg[1]/CLK --> BF1_2_mult_p_reg[33]/D
 incr_delay                68785       -2       -63         0        0
            Worst cost_group: clk, WNS: -2.0
            Path: BF1_1_modei_reg[1]/CLK --> BF1_1_mult_p_reg[35]/D
 incr_delay                68784       -2       -63         0        0
            Worst cost_group: clk, WNS: -2.0
            Path: BF1_1_modei_reg[1]/CLK --> BF1_2_mult_p_reg[33]/D
 incr_delay                68797       -1       -59         0        0
            Worst cost_group: clk, WNS: -1.9
            Path: BF1_1_modei_reg[2]/CLK --> BF1_1_mult_p_reg[35]/D
 incr_delay                68799       -1       -58         0        0
            Worst cost_group: clk, WNS: -1.9
            Path: BF1_1_modei_reg[1]/CLK --> BF1_2_mult_p_reg[33]/D
 incr_delay                68800       -1       -56         0        0
            Worst cost_group: clk, WNS: -1.8
            Path: BF1_1_modei_reg[1]/CLK --> BF1_1_mult_p_reg[35]/D
 incr_delay                68802       -1       -55         0        0
            Worst cost_group: clk, WNS: -1.8
            Path: BF1_1_modei_reg[1]/CLK --> BF1_2_mult_p_reg[33]/D
 incr_delay                68834       -1       -48         0        0
            Worst cost_group: clk, WNS: -1.5
            Path: BF1_1_modei_reg[2]/CLK --> BF2_1_mult_p_reg[34]/D
 incr_delay                68839       -1       -47         0        0
            Worst cost_group: clk, WNS: -1.5
            Path: BF1_1_modei_reg[1]/CLK --> BF1_1_mult_p_reg[35]/D
 incr_delay                68860       -1       -42         0        0
            Worst cost_group: clk, WNS: -1.4
            Path: BF1_1_modei_reg[1]/CLK --> BF1_1_mult_p_reg[35]/D
 incr_delay                68862       -1       -39         0        0
            Worst cost_group: clk, WNS: -1.3
            Path: BF1_1_modei_reg[1]/CLK --> BF2_1_mult_p_reg[34]/D
 incr_delay                68904        0         0         0        0
 incr_delay                68904        0         0         0        0

           Trick     Calls     Accepts   Attempts    Time(secs) 
-----------------------------------------------------------
         crr_220       102  (        6 /       96 )  26.12
        crr_glob       183  (        4 /        6 )  1.11
         crr_200       157  (       23 /      152 )  6.36
        crr_glob       276  (       20 /       23 )  0.65
         crr_300        67  (        6 /       60 )  3.12
        crr_glob       155  (        5 /        6 )  0.28
         crr_400        54  (        2 /       48 )  3.04
        crr_glob       138  (        2 /        2 )  0.22
         crr_111       146  (       11 /      141 )  12.60
        crr_glob       184  (        4 /       11 )  0.89
         crr_210        73  (        0 /       68 )  7.42
        crr_glob       134  (        0 /        0 )  0.35
         crr_110       380  (       81 /      371 )  25.29
        crr_glob       557  (       71 /       81 )  2.63
         crr_101       237  (       33 /      222 )  10.40
        crr_glob       333  (       30 /       33 )  0.96
         crr_201        59  (        1 /       55 )  3.58
        crr_glob       109  (        0 /        1 )  0.24
         crr_211        59  (        0 /       55 )  8.00
        crr_glob       109  (        0 /        0 )  0.43
        crit_msz       299  (       31 /       49 )  1.65
       crit_upsz       236  (       15 /       15 )  0.84
       crit_slew       134  (        0 /        0 )  0.15
        setup_dn       268  (        0 /        0 )  0.06
    plc_bal_star         0  (        0 /        0 )  0.00
     drc_buftimb         0  (        0 /        0 )  0.00
          plc_st       134  (        0 /        0 )  0.00
    plc_st_fence       134  (        0 /        0 )  0.00
        plc_star       134  (        0 /        0 )  0.00
      plc_laf_st       134  (        0 /        0 )  0.00
 plc_laf_st_fence       134  (        0 /        0 )  0.00
     drc_buftims         0  (        0 /        0 )  0.00
       plc_lo_st       134  (        0 /        0 )  0.00
            fopt       269  (        1 /        3 )  0.83
       crit_swap       134  (        0 /        0 )  0.26
       mux2_swap       134  (        0 /        0 )  0.00
       crit_dnsz       354  (        0 /        0 )  0.77
       load_swap       134  (        0 /        0 )  0.45
            fopt       269  (        1 /        3 )  0.83
        setup_dn       268  (        0 /        0 )  0.06
       load_isol       474  (       12 /       13 )  3.32
       load_isol       474  (       12 /       13 )  3.32
        move_for       458  (        3 /        3 )  0.80
        move_for       458  (        3 /        3 )  0.80
          rem_bi       410  (        0 /       12 )  1.02
         offload       410  (        0 /        0 )  0.99
          rem_bi       410  (        0 /       12 )  1.02
         offload       410  (        0 /        0 )  0.99
       merge_bit       218  (        0 /        0 )  0.04
     merge_idrvr       205  (        0 /        0 )  0.00
     merge_iload       205  (        0 /        0 )  0.00
    merge_idload       205  (        0 /        0 )  0.00
      merge_drvr       205  (        0 /        0 )  0.26
      merge_load       205  (        0 /        0 )  0.26
           phase       205  (        0 /        0 )  0.00
          decomp       205  (        0 /        0 )  1.69
        p_decomp       205  (        0 /        0 )  0.77
        levelize       205  (        0 /       25 )  0.48
        mb_split       205  (        0 /        0 )  0.00
        in_phase       205  (        0 /        0 )  0.00
             dup       368  (       14 /       16 )  2.02
      mux_retime       228  (        0 /        0 )  0.00
         buf2inv       228  (        0 /        0 )  0.00
             exp        25  (        4 /        6 )  0.05
       gate_deco        72  (        0 /        0 )  1.01
       gcomp_tim        83  (        0 /        0 )  0.47
  inv_pair_2_buf       486  (        0 /        0 )  0.00
 init_drc                  68904        0         0         0        0

           Trick     Calls     Accepts   Attempts    Time(secs) 
-----------------------------------------------------------
          plc_st         0  (        0 /        0 )  0.00
        plc_star         0  (        0 /        0 )  0.00
        drc_bufs         0  (        0 /        0 )  0.00
        drc_fopt         0  (        0 /        0 )  0.00
        drc_bufb         0  (        0 /        0 )  0.00
      simple_buf         0  (        0 /        0 )  0.00
             dup         0  (        0 /        0 )  0.00
       crit_dnsz         0  (        0 /        0 )  0.00
       crit_upsz         0  (        0 /        0 )  0.00
       crit_slew         0  (        0 /        0 )  0.00


           Trick     Calls     Accepts   Attempts    Time(secs) 
-----------------------------------------------------------
          plc_st         0  (        0 /        0 )  0.00
        plc_star         0  (        0 /        0 )  0.00
        drc_bufs         0  (        0 /        0 )  0.00
        drc_fopt         0  (        0 /        0 )  0.00
        drc_bufb         0  (        0 /        0 )  0.00
      simple_buf         0  (        0 /        0 )  0.00
             dup         0  (        0 /        0 )  0.00
       crit_dnsz         0  (        0 /        0 )  0.00
       crit_upsz         0  (        0 /        0 )  0.00


           Trick     Calls     Accepts   Attempts    Time(secs) 
-----------------------------------------------------------
          plc_st         0  (        0 /        0 )  0.00
        plc_star         0  (        0 /        0 )  0.00
        drc_bufs         0  (        0 /        0 )  0.00
        drc_fopt         0  (        0 /        0 )  0.00
        drc_bufb         0  (        0 /        0 )  0.00
             dup         0  (        0 /        0 )  0.00
       crit_dnsz         0  (        0 /        0 )  0.00
       crit_upsz         0  (        0 /        0 )  0.00

 init_tns                  68904        0         0         0        0

           Trick     Calls     Accepts   Attempts    Time(secs) 
-----------------------------------------------------------
            fopt         0  (        0 /        0 )  0.00
    plc_bal_star         0  (        0 /        0 )  0.00
     drc_buftimb         0  (        0 /        0 )  0.00
     drc_buftims         0  (        0 /        0 )  0.00
        crit_msz         0  (        0 /        0 )  0.00
       crit_upsz         0  (        0 /        0 )  0.00
   plc_laf_lo_st         0  (        0 /        0 )  0.00
       plc_lo_st         0  (        0 /        0 )  0.00
       crit_swap         0  (        0 /        0 )  0.00
       mux2_swap         0  (        0 /        0 )  0.00
       crit_dnsz         0  (        0 /        0 )  0.00
       load_swap         0  (        0 /        0 )  0.00
            fopt         0  (        0 /        0 )  0.00
        setup_dn         0  (        0 /        0 )  0.00
       load_isol         0  (        0 /        0 )  0.00
       load_isol         0  (        0 /        0 )  0.00
        move_for         0  (        0 /        0 )  0.00
        move_for         0  (        0 /        0 )  0.00
          rem_bi         0  (        0 /        0 )  0.00
         offload         0  (        0 /        0 )  0.00
          rem_bi         0  (        0 /        0 )  0.00
         offload         0  (        0 /        0 )  0.00
       merge_bit         0  (        0 /        0 )  0.00
     merge_idrvr         0  (        0 /        0 )  0.00
     merge_iload         0  (        0 /        0 )  0.00
    merge_idload         0  (        0 /        0 )  0.00
      merge_drvr         0  (        0 /        0 )  0.00
      merge_load         0  (        0 /        0 )  0.00
           phase         0  (        0 /        0 )  0.00
          decomp         0  (        0 /        0 )  0.00
        p_decomp         0  (        0 /        0 )  0.00
        levelize         0  (        0 /        0 )  0.00
        mb_split         0  (        0 /        0 )  0.00
             dup         0  (        0 /        0 )  0.00
      mux_retime         0  (        0 /        0 )  0.00
       crr_local         0  (        0 /        0 )  0.00
         buf2inv         0  (        0 /        0 )  0.00

 init_area                 68904        0         0         0        0
 undup                     68766        0         0         0        0
 rem_buf                   68385        0         0         0        0
 rem_inv                   68356        0         0         0        0
 merge_bi                  68289        0         0         0        0
 merge_bi                  68286        0         0         0        0
 merge_bi                  68282        0         0         0        0
 io_phase                  68205        0         0         0        0
 gate_comp                 68138        0         0         0        0
 gcomp_mog                 68130        0         0         0        0
 glob_area                 67854        0         0         0        0
 area_down                 67687        0         0         0        0

           Trick     Calls     Accepts   Attempts    Time(secs) 
-----------------------------------------------------------
           undup        86  (       46 /       54 )  0.84
         rem_buf       704  (      234 /      255 )  2.77
         rem_inv        93  (       17 /       21 )  0.48
        merge_bi       160  (       41 /       67 )  1.29
      rem_inv_qb       792  (        0 /        0 )  0.01
        io_phase       174  (       56 /       67 )  0.77
       gate_comp       807  (       38 /       47 )  5.50
       gcomp_mog       523  (        4 /        4 )  5.13
       glob_area        58  (       56 /       58 )  7.03
       area_down      1319  (      244 /      308 )  20.30
      size_n_buf         1  (        0 /        0 )  0.16
  gate_deco_area         0  (        0 /        0 )  0.00

 
Incremental optimization status
===============================
                                   Group   
                                  Tot Wrst     Total - - DRC Totals - -
                           Total  Weighted      Neg      Max       Max 
Operation                   Area   Slacks      Slack    Trans      Cap 
 init_delay                67687        0         0         0        0

           Trick     Calls     Accepts   Attempts    Time(secs) 
-----------------------------------------------------------
        crit_msz         0  (        0 /        0 )  0.00
       crit_upsz         0  (        0 /        0 )  0.00
       crit_slew         0  (        0 /        0 )  0.00
        setup_dn         0  (        0 /        0 )  0.00
    plc_bal_star         0  (        0 /        0 )  0.00
     drc_buftimb         0  (        0 /        0 )  0.00
          plc_st         0  (        0 /        0 )  0.00
    plc_st_fence         0  (        0 /        0 )  0.00
        plc_star         0  (        0 /        0 )  0.00
      plc_laf_st         0  (        0 /        0 )  0.00
 plc_laf_st_fence         0  (        0 /        0 )  0.00
     drc_buftims         0  (        0 /        0 )  0.00
   plc_laf_lo_st         0  (        0 /        0 )  0.00
       plc_lo_st         0  (        0 /        0 )  0.00
            fopt         0  (        0 /        0 )  0.00
       crit_swap         0  (        0 /        0 )  0.00
       mux2_swap         0  (        0 /        0 )  0.00
       crit_dnsz         0  (        0 /        0 )  0.00
       load_swap         0  (        0 /        0 )  0.00
            fopt         0  (        0 /        0 )  0.00
        setup_dn         0  (        0 /        0 )  0.00
       load_isol         0  (        0 /        0 )  0.00
       load_isol         0  (        0 /        0 )  0.00
        move_for         0  (        0 /        0 )  0.00
        move_for         0  (        0 /        0 )  0.00
          rem_bi         0  (        0 /        0 )  0.00
         offload         0  (        0 /        0 )  0.00
          rem_bi         0  (        0 /        0 )  0.00
         offload         0  (        0 /        0 )  0.00
           phase         0  (        0 /        0 )  0.00
        in_phase         0  (        0 /        0 )  0.00
       merge_bit         0  (        0 /        0 )  0.00
     merge_idrvr         0  (        0 /        0 )  0.00
     merge_iload         0  (        0 /        0 )  0.00
    merge_idload         0  (        0 /        0 )  0.00
      merge_drvr         0  (        0 /        0 )  0.00
      merge_load         0  (        0 /        0 )  0.00
          decomp         0  (        0 /        0 )  0.00
        p_decomp         0  (        0 /        0 )  0.00
        levelize         0  (        0 /        0 )  0.00
        mb_split         0  (        0 /        0 )  0.00
             dup         0  (        0 /        0 )  0.00
      mux_retime         0  (        0 /        0 )  0.00
         buf2inv         0  (        0 /        0 )  0.00
             exp         0  (        0 /        0 )  0.00
       gate_deco         0  (        0 /        0 )  0.00
       gcomp_tim         0  (        0 /        0 )  0.00
  inv_pair_2_buf         0  (        0 /        0 )  0.00

 init_drc                  67687        0         0         0        0

           Trick     Calls     Accepts   Attempts    Time(secs) 
-----------------------------------------------------------
          plc_st         0  (        0 /        0 )  0.00
        plc_star         0  (        0 /        0 )  0.00
        drc_bufs         0  (        0 /        0 )  0.00
        drc_fopt         0  (        0 /        0 )  0.00
        drc_bufb         0  (        0 /        0 )  0.00
      simple_buf         0  (        0 /        0 )  0.00
             dup         0  (        0 /        0 )  0.00
       crit_dnsz         0  (        0 /        0 )  0.00
       crit_upsz         0  (        0 /        0 )  0.00
       crit_slew         0  (        0 /        0 )  0.00


           Trick     Calls     Accepts   Attempts    Time(secs) 
-----------------------------------------------------------
          plc_st         0  (        0 /        0 )  0.00
        plc_star         0  (        0 /        0 )  0.00
        drc_bufs         0  (        0 /        0 )  0.00
        drc_fopt         0  (        0 /        0 )  0.00
        drc_bufb         0  (        0 /        0 )  0.00
      simple_buf         0  (        0 /        0 )  0.00
             dup         0  (        0 /        0 )  0.00
       crit_dnsz         0  (        0 /        0 )  0.00
       crit_upsz         0  (        0 /        0 )  0.00


           Trick     Calls     Accepts   Attempts    Time(secs) 
-----------------------------------------------------------
          plc_st         0  (        0 /        0 )  0.00
        plc_star         0  (        0 /        0 )  0.00
        drc_bufs         0  (        0 /        0 )  0.00
        drc_fopt         0  (        0 /        0 )  0.00
        drc_bufb         0  (        0 /        0 )  0.00
             dup         0  (        0 /        0 )  0.00
       crit_dnsz         0  (        0 /        0 )  0.00
       crit_upsz         0  (        0 /        0 )  0.00

==================================
Stage : incr_opt 
==================================
  =================
   Message Summary
  =================
---------------------------------------------------------------------------
|   Id   |  Sev  |Count|                   Message Text                   |
---------------------------------------------------------------------------
|CFM-1   |Info   |    1|Wrote dofile.                                     |
|CFM-5   |Info   |    1|Wrote formal verification information.            |
|GLO-51  |Info   |    8|Hierarchical instance automatically ungrouped.    |
|        |       |     |Hierarchical instances can be automatically       |
|        |       |     | ungrouped to allow for better area or timing     |
|        |       |     | optimization. To prevent this ungroup, set the   |
|        |       |     | root-level attribute 'auto_ungroup' to 'none'.   |
|        |       |     | You can also prevent individual ungroup with     |
|        |       |     | setting the attribute 'ungroup_ok' of instances  |
|        |       |     | or modules to 'false'.                           |
|PA-7    |Info   |    4|Resetting power analysis results.                 |
|        |       |     |All computed switching activities are removed.    |
|ST-112  |Info   |    8|A super-threading server has been shut down       |
|        |       |     | normally.                                        |
|        |       |     |A super-threaded optimization is complete and a   |
|        |       |     | CPU server was successfully shut down.           |
|SYNTH-5 |Info   |    1|Done mapping.                                     |
|SYNTH-7 |Info   |    1|Incrementally optimizing.                         |
|SYNTH-33|Warning|    1|The selected flow setting will be removed in a    |
|        |       |     | future release.                                  |
|        |       |     |Contact Cadence support to understand current     |
|        |       |     | flows.                                           |
---------------------------------------------------------------------------
Info    : Done incrementally optimizing. [SYNTH-8]
        : Done incrementally optimizing 'butterfly2x2'.
      flow.cputime  flow.realtime  timing.setup.tns  timing.setup.wns  snapshot
UM:*                                                                   syn_opt
@file(genus_asap7_v2.tcl) 88: stamp "syn_opt DONE"
===== [2026-08-12_17:16:26] syn_opt DONE
@file(genus_asap7_v2.tcl) 90: write_hdl > $OUTDIR/${DESIGN}_p${PERIOD}_netlist.v
@file(genus_asap7_v2.tcl) 91: write_db $OUTDIR/${DESIGN}_p${PERIOD}_final.db
Finished exporting design database to file '/home/alco9414/pqc/hqc/asic/asap7/out/bf2x2_opt_p583/butterfly2x2_p583_final.db' for 'butterfly2x2' (command execution time mm:ss cpu = 00:02, real = 00:03).
@file(genus_asap7_v2.tcl) 92: report timing -nworst 20 > $OUTDIR/${DESIGN}_p${PERIOD}_timing.rpt
@file(genus_asap7_v2.tcl) 93: report area   > $OUTDIR/${DESIGN}_p${PERIOD}_area.rpt
@file(genus_asap7_v2.tcl) 94: report gates  > $OUTDIR/${DESIGN}_p${PERIOD}_gates.rpt
ENABLED NEW REPORT GATE CMD






@file(genus_asap7_v2.tcl) 95: report power  > $OUTDIR/${DESIGN}_p${PERIOD}_power.rpt
Info    : Joules engine is used. [RPT-16]
        : Joules engine is being used for the command report_power.
Info   : ACTP-0001 [ACTPInfo] Activity propagation started for stim#0 netlist
       : butterfly2x2
Info   : ACTP-0009 [ACTPInfo] Activity Propagation Progress Report :   0%   1%   2%   3%   4%   5%   6%   7%   8%   9%  10%  11%  12%  13%  14%  15%  16%  17%  18%  19%  20%  21%  22%  23%  24%  25%  26%  27%  28%  29%  30%  31%  32%  33%  34%  35%  36%  37%  38%  39%  40%  41%  42%  43%  44%  45%  46%  47%  48%  49%  50%  51%  52%  53%  54%  55%  56%  57%  58%  59%  60%  61%  62%  63%  64%  65%  66%  67%  68%  69%  70%  71%  72%  73%  74%  75%  76%  77%  78%  79%  80%  81%  82%  83%  84%  85%  86%  87%  88%  89%  90%  91%  92%  93%  94%  95%  96%  97%  98%  99% 100%
Info   : ACTP-0001 Activity propagation ended for stim#0
Info   : PWRA-0001 [PwrInfo] compute_power effective options 
       : -mode : vectorless
       : -skip_propagation : 1
       : -use_clock_freq : stim
       : -fromGenus : 1
Info   : ACTP-0001 Timing initialization started
Info   : ACTP-0001 Timing initialization ended
Info   : PWRA-0002 [PwrInfo] Skipping activity propagation due to -skip_ap
       : option....
Info   : PWRA-0002 Started 'vectorless' power computation.
Info   : PWRA-0009 [PwrInfo] Power Computation Progress Report :   0%   1%   2%   3%   4%   5%   6%   7%   8%   9%  10%  11%  12%  13%  14%  15%  16%  17%  18%  19%  20%  21%  22%  23%  24%  25%  26%  27%  28%  29%  30%  31%  32%  33%  34%  35%  36%  37%  38%  39%  40%  41%  42%  43%  44%  45%  46%  47%  48%  49%  50%  51%  52%  53%  54%  55%  56%  57%  58%  59%  60%  61%  62%  63%  64%  65%  66%  67%  68%  69%  70%  71%  72%  73%  74%  75%  76%  77%  78%  79%  80%  81%  82%  83%  84%  85%  86%  87%  88%  89%  90%  91%  92%  93%  94%  95%  96%  97%  98%  99% 100%
Info   : PWRA-0002 Finished power computation.
Info   : PWRA-0007 [PwrInfo] Completed successfully.
       : Info=6, Warn=0, Error=0, Fatal=0
Output file: /home/alco9414/pqc/hqc/asic/asap7/out/bf2x2_opt_p583/butterfly2x2_p583_power.rpt
@file(genus_asap7_v2.tcl) 96: stamp "ALL DONE"
===== [2026-08-12_17:16:33] ALL DONE
@file(genus_asap7_v2.tcl) 97: puts "ASAP7_RUN_DONE"
ASAP7_RUN_DONE
@file(genus_asap7_v2.tcl) 98: exit

Lic Summary:
[17:16:33.131689] Cdslmd servers: ece-cadence-lic
[17:16:33.131714] Feature usage summary:
[17:16:33.131715] Genus_Synthesis  
/home/alco9414/pqc/hqc/asic/asap7/run_bf2x2_opt_p583/.st_launch_engr-r940s01.engr.uidaho.edu_914292
Normal exit.
