============================================================
  Generated by:           Genus(TM) Synthesis Solution 25.12-s067_1
  Generated on:           Aug 12 2026  02:21:06 pm
  Module:                 hqc_kem_joint_design
  Technology libraries:   asap7sc7p5t_AO_LVT_TT_nldm_211120 1.0
                          asap7sc7p5t_INVBUF_LVT_TT_nldm_211120 1.0
                          asap7sc7p5t_OA_LVT_TT_nldm_211120 1.0
                          asap7sc7p5t_SEQ_LVT_TT_nldm_220123 1.0
                          asap7sc7p5t_SIMPLE_LVT_TT_nldm_211120 1.0
                          asap7sc7p5t_AO_SLVT_TT_nldm_211120 1.0
                          asap7sc7p5t_INVBUF_SLVT_TT_nldm_211120 1.0
                          asap7sc7p5t_OA_SLVT_TT_nldm_211120 1.0
                          asap7sc7p5t_SEQ_SLVT_TT_nldm_220123 1.0
                          asap7sc7p5t_SIMPLE_SLVT_TT_nldm_211120 1.0
                          physical_cells 
  Operating conditions:   PVT_0P7V_25C 
  Interconnect mode:      global
  Area mode:              physical library
============================================================

 
  Hierarchy Report Format : 
 
    level instance ( module ) <status>
 
    status :    preserve_<value> -- indicating preserve hierachy or inherited_preserve value
           :    blackbox --  indicating  unresolved instance
 
==================================================================

 0 hqc_kem_joint_design
  1 KEYGEN_MODULE ( keygen_parameter_set48h687163313238_N17669_FILE_PKSEED8h00_FILE_SKSEED8h00_MEM_WIDTH128_CT_DESIGN2h2 ) 
     2 VECTSETRAND ( vect_set_random_parameter_set48h687163313238_N17669_FILE_PKSEED8h00_MEM_WIDTH128 ) 
        3 mem_pk_seed ( mem_single_WIDTH32_DEPTH10_FILE8h00 ) 
           4 ctl_address_38_11 ( case_box ) 
           4 mux_mem[address]_41_12 ( bmux ) 
        3 rand_mem ( mem_dual_WIDTH128_DEPTH139 ) 
           4 mux_q_1_59_9 ( bmux_292 ) 
           4 mux_q_0_48_9 ( bmux_292 ) 
           4 ctl_address_0_50_9 ( case_box_296 ) 
           4 ctl_address_1_61_9 ( case_box_297 ) 
           4 mux_mem[address_1]_65_14 ( bmux_300 ) 
           4 mux_mem[address_0]_54_14 ( bmux_301 ) 
        3 eq_150_34 ( equal_unsigned_5 ) 
        3 add_263_34 ( add_unsigned ) 
        3 lt_273_30 ( lt_unsigned ) 
        3 add_406_28 ( add_unsigned_11 ) 
        3 add_381_32 ( add_unsigned_15 ) 
        3 lt_452_43 ( lt_unsigned_19 ) 
        3 mux_count_steps_387_20 ( bmux_28 ) 
        3 mux_state_shake_375_20 ( bmux_29 ) 
        3 mux_state_shake_387_20 ( bmux_30 ) 
        3 mux_state_shake_400_18 ( bmux_28 ) 
        3 ctl_state_shake_363_13 ( case_box_308 ) 
        3 mux_state_shake_363_13 ( mux_32 ) 
        3 mux_shake_input_type_452_43 ( bmux_28 ) 
        3 ctl_state_shake_424_11 ( case_box_309 ) 
        3 mux_shake_input_type_424_11 ( mux_35 ) 
        3 mux_pk_rand_addr_261_17 ( bmux_36 ) 
        3 mux_pk_state_273_30 ( bmux_28 ) 
        3 ctl_pk_state_258_13 ( case_box_312 ) 
        3 mux_pk_state_258_13 ( mux_38 ) 
        3 mux_done_reg_258_13 ( mux_40 ) 
        3 mux_shake_dout_ready_258_13 ( mux_40 ) 
        3 mux_150_34 ( bmux_44 ) 
        3 mux_rand_out_rearrange_176_39 ( bmux_45 ) 
        3 mux_rand_out_rearrange_175_9 ( bmux_292 ) 
        3 mux_113_26 ( bmux_48 ) 
        3 mux_127_39 ( bmux_44 ) 
        3 mux_126_39 ( bmux_44 ) 
        3 mux_125_39 ( bmux_44 ) 
        3 mux_shake_din_valid_431_40 ( bmux_29 ) 
        3 mux_shake_din_valid_424_11 ( mux_54 ) 
        3 mux_195_36 ( bmux_292 ) 
        3 mux_149_20 ( bmux_56 ) 
        3 mux_count_steps_363_13 ( mux_38 ) 
        3 mux_seed_addr_400_18 ( bmux_59 ) 
        3 mux_seed_addr_363_13 ( mux_60 ) 
        3 mux_pk_rand_addr_258_13 ( mux_62 ) 
     2 x_mem ( mem_single_WIDTH15_DEPTH66 ) 
        3 ctl_address_38_11 ( case_box_386 ) 
        3 mux_mem[address]_41_12 ( bmux_387 ) 
     2 LOC_BASED_ADDER ( loc_based_adder_parameter_set48h687163313238_WIDTH128 ) 
        3 g2 ( xor_op ) 
        3 add_176_44 ( add_unsigned_70 ) 
        3 mux_state_171_29 ( bmux_29 ) 
        3 ctl_state_154_14 ( case_box_391 ) 
        3 mux_state_154_14 ( mux_328 ) 
        3 mux_done_reg_154_14 ( mux_330 ) 
        3 mux_add_out_valid_reg_154_14 ( mux_330 ) 
        3 ctl_state_194_11 ( case_box_392 ) 
        3 mux_pm_rd_en_194_11 ( mux_334 ) 
        3 mux_106_32 ( bmux_29 ) 
        3 mux_106_16 ( bmux_29 ) 
        3 mux_106_18 ( bmux_29 ) 
        3 mux_106_20 ( bmux_29 ) 
        3 mux_106_22 ( bmux_29 ) 
        3 mux_106_24 ( bmux_29 ) 
        3 mux_106_26 ( bmux_29 ) 
        3 mux_106_28 ( bmux_29 ) 
        3 mux_106_30 ( bmux_29 ) 
        3 mux_106_33 ( bmux_29 ) 
        3 mux_106_35 ( bmux_29 ) 
        3 mux_106_37 ( bmux_29 ) 
        3 mux_106_39 ( bmux_29 ) 
        3 mux_106_41 ( bmux_29 ) 
        3 mux_106_43 ( bmux_29 ) 
        3 mux_106_45 ( bmux_29 ) 
        3 mux_106_47 ( bmux_29 ) 
        3 mux_106_49 ( bmux_29 ) 
        3 mux_106_51 ( bmux_29 ) 
        3 mux_106_53 ( bmux_29 ) 
        3 mux_106_55 ( bmux_29 ) 
        3 mux_106_57 ( bmux_29 ) 
        3 mux_106_59 ( bmux_29 ) 
        3 mux_106_61 ( bmux_29 ) 
        3 mux_106_63 ( bmux_29 ) 
        3 mux_106_65 ( bmux_29 ) 
        3 mux_106_67 ( bmux_29 ) 
        3 mux_106_69 ( bmux_29 ) 
        3 mux_106_71 ( bmux_29 ) 
        3 mux_106_73 ( bmux_29 ) 
        3 mux_106_75 ( bmux_29 ) 
        3 mux_106_77 ( bmux_29 ) 
        3 mux_106_79 ( bmux_29 ) 
        3 mux_106_81 ( bmux_29 ) 
        3 mux_106_83 ( bmux_29 ) 
        3 mux_106_85 ( bmux_29 ) 
        3 mux_106_87 ( bmux_29 ) 
        3 mux_106_89 ( bmux_29 ) 
        3 mux_106_91 ( bmux_29 ) 
        3 mux_106_93 ( bmux_29 ) 
        3 mux_106_95 ( bmux_29 ) 
        3 mux_106_97 ( bmux_29 ) 
        3 mux_106_99 ( bmux_29 ) 
        3 mux_106_101 ( bmux_29 ) 
        3 mux_106_103 ( bmux_29 ) 
        3 mux_106_105 ( bmux_29 ) 
        3 mux_106_107 ( bmux_29 ) 
        3 mux_106_109 ( bmux_29 ) 
        3 mux_106_111 ( bmux_29 ) 
        3 mux_106_113 ( bmux_29 ) 
        3 mux_106_115 ( bmux_29 ) 
        3 mux_106_117 ( bmux_29 ) 
        3 mux_106_119 ( bmux_29 ) 
        3 mux_106_121 ( bmux_29 ) 
        3 mux_106_123 ( bmux_29 ) 
        3 mux_106_125 ( bmux_29 ) 
        3 mux_106_127 ( bmux_29 ) 
        3 mux_106_129 ( bmux_29 ) 
        3 mux_106_131 ( bmux_29 ) 
        3 mux_106_133 ( bmux_29 ) 
        3 mux_106_135 ( bmux_29 ) 
        3 mux_106_137 ( bmux_29 ) 
        3 mux_106_139 ( bmux_29 ) 
        3 mux_106_141 ( bmux_29 ) 
        3 mux_106_143 ( bmux_29 ) 
        3 mux_106_145 ( bmux_29 ) 
        3 mux_106_147 ( bmux_29 ) 
        3 mux_106_149 ( bmux_29 ) 
        3 mux_106_151 ( bmux_29 ) 
        3 mux_106_153 ( bmux_29 ) 
        3 mux_106_155 ( bmux_29 ) 
        3 mux_106_157 ( bmux_29 ) 
        3 mux_106_159 ( bmux_29 ) 
        3 mux_106_161 ( bmux_29 ) 
        3 mux_106_163 ( bmux_29 ) 
        3 mux_106_165 ( bmux_29 ) 
        3 mux_106_167 ( bmux_29 ) 
        3 mux_106_169 ( bmux_29 ) 
        3 mux_106_171 ( bmux_29 ) 
        3 mux_106_173 ( bmux_29 ) 
        3 mux_106_175 ( bmux_29 ) 
        3 mux_106_177 ( bmux_29 ) 
        3 mux_106_179 ( bmux_29 ) 
        3 mux_106_181 ( bmux_29 ) 
        3 mux_106_183 ( bmux_29 ) 
        3 mux_106_185 ( bmux_29 ) 
        3 mux_106_187 ( bmux_29 ) 
        3 mux_106_189 ( bmux_29 ) 
        3 mux_106_191 ( bmux_29 ) 
        3 mux_106_193 ( bmux_29 ) 
        3 mux_106_195 ( bmux_29 ) 
        3 mux_106_197 ( bmux_29 ) 
        3 mux_106_199 ( bmux_29 ) 
        3 mux_106_201 ( bmux_29 ) 
        3 mux_106_203 ( bmux_29 ) 
        3 mux_106_205 ( bmux_29 ) 
        3 mux_106_207 ( bmux_29 ) 
        3 mux_106_209 ( bmux_29 ) 
        3 mux_106_211 ( bmux_29 ) 
        3 mux_106_213 ( bmux_29 ) 
        3 mux_106_215 ( bmux_29 ) 
        3 mux_106_217 ( bmux_29 ) 
        3 mux_106_219 ( bmux_29 ) 
        3 mux_106_221 ( bmux_29 ) 
        3 mux_106_223 ( bmux_29 ) 
        3 mux_106_225 ( bmux_29 ) 
        3 mux_106_227 ( bmux_29 ) 
        3 mux_106_229 ( bmux_29 ) 
        3 mux_106_231 ( bmux_29 ) 
        3 mux_106_233 ( bmux_29 ) 
        3 mux_106_235 ( bmux_29 ) 
        3 mux_106_237 ( bmux_29 ) 
        3 mux_106_239 ( bmux_29 ) 
        3 mux_106_241 ( bmux_29 ) 
        3 mux_106_243 ( bmux_29 ) 
        3 mux_106_245 ( bmux_29 ) 
        3 mux_106_247 ( bmux_29 ) 
        3 mux_106_249 ( bmux_29 ) 
        3 mux_106_251 ( bmux_29 ) 
        3 mux_106_253 ( bmux_29 ) 
        3 mux_106_255 ( bmux_29 ) 
        3 mux_106_257 ( bmux_29 ) 
        3 mux_106_259 ( bmux_29 ) 
        3 mux_106_261 ( bmux_29 ) 
        3 mux_106_263 ( bmux_29 ) 
        3 mux_106_265 ( bmux_29 ) 
        3 mux_106_267 ( bmux_29 ) 
        3 mux_106_269 ( bmux_29 ) 
        3 mux_loc_rd_en_194_11 ( mux_35 ) 
        3 mux_loc_rd_en_199_29 ( bmux_29 ) 
        3 ctl_194_11 ( case_box_395 ) 
        3 mux_loc_rd_en_194_270 ( mux_465 ) 
        3 mux_loc_rd_addr_154_14 ( mux_466 ) 
     2 add_720_21 ( add_unsigned_70 ) 
     2 gt_341_41 ( gt_unsigned ) 
     2 gt_342_41 ( gt_unsigned ) 
     2 ctl_trx_state_716_13 ( case_box_528 ) 
     2 mux_x_transfer_done_716_13 ( mux_40 ) 
     2 mux_start_vec_random_634_13 ( bmux_29 ) 
     2 mux_rand_out_rd_543_16 ( bmux_29 ) 
     2 mux_324_100 ( bmux_467 ) 
     2 mux_324_45 ( bmux_467 ) 
     2 ctl_trx_state_753_11 ( case_box_529 ) 
     2 mux_wen_x_753_11 ( mux_330 ) 
     2 mux_start_adder_665_13 ( bmux_29 ) 
     2 mux_296_46 ( bmux_56 ) 
     2 mux_sel_fw_590_13 ( bmux_29 ) 
     2 mux_sel_fw_622_13 ( bmux_29 ) 
     2 mux_222_30 ( bmux_29 ) 
     2 mux_224_31 ( bmux_29 ) 
     2 ctl_state_458_13 ( case_box_532 ) 
     2 mux_state_458_13 ( mux_499 ) 
     2 mux_start_x_transfer_606_13 ( bmux_29 ) 
     2 ctl_state_582_11 ( case_box_535 ) 
     2 mux_start_x_transfer_582_11 ( mux_502 ) 
     2 mux_trx_state_716_13 ( mux_38 ) 
     2 mux_start_poly_mult_649_13 ( bmux_29 ) 
     2 mux_start_poly_mult_582_11 ( mux_502 ) 
     2 mux_shake_force_done_458_13 ( mux_509 ) 
     2 mux_done_560_17 ( bmux_29 ) 
     2 mux_done_458_13 ( mux_54 ) 
     2 mux_shake_din_204_9 ( bmux_44 ) 
     2 mux_shake_din_valid_204_9 ( bmux_29 ) 
     2 mux_214_28 ( bmux_29 ) 
     2 mux_352_54 ( bmux_56 ) 
     2 mux_351_54 ( bmux_29 ) 
     2 mux_342_41 ( bmux_292 ) 
     2 mux_341_41 ( bmux_292 ) 
     2 mux_199_30 ( bmux_292 ) 
     2 mux_198_30 ( bmux_292 ) 
     2 mux_197_37 ( bmux_292 ) 
     2 mux_start_vec_random_582_11 ( mux_509 ) 
     2 ctl_582_11 ( case_box_538 ) 
     2 mux_VECTSETRAND_582_11 ( mux_465 ) 
     2 mux_x_addr_718_17 ( bmux_467 ) 
     2 mux_x_addr_716_13 ( mux_466 ) 
     2 mux_start_adder_582_11 ( mux_502 ) 
     2 mux_rand_out_rd_458_13 ( mux_509 ) 
     2 mux_sel_fw_582_11 ( mux_502 ) 
  1 ENCAP_MODULE ( encap_parameter_set48h687163313238_FILE_THETA8h00_CT_DESIGN2h2_PARALLEL_ENCRYPT0 ) 
     2 MSG_MEM ( mem_single_WIDTH32_DEPTH4 ) 
        3 mux_mem[address]_41_12 ( bmux_532 ) 
        3 ctl_address_38_11 ( case_box_548 ) 
     2 D_MEM ( mem_single_WIDTH32_DEPTH16 ) 
        3 mux_mem[address]_41_12 ( bmux_533 ) 
        3 ctl_address_38_11 ( case_box_565 ) 
     2 genblk1.ENCRYPT ( encrypt_parameter_set48h687163313238_CT_DESIGN2h2 ) 
        3 genblk1.FIXEDWEIGHT ( fixed_weight_cww_parameter_set48h687163313238_N17669_M15_WEIGHT75_FILE_SKSEED8h00 ) 
           4 mem_single_seed ( mem_single_WIDTH32_DEPTH10_FILE8h00 ) 
              5 ctl_address_38_11 ( case_box ) 
              5 mux_mem[address]_41_12 ( bmux ) 
           4 B_CONST ( mem_single_WIDTH32_DEPTH75_FILE152h626172726574745f6871635f3132382e6d656d ) 
              5 ctl_address_38_11 ( case_box_642 ) 
              5 mux_mem[address]_41_12 ( bmux_643 ) 
           4 B_RED ( barrett_red_gen_parameter_set48h687163313238 ) 
              5 KM_1 ( karatsuba_small_A_WIDTH32_B_WIDTH32 ) 
                 6 mul_77_15 ( mult_unsigned ) 
                 6 mul_78_15 ( mult_unsigned ) 
                 6 add_79_20 ( add_unsigned_788 ) 
                 6 add_80_20 ( add_unsigned_788 ) 
                 6 add_90_27 ( add_unsigned_792 ) 
                 6 mul_91_31 ( mult_unsigned_928 ) 
                 6 sub_100_40 ( sub_unsigned ) 
                 6 add_106_25 ( add_unsigned_930 ) 
                 6 add_106_67 ( add_unsigned_932 ) 
              5 KM_2 ( karatsuba_small_A_WIDTH32_B_WIDTH32 ) 
                 6 mul_77_15 ( mult_unsigned ) 
                 6 mul_78_15 ( mult_unsigned ) 
                 6 add_79_20 ( add_unsigned_788 ) 
                 6 add_80_20 ( add_unsigned_788 ) 
                 6 add_90_27 ( add_unsigned_792 ) 
                 6 mul_91_31 ( mult_unsigned_928 ) 
                 6 sub_100_40 ( sub_unsigned ) 
                 6 add_106_25 ( add_unsigned_930 ) 
                 6 add_106_67 ( add_unsigned_932 ) 
              5 sub_142_21 ( sub_unsigned_934 ) 
              5 add_144_22 ( add_unsigned_936 ) 
              5 mux_150_19 ( bmux_937 ) 
           4 loca_mem ( mem_dual_WIDTH15_DEPTH75_FILE112h746573745f696e7075742e696e6e ) 
              5 mux_q_1_59_9 ( bmux_937 ) 
              5 mux_q_0_48_9 ( bmux_937 ) 
              5 ctl_address_0_50_9 ( case_box_823 ) 
              5 ctl_address_1_61_9 ( case_box_824 ) 
              5 mux_mem[address_1]_65_14 ( bmux_827 ) 
              5 mux_mem[address_0]_54_14 ( bmux_828 ) 
           4 add_233_28 ( add_unsigned_70 ) 
           4 sub_243_32 ( sub_unsigned_947 ) 
           4 gt_366_25 ( gt_unsigned_950 ) 
           4 add_406_32 ( add_unsigned_70 ) 
           4 sub_404_36 ( sub_unsigned_958 ) 
           4 add_353_36 ( add_unsigned_960 ) 
           4 sub_282_28 ( sub_unsigned_962 ) 
           4 eq_394_27 ( equal_unsigned_964 ) 
           4 add_585_44 ( add_unsigned_11 ) 
           4 add_549_48 ( add_unsigned_15 ) 
           4 lt_662_43 ( lt_unsigned_19 ) 
           4 add_283_28 ( add_unsigned_981 ) 
           4 eq_463_38 ( equal_unsigned_964 ) 
           4 mux_count_steps_560_33 ( bmux_28 ) 
           4 mux_state_shake_543_33 ( bmux_29 ) 
           4 mux_state_shake_538_41 ( bmux_28 ) 
           4 mux_state_shake_560_33 ( bmux_30 ) 
           4 mux_state_shake_555_40 ( bmux_30 ) 
           4 mux_state_shake_577_31 ( bmux_29 ) 
           4 mux_state_shake_572_40 ( bmux_30 ) 
           4 mux_state_shake_591_42 ( bmux_29 ) 
           4 ctl_request_another_vector_605_19 ( case_box_836 ) 
           4 mux_state_shake_605_19 ( mux_998 ) 
           4 mux_state_shake_615_42 ( bmux_30 ) 
           4 ctl_state_shake_527_13 ( case_box_837 ) 
           4 mux_state_shake_527_13 ( mux_1000 ) 
           4 mux_shake_input_type_662_43 ( bmux_28 ) 
           4 ctl_state_shake_634_11 ( case_box_840 ) 
           4 mux_shake_input_type_634_11 ( mux_35 ) 
           4 ctl_state_347_13 ( case_box_843 ) 
           4 mux_count_347_13 ( mux_466 ) 
           4 mux_rd_addr_403_30 ( bmux_56 ) 
           4 mux_state_400_39 ( bmux_28 ) 
           4 mux_state_347_13 ( mux_32 ) 
           4 mux_275_18 ( bmux_467 ) 
           4 ctl_state_434_11 ( case_box_846 ) 
           4 mux_wr_en_0_434_11 ( mux_334 ) 
           4 mux_305_19 ( bmux_937 ) 
           4 mux_wr_en_0_463_38 ( bmux_29 ) 
           4 ctl_434_11 ( case_box_849 ) 
           4 mux_loca_mem_434_11 ( mux_465 ) 
           4 mux_wr_en_1_438_29 ( bmux_29 ) 
           4 mux_wr_en_1_434_11 ( mux_334 ) 
           4 mux_duplicate_detected_394_27 ( bmux_29 ) 
           4 mux_duplicate_detected_347_13 ( mux_330 ) 
           4 mux_shake_out_capture_ready_366_25 ( bmux_29 ) 
           4 mux_shake_out_capture_ready_347_13 ( mux_334 ) 
           4 mux_done_347_13 ( mux_40 ) 
           4 mux_174_26 ( bmux_48 ) 
           4 mux_188_39 ( bmux_44 ) 
           4 mux_187_39 ( bmux_44 ) 
           4 mux_186_39 ( bmux_44 ) 
           4 mux_seed_valid_internal_641_40 ( bmux_29 ) 
           4 mux_seed_valid_internal_634_11 ( mux_502 ) 
           4 mux_count_steps_527_13 ( mux_38 ) 
           4 mux_seed_addr_577_31 ( bmux_59 ) 
           4 mux_seed_addr_527_13 ( mux_60 ) 
           4 mux_rd_addr_366_25 ( bmux_56 ) 
           4 mux_wr_addr_347_13 ( mux_1041 ) 
           4 mux_rd_addr_347_13 ( mux_1043 ) 
        3 ENCODE ( concat_code_parameter_set48h687163313238 ) 
           4 REED_SOLOMON_CODE ( reed_solomon_encode_parameter_set48h687163313238 ) 
              5 GF_MUL_SERIES[32].GFMUL ( gf_mul ) 
              5 GF_MUL_SERIES[31].GFMUL ( gf_mul ) 
              5 GF_MUL_SERIES[30].GFMUL ( gf_mul ) 
              5 GF_MUL_SERIES[29].GFMUL ( gf_mul ) 
              5 GF_MUL_SERIES[28].GFMUL ( gf_mul ) 
              5 GF_MUL_SERIES[27].GFMUL ( gf_mul ) 
              5 GF_MUL_SERIES[26].GFMUL ( gf_mul ) 
              5 GF_MUL_SERIES[25].GFMUL ( gf_mul ) 
              5 GF_MUL_SERIES[24].GFMUL ( gf_mul ) 
              5 GF_MUL_SERIES[23].GFMUL ( gf_mul ) 
              5 GF_MUL_SERIES[22].GFMUL ( gf_mul ) 
              5 GF_MUL_SERIES[21].GFMUL ( gf_mul ) 
              5 GF_MUL_SERIES[20].GFMUL ( gf_mul ) 
              5 GF_MUL_SERIES[19].GFMUL ( gf_mul ) 
              5 GF_MUL_SERIES[18].GFMUL ( gf_mul ) 
              5 GF_MUL_SERIES[17].GFMUL ( gf_mul ) 
              5 GF_MUL_SERIES[16].GFMUL ( gf_mul ) 
              5 GF_MUL_SERIES[15].GFMUL ( gf_mul ) 
              5 GF_MUL_SERIES[14].GFMUL ( gf_mul ) 
              5 GF_MUL_SERIES[13].GFMUL ( gf_mul ) 
              5 GF_MUL_SERIES[12].GFMUL ( gf_mul ) 
              5 GF_MUL_SERIES[11].GFMUL ( gf_mul ) 
              5 GF_MUL_SERIES[10].GFMUL ( gf_mul ) 
              5 GF_MUL_SERIES[9].GFMUL ( gf_mul ) 
              5 GF_MUL_SERIES[8].GFMUL ( gf_mul ) 
              5 GF_MUL_SERIES[7].GFMUL ( gf_mul ) 
              5 GF_MUL_SERIES[6].GFMUL ( gf_mul ) 
              5 GF_MUL_SERIES[5].GFMUL ( gf_mul ) 
              5 GF_MUL_SERIES[4].GFMUL ( gf_mul ) 
              5 GF_MUL_SERIES[3].GFMUL ( gf_mul ) 
              5 GF_MUL_SERIES[2].GFMUL ( gf_mul ) 
              5 GF_MUL_SERIES[1].GFMUL ( gf_mul ) 
              5 CDWXORTMP ( cdw_xor_tmp_parameter_set48h687163313238 ) 
                 6 g1 ( xor_op_866 ) 
                 6 g2 ( xor_op_867 ) 
                 6 g3 ( xor_op_868 ) 
                 6 g4 ( xor_op_869 ) 
                 6 g5 ( xor_op_870 ) 
                 6 g6 ( xor_op_871 ) 
                 6 g7 ( xor_op_872 ) 
                 6 g8 ( xor_op_873 ) 
                 6 g9 ( xor_op_874 ) 
                 6 g10 ( xor_op_875 ) 
                 6 g11 ( xor_op_876 ) 
                 6 g12 ( xor_op_877 ) 
                 6 g13 ( xor_op_878 ) 
                 6 g14 ( xor_op_879 ) 
                 6 g15 ( xor_op_880 ) 
                 6 g16 ( xor_op_881 ) 
                 6 g17 ( xor_op_882 ) 
                 6 g18 ( xor_op_883 ) 
                 6 g19 ( xor_op_884 ) 
                 6 g20 ( xor_op_885 ) 
                 6 g21 ( xor_op_886 ) 
                 6 g22 ( xor_op_887 ) 
                 6 g23 ( xor_op_888 ) 
                 6 g24 ( xor_op_889 ) 
                 6 g25 ( xor_op_890 ) 
                 6 g26 ( xor_op_891 ) 
                 6 g27 ( xor_op_892 ) 
                 6 g28 ( xor_op_893 ) 
                 6 g29 ( xor_op_894 ) 
              5 g3 ( xor_op_895 ) 
              5 add_172_55 ( add_unsigned_11 ) 
              5 mux_state_165_35 ( bmux_29 ) 
              5 ctl_state_146_13 ( case_box_896 ) 
              5 mux_state_146_13 ( mux_328 ) 
              5 ctl_state_189_11 ( case_box_897 ) 
              5 mux_capture_cdw_189_11 ( mux_330 ) 
              5 mux_done_165_35 ( bmux_29 ) 
              5 mux_done_146_13 ( mux_330 ) 
              5 mux_init_msg_189_11 ( mux_334 ) 
              5 mux_init_msg_194_13 ( bmux_29 ) 
              5 ctl_189_11 ( case_box_900 ) 
              5 mux_init_msg_189_1802 ( mux_465 ) 
              5 mux_shift_msg_189_11 ( mux_334 ) 
              5 mux_count_msg_bytes_165_35 ( bmux_59 ) 
              5 mux_count_msg_bytes_146_13 ( mux_60 ) 
              5 mux_msg_77_9 ( bmux_292 ) 
           4 REED_MULLER_ENCODE ( reed_muller_encode_parameter_set48h687163313238 ) 
              5 ENCODER ( rm_encoder ) 
                 6 mux_en_matrix[0]_66_9 ( bmux_1065 ) 
                 6 mux_en_matrix[1]_73_9 ( bmux_1065 ) 
                 6 mux_en_matrix[2]_80_9 ( bmux_1065 ) 
                 6 mux_en_matrix[3]_87_9 ( bmux_1065 ) 
                 6 mux_en_matrix[4]_94_9 ( bmux_1065 ) 
                 6 mux_en_matrix[5]_101_9 ( bmux_1065 ) 
                 6 mux_en_matrix[6]_108_9 ( bmux_1065 ) 
                 6 mux_en_matrix[7]_115_9 ( bmux_292 ) 
              5 CODEWORD ( mem_single_WIDTH128_DEPTH46 ) 
                 6 ctl_address_38_11 ( case_box_959 ) 
                 6 mux_mem[address]_41_12 ( bmux_960 ) 
              5 add_133_51 ( add_unsigned_1077 ) 
              5 mux_state_128_33 ( bmux_29 ) 
              5 ctl_state_118_13 ( case_box_961 ) 
              5 mux_state_118_13 ( mux_38 ) 
              5 mux_done_118_13 ( mux_40 ) 
              5 mux_init_152_17 ( bmux_29 ) 
              5 mux_init_150_11 ( mux_330 ) 
              5 ctl_150_11 ( case_box_965 ) 
              5 mux_cmbsop_shift_cdw_150_11 ( mux_328 ) 
              5 mux_cdw_in_71_9 ( bmux_1086 ) 
              5 mux_90_16 ( bmux_1087 ) 
              5 mux_count_cdw_bytes_118_13 ( mux_1088 ) 
        3 r1_mem ( mem_single_WIDTH15_DEPTH75 ) 
           4 ctl_address_38_11 ( case_box_1046 ) 
           4 mux_mem[address]_41_12 ( bmux_1047 ) 
        3 r2_mem ( mem_single_WIDTH15_DEPTH75 ) 
           4 ctl_address_38_11 ( case_box_1046 ) 
           4 mux_mem[address]_41_12 ( bmux_1047 ) 
        3 u_mem ( mem_single_WIDTH128_DEPTH139 ) 
           4 ctl_address_38_11 ( case_box_1188 ) 
           4 mux_mem[address]_41_12 ( bmux_1189 ) 
        3 LOC_BASED_ADDER ( loc_based_adder_parameter_set48h687163313238_N17669_WEIGHT75_WIDTH128 ) 
           4 g2 ( xor_op_1190 ) 
           4 add_176_44 ( add_unsigned_70 ) 
           4 mux_state_171_29 ( bmux_29 ) 
           4 ctl_state_154_14 ( case_box_1194 ) 
           4 mux_state_154_14 ( mux_328 ) 
           4 mux_done_reg_154_14 ( mux_330 ) 
           4 mux_add_out_valid_reg_154_14 ( mux_330 ) 
           4 ctl_state_194_11 ( case_box_1195 ) 
           4 mux_pm_rd_en_194_11 ( mux_334 ) 
           4 mux_106_32 ( bmux_29 ) 
           4 mux_106_16 ( bmux_29 ) 
           4 mux_106_18 ( bmux_29 ) 
           4 mux_106_20 ( bmux_29 ) 
           4 mux_106_22 ( bmux_29 ) 
           4 mux_106_24 ( bmux_29 ) 
           4 mux_106_26 ( bmux_29 ) 
           4 mux_106_28 ( bmux_29 ) 
           4 mux_106_30 ( bmux_29 ) 
           4 mux_106_33 ( bmux_29 ) 
           4 mux_106_35 ( bmux_29 ) 
           4 mux_106_37 ( bmux_29 ) 
           4 mux_106_39 ( bmux_29 ) 
           4 mux_106_41 ( bmux_29 ) 
           4 mux_106_43 ( bmux_29 ) 
           4 mux_106_45 ( bmux_29 ) 
           4 mux_106_47 ( bmux_29 ) 
           4 mux_106_49 ( bmux_29 ) 
           4 mux_106_51 ( bmux_29 ) 
           4 mux_106_53 ( bmux_29 ) 
           4 mux_106_55 ( bmux_29 ) 
           4 mux_106_57 ( bmux_29 ) 
           4 mux_106_59 ( bmux_29 ) 
           4 mux_106_61 ( bmux_29 ) 
           4 mux_106_63 ( bmux_29 ) 
           4 mux_106_65 ( bmux_29 ) 
           4 mux_106_67 ( bmux_29 ) 
           4 mux_106_69 ( bmux_29 ) 
           4 mux_106_71 ( bmux_29 ) 
           4 mux_106_73 ( bmux_29 ) 
           4 mux_106_75 ( bmux_29 ) 
           4 mux_106_77 ( bmux_29 ) 
           4 mux_106_79 ( bmux_29 ) 
           4 mux_106_81 ( bmux_29 ) 
           4 mux_106_83 ( bmux_29 ) 
           4 mux_106_85 ( bmux_29 ) 
           4 mux_106_87 ( bmux_29 ) 
           4 mux_106_89 ( bmux_29 ) 
           4 mux_106_91 ( bmux_29 ) 
           4 mux_106_93 ( bmux_29 ) 
           4 mux_106_95 ( bmux_29 ) 
           4 mux_106_97 ( bmux_29 ) 
           4 mux_106_99 ( bmux_29 ) 
           4 mux_106_101 ( bmux_29 ) 
           4 mux_106_103 ( bmux_29 ) 
           4 mux_106_105 ( bmux_29 ) 
           4 mux_106_107 ( bmux_29 ) 
           4 mux_106_109 ( bmux_29 ) 
           4 mux_106_111 ( bmux_29 ) 
           4 mux_106_113 ( bmux_29 ) 
           4 mux_106_115 ( bmux_29 ) 
           4 mux_106_117 ( bmux_29 ) 
           4 mux_106_119 ( bmux_29 ) 
           4 mux_106_121 ( bmux_29 ) 
           4 mux_106_123 ( bmux_29 ) 
           4 mux_106_125 ( bmux_29 ) 
           4 mux_106_127 ( bmux_29 ) 
           4 mux_106_129 ( bmux_29 ) 
           4 mux_106_131 ( bmux_29 ) 
           4 mux_106_133 ( bmux_29 ) 
           4 mux_106_135 ( bmux_29 ) 
           4 mux_106_137 ( bmux_29 ) 
           4 mux_106_139 ( bmux_29 ) 
           4 mux_106_141 ( bmux_29 ) 
           4 mux_106_143 ( bmux_29 ) 
           4 mux_106_145 ( bmux_29 ) 
           4 mux_106_147 ( bmux_29 ) 
           4 mux_106_149 ( bmux_29 ) 
           4 mux_106_151 ( bmux_29 ) 
           4 mux_106_153 ( bmux_29 ) 
           4 mux_106_155 ( bmux_29 ) 
           4 mux_106_157 ( bmux_29 ) 
           4 mux_106_159 ( bmux_29 ) 
           4 mux_106_161 ( bmux_29 ) 
           4 mux_106_163 ( bmux_29 ) 
           4 mux_106_165 ( bmux_29 ) 
           4 mux_106_167 ( bmux_29 ) 
           4 mux_106_169 ( bmux_29 ) 
           4 mux_106_171 ( bmux_29 ) 
           4 mux_106_173 ( bmux_29 ) 
           4 mux_106_175 ( bmux_29 ) 
           4 mux_106_177 ( bmux_29 ) 
           4 mux_106_179 ( bmux_29 ) 
           4 mux_106_181 ( bmux_29 ) 
           4 mux_106_183 ( bmux_29 ) 
           4 mux_106_185 ( bmux_29 ) 
           4 mux_106_187 ( bmux_29 ) 
           4 mux_106_189 ( bmux_29 ) 
           4 mux_106_191 ( bmux_29 ) 
           4 mux_106_193 ( bmux_29 ) 
           4 mux_106_195 ( bmux_29 ) 
           4 mux_106_197 ( bmux_29 ) 
           4 mux_106_199 ( bmux_29 ) 
           4 mux_106_201 ( bmux_29 ) 
           4 mux_106_203 ( bmux_29 ) 
           4 mux_106_205 ( bmux_29 ) 
           4 mux_106_207 ( bmux_29 ) 
           4 mux_106_209 ( bmux_29 ) 
           4 mux_106_211 ( bmux_29 ) 
           4 mux_106_213 ( bmux_29 ) 
           4 mux_106_215 ( bmux_29 ) 
           4 mux_106_217 ( bmux_29 ) 
           4 mux_106_219 ( bmux_29 ) 
           4 mux_106_221 ( bmux_29 ) 
           4 mux_106_223 ( bmux_29 ) 
           4 mux_106_225 ( bmux_29 ) 
           4 mux_106_227 ( bmux_29 ) 
           4 mux_106_229 ( bmux_29 ) 
           4 mux_106_231 ( bmux_29 ) 
           4 mux_106_233 ( bmux_29 ) 
           4 mux_106_235 ( bmux_29 ) 
           4 mux_106_237 ( bmux_29 ) 
           4 mux_106_239 ( bmux_29 ) 
           4 mux_106_241 ( bmux_29 ) 
           4 mux_106_243 ( bmux_29 ) 
           4 mux_106_245 ( bmux_29 ) 
           4 mux_106_247 ( bmux_29 ) 
           4 mux_106_249 ( bmux_29 ) 
           4 mux_106_251 ( bmux_29 ) 
           4 mux_106_253 ( bmux_29 ) 
           4 mux_106_255 ( bmux_29 ) 
           4 mux_106_257 ( bmux_29 ) 
           4 mux_106_259 ( bmux_29 ) 
           4 mux_106_261 ( bmux_29 ) 
           4 mux_106_263 ( bmux_29 ) 
           4 mux_106_265 ( bmux_29 ) 
           4 mux_106_267 ( bmux_29 ) 
           4 mux_106_269 ( bmux_29 ) 
           4 mux_loc_rd_en_194_11 ( mux_35 ) 
           4 mux_loc_rd_en_199_29 ( bmux_29 ) 
           4 ctl_194_11 ( case_box_1198 ) 
           4 mux_loc_rd_en_194_270 ( mux_465 ) 
           4 mux_loc_rd_addr_154_14 ( mux_466 ) 
        3 XOR_BASED_ADDER ( xor_based_adder_parameter_set48h687163313238_N17669_WIDTH128 ) 
           4 g1 ( xor_op_1318 ) 
           4 add_139_36 ( add_unsigned_960 ) 
           4 mux_state_135_25 ( bmux_28 ) 
           4 ctl_state_122_14 ( case_box_1324 ) 
           4 mux_state_122_14 ( mux_38 ) 
           4 mux_done_reg_122_14 ( mux_40 ) 
           4 mux_add_out_valid_reg_122_14 ( mux_40 ) 
           4 mux_in_rd_en_158_29 ( bmux_29 ) 
           4 mux_in_rd_en_154_11 ( mux_330 ) 
           4 mux_in_addr_122_14 ( mux_1508 ) 
        3 div_546_37 ( divide_unsigned ) 
        3 add_956_24 ( add_unsigned_70 ) 
        3 add_1065_38 ( add_unsigned_960 ) 
        3 gt_446_32 ( gt_unsigned ) 
        3 gt_447_32 ( gt_unsigned ) 
        3 mux_start_fw_867_13 ( bmux_29 ) 
        3 ctl_state_863_11 ( case_box_1352 ) 
        3 mux_start_fw_863_11 ( mux_334 ) 
        3 mux_start_fw_transfer_863_11 ( mux_1537 ) 
        3 mux_start_fw_transfer_881_13 ( bmux_29 ) 
        3 ctl_863_11 ( case_box_1353 ) 
        3 mux_start_fw_transfer_863_43 ( mux_40 ) 
        3 mux_fw_addr_954_18 ( bmux_467 ) 
        3 ctl_trx_state_952_14 ( case_box_1356 ) 
        3 mux_done_fw_transfer_952_14 ( mux_40 ) 
        3 mux_rd_fw_993_14 ( bmux_29 ) 
        3 ctl_trx_state_989_12 ( case_box_1359 ) 
        3 mux_rd_fw_989_12 ( mux_40 ) 
        3 mux_sel_r1_hr2_1107_25 ( bmux_29 ) 
        3 ctl_u_state_1086_6 ( case_box_1362 ) 
        3 mux_copy_u_1086_6 ( mux_35 ) 
        3 mux_sel_r1_hr2_1124_25 ( bmux_29 ) 
        3 mux_sel_r1_hr2_1086_6 ( mux_334 ) 
        3 mux_398_19 ( bmux_467 ) 
        3 mux_wen_fw_989_12 ( mux_330 ) 
        3 mux_525_40 ( bmux_937 ) 
        3 mux_525_15 ( bmux_937 ) 
        3 mux_start_adder_r1r2h_1086_6 ( mux_330 ) 
        3 ctl_v_state_1170_13 ( case_box_1365 ) 
        3 mux_sel_e_1170_13 ( mux_330 ) 
        3 mux_247_29 ( bmux_29 ) 
        3 mux_250_28 ( bmux_467 ) 
        3 mux_249_28 ( bmux_467 ) 
        3 mux_state_840_13 ( bmux_30 ) 
        3 mux_r2_done_832_13 ( bmux_29 ) 
        3 ctl_state_749_13 ( case_box_1368 ) 
        3 mux_r2_done_749_13 ( mux_54 ) 
        3 mux_u_done_1070_28 ( bmux_29 ) 
        3 ctl_u_state_1044_13 ( case_box_1371 ) 
        3 mux_u_done_1044_13 ( mux_330 ) 
        3 mux_v_state_1170_13 ( mux_328 ) 
        3 mux_start_adder_mG_1242_25 ( bmux_29 ) 
        3 ctl_v_state_1211_10 ( case_box_1374 ) 
        3 mux_start_adder_mG_1211_10 ( mux_330 ) 
        3 mux_sel_hs_1173_17 ( bmux_29 ) 
        3 mux_sel_hs_1170_13 ( mux_465 ) 
        3 mux_done_1170_13 ( mux_40 ) 
        3 mux_done_fixed_weight_749_13 ( mux_334 ) 
        3 mux_459_66 ( bmux_292 ) 
        3 mux_459_40 ( bmux_292 ) 
        3 mux_458_70 ( bmux_56 ) 
        3 mux_458_40 ( bmux_56 ) 
        3 mux_457_61 ( bmux_29 ) 
        3 mux_457_40 ( bmux_29 ) 
        3 ctl_1086_6 ( case_box_1377 ) 
        3 mux_1086_6 ( mux_465 ) 
        3 mux_456_75 ( bmux_56 ) 
        3 mux_456_48 ( bmux_56 ) 
        3 mux_456_28 ( bmux_56 ) 
        3 mux_455_57 ( bmux_29 ) 
        3 mux_428_23 ( bmux_292 ) 
        3 mux_447_32 ( bmux_292 ) 
        3 mux_427_23 ( bmux_292 ) 
        3 mux_446_32 ( bmux_292 ) 
        3 mux_407_19 ( bmux_467 ) 
        3 mux_start_poly_mult_r2h_1086_6 ( mux_334 ) 
        3 mux_start_poly_mult_r2h_1093_25 ( bmux_29 ) 
        3 ctl_1086_68 ( case_box_1380 ) 
        3 mux_1086_69 ( mux_465 ) 
        3 mux_start_poly_mult_sr2_1211_10 ( mux_334 ) 
        3 ctl_1211_10 ( case_box_1383 ) 
        3 mux_1211_10 ( mux_465 ) 
        3 mux_415_16 ( bmux_292 ) 
        3 mux_416_46 ( bmux_56 ) 
        3 mux_416_19 ( bmux_56 ) 
        3 mux_wen_u_1086_6 ( mux_334 ) 
        3 mux_417_29 ( bmux_29 ) 
        3 mux_373_19 ( bmux_292 ) 
        3 mux_423_27 ( bmux_1613 ) 
        3 mux_422_27 ( bmux_1613 ) 
        3 mux_425_27 ( bmux_1613 ) 
        3 mux_424_27 ( bmux_1613 ) 
        3 mux_fw_addr_952_14 ( mux_466 ) 
        3 mux_trx_state_952_14 ( mux_38 ) 
        3 mux_request_another_vector_749_13 ( mux_1621 ) 
        3 mux_en_r1_749_13 ( mux_54 ) 
        3 mux_start_adder_sr2_plus_e_1211_10 ( mux_334 ) 
        3 ctl_1211_74 ( case_box_1386 ) 
        3 mux_1211_75 ( mux_465 ) 
        3 mux_state_749_13 ( mux_1000 ) 
        3 mux_u_cpy_addr_1070_28 ( bmux_56 ) 
        3 mux_u_cpy_addr_1044_13 ( mux_1043 ) 
        3 mux_u_state_1044_13 ( mux_328 ) 
        3 mux_en_r2_749_13 ( mux_54 ) 
     2 MOD34_BARRETT ( mod34 ) 
        3 sub_44_35 ( sub_unsigned_1640 ) 
        3 add_44_48 ( add_unsigned_1642 ) 
        3 add_49_32 ( add_unsigned_1644 ) 
        3 sub_52_29 ( sub_unsigned_1646 ) 
        3 add_54_33 ( add_unsigned_1648 ) 
        3 mux_57_22 ( bmux_1087 ) 
     2 HASH_MEM ( mem_single_WIDTH32_DEPTH1143 ) 
        3 mux_mem[address]_41_12 ( mux_1650 ) 
        3 decode_gint ( Decoder_11_1142_0_opt ) 
        3 ctl_address_38_11 ( case_box_2543 ) 
     2 rem_1320_30 ( remainder_unsigned ) 
     2 add_637_42 ( add_unsigned_1667 ) 
     2 lt_1304_31 ( lt_unsigned_1672 ) 
     2 lt_1385_31 ( lt_unsigned_1675 ) 
     2 lte_1012_34 ( leq_unsigned ) 
     2 eq_1077_30 ( equal_unsigned_1678 ) 
     2 add_653_37 ( add_unsigned_15 ) 
     2 add_817_38 ( add_unsigned_1684 ) 
     2 lt_732_28 ( lt_unsigned_1687 ) 
     2 add_734_46 ( add_unsigned_1684 ) 
     2 lt_934_41 ( lt_unsigned_1694 ) 
     2 add_1033_57 ( add_unsigned_960 ) 
     2 add_663_52 ( add_unsigned_1698 ) 
     2 gt_1001_29 ( gt_unsigned_1703 ) 
     2 lt_952_32 ( lt_unsigned_1706 ) 
     2 add_954_52 ( add_unsigned_1684 ) 
     2 eq_1320_34 ( equal_unsigned_1710 ) 
     2 gte_1395_36 ( geq_unsigned ) 
     2 neq_1343_34 ( nequal_unsigned ) 
     2 eq_1587_20 ( equal_unsigned_1715 ) 
     2 add_1575_29 ( add_unsigned_1667 ) 
     2 mux_state_682_28 ( bmux_30 ) 
     2 mux_274_20 ( bmux_1575 ) 
     2 mux_theta_wen_1196_13 ( bmux_29 ) 
     2 mux_550_37 ( bmux_29 ) 
     2 mux_sel_uv_877_34 ( bmux_29 ) 
     2 mux_sel_uv_613_13 ( bmux_1745 ) 
     2 mux_336_24 ( bmux_29 ) 
     2 mux_335_43 ( bmux_29 ) 
     2 mux_334_43 ( bmux_29 ) 
     2 ctl_state_613_13 ( case_box_2573 ) 
     2 mux_u_v_out_en_int_613_13 ( mux_1750 ) 
     2 mux_339_21 ( bmux_29 ) 
     2 mux_count_uv_blocks_885_41 ( bmux_1753 ) 
     2 mux_count_uv_blocks_613_13 ( bmux_1759 ) 
     2 mux_u_v_out_addr_int_913_34 ( bmux_56 ) 
     2 mux_u_v_out_addr_int_613_13 ( bmux_1762 ) 
     2 mux_342_23 ( bmux_56 ) 
     2 mux_258_31 ( bmux_29 ) 
     2 mux_state_885_41 ( bmux_29 ) 
     2 mux_state_882_21 ( bmux_1767 ) 
     2 mux_state_877_34 ( bmux_1767 ) 
     2 mux_state_980_41 ( bmux_1575 ) 
     2 mux_state_977_21 ( bmux_1575 ) 
     2 mux_state_975_34 ( bmux_30 ) 
     2 mux_state_1012_34 ( bmux_1575 ) 
     2 mux_state_613_13 ( bmux_1780 ) 
     2 ctl_state_1100_6 ( case_box_2574 ) 
     2 mux_start_hash_1100_6 ( mux_1750 ) 
     2 mux_total_shake_input_count_613_13 ( mux_1783 ) 
     2 mux_h_state_1587_20 ( bmux_1575 ) 
     2 ctl_h_state_1553_13 ( case_box_2577 ) 
     2 mux_h_state_1553_13 ( mux_1786 ) 
     2 mux_hash_processing_1556_17 ( bmux_29 ) 
     2 mux_hash_processing_1587_20 ( bmux_29 ) 
     2 mux_hash_processing_1553_13 ( mux_54 ) 
     2 mux_hash_mem_wen_1304_31 ( bmux_29 ) 
     2 mux_hash_mem_wen_1385_31 ( bmux_29 ) 
     2 mux_hash_mem_wen_1100_6 ( bmux_1796 ) 
     2 mux_shake_in_type_1323_44 ( bmux_29 ) 
     2 mux_shake_in_type_1320_34 ( bmux_1575 ) 
     2 mux_shake_in_type_1343_34 ( bmux_29 ) 
     2 mux_shake_in_type_1362_13 ( bmux_29 ) 
     2 mux_shake_in_type_1411_34 ( bmux_1575 ) 
     2 mux_shift_uv_1362_13 ( bmux_29 ) 
     2 mux_last_block_capture_1100_6 ( mux_330 ) 
     2 mux_block_capture_1395_36 ( bmux_29 ) 
     2 mux_block_capture_1392_39 ( bmux_29 ) 
     2 mux_block_capture_1100_6 ( mux_509 ) 
     2 mux_d_wen_1100_6 ( bmux_1796 ) 
     2 mux_shake_support_vector_1001_29 ( bmux_1087 ) 
     2 mux_shake_support_vector_613_13 ( mux_1817 ) 
     2 mux_shake_dout_ready_h_613_13 ( mux_1819 ) 
     2 mux_done_613_13 ( mux_334 ) 
     2 mux_u_v_reg_522_9 ( bmux_56 ) 
     2 mux_shake_force_done_1202_24 ( bmux_29 ) 
     2 mux_shake_force_done_1100_6 ( bmux_1796 ) 
     2 mux_255_28 ( bmux_29 ) 
     2 ctl_509_37 ( case_box_2580 ) 
     2 mux_509_37 ( mux_1828 ) 
     2 mux_553_34 ( bmux_1829 ) 
     2 mux_552_21 ( bmux_1829 ) 
     2 mux_254_21 ( bmux_44 ) 
     2 mux_shake_din_valid_h_1629_13 ( bmux_29 ) 
     2 ctl_h_state_1615_11 ( case_box_2583 ) 
     2 mux_shake_din_valid_h_1615_11 ( mux_54 ) 
     2 mux_252_27 ( bmux_29 ) 
     2 mux_292_39 ( bmux_1753 ) 
     2 mux_249_37 ( bmux_292 ) 
     2 mux_248_36 ( bmux_292 ) 
     2 mux_m_addr_int_682_28 ( bmux_1575 ) 
     2 mux_m_addr_int_613_13 ( mux_328 ) 
     2 mux_theta_addr_732_28 ( bmux_1753 ) 
     2 mux_theta_addr_613_13 ( mux_1844 ) 
     2 mux_start_encrypt_1100_6 ( mux_1845 ) 
     2 mux_init_msg_in_1100_6 ( mux_1845 ) 
     2 mux_shift_msg_in_1100_6 ( mux_1845 ) 
     2 mux_theta_wen_1100_6 ( mux_1848 ) 
     2 mux_fixed_weight_processing_768_17 ( bmux_29 ) 
     2 mux_fixed_weight_processing_613_13 ( mux_1851 ) 
     2 mux_d_addr_809_24 ( bmux_1753 ) 
     2 mux_d_addr_613_13 ( mux_1854 ) 
     2 mux_hash_in_addr_613_13 ( mux_1856 ) 
     2 mux_h_addr_1553_13 ( mux_1857 ) 
     2 mux_cap_uv_1100_6 ( bmux_1861 ) 
     2 mux_shake_in_type_1100_6 ( mux_1863 ) 
     2 mux_shift_uv_1100_6 ( bmux_1861 ) 
     2 mux_u_v_491_9 ( bmux_4712 ) 
  1 DECAP_MODULE ( decap_parameter_set48h687163313238 ) 
     2 D_MEM ( mem_single_WIDTH32_DEPTH16 ) 
        3 mux_mem[address]_41_12 ( bmux_533 ) 
        3 ctl_address_38_11 ( case_box_565 ) 
     2 DECRYPT ( decrypt_parameter_set48h687163313238 ) 
        3 V_MINUS_UY ( v_minus_uy_parameter_set48h687163313238 ) 
           4 XOR_BASED_ADDER ( xor_based_adder_parameter_set48h687163313238_N17669_WIDTH128 ) 
              5 g1 ( xor_op_1318 ) 
              5 add_139_36 ( add_unsigned_960 ) 
              5 mux_state_135_25 ( bmux_28 ) 
              5 ctl_state_122_14 ( case_box_1324 ) 
              5 mux_state_122_14 ( mux_38 ) 
              5 mux_done_reg_122_14 ( mux_40 ) 
              5 mux_add_out_valid_reg_122_14 ( mux_40 ) 
              5 mux_in_rd_en_158_29 ( bmux_29 ) 
              5 mux_in_rd_en_154_11 ( mux_330 ) 
              5 mux_in_addr_122_14 ( mux_1508 ) 
           4 gt_164_36 ( gt_unsigned ) 
           4 gt_165_32 ( gt_unsigned ) 
           4 ctl_state_321_11 ( case_box_2592 ) 
           4 mux_start_adder_321_11 ( mux_334 ) 
           4 mux_start_adder_336_13 ( bmux_29 ) 
           4 ctl_321_11 ( case_box_2593 ) 
           4 mux_XOR_BASED_ADDER_321_11 ( mux_465 ) 
           4 ctl_state_282_13 ( case_box_2596 ) 
           4 mux_state_282_13 ( mux_328 ) 
           4 mux_sel_uv_282_13 ( mux_330 ) 
           4 mux_done_282_13 ( mux_330 ) 
           4 mux_174_24 ( bmux_56 ) 
           4 mux_173_24 ( bmux_29 ) 
           4 mux_165_32 ( bmux_292 ) 
           4 mux_164_36 ( bmux_292 ) 
           4 mux_start_poly_mult_321_11 ( mux_334 ) 
           4 mux_start_poly_mult_325_13 ( bmux_29 ) 
           4 ctl_321_13 ( case_box_2599 ) 
           4 mux_pm_start_321_11 ( mux_465 ) 
           4 mux_150_21 ( bmux_1613 ) 
        3 DECODE ( hqc_decod_top_PARAM_SECURITY128 ) 
           4 RM_DECOD ( hqc_rmdecod_top_PARAM_SECURITY128 ) 
              5 EXPANSE_AND_SUM ( hqc_rmdecod_expnsum_PARAM_SECURITY128 ) 
                 6 add_68_33 ( add_unsigned_1893 ) 
                 6 add_68_49 ( add_unsigned_15 ) 
                 6 add_69_33 ( add_unsigned_1893 ) 
                 6 add_69_49 ( add_unsigned_15 ) 
                 6 add_96_14 ( add_unsigned_1901 ) 
                 6 add_123_22 ( add_unsigned_960 ) 
                 6 mux_dout_buf_57_30 ( bmux_1914 ) 
              5 HADAMARD ( hqc_rmdecod_hadamard_PARAM_SECURITY128 ) 
                 6 HADAMARD_LAYER[0].HL ( hadamard_layer_NN3 ) 
                    7 FIFO_F0 ( syncfifo_DW4_AW5 ) 
                       8 add_35_35 ( add_unsigned_11 ) 
                       8 add_36_35 ( add_unsigned_1920 ) 
                       8 add_84_27 ( add_unsigned_11 ) 
                       8 add_85_27 ( add_unsigned_1920 ) 
                       8 mux_71_12 ( bmux_29 ) 
                       8 mux_full_42_9 ( bmux_29 ) 
                       8 mux_empty_70_9 ( bmux_29 ) 
                       8 mux_fifo[rd_addr]_91_14 ( bmux_1939 ) 
                       8 mux_106_17 ( bmux_1753 ) 
                       8 ctl_wr_addr_63_3 ( case_box_2648 ) 
                    7 FIFO_F1 ( syncfifo_DW4_AW5 ) 
                       8 add_35_35 ( add_unsigned_11 ) 
                       8 add_36_35 ( add_unsigned_1920 ) 
                       8 add_84_27 ( add_unsigned_11 ) 
                       8 add_85_27 ( add_unsigned_1920 ) 
                       8 mux_71_12 ( bmux_29 ) 
                       8 mux_full_42_9 ( bmux_29 ) 
                       8 mux_empty_70_9 ( bmux_29 ) 
                       8 mux_fifo[rd_addr]_91_14 ( bmux_1939 ) 
                       8 mux_106_17 ( bmux_1753 ) 
                       8 ctl_wr_addr_63_3 ( case_box_2648 ) 
                    7 FIFO_S0 ( syncfifo_DW4_AW5 ) 
                       8 add_35_35 ( add_unsigned_11 ) 
                       8 add_36_35 ( add_unsigned_1920 ) 
                       8 add_84_27 ( add_unsigned_11 ) 
                       8 add_85_27 ( add_unsigned_1920 ) 
                       8 mux_71_12 ( bmux_29 ) 
                       8 mux_full_42_9 ( bmux_29 ) 
                       8 mux_empty_70_9 ( bmux_29 ) 
                       8 mux_fifo[rd_addr]_91_14 ( bmux_1939 ) 
                       8 mux_106_17 ( bmux_1753 ) 
                       8 ctl_wr_addr_63_3 ( case_box_2648 ) 
                    7 FIFO_S1 ( syncfifo_DW4_AW5 ) 
                       8 add_35_35 ( add_unsigned_11 ) 
                       8 add_36_35 ( add_unsigned_1920 ) 
                       8 add_84_27 ( add_unsigned_11 ) 
                       8 add_85_27 ( add_unsigned_1920 ) 
                       8 mux_71_12 ( bmux_29 ) 
                       8 mux_full_42_9 ( bmux_29 ) 
                       8 mux_empty_70_9 ( bmux_29 ) 
                       8 mux_fifo[rd_addr]_91_14 ( bmux_1939 ) 
                       8 mux_106_17 ( bmux_1753 ) 
                       8 ctl_wr_addr_63_3 ( case_box_2648 ) 
                    7 add_170_38 ( add_unsigned_1943 ) 
                    7 sub_171_38 ( sub_unsigned_1945 ) 
                    7 add_253_20 ( add_unsigned_1077 ) 
                    7 add_268_22 ( add_unsigned_1077 ) 
                    7 mux_289_18 ( bmux_1753 ) 
                    7 mux_288_18 ( bmux_1753 ) 
                 6 HADAMARD_LAYER[1].HL ( hadamard_layer_NN4 ) 
                    7 FIFO_F0 ( syncfifo_DW5_AW5 ) 
                       8 add_35_35 ( add_unsigned_11 ) 
                       8 add_36_35 ( add_unsigned_1920 ) 
                       8 add_84_27 ( add_unsigned_11 ) 
                       8 add_85_27 ( add_unsigned_1920 ) 
                       8 mux_71_12 ( bmux_29 ) 
                       8 mux_full_42_9 ( bmux_29 ) 
                       8 mux_empty_70_9 ( bmux_29 ) 
                       8 mux_fifo[rd_addr]_91_14 ( bmux_1780 ) 
                       8 mux_106_17 ( bmux_1767 ) 
                       8 ctl_wr_addr_63_3 ( case_box_2697 ) 
                    7 FIFO_F1 ( syncfifo_DW5_AW5 ) 
                       8 add_35_35 ( add_unsigned_11 ) 
                       8 add_36_35 ( add_unsigned_1920 ) 
                       8 add_84_27 ( add_unsigned_11 ) 
                       8 add_85_27 ( add_unsigned_1920 ) 
                       8 mux_71_12 ( bmux_29 ) 
                       8 mux_full_42_9 ( bmux_29 ) 
                       8 mux_empty_70_9 ( bmux_29 ) 
                       8 mux_fifo[rd_addr]_91_14 ( bmux_1780 ) 
                       8 mux_106_17 ( bmux_1767 ) 
                       8 ctl_wr_addr_63_3 ( case_box_2697 ) 
                    7 FIFO_S0 ( syncfifo_DW5_AW5 ) 
                       8 add_35_35 ( add_unsigned_11 ) 
                       8 add_36_35 ( add_unsigned_1920 ) 
                       8 add_84_27 ( add_unsigned_11 ) 
                       8 add_85_27 ( add_unsigned_1920 ) 
                       8 mux_71_12 ( bmux_29 ) 
                       8 mux_full_42_9 ( bmux_29 ) 
                       8 mux_empty_70_9 ( bmux_29 ) 
                       8 mux_fifo[rd_addr]_91_14 ( bmux_1780 ) 
                       8 mux_106_17 ( bmux_1767 ) 
                       8 ctl_wr_addr_63_3 ( case_box_2697 ) 
                    7 FIFO_S1 ( syncfifo_DW5_AW5 ) 
                       8 add_35_35 ( add_unsigned_11 ) 
                       8 add_36_35 ( add_unsigned_1920 ) 
                       8 add_84_27 ( add_unsigned_11 ) 
                       8 add_85_27 ( add_unsigned_1920 ) 
                       8 mux_71_12 ( bmux_29 ) 
                       8 mux_full_42_9 ( bmux_29 ) 
                       8 mux_empty_70_9 ( bmux_29 ) 
                       8 mux_fifo[rd_addr]_91_14 ( bmux_1780 ) 
                       8 mux_106_17 ( bmux_1767 ) 
                       8 ctl_wr_addr_63_3 ( case_box_2697 ) 
                    7 add_170_38 ( add_unsigned_1989 ) 
                    7 sub_171_38 ( sub_unsigned_1991 ) 
                    7 add_253_20 ( add_unsigned_1077 ) 
                    7 add_268_22 ( add_unsigned_1077 ) 
                    7 mux_289_18 ( bmux_1767 ) 
                    7 mux_288_18 ( bmux_1767 ) 
                 6 HADAMARD_LAYER[2].HL ( hadamard_layer_NN5 ) 
                    7 FIFO_F0 ( syncfifo_DW6_AW5 ) 
                       8 add_35_35 ( add_unsigned_11 ) 
                       8 add_36_35 ( add_unsigned_1920 ) 
                       8 add_84_27 ( add_unsigned_11 ) 
                       8 add_85_27 ( add_unsigned_1920 ) 
                       8 mux_71_12 ( bmux_29 ) 
                       8 mux_full_42_9 ( bmux_29 ) 
                       8 mux_empty_70_9 ( bmux_29 ) 
                       8 mux_fifo[rd_addr]_91_14 ( bmux_2031 ) 
                       8 mux_106_17 ( bmux_1087 ) 
                       8 ctl_wr_addr_63_3 ( case_box_2745 ) 
                    7 FIFO_F1 ( syncfifo_DW6_AW5 ) 
                       8 add_35_35 ( add_unsigned_11 ) 
                       8 add_36_35 ( add_unsigned_1920 ) 
                       8 add_84_27 ( add_unsigned_11 ) 
                       8 add_85_27 ( add_unsigned_1920 ) 
                       8 mux_71_12 ( bmux_29 ) 
                       8 mux_full_42_9 ( bmux_29 ) 
                       8 mux_empty_70_9 ( bmux_29 ) 
                       8 mux_fifo[rd_addr]_91_14 ( bmux_2031 ) 
                       8 mux_106_17 ( bmux_1087 ) 
                       8 ctl_wr_addr_63_3 ( case_box_2745 ) 
                    7 FIFO_S0 ( syncfifo_DW6_AW5 ) 
                       8 add_35_35 ( add_unsigned_11 ) 
                       8 add_36_35 ( add_unsigned_1920 ) 
                       8 add_84_27 ( add_unsigned_11 ) 
                       8 add_85_27 ( add_unsigned_1920 ) 
                       8 mux_71_12 ( bmux_29 ) 
                       8 mux_full_42_9 ( bmux_29 ) 
                       8 mux_empty_70_9 ( bmux_29 ) 
                       8 mux_fifo[rd_addr]_91_14 ( bmux_2031 ) 
                       8 mux_106_17 ( bmux_1087 ) 
                       8 ctl_wr_addr_63_3 ( case_box_2745 ) 
                    7 FIFO_S1 ( syncfifo_DW6_AW5 ) 
                       8 add_35_35 ( add_unsigned_11 ) 
                       8 add_36_35 ( add_unsigned_1920 ) 
                       8 add_84_27 ( add_unsigned_11 ) 
                       8 add_85_27 ( add_unsigned_1920 ) 
                       8 mux_71_12 ( bmux_29 ) 
                       8 mux_full_42_9 ( bmux_29 ) 
                       8 mux_empty_70_9 ( bmux_29 ) 
                       8 mux_fifo[rd_addr]_91_14 ( bmux_2031 ) 
                       8 mux_106_17 ( bmux_1087 ) 
                       8 ctl_wr_addr_63_3 ( case_box_2745 ) 
                    7 add_170_38 ( add_unsigned_1648 ) 
                    7 sub_171_38 ( sub_unsigned_2037 ) 
                    7 add_253_20 ( add_unsigned_1077 ) 
                    7 add_268_22 ( add_unsigned_1077 ) 
                    7 mux_289_18 ( bmux_1087 ) 
                    7 mux_288_18 ( bmux_1087 ) 
                 6 HADAMARD_LAYER[3].HL ( hadamard_layer_NN6 ) 
                    7 FIFO_F0 ( syncfifo_DW7_AW5 ) 
                       8 add_35_35 ( add_unsigned_11 ) 
                       8 add_36_35 ( add_unsigned_1920 ) 
                       8 add_84_27 ( add_unsigned_11 ) 
                       8 add_85_27 ( add_unsigned_1920 ) 
                       8 mux_71_12 ( bmux_29 ) 
                       8 mux_full_42_9 ( bmux_29 ) 
                       8 mux_empty_70_9 ( bmux_29 ) 
                       8 mux_fifo[rd_addr]_91_14 ( bmux_2077 ) 
                       8 mux_106_17 ( bmux_467 ) 
                       8 ctl_wr_addr_63_3 ( case_box_2794 ) 
                    7 FIFO_F1 ( syncfifo_DW7_AW5 ) 
                       8 add_35_35 ( add_unsigned_11 ) 
                       8 add_36_35 ( add_unsigned_1920 ) 
                       8 add_84_27 ( add_unsigned_11 ) 
                       8 add_85_27 ( add_unsigned_1920 ) 
                       8 mux_71_12 ( bmux_29 ) 
                       8 mux_full_42_9 ( bmux_29 ) 
                       8 mux_empty_70_9 ( bmux_29 ) 
                       8 mux_fifo[rd_addr]_91_14 ( bmux_2077 ) 
                       8 mux_106_17 ( bmux_467 ) 
                       8 ctl_wr_addr_63_3 ( case_box_2794 ) 
                    7 FIFO_S0 ( syncfifo_DW7_AW5 ) 
                       8 add_35_35 ( add_unsigned_11 ) 
                       8 add_36_35 ( add_unsigned_1920 ) 
                       8 add_84_27 ( add_unsigned_11 ) 
                       8 add_85_27 ( add_unsigned_1920 ) 
                       8 mux_71_12 ( bmux_29 ) 
                       8 mux_full_42_9 ( bmux_29 ) 
                       8 mux_empty_70_9 ( bmux_29 ) 
                       8 mux_fifo[rd_addr]_91_14 ( bmux_2077 ) 
                       8 mux_106_17 ( bmux_467 ) 
                       8 ctl_wr_addr_63_3 ( case_box_2794 ) 
                    7 FIFO_S1 ( syncfifo_DW7_AW5 ) 
                       8 add_35_35 ( add_unsigned_11 ) 
                       8 add_36_35 ( add_unsigned_1920 ) 
                       8 add_84_27 ( add_unsigned_11 ) 
                       8 add_85_27 ( add_unsigned_1920 ) 
                       8 mux_71_12 ( bmux_29 ) 
                       8 mux_full_42_9 ( bmux_29 ) 
                       8 mux_empty_70_9 ( bmux_29 ) 
                       8 mux_fifo[rd_addr]_91_14 ( bmux_2077 ) 
                       8 mux_106_17 ( bmux_467 ) 
                       8 ctl_wr_addr_63_3 ( case_box_2794 ) 
                    7 add_170_38 ( add_unsigned_2081 ) 
                    7 sub_171_38 ( sub_unsigned_2083 ) 
                    7 add_253_20 ( add_unsigned_1077 ) 
                    7 add_268_22 ( add_unsigned_1077 ) 
                    7 mux_289_18 ( bmux_467 ) 
                    7 mux_288_18 ( bmux_467 ) 
                 6 HADAMARD_LAYER[4].HL ( hadamard_layer_NN7 ) 
                    7 FIFO_F0 ( syncfifo_DW8_AW5 ) 
                       8 add_35_35 ( add_unsigned_11 ) 
                       8 add_36_35 ( add_unsigned_1920 ) 
                       8 add_84_27 ( add_unsigned_11 ) 
                       8 add_85_27 ( add_unsigned_1920 ) 
                       8 mux_71_12 ( bmux_29 ) 
                       8 mux_full_42_9 ( bmux_29 ) 
                       8 mux_empty_70_9 ( bmux_29 ) 
                       8 mux_fifo[rd_addr]_91_14 ( bmux_2123 ) 
                       8 mux_106_17 ( bmux_56 ) 
                       8 ctl_wr_addr_63_3 ( case_box_2842 ) 
                    7 FIFO_F1 ( syncfifo_DW8_AW5 ) 
                       8 add_35_35 ( add_unsigned_11 ) 
                       8 add_36_35 ( add_unsigned_1920 ) 
                       8 add_84_27 ( add_unsigned_11 ) 
                       8 add_85_27 ( add_unsigned_1920 ) 
                       8 mux_71_12 ( bmux_29 ) 
                       8 mux_full_42_9 ( bmux_29 ) 
                       8 mux_empty_70_9 ( bmux_29 ) 
                       8 mux_fifo[rd_addr]_91_14 ( bmux_2123 ) 
                       8 mux_106_17 ( bmux_56 ) 
                       8 ctl_wr_addr_63_3 ( case_box_2842 ) 
                    7 FIFO_S0 ( syncfifo_DW8_AW5 ) 
                       8 add_35_35 ( add_unsigned_11 ) 
                       8 add_36_35 ( add_unsigned_1920 ) 
                       8 add_84_27 ( add_unsigned_11 ) 
                       8 add_85_27 ( add_unsigned_1920 ) 
                       8 mux_71_12 ( bmux_29 ) 
                       8 mux_full_42_9 ( bmux_29 ) 
                       8 mux_empty_70_9 ( bmux_29 ) 
                       8 mux_fifo[rd_addr]_91_14 ( bmux_2123 ) 
                       8 mux_106_17 ( bmux_56 ) 
                       8 ctl_wr_addr_63_3 ( case_box_2842 ) 
                    7 FIFO_S1 ( syncfifo_DW8_AW5 ) 
                       8 add_35_35 ( add_unsigned_11 ) 
                       8 add_36_35 ( add_unsigned_1920 ) 
                       8 add_84_27 ( add_unsigned_11 ) 
                       8 add_85_27 ( add_unsigned_1920 ) 
                       8 mux_71_12 ( bmux_29 ) 
                       8 mux_full_42_9 ( bmux_29 ) 
                       8 mux_empty_70_9 ( bmux_29 ) 
                       8 mux_fifo[rd_addr]_91_14 ( bmux_2123 ) 
                       8 mux_106_17 ( bmux_56 ) 
                       8 ctl_wr_addr_63_3 ( case_box_2842 ) 
                    7 add_170_38 ( add_unsigned_2127 ) 
                    7 sub_171_38 ( sub_unsigned_2129 ) 
                    7 add_253_20 ( add_unsigned_1077 ) 
                    7 add_268_22 ( add_unsigned_1077 ) 
                    7 mux_289_18 ( bmux_56 ) 
                    7 mux_288_18 ( bmux_56 ) 
                 6 HADAMARD_LAYER[5].HL ( hadamard_layer_NN8 ) 
                    7 FIFO_F0 ( syncfifo_DW9_AW5 ) 
                       8 add_35_35 ( add_unsigned_11 ) 
                       8 add_36_35 ( add_unsigned_1920 ) 
                       8 add_84_27 ( add_unsigned_11 ) 
                       8 add_85_27 ( add_unsigned_1920 ) 
                       8 mux_71_12 ( bmux_29 ) 
                       8 mux_full_42_9 ( bmux_29 ) 
                       8 mux_empty_70_9 ( bmux_29 ) 
                       8 mux_fifo[rd_addr]_91_14 ( bmux_2169 ) 
                       8 mux_106_17 ( bmux_1613 ) 
                       8 ctl_wr_addr_63_3 ( case_box_2890 ) 
                    7 FIFO_F1 ( syncfifo_DW9_AW5 ) 
                       8 add_35_35 ( add_unsigned_11 ) 
                       8 add_36_35 ( add_unsigned_1920 ) 
                       8 add_84_27 ( add_unsigned_11 ) 
                       8 add_85_27 ( add_unsigned_1920 ) 
                       8 mux_71_12 ( bmux_29 ) 
                       8 mux_full_42_9 ( bmux_29 ) 
                       8 mux_empty_70_9 ( bmux_29 ) 
                       8 mux_fifo[rd_addr]_91_14 ( bmux_2169 ) 
                       8 mux_106_17 ( bmux_1613 ) 
                       8 ctl_wr_addr_63_3 ( case_box_2890 ) 
                    7 FIFO_S0 ( syncfifo_DW9_AW5 ) 
                       8 add_35_35 ( add_unsigned_11 ) 
                       8 add_36_35 ( add_unsigned_1920 ) 
                       8 add_84_27 ( add_unsigned_11 ) 
                       8 add_85_27 ( add_unsigned_1920 ) 
                       8 mux_71_12 ( bmux_29 ) 
                       8 mux_full_42_9 ( bmux_29 ) 
                       8 mux_empty_70_9 ( bmux_29 ) 
                       8 mux_fifo[rd_addr]_91_14 ( bmux_2169 ) 
                       8 mux_106_17 ( bmux_1613 ) 
                       8 ctl_wr_addr_63_3 ( case_box_2890 ) 
                    7 FIFO_S1 ( syncfifo_DW9_AW5 ) 
                       8 add_35_35 ( add_unsigned_11 ) 
                       8 add_36_35 ( add_unsigned_1920 ) 
                       8 add_84_27 ( add_unsigned_11 ) 
                       8 add_85_27 ( add_unsigned_1920 ) 
                       8 mux_71_12 ( bmux_29 ) 
                       8 mux_full_42_9 ( bmux_29 ) 
                       8 mux_empty_70_9 ( bmux_29 ) 
                       8 mux_fifo[rd_addr]_91_14 ( bmux_2169 ) 
                       8 mux_106_17 ( bmux_1613 ) 
                       8 ctl_wr_addr_63_3 ( case_box_2890 ) 
                    7 add_170_38 ( add_unsigned_2173 ) 
                    7 sub_171_38 ( sub_unsigned_2175 ) 
                    7 add_253_20 ( add_unsigned_1077 ) 
                    7 add_268_22 ( add_unsigned_1077 ) 
                    7 mux_289_18 ( bmux_1613 ) 
                    7 mux_288_18 ( bmux_1613 ) 
                 6 HADAMARD_LAYER[6].HL ( hadamard_layer_NN9 ) 
                    7 FIFO_F0 ( syncfifo_DW10_AW5 ) 
                       8 add_35_35 ( add_unsigned_11 ) 
                       8 add_36_35 ( add_unsigned_1920 ) 
                       8 add_84_27 ( add_unsigned_11 ) 
                       8 add_85_27 ( add_unsigned_1920 ) 
                       8 mux_71_12 ( bmux_29 ) 
                       8 mux_full_42_9 ( bmux_29 ) 
                       8 mux_empty_70_9 ( bmux_29 ) 
                       8 mux_fifo[rd_addr]_91_14 ( bmux_2215 ) 
                       8 mux_106_17 ( bmux_36 ) 
                       8 ctl_wr_addr_63_3 ( case_box_2938 ) 
                    7 FIFO_F1 ( syncfifo_DW10_AW5 ) 
                       8 add_35_35 ( add_unsigned_11 ) 
                       8 add_36_35 ( add_unsigned_1920 ) 
                       8 add_84_27 ( add_unsigned_11 ) 
                       8 add_85_27 ( add_unsigned_1920 ) 
                       8 mux_71_12 ( bmux_29 ) 
                       8 mux_full_42_9 ( bmux_29 ) 
                       8 mux_empty_70_9 ( bmux_29 ) 
                       8 mux_fifo[rd_addr]_91_14 ( bmux_2215 ) 
                       8 mux_106_17 ( bmux_36 ) 
                       8 ctl_wr_addr_63_3 ( case_box_2938 ) 
                    7 FIFO_S0 ( syncfifo_DW10_AW5 ) 
                       8 add_35_35 ( add_unsigned_11 ) 
                       8 add_36_35 ( add_unsigned_1920 ) 
                       8 add_84_27 ( add_unsigned_11 ) 
                       8 add_85_27 ( add_unsigned_1920 ) 
                       8 mux_71_12 ( bmux_29 ) 
                       8 mux_full_42_9 ( bmux_29 ) 
                       8 mux_empty_70_9 ( bmux_29 ) 
                       8 mux_fifo[rd_addr]_91_14 ( bmux_2215 ) 
                       8 mux_106_17 ( bmux_36 ) 
                       8 ctl_wr_addr_63_3 ( case_box_2938 ) 
                    7 FIFO_S1 ( syncfifo_DW10_AW5 ) 
                       8 add_35_35 ( add_unsigned_11 ) 
                       8 add_36_35 ( add_unsigned_1920 ) 
                       8 add_84_27 ( add_unsigned_11 ) 
                       8 add_85_27 ( add_unsigned_1920 ) 
                       8 mux_71_12 ( bmux_29 ) 
                       8 mux_full_42_9 ( bmux_29 ) 
                       8 mux_empty_70_9 ( bmux_29 ) 
                       8 mux_fifo[rd_addr]_91_14 ( bmux_2215 ) 
                       8 mux_106_17 ( bmux_36 ) 
                       8 ctl_wr_addr_63_3 ( case_box_2938 ) 
                    7 add_170_38 ( add_unsigned_2219 ) 
                    7 sub_171_38 ( sub_unsigned_2221 ) 
                    7 add_253_20 ( add_unsigned_1077 ) 
                    7 add_268_22 ( add_unsigned_1077 ) 
                    7 mux_289_18 ( bmux_36 ) 
                    7 mux_288_18 ( bmux_36 ) 
                 6 sub_74_46 ( sub_unsigned_2238 ) 
                 6 mux_74_23 ( bmux_36 ) 
              5 FIND_PEAKS ( hqc_rmdecod_findpeaks_PARAM_SECURITY128 ) 
                 6 FIND_PEAKS_0 ( findpeaks_core_PARAM_SECURITY128_DIN_W10_DOUT_W7_STARTPOS0 ) 
                    7 g1 ( not_op ) 
                    7 gt_145_28 ( gt_unsigned_2242 ) 
                    7 add_136_43 ( add_unsigned_2244 ) 
                    7 add_175_20 ( add_unsigned_2248 ) 
                    7 mux_136_20 ( bmux_1613 ) 
                    7 mux_140_21 ( bmux_1613 ) 
                    7 mux_141_21 ( bmux_467 ) 
                    7 mux_149_21 ( bmux_467 ) 
                    7 mux_142_21 ( bmux_36 ) 
                    7 mux_150_21 ( bmux_36 ) 
                    7 mux_148_21 ( bmux_1613 ) 
                 6 FIND_PEAKS_1 ( findpeaks_core_PARAM_SECURITY128_DIN_W10_DOUT_W7_STARTPOS1 ) 
                    7 g1 ( not_op_2953 ) 
                    7 gt_145_28 ( gt_unsigned_2242 ) 
                    7 add_136_43 ( add_unsigned_2244 ) 
                    7 add_175_20 ( add_unsigned_2248 ) 
                    7 mux_136_20 ( bmux_1613 ) 
                    7 mux_140_21 ( bmux_1613 ) 
                    7 mux_141_21 ( bmux_467 ) 
                    7 mux_149_21 ( bmux_467 ) 
                    7 mux_142_21 ( bmux_36 ) 
                    7 mux_150_21 ( bmux_36 ) 
                    7 mux_148_21 ( bmux_1613 ) 
                 6 gt_47_30 ( gt_unsigned_2278 ) 
                 6 gt_45_30 ( gt_unsigned_2242 ) 
                 6 mux_50_44 ( bmux_467 ) 
                 6 mux_51_44 ( bmux_36 ) 
              5 RM_DECOD_CTRL ( hqc_rmdecod_ctrl_PARAM_SECURITY128 ) 
                 6 add_74_20 ( add_unsigned_960 ) 
                 6 add_109_22 ( add_unsigned_1077 ) 
           4 RS_DECOD ( hqc_rsdecod_top_PARAM_SECURITY128 ) 
              5 COMPUTE_SYNDROMES ( hqc_rsdecod_syndromes_PARAM_SECURITY128 ) 
                 6 GFMUL_SYND ( gfmul_REG_IN0_REG_OUT1 ) 
                 6 g4 ( xor_op_2967 ) 
                 6 add_118_22 ( add_unsigned_1077 ) 
                 6 add_126_14 ( add_unsigned_1077 ) 
                 6 ctl_din_cnt_160_8 ( case_box_2975 ) 
                 6 mux_alpha_rom_160_8 ( mux_2305 ) 
                 6 mux_alpha_buf_91_4 ( bmux_1060 ) 
              5 COMPUTE_ELP ( hqc_rsdecod_elp_PARAM_SECURITY128 ) 
                 6 DD_MUL ( gfmul_REG_IN0_REG_OUT0 ) 
                 6 gf_mul[0].DD_MUL ( gfmul_REG_IN0_REG_OUT0 ) 
                 6 gf_mul[1].DD_MUL ( gfmul_REG_IN0_REG_OUT0 ) 
                 6 gf_mul[2].DD_MUL ( gfmul_REG_IN0_REG_OUT0 ) 
                 6 gf_mul[3].DD_MUL ( gfmul_REG_IN0_REG_OUT0 ) 
                 6 gf_mul[4].DD_MUL ( gfmul_REG_IN0_REG_OUT0 ) 
                 6 gf_mul[5].DD_MUL ( gfmul_REG_IN0_REG_OUT0 ) 
                 6 gf_mul[6].DD_MUL ( gfmul_REG_IN0_REG_OUT0 ) 
                 6 gf_mul[7].DD_MUL ( gfmul_REG_IN0_REG_OUT0 ) 
                 6 gf_mul[8].DD_MUL ( gfmul_REG_IN0_REG_OUT0 ) 
                 6 gf_mul[9].DD_MUL ( gfmul_REG_IN0_REG_OUT0 ) 
                 6 gf_mul[10].DD_MUL ( gfmul_REG_IN0_REG_OUT0 ) 
                 6 gf_mul[11].DD_MUL ( gfmul_REG_IN0_REG_OUT0 ) 
                 6 gf_mul[12].DD_MUL ( gfmul_REG_IN0_REG_OUT0 ) 
                 6 gf_mul[13].DD_MUL ( gfmul_REG_IN0_REG_OUT0 ) 
                 6 gf_mul[14].DD_MUL ( gfmul_REG_IN0_REG_OUT0 ) 
                 6 g2 ( xor_op_2997 ) 
                 6 sub_107_23 ( sub_unsigned_2313 ) 
                 6 add_107_28 ( add_signed ) 
                 6 gt_112_31 ( gt_unsigned_2318 ) 
                 6 add_184_14 ( add_unsigned_1077 ) 
                 6 mux_d_73_4 ( bmux_56 ) 
                 6 mux_166_21 ( bmux_2330 ) 
                 6 mux_136_18 ( bmux_2330 ) 
                 6 mux_167_21 ( bmux_2330 ) 
                 6 mux_syndrome_buf_58_4 ( bmux_1060 ) 
                 6 g288 ( xor_op_2983 ) 
                 6 g289 ( xor_op_2984 ) 
                 6 g290 ( xor_op_2985 ) 
                 6 g291 ( xor_op_2986 ) 
                 6 g292 ( xor_op_2987 ) 
                 6 g293 ( xor_op_2988 ) 
                 6 g294 ( xor_op_2989 ) 
                 6 g295 ( xor_op_2990 ) 
                 6 g296 ( xor_op_2991 ) 
                 6 g297 ( xor_op_2992 ) 
                 6 g298 ( xor_op_2993 ) 
                 6 g299 ( xor_op_2994 ) 
                 6 g300 ( xor_op_2995 ) 
                 6 g301 ( xor_op_2996 ) 
                 6 mux_cnt_en_buf_192_9 ( bmux_4713 ) 
              5 COMPUTE_ZPOLY ( hqc_rsdecod_zpoly_PARAM_SECURITY128 ) 
                 6 GF_MUL ( gfmul_REG_IN0_REG_OUT0 ) 
                 6 g7 ( xor_op_3009 ) 
                 6 g8 ( xor_op_3010 ) 
                 6 sub_137_42 ( sub_unsigned_2342 ) 
                 6 lt_93_22 ( lt_unsigned_2345 ) 
                 6 add_93_36 ( add_unsigned_2347 ) 
                 6 add_124_18 ( add_unsigned_1077 ) 
                 6 add_134_18 ( add_unsigned_1077 ) 
                 6 mux_137_26 ( bmux_29 ) 
                 6 mux_73_20 ( bmux_56 ) 
                 6 mux_syndrome_buf1_51_4 ( bmux_2330 ) 
                 6 mux_syndrome_buf2_58_4 ( bmux_2330 ) 
                 6 mux_85_25 ( bmux_56 ) 
                 6 mux_85_12 ( bmux_56 ) 
                 6 mux_84_18 ( bmux_56 ) 
                 6 mux_91_12 ( bmux_56 ) 
                 6 mux_sigma_buf_66_12 ( bmux_4714 ) 
              5 COMPUTE_ROOTS ( hqc_rsdecod_roots_PARAM_SECURITY128 ) 
                 6 ADD_FFT ( add_fft_DIN_W256_AW8_DW8 ) 
                    7 FFT_PART1 ( fft_part1_DIN_W256_DOUT_W32 ) 
                       8 GF_MUL ( gfmul_REG_IN0_REG_OUT0 ) 
                       8 g2 ( xor_op_3014 ) 
                       8 g3 ( xor_op_3015 ) 
                       8 g4 ( xor_op_3016 ) 
                       8 sub_202_19 ( sub_unsigned_2400 ) 
                       8 add_181_18 ( add_unsigned_15 ) 
                       8 add_187_14 ( add_unsigned_1684 ) 
                       8 add_193_10 ( add_unsigned_15 ) 
                       8 mux_197_52 ( bmux_29 ) 
                       8 mux_198_32 ( bmux_29 ) 
                       8 mux_64_57 ( bmux_44 ) 
                       8 ctl_78_11 ( case_box_3021 ) 
                       8 mux_buff_78_11 ( mux_2417 ) 
                       8 mux_91_21 ( bmux_44 ) 
                       8 mux_90_16 ( bmux_2419 ) 
                       8 mux_buff_94_16 ( bmux_2419 ) 
                       8 mux_buff_92_16 ( bmux_2419 ) 
                       8 mux_buff_89_7 ( bmux_2419 ) 
                       8 mux_101_21 ( bmux_44 ) 
                       8 mux_100_16 ( bmux_2419 ) 
                       8 mux_buff_102_16 ( bmux_2419 ) 
                       8 mux_buff_99_7 ( bmux_2419 ) 
                       8 ctl_start_i_75_4 ( case_box_3022 ) 
                       8 mux_buff_75_4 ( mux_2427 ) 
                    7 BUTTERFLY ( fft_leaves_butterfly ) 
                       8 DD_MUL ( gfmul_REG_IN0_REG_OUT0 ) 
                       8 g1 ( xor_op_3033 ) 
                       8 g9 ( xor_op_3034 ) 
                       8 add_99_14 ( add_unsigned_1684 ) 
                       8 mux_79_19 ( bmux_1767 ) 
                       8 mux_78_19 ( bmux_1087 ) 
                       8 mux_77_19 ( bmux_467 ) 
                       8 mux_53_44 ( bmux_56 ) 
                       8 mux_52_26 ( bmux_56 ) 
                       8 mux_51_22 ( bmux_56 ) 
                       8 mux_dout_56_11 ( bmux_56 ) 
                    7 FFT_PART2 ( fft_part2 ) 
                       8 ROUND[0].FFT_ROUND ( fft_part2_round_ROUND0_DIN_W8_DOUT_W8 ) 
                          9 FIFO_FFT ( syncfifo_DW8_AW4 ) 
                            10 add_35_35 ( add_unsigned_1684 ) 
                            10 add_36_35 ( add_unsigned_2472 ) 
                            10 add_84_27 ( add_unsigned_1684 ) 
                            10 add_85_27 ( add_unsigned_2472 ) 
                            10 mux_71_12 ( bmux_29 ) 
                            10 mux_full_42_9 ( bmux_29 ) 
                            10 mux_empty_70_9 ( bmux_29 ) 
                            10 mux_fifo[rd_addr]_91_14 ( bmux_2491 ) 
                            10 mux_106_17 ( bmux_56 ) 
                            10 ctl_wr_addr_63_3 ( case_box_3061 ) 
                          9 GF_MUL ( gfmul_REG_IN0_REG_OUT0 ) 
                          9 g4 ( xor_op_3063 ) 
                          9 g5 ( xor_op_3064 ) 
                          9 add_190_20 ( add_unsigned_960 ) 
                          9 add_204_22 ( add_unsigned_960 ) 
                          9 ctl_cnt_in_238_8 ( case_box_3076 ) 
                          9 mux_g_238_8 ( mux_2509 ) 
                          9 mux_139_19 ( bmux_56 ) 
                          9 mux_156_17 ( bmux_56 ) 
                       8 ROUND[1].FFT_ROUND ( fft_part2_round_ROUND1_DIN_W8_DOUT_W8 ) 
                          9 FIFO_FFT ( syncfifo_DW8_AW5 ) 
                            10 add_35_35 ( add_unsigned_11 ) 
                            10 add_36_35 ( add_unsigned_1920 ) 
                            10 add_84_27 ( add_unsigned_11 ) 
                            10 add_85_27 ( add_unsigned_1920 ) 
                            10 mux_71_12 ( bmux_29 ) 
                            10 mux_full_42_9 ( bmux_29 ) 
                            10 mux_empty_70_9 ( bmux_29 ) 
                            10 mux_fifo[rd_addr]_91_14 ( bmux_2123 ) 
                            10 mux_106_17 ( bmux_56 ) 
                            10 ctl_wr_addr_63_3 ( case_box_2842 ) 
                          9 GF_MUL ( gfmul_REG_IN0_REG_OUT0 ) 
                          9 g4 ( xor_op_3078 ) 
                          9 g5 ( xor_op_3079 ) 
                          9 add_190_20 ( add_unsigned_960 ) 
                          9 add_204_22 ( add_unsigned_960 ) 
                          9 ctl_cnt_in_251_8 ( case_box_3091 ) 
                          9 mux_g_251_8 ( mux_2532 ) 
                          9 mux_139_19 ( bmux_56 ) 
                          9 mux_156_17 ( bmux_56 ) 
                       8 ROUND[2].FFT_ROUND ( fft_part2_round_ROUND2_DIN_W8_DOUT_W8 ) 
                          9 FIFO_FFT ( syncfifo_DW8_AW6 ) 
                            10 add_35_35 ( add_unsigned_1077 ) 
                            10 add_36_35 ( add_unsigned_2545 ) 
                            10 add_84_27 ( add_unsigned_1077 ) 
                            10 add_85_27 ( add_unsigned_2545 ) 
                            10 mux_71_12 ( bmux_29 ) 
                            10 mux_full_42_9 ( bmux_29 ) 
                            10 mux_empty_70_9 ( bmux_29 ) 
                            10 mux_fifo[rd_addr]_91_14 ( bmux_2564 ) 
                            10 mux_106_17 ( bmux_56 ) 
                            10 ctl_wr_addr_63_3 ( case_box_3163 ) 
                          9 GF_MUL ( gfmul_REG_IN0_REG_OUT0 ) 
                          9 g4 ( xor_op_3165 ) 
                          9 g5 ( xor_op_3166 ) 
                          9 add_190_20 ( add_unsigned_960 ) 
                          9 add_204_22 ( add_unsigned_960 ) 
                          9 ctl_cnt_in_268_8 ( case_box_3178 ) 
                          9 mux_g_268_8 ( mux_2582 ) 
                          9 mux_139_19 ( bmux_56 ) 
                          9 mux_156_17 ( bmux_56 ) 
                       8 ROUND[3].FFT_ROUND ( fft_part2_round_ROUND3_DIN_W8_DOUT_W8 ) 
                          9 FIFO_FFT ( syncfifo_DW8_AW7 ) 
                            10 add_35_35 ( add_unsigned_70 ) 
                            10 add_36_35 ( add_unsigned_2248 ) 
                            10 add_84_27 ( add_unsigned_70 ) 
                            10 add_85_27 ( add_unsigned_2248 ) 
                            10 mux_71_12 ( bmux_29 ) 
                            10 mux_full_42_9 ( bmux_29 ) 
                            10 mux_empty_70_9 ( bmux_29 ) 
                            10 mux_fifo[rd_addr]_91_14 ( bmux_2614 ) 
                            10 mux_106_17 ( bmux_56 ) 
                            10 ctl_wr_addr_63_3 ( case_box_3314 ) 
                          9 GF_MUL ( gfmul_REG_IN0_REG_OUT0 ) 
                          9 g4 ( xor_op_3316 ) 
                          9 g5 ( xor_op_3317 ) 
                          9 add_190_20 ( add_unsigned_960 ) 
                          9 add_204_22 ( add_unsigned_960 ) 
                          9 ctl_cnt_in_293_8 ( case_box_3329 ) 
                          9 mux_g_293_8 ( mux_2632 ) 
                          9 mux_139_19 ( bmux_56 ) 
                          9 mux_156_17 ( bmux_56 ) 
                    7 add_95_14 ( add_unsigned_960 ) 
                    7 add_123_24 ( add_unsigned_960 ) 
                    7 add_154_22 ( add_unsigned_960 ) 
                    7 mux_134_19 ( bmux_56 ) 
                 6 FFT_RETRIEVE_ERROR ( fft_retrieve_error_poly_PARAM_SECURITY128 ) 
                    7 g2 ( xor_op_3337 ) 
                    7 add_75_14 ( add_unsigned_960 ) 
                    7 ctl_cnt_109_8 ( case_box_3341 ) 
                    7 mux_addr_109_8 ( mux_2674 ) 
                    7 mux_57_30 ( bmux_56 ) 
                    7 mux_58_21 ( bmux_56 ) 
                 6 mux_80_19 ( bmux_56 ) 
                 6 mux_mem[ram_addr]_89_15 ( bmux_2311 ) 
                 6 ctl_ram_addr_86_7 ( case_box_3598 ) 
              5 COMPUTE_ERRVALS ( hqc_rsdecod_err_val_PARAM_SECURITY128 ) 
                 6 GFMUL_A ( gfmul_REG_IN0_REG_OUT0 ) 
                 6 GFMUL_B ( gfmul_REG_IN0_REG_OUT0 ) 
                 6 g27 ( xor_op_3602 ) 
                 6 lt_109_31 ( lt_unsigned_19 ) 
                 6 add_114_26 ( add_unsigned_11 ) 
                 6 lt_132_22 ( lt_unsigned_2699 ) 
                 6 lt_210_38 ( lt_unsigned_2706 ) 
                 6 add_206_51 ( add_unsigned_2127 ) 
                 6 add_273_18 ( add_unsigned_70 ) 
                 6 add_286_20 ( add_unsigned_11 ) 
                 6 add_297_20 ( add_unsigned_11 ) 
                 6 add_315_20 ( add_unsigned_11 ) 
                 6 mux_232_17 ( bmux_1767 ) 
                 6 mux_165_21 ( bmux_56 ) 
                 6 mux_169_21 ( bmux_56 ) 
                 6 mux_213_41 ( bmux_1767 ) 
                 6 mux_212_32 ( bmux_1767 ) 
                 6 mux_211_20 ( bmux_1767 ) 
                 6 mux_206_25 ( bmux_56 ) 
                 6 mux_170_21 ( bmux_56 ) 
                 6 mux_135_25 ( bmux_56 ) 
                 6 mux_167_21 ( bmux_56 ) 
                 6 mux_166_21 ( bmux_56 ) 
                 6 mux_227_19 ( bmux_56 ) 
                 6 mux_124_19 ( bmux_56 ) 
                 6 mux_error_buf_93_13 ( bmux_1086 ) 
                 6 mux_z_buf_100_13 ( bmux_292 ) 
                 6 ctl_beta_addr_206_4 ( case_box_3653 ) 
                 6 ctl_e_addr_227_4 ( case_box_3656 ) 
                 6 mux_beta_j[beta_addr]_207_13 ( bmux_3659 ) 
                 6 mux_e_j[e_addr]_228_10 ( bmux_3660 ) 
                 6 ctl_x_370_8 ( case_box_3599 ) 
                 6 P_216_16:mux_P_370_8 ( mux_2674 ) 
                 6 mux_state_242_9 ( bmux_4715 ) 
              5 g7 ( xor_op_3663 ) 
     2 lt_721_15 ( lt_unsigned_2756 ) 
     2 add_722_23 ( add_unsigned_1901 ) 
     2 lt_754_24 ( lt_unsigned_1694 ) 
     2 add_756_42 ( add_unsigned_960 ) 
     2 lt_775_24 ( lt_unsigned_1694 ) 
     2 lt_790_24 ( lt_unsigned_2769 ) 
     2 lt_807_21 ( lt_unsigned_1694 ) 
     2 add_808_37 ( add_unsigned_960 ) 
     2 lt_822_21 ( lt_unsigned_1694 ) 
     2 ctl_state_872_6 ( case_box_3670 ) 
     2 mux_start_decrypt_872_6 ( mux_1848 ) 
     2 mux_start_decrypt_882_13 ( bmux_29 ) 
     2 ctl_872_6 ( case_box_3671 ) 
     2 mux_DECRYPT_872_6 ( mux_465 ) 
     2 mux_358_19 ( bmux_292 ) 
     2 mux_359_19 ( bmux_292 ) 
     2 mux_state_721_15 ( bmux_29 ) 
     2 mux_encap_out_addr_775_24 ( bmux_56 ) 
     2 mux_encap_out_addr_790_24 ( bmux_56 ) 
     2 mux_u_v_in_addr_822_21 ( bmux_56 ) 
     2 ctl_state_672_13 ( case_box_3674 ) 
     2 mux_state_672_13 ( mux_2793 ) 
     2 mux_dec_uv_703_11 ( bmux_29 ) 
     2 mux_dec_uv_672_13 ( mux_465 ) 
     2 mux_copy_uv_790_24 ( bmux_29 ) 
     2 mux_copy_uv_672_13 ( mux_502 ) 
     2 mux_cmbsop_load_msg_872_6 ( mux_2802 ) 
     2 mux_encap_out_en_738_8 ( bmux_29 ) 
     2 mux_encap_out_en_672_13 ( mux_509 ) 
     2 mux_sel_out_672_13 ( mux_2806 ) 
     2 mux_capture_msg_872_6 ( mux_1848 ) 
     2 mux_capture_msg_899_13 ( bmux_29 ) 
     2 ctl_872_68 ( case_box_3680 ) 
     2 mux_capture_msg_872_69 ( mux_465 ) 
     2 mux_msg_in_456_6 ( bmux_292 ) 
     2 mux_466_26 ( bmux_292 ) 
     2 mux_477_31 ( bmux_56 ) 
     2 mux_476_31 ( bmux_29 ) 
     2 mux_475_31 ( bmux_1575 ) 
     2 mux_start_encap_872_6 ( mux_1848 ) 
     2 mux_start_encap_916_20 ( bmux_29 ) 
     2 ctl_872_75 ( case_box_3683 ) 
     2 mux_e_start_encap_872_6 ( mux_465 ) 
     2 mux_347_67 ( bmux_56 ) 
     2 mux_347_44 ( bmux_56 ) 
     2 mux_347_21 ( bmux_1613 ) 
     2 mux_m_addr_721_15 ( bmux_30 ) 
     2 mux_m_addr_672_13 ( mux_2827 ) 
     2 mux_encap_out_addr_754_24 ( bmux_56 ) 
     2 mux_encap_out_addr_672_13 ( mux_2830 ) 
     2 mux_u_v_in_addr_807_21 ( bmux_56 ) 
     2 mux_u_v_in_addr_672_13 ( mux_2833 ) 
     2 mux_325_19 ( bmux_1753 ) 
  1 SHAKE256 ( keccak_top ) 
     2 control_path_instance ( control_path ) 
        3 rem_1348_42 ( remainder_unsigned_2897 ) 
        3 dcd_din_padded_1637_19 ( Decoder_11_31_0 ) 
        3 mux_din_padded_1637_19 ( bmux_29 ) 
        3 mux_din_padded_1637_35 ( bmux_29 ) 
        3 mux_din_padded_1637_36 ( bmux_29 ) 
        3 mux_din_padded_1637_37 ( bmux_29 ) 
        3 mux_din_padded_1637_38 ( bmux_29 ) 
        3 mux_din_padded_1637_39 ( bmux_29 ) 
        3 mux_din_padded_1637_40 ( bmux_29 ) 
        3 mux_din_padded_1637_41 ( bmux_29 ) 
        3 mux_din_padded_1637_42 ( bmux_29 ) 
        3 mux_din_padded_1637_43 ( bmux_29 ) 
        3 mux_din_padded_1637_44 ( bmux_29 ) 
        3 mux_din_padded_1637_45 ( bmux_29 ) 
        3 mux_din_padded_1637_46 ( bmux_29 ) 
        3 mux_din_padded_1637_47 ( bmux_29 ) 
        3 mux_din_padded_1637_48 ( bmux_29 ) 
        3 mux_din_padded_1637_49 ( bmux_29 ) 
        3 mux_din_padded_1637_50 ( bmux_29 ) 
        3 mux_din_padded_1637_51 ( bmux_29 ) 
        3 mux_din_padded_1637_52 ( bmux_29 ) 
        3 mux_din_padded_1637_53 ( bmux_29 ) 
        3 mux_din_padded_1637_54 ( bmux_29 ) 
        3 mux_din_padded_1637_55 ( bmux_29 ) 
        3 mux_din_padded_1637_56 ( bmux_29 ) 
        3 mux_din_padded_1637_57 ( bmux_29 ) 
        3 mux_din_padded_1637_58 ( bmux_29 ) 
        3 mux_din_padded_1637_59 ( bmux_29 ) 
        3 mux_din_padded_1637_60 ( bmux_29 ) 
        3 mux_din_padded_1637_61 ( bmux_29 ) 
        3 mux_din_padded_1637_62 ( bmux_29 ) 
        3 mux_din_padded_1637_63 ( bmux_29 ) 
        3 mux_din_padded_1637_64 ( bmux_29 ) 
        3 mux_din_padded_1637_65 ( bmux_29 ) 
        3 dcd_din_padded_1639_19 ( Decoder_12_31_0 ) 
        3 mux_din_padded_1639_19 ( bmux_29 ) 
        3 mux_din_padded_1639_67 ( bmux_29 ) 
        3 mux_din_padded_1639_68 ( bmux_29 ) 
        3 mux_din_padded_1639_69 ( bmux_29 ) 
        3 mux_din_padded_1639_70 ( bmux_29 ) 
        3 mux_din_padded_1639_71 ( bmux_29 ) 
        3 mux_din_padded_1639_72 ( bmux_29 ) 
        3 mux_din_padded_1639_73 ( bmux_29 ) 
        3 mux_din_padded_1639_74 ( bmux_29 ) 
        3 mux_din_padded_1639_75 ( bmux_29 ) 
        3 mux_din_padded_1639_76 ( bmux_29 ) 
        3 mux_din_padded_1639_77 ( bmux_29 ) 
        3 mux_din_padded_1639_78 ( bmux_29 ) 
        3 mux_din_padded_1639_79 ( bmux_29 ) 
        3 mux_din_padded_1639_80 ( bmux_29 ) 
        3 mux_din_padded_1639_81 ( bmux_29 ) 
        3 mux_din_padded_1639_82 ( bmux_29 ) 
        3 mux_din_padded_1639_83 ( bmux_29 ) 
        3 mux_din_padded_1639_84 ( bmux_29 ) 
        3 mux_din_padded_1639_85 ( bmux_29 ) 
        3 mux_din_padded_1639_86 ( bmux_29 ) 
        3 mux_din_padded_1639_87 ( bmux_29 ) 
        3 mux_din_padded_1639_88 ( bmux_29 ) 
        3 mux_din_padded_1639_89 ( bmux_29 ) 
        3 mux_din_padded_1639_90 ( bmux_29 ) 
        3 mux_din_padded_1639_91 ( bmux_29 ) 
        3 mux_din_padded_1639_92 ( bmux_29 ) 
        3 mux_din_padded_1639_93 ( bmux_29 ) 
        3 mux_din_padded_1639_94 ( bmux_29 ) 
        3 mux_din_padded_1639_95 ( bmux_29 ) 
        3 mux_din_padded_1639_96 ( bmux_29 ) 
        3 mux_din_padded_1639_97 ( bmux_29 ) 
        3 dcd_din_padded_1641_19 ( Decoder_12_31_0_3719 ) 
        3 mux_din_padded_1641_19 ( bmux_29 ) 
        3 mux_din_padded_1641_99 ( bmux_29 ) 
        3 mux_din_padded_1641_100 ( bmux_29 ) 
        3 mux_din_padded_1641_101 ( bmux_29 ) 
        3 mux_din_padded_1641_102 ( bmux_29 ) 
        3 mux_din_padded_1641_103 ( bmux_29 ) 
        3 mux_din_padded_1641_104 ( bmux_29 ) 
        3 mux_din_padded_1641_105 ( bmux_29 ) 
        3 mux_din_padded_1641_106 ( bmux_29 ) 
        3 mux_din_padded_1641_107 ( bmux_29 ) 
        3 mux_din_padded_1641_108 ( bmux_29 ) 
        3 mux_din_padded_1641_109 ( bmux_29 ) 
        3 mux_din_padded_1641_110 ( bmux_29 ) 
        3 mux_din_padded_1641_111 ( bmux_29 ) 
        3 mux_din_padded_1641_112 ( bmux_29 ) 
        3 mux_din_padded_1641_113 ( bmux_29 ) 
        3 mux_din_padded_1641_114 ( bmux_29 ) 
        3 mux_din_padded_1641_115 ( bmux_29 ) 
        3 mux_din_padded_1641_116 ( bmux_29 ) 
        3 mux_din_padded_1641_117 ( bmux_29 ) 
        3 mux_din_padded_1641_118 ( bmux_29 ) 
        3 mux_din_padded_1641_119 ( bmux_29 ) 
        3 mux_din_padded_1641_120 ( bmux_29 ) 
        3 mux_din_padded_1641_121 ( bmux_29 ) 
        3 mux_din_padded_1641_122 ( bmux_29 ) 
        3 mux_din_padded_1641_123 ( bmux_29 ) 
        3 mux_din_padded_1641_124 ( bmux_29 ) 
        3 mux_din_padded_1641_125 ( bmux_29 ) 
        3 mux_din_padded_1641_126 ( bmux_29 ) 
        3 mux_din_padded_1641_127 ( bmux_29 ) 
        3 mux_din_padded_1641_128 ( bmux_29 ) 
        3 mux_din_padded_1641_129 ( bmux_29 ) 
        3 mux_din_padded_1666_19 ( bmux_29 ) 
        3 mux_din_padded_1666_134 ( bmux_29 ) 
        3 mux_din_padded_1666_135 ( bmux_29 ) 
        3 mux_din_padded_1666_136 ( bmux_29 ) 
        3 mux_din_padded_1666_137 ( bmux_29 ) 
        3 mux_din_padded_1666_138 ( bmux_29 ) 
        3 mux_din_padded_1666_139 ( bmux_29 ) 
        3 mux_din_padded_1666_140 ( bmux_29 ) 
        3 mux_din_padded_1666_141 ( bmux_29 ) 
        3 mux_din_padded_1666_142 ( bmux_29 ) 
        3 mux_din_padded_1666_143 ( bmux_29 ) 
        3 mux_din_padded_1666_144 ( bmux_29 ) 
        3 mux_din_padded_1666_145 ( bmux_29 ) 
        3 mux_din_padded_1666_146 ( bmux_29 ) 
        3 mux_din_padded_1666_147 ( bmux_29 ) 
        3 mux_din_padded_1666_148 ( bmux_29 ) 
        3 mux_din_padded_1666_149 ( bmux_29 ) 
        3 mux_din_padded_1666_150 ( bmux_29 ) 
        3 mux_din_padded_1666_151 ( bmux_29 ) 
        3 mux_din_padded_1666_152 ( bmux_29 ) 
        3 mux_din_padded_1666_153 ( bmux_29 ) 
        3 mux_din_padded_1666_154 ( bmux_29 ) 
        3 mux_din_padded_1666_155 ( bmux_29 ) 
        3 mux_din_padded_1666_156 ( bmux_29 ) 
        3 mux_din_padded_1666_157 ( bmux_29 ) 
        3 mux_din_padded_1666_158 ( bmux_29 ) 
        3 mux_din_padded_1666_159 ( bmux_29 ) 
        3 mux_din_padded_1666_160 ( bmux_29 ) 
        3 mux_din_padded_1666_161 ( bmux_29 ) 
        3 mux_din_padded_1666_162 ( bmux_29 ) 
        3 mux_din_padded_1666_163 ( bmux_29 ) 
        3 mux_din_padded_1666_164 ( bmux_29 ) 
        3 mux_din_padded_1668_19 ( bmux_29 ) 
        3 mux_din_padded_1668_166 ( bmux_29 ) 
        3 mux_din_padded_1668_167 ( bmux_29 ) 
        3 mux_din_padded_1668_168 ( bmux_29 ) 
        3 mux_din_padded_1668_169 ( bmux_29 ) 
        3 mux_din_padded_1668_170 ( bmux_29 ) 
        3 mux_din_padded_1668_171 ( bmux_29 ) 
        3 mux_din_padded_1668_172 ( bmux_29 ) 
        3 mux_din_padded_1668_173 ( bmux_29 ) 
        3 mux_din_padded_1668_174 ( bmux_29 ) 
        3 mux_din_padded_1668_175 ( bmux_29 ) 
        3 mux_din_padded_1668_176 ( bmux_29 ) 
        3 mux_din_padded_1668_177 ( bmux_29 ) 
        3 mux_din_padded_1668_178 ( bmux_29 ) 
        3 mux_din_padded_1668_179 ( bmux_29 ) 
        3 mux_din_padded_1668_180 ( bmux_29 ) 
        3 mux_din_padded_1668_181 ( bmux_29 ) 
        3 mux_din_padded_1668_182 ( bmux_29 ) 
        3 mux_din_padded_1668_183 ( bmux_29 ) 
        3 mux_din_padded_1668_184 ( bmux_29 ) 
        3 mux_din_padded_1668_185 ( bmux_29 ) 
        3 mux_din_padded_1668_186 ( bmux_29 ) 
        3 mux_din_padded_1668_187 ( bmux_29 ) 
        3 mux_din_padded_1668_188 ( bmux_29 ) 
        3 mux_din_padded_1668_189 ( bmux_29 ) 
        3 mux_din_padded_1668_190 ( bmux_29 ) 
        3 mux_din_padded_1668_191 ( bmux_29 ) 
        3 mux_din_padded_1668_192 ( bmux_29 ) 
        3 mux_din_padded_1668_193 ( bmux_29 ) 
        3 mux_din_padded_1668_194 ( bmux_29 ) 
        3 mux_din_padded_1668_195 ( bmux_29 ) 
        3 mux_din_padded_1668_196 ( bmux_29 ) 
        3 mux_din_padded_1670_19 ( bmux_29 ) 
        3 mux_din_padded_1670_198 ( bmux_29 ) 
        3 mux_din_padded_1670_199 ( bmux_29 ) 
        3 mux_din_padded_1670_200 ( bmux_29 ) 
        3 mux_din_padded_1670_201 ( bmux_29 ) 
        3 mux_din_padded_1670_202 ( bmux_29 ) 
        3 mux_din_padded_1670_203 ( bmux_29 ) 
        3 mux_din_padded_1670_204 ( bmux_29 ) 
        3 mux_din_padded_1670_205 ( bmux_29 ) 
        3 mux_din_padded_1670_206 ( bmux_29 ) 
        3 mux_din_padded_1670_207 ( bmux_29 ) 
        3 mux_din_padded_1670_208 ( bmux_29 ) 
        3 mux_din_padded_1670_209 ( bmux_29 ) 
        3 mux_din_padded_1670_210 ( bmux_29 ) 
        3 mux_din_padded_1670_211 ( bmux_29 ) 
        3 mux_din_padded_1670_212 ( bmux_29 ) 
        3 mux_din_padded_1670_213 ( bmux_29 ) 
        3 mux_din_padded_1670_214 ( bmux_29 ) 
        3 mux_din_padded_1670_215 ( bmux_29 ) 
        3 mux_din_padded_1670_216 ( bmux_29 ) 
        3 mux_din_padded_1670_217 ( bmux_29 ) 
        3 mux_din_padded_1670_218 ( bmux_29 ) 
        3 mux_din_padded_1670_219 ( bmux_29 ) 
        3 mux_din_padded_1670_220 ( bmux_29 ) 
        3 mux_din_padded_1670_221 ( bmux_29 ) 
        3 mux_din_padded_1670_222 ( bmux_29 ) 
        3 mux_din_padded_1670_223 ( bmux_29 ) 
        3 mux_din_padded_1670_224 ( bmux_29 ) 
        3 mux_din_padded_1670_225 ( bmux_29 ) 
        3 mux_din_padded_1670_226 ( bmux_29 ) 
        3 mux_din_padded_1670_227 ( bmux_29 ) 
        3 mux_din_padded_1670_228 ( bmux_29 ) 
        3 dcd_din_padded_1672_19 ( Decoder_12_31_0_3730 ) 
        3 mux_din_padded_1672_19 ( bmux_29 ) 
        3 mux_din_padded_1672_230 ( bmux_29 ) 
        3 mux_din_padded_1672_231 ( bmux_29 ) 
        3 mux_din_padded_1672_232 ( bmux_29 ) 
        3 mux_din_padded_1672_233 ( bmux_29 ) 
        3 mux_din_padded_1672_234 ( bmux_29 ) 
        3 mux_din_padded_1672_235 ( bmux_29 ) 
        3 mux_din_padded_1672_236 ( bmux_29 ) 
        3 mux_din_padded_1672_237 ( bmux_29 ) 
        3 mux_din_padded_1672_238 ( bmux_29 ) 
        3 mux_din_padded_1672_239 ( bmux_29 ) 
        3 mux_din_padded_1672_240 ( bmux_29 ) 
        3 mux_din_padded_1672_241 ( bmux_29 ) 
        3 mux_din_padded_1672_242 ( bmux_29 ) 
        3 mux_din_padded_1672_243 ( bmux_29 ) 
        3 mux_din_padded_1672_244 ( bmux_29 ) 
        3 mux_din_padded_1672_245 ( bmux_29 ) 
        3 mux_din_padded_1672_246 ( bmux_29 ) 
        3 mux_din_padded_1672_247 ( bmux_29 ) 
        3 mux_din_padded_1672_248 ( bmux_29 ) 
        3 mux_din_padded_1672_249 ( bmux_29 ) 
        3 mux_din_padded_1672_250 ( bmux_29 ) 
        3 mux_din_padded_1672_251 ( bmux_29 ) 
        3 mux_din_padded_1672_252 ( bmux_29 ) 
        3 mux_din_padded_1672_253 ( bmux_29 ) 
        3 mux_din_padded_1672_254 ( bmux_29 ) 
        3 mux_din_padded_1672_255 ( bmux_29 ) 
        3 mux_din_padded_1672_256 ( bmux_29 ) 
        3 mux_din_padded_1672_257 ( bmux_29 ) 
        3 mux_din_padded_1672_258 ( bmux_29 ) 
        3 mux_din_padded_1672_259 ( bmux_29 ) 
        3 mux_din_padded_1672_260 ( bmux_29 ) 
        3 dcd_din_padded_1674_19 ( Decoder_12_31_0_3732 ) 
        3 mux_din_padded_1674_19 ( bmux_29 ) 
        3 mux_din_padded_1674_262 ( bmux_29 ) 
        3 mux_din_padded_1674_263 ( bmux_29 ) 
        3 mux_din_padded_1674_264 ( bmux_29 ) 
        3 mux_din_padded_1674_265 ( bmux_29 ) 
        3 mux_din_padded_1674_266 ( bmux_29 ) 
        3 mux_din_padded_1674_267 ( bmux_29 ) 
        3 mux_din_padded_1674_268 ( bmux_29 ) 
        3 mux_din_padded_1674_269 ( bmux_29 ) 
        3 mux_din_padded_1674_270 ( bmux_29 ) 
        3 mux_din_padded_1674_271 ( bmux_29 ) 
        3 mux_din_padded_1674_272 ( bmux_29 ) 
        3 mux_din_padded_1674_273 ( bmux_29 ) 
        3 mux_din_padded_1674_274 ( bmux_29 ) 
        3 mux_din_padded_1674_275 ( bmux_29 ) 
        3 mux_din_padded_1674_276 ( bmux_29 ) 
        3 mux_din_padded_1674_277 ( bmux_29 ) 
        3 mux_din_padded_1674_278 ( bmux_29 ) 
        3 mux_din_padded_1674_279 ( bmux_29 ) 
        3 mux_din_padded_1674_280 ( bmux_29 ) 
        3 mux_din_padded_1674_281 ( bmux_29 ) 
        3 mux_din_padded_1674_282 ( bmux_29 ) 
        3 mux_din_padded_1674_283 ( bmux_29 ) 
        3 mux_din_padded_1674_284 ( bmux_29 ) 
        3 mux_din_padded_1674_285 ( bmux_29 ) 
        3 mux_din_padded_1674_286 ( bmux_29 ) 
        3 mux_din_padded_1674_287 ( bmux_29 ) 
        3 mux_din_padded_1674_288 ( bmux_29 ) 
        3 mux_din_padded_1674_289 ( bmux_29 ) 
        3 mux_din_padded_1674_290 ( bmux_29 ) 
        3 mux_din_padded_1674_291 ( bmux_29 ) 
        3 mux_din_padded_1674_292 ( bmux_29 ) 
        3 mux_din_padded_1796_19 ( bmux_29 ) 
        3 mux_din_padded_1796_329 ( bmux_29 ) 
        3 mux_din_padded_1796_330 ( bmux_29 ) 
        3 mux_din_padded_1796_331 ( bmux_29 ) 
        3 mux_din_padded_1796_332 ( bmux_29 ) 
        3 mux_din_padded_1796_333 ( bmux_29 ) 
        3 mux_din_padded_1796_334 ( bmux_29 ) 
        3 mux_din_padded_1796_335 ( bmux_29 ) 
        3 mux_din_padded_1796_336 ( bmux_29 ) 
        3 mux_din_padded_1796_337 ( bmux_29 ) 
        3 mux_din_padded_1796_338 ( bmux_29 ) 
        3 mux_din_padded_1796_339 ( bmux_29 ) 
        3 mux_din_padded_1796_340 ( bmux_29 ) 
        3 mux_din_padded_1796_341 ( bmux_29 ) 
        3 mux_din_padded_1796_342 ( bmux_29 ) 
        3 mux_din_padded_1796_343 ( bmux_29 ) 
        3 mux_din_padded_1796_344 ( bmux_29 ) 
        3 mux_din_padded_1796_345 ( bmux_29 ) 
        3 mux_din_padded_1796_346 ( bmux_29 ) 
        3 mux_din_padded_1796_347 ( bmux_29 ) 
        3 mux_din_padded_1796_348 ( bmux_29 ) 
        3 mux_din_padded_1796_349 ( bmux_29 ) 
        3 mux_din_padded_1796_350 ( bmux_29 ) 
        3 mux_din_padded_1796_351 ( bmux_29 ) 
        3 mux_din_padded_1796_352 ( bmux_29 ) 
        3 mux_din_padded_1796_353 ( bmux_29 ) 
        3 mux_din_padded_1796_354 ( bmux_29 ) 
        3 mux_din_padded_1796_355 ( bmux_29 ) 
        3 mux_din_padded_1796_356 ( bmux_29 ) 
        3 mux_din_padded_1796_357 ( bmux_29 ) 
        3 mux_din_padded_1796_358 ( bmux_29 ) 
        3 mux_din_padded_1796_359 ( bmux_29 ) 
        3 mux_din_padded_1823_19 ( bmux_29 ) 
        3 mux_din_padded_1823_362 ( bmux_29 ) 
        3 mux_din_padded_1823_363 ( bmux_29 ) 
        3 mux_din_padded_1823_364 ( bmux_29 ) 
        3 mux_din_padded_1823_365 ( bmux_29 ) 
        3 mux_din_padded_1823_366 ( bmux_29 ) 
        3 mux_din_padded_1823_367 ( bmux_29 ) 
        3 mux_din_padded_1823_368 ( bmux_29 ) 
        3 mux_din_padded_1823_369 ( bmux_29 ) 
        3 mux_din_padded_1823_370 ( bmux_29 ) 
        3 mux_din_padded_1823_371 ( bmux_29 ) 
        3 mux_din_padded_1823_372 ( bmux_29 ) 
        3 mux_din_padded_1823_373 ( bmux_29 ) 
        3 mux_din_padded_1823_374 ( bmux_29 ) 
        3 mux_din_padded_1823_375 ( bmux_29 ) 
        3 mux_din_padded_1823_376 ( bmux_29 ) 
        3 mux_din_padded_1823_377 ( bmux_29 ) 
        3 mux_din_padded_1823_378 ( bmux_29 ) 
        3 mux_din_padded_1823_379 ( bmux_29 ) 
        3 mux_din_padded_1823_380 ( bmux_29 ) 
        3 mux_din_padded_1823_381 ( bmux_29 ) 
        3 mux_din_padded_1823_382 ( bmux_29 ) 
        3 mux_din_padded_1823_383 ( bmux_29 ) 
        3 mux_din_padded_1823_384 ( bmux_29 ) 
        3 mux_din_padded_1823_385 ( bmux_29 ) 
        3 mux_din_padded_1823_386 ( bmux_29 ) 
        3 mux_din_padded_1823_387 ( bmux_29 ) 
        3 mux_din_padded_1823_388 ( bmux_29 ) 
        3 mux_din_padded_1823_389 ( bmux_29 ) 
        3 mux_din_padded_1823_390 ( bmux_29 ) 
        3 mux_din_padded_1823_391 ( bmux_29 ) 
        3 mux_din_padded_1823_392 ( bmux_29 ) 
        3 mux_din_padded_1825_19 ( bmux_29 ) 
        3 mux_din_padded_1825_394 ( bmux_29 ) 
        3 mux_din_padded_1825_395 ( bmux_29 ) 
        3 mux_din_padded_1825_396 ( bmux_29 ) 
        3 mux_din_padded_1825_397 ( bmux_29 ) 
        3 mux_din_padded_1825_398 ( bmux_29 ) 
        3 mux_din_padded_1825_399 ( bmux_29 ) 
        3 mux_din_padded_1825_400 ( bmux_29 ) 
        3 mux_din_padded_1825_401 ( bmux_29 ) 
        3 mux_din_padded_1825_402 ( bmux_29 ) 
        3 mux_din_padded_1825_403 ( bmux_29 ) 
        3 mux_din_padded_1825_404 ( bmux_29 ) 
        3 mux_din_padded_1825_405 ( bmux_29 ) 
        3 mux_din_padded_1825_406 ( bmux_29 ) 
        3 mux_din_padded_1825_407 ( bmux_29 ) 
        3 mux_din_padded_1825_408 ( bmux_29 ) 
        3 mux_din_padded_1825_409 ( bmux_29 ) 
        3 mux_din_padded_1825_410 ( bmux_29 ) 
        3 mux_din_padded_1825_411 ( bmux_29 ) 
        3 mux_din_padded_1825_412 ( bmux_29 ) 
        3 mux_din_padded_1825_413 ( bmux_29 ) 
        3 mux_din_padded_1825_414 ( bmux_29 ) 
        3 mux_din_padded_1825_415 ( bmux_29 ) 
        3 mux_din_padded_1825_416 ( bmux_29 ) 
        3 mux_din_padded_1825_417 ( bmux_29 ) 
        3 mux_din_padded_1825_418 ( bmux_29 ) 
        3 mux_din_padded_1825_419 ( bmux_29 ) 
        3 mux_din_padded_1825_420 ( bmux_29 ) 
        3 mux_din_padded_1825_421 ( bmux_29 ) 
        3 mux_din_padded_1825_422 ( bmux_29 ) 
        3 mux_din_padded_1825_423 ( bmux_29 ) 
        3 mux_din_padded_1825_424 ( bmux_29 ) 
        3 mux_din_padded_1827_19 ( bmux_29 ) 
        3 mux_din_padded_1827_426 ( bmux_29 ) 
        3 mux_din_padded_1827_427 ( bmux_29 ) 
        3 mux_din_padded_1827_428 ( bmux_29 ) 
        3 mux_din_padded_1827_429 ( bmux_29 ) 
        3 mux_din_padded_1827_430 ( bmux_29 ) 
        3 mux_din_padded_1827_431 ( bmux_29 ) 
        3 mux_din_padded_1827_432 ( bmux_29 ) 
        3 mux_din_padded_1827_433 ( bmux_29 ) 
        3 mux_din_padded_1827_434 ( bmux_29 ) 
        3 mux_din_padded_1827_435 ( bmux_29 ) 
        3 mux_din_padded_1827_436 ( bmux_29 ) 
        3 mux_din_padded_1827_437 ( bmux_29 ) 
        3 mux_din_padded_1827_438 ( bmux_29 ) 
        3 mux_din_padded_1827_439 ( bmux_29 ) 
        3 mux_din_padded_1827_440 ( bmux_29 ) 
        3 mux_din_padded_1827_441 ( bmux_29 ) 
        3 mux_din_padded_1827_442 ( bmux_29 ) 
        3 mux_din_padded_1827_443 ( bmux_29 ) 
        3 mux_din_padded_1827_444 ( bmux_29 ) 
        3 mux_din_padded_1827_445 ( bmux_29 ) 
        3 mux_din_padded_1827_446 ( bmux_29 ) 
        3 mux_din_padded_1827_447 ( bmux_29 ) 
        3 mux_din_padded_1827_448 ( bmux_29 ) 
        3 mux_din_padded_1827_449 ( bmux_29 ) 
        3 mux_din_padded_1827_450 ( bmux_29 ) 
        3 mux_din_padded_1827_451 ( bmux_29 ) 
        3 mux_din_padded_1827_452 ( bmux_29 ) 
        3 mux_din_padded_1827_453 ( bmux_29 ) 
        3 mux_din_padded_1827_454 ( bmux_29 ) 
        3 mux_din_padded_1827_455 ( bmux_29 ) 
        3 mux_din_padded_1827_456 ( bmux_29 ) 
        3 mux_din_padded_1829_19 ( bmux_29 ) 
        3 mux_din_padded_1829_458 ( bmux_29 ) 
        3 mux_din_padded_1829_459 ( bmux_29 ) 
        3 mux_din_padded_1829_460 ( bmux_29 ) 
        3 mux_din_padded_1829_461 ( bmux_29 ) 
        3 mux_din_padded_1829_462 ( bmux_29 ) 
        3 mux_din_padded_1829_463 ( bmux_29 ) 
        3 mux_din_padded_1829_464 ( bmux_29 ) 
        3 mux_din_padded_1829_465 ( bmux_29 ) 
        3 mux_din_padded_1829_466 ( bmux_29 ) 
        3 mux_din_padded_1829_467 ( bmux_29 ) 
        3 mux_din_padded_1829_468 ( bmux_29 ) 
        3 mux_din_padded_1829_469 ( bmux_29 ) 
        3 mux_din_padded_1829_470 ( bmux_29 ) 
        3 mux_din_padded_1829_471 ( bmux_29 ) 
        3 mux_din_padded_1829_472 ( bmux_29 ) 
        3 mux_din_padded_1829_473 ( bmux_29 ) 
        3 mux_din_padded_1829_474 ( bmux_29 ) 
        3 mux_din_padded_1829_475 ( bmux_29 ) 
        3 mux_din_padded_1829_476 ( bmux_29 ) 
        3 mux_din_padded_1829_477 ( bmux_29 ) 
        3 mux_din_padded_1829_478 ( bmux_29 ) 
        3 mux_din_padded_1829_479 ( bmux_29 ) 
        3 mux_din_padded_1829_480 ( bmux_29 ) 
        3 mux_din_padded_1829_481 ( bmux_29 ) 
        3 mux_din_padded_1829_482 ( bmux_29 ) 
        3 mux_din_padded_1829_483 ( bmux_29 ) 
        3 mux_din_padded_1829_484 ( bmux_29 ) 
        3 mux_din_padded_1829_485 ( bmux_29 ) 
        3 mux_din_padded_1829_486 ( bmux_29 ) 
        3 mux_din_padded_1829_487 ( bmux_29 ) 
        3 mux_din_padded_1829_488 ( bmux_29 ) 
        3 rem_2186_64 ( remainder_unsigned_2897 ) 
        3 rem_2186_90 ( remainder_unsigned_3473 ) 
        3 mux_din_padded_1821_19 ( bmux_29 ) 
        3 mux_din_padded_1821_513 ( bmux_29 ) 
        3 mux_din_padded_1821_514 ( bmux_29 ) 
        3 mux_din_padded_1821_515 ( bmux_29 ) 
        3 mux_din_padded_1821_516 ( bmux_29 ) 
        3 mux_din_padded_1821_517 ( bmux_29 ) 
        3 mux_din_padded_1821_518 ( bmux_29 ) 
        3 mux_din_padded_1821_519 ( bmux_29 ) 
        3 mux_din_padded_1821_520 ( bmux_29 ) 
        3 mux_din_padded_1821_521 ( bmux_29 ) 
        3 mux_din_padded_1821_522 ( bmux_29 ) 
        3 mux_din_padded_1821_523 ( bmux_29 ) 
        3 mux_din_padded_1821_524 ( bmux_29 ) 
        3 mux_din_padded_1821_525 ( bmux_29 ) 
        3 mux_din_padded_1821_526 ( bmux_29 ) 
        3 mux_din_padded_1821_527 ( bmux_29 ) 
        3 mux_din_padded_1821_528 ( bmux_29 ) 
        3 mux_din_padded_1821_529 ( bmux_29 ) 
        3 mux_din_padded_1821_530 ( bmux_29 ) 
        3 mux_din_padded_1821_531 ( bmux_29 ) 
        3 mux_din_padded_1821_532 ( bmux_29 ) 
        3 mux_din_padded_1821_533 ( bmux_29 ) 
        3 mux_din_padded_1821_534 ( bmux_29 ) 
        3 mux_din_padded_1821_535 ( bmux_29 ) 
        3 mux_din_padded_1821_536 ( bmux_29 ) 
        3 mux_din_padded_1821_537 ( bmux_29 ) 
        3 mux_din_padded_1821_538 ( bmux_29 ) 
        3 mux_din_padded_1821_539 ( bmux_29 ) 
        3 mux_din_padded_1821_540 ( bmux_29 ) 
        3 mux_din_padded_1821_541 ( bmux_29 ) 
        3 mux_din_padded_1821_542 ( bmux_29 ) 
        3 mux_din_padded_1821_543 ( bmux_29 ) 
        3 add_154_24 ( add_unsigned_1077 ) 
        3 eq_240_24 ( equal_unsigned_3547 ) 
        3 lte_240_67 ( leq_unsigned_3550 ) 
        3 lt_282_32 ( lt_unsigned_3565 ) 
        3 gte_291_36 ( geq_unsigned_3570 ) 
        3 lt_1621_66 ( lt_unsigned_3573 ) 
        3 eq_1642_29 ( equal_unsigned_3577 ) 
        3 sub_1642_72 ( sub_unsigned_3579 ) 
        3 add_1640_48 ( add_unsigned_3585 ) 
        3 add_1638_48 ( add_unsigned_3589 ) 
        3 eq_1636_28 ( equal_unsigned_3547 ) 
        3 gt_1605_68 ( gt_unsigned_3596 ) 
        3 add_1828_48 ( add_unsigned_3604 ) 
        3 add_1826_48 ( add_unsigned_3585 ) 
        3 gt_1565_73 ( gt_unsigned_3613 ) 
        3 gt_1513_46 ( gt_unsigned_3596 ) 
        3 gt_1430_40 ( gt_unsigned_3625 ) 
        3 sub_1430_51 ( sub_unsigned_3627 ) 
        3 gt_1433_40 ( gt_unsigned_3625 ) 
        3 sub_1433_51 ( sub_unsigned_3627 ) 
        3 sub_2189_51 ( sub_unsigned_3634 ) 
        3 sub00239226 ( sub_unsigned_3636 ) 
        3 sub_1588_45 ( sub_unsigned_3638 ) 
        3 gt_1577_37 ( gt_unsigned_3613 ) 
        3 sub_1578_53 ( sub_unsigned_3638 ) 
        3 add_2186_43 ( add_unsigned_3647 ) 
        3 mux_next_state_211_21 ( bmux_29 ) 
        3 mux_next_state_223_11 ( bmux_1575 ) 
        3 mux_to_be_read_1368_13 ( bmux_1829 ) 
        3 mux_din_ready_variable_1513_46 ( bmux_29 ) 
        3 mux_absorb_data_variable_1546_36 ( bmux_29 ) 
        3 mux_to_be_read_1587_33 ( bmux_1829 ) 
        3 mux_to_be_read_1585_38 ( bmux_1829 ) 
        3 mux_to_be_read_1473_13 ( bmux_1829 ) 
        3 mux_to_be_read_1699_13 ( bmux_1829 ) 
        3 ctl_force_done_1473_13 ( case_box_3769 ) 
        3 mux_counter_ctrl_1473_13 ( mux_35 ) 
        3 mux_counter_ctrl_1763_24 ( bmux_1575 ) 
        3 mux_counter_ctrl_1699_13 ( bmux_1575 ) 
        3 mux_counter_ctrl_1915_24 ( bmux_1575 ) 
        3 mux_counter_ctrl_1848_13 ( bmux_1575 ) 
        3 mux_requested_bytes_1368_13 ( bmux_3663 ) 
        3 mux_eof_internal_1368_13 ( bmux_29 ) 
        3 mux_eof_internal_1473_13 ( bmux_29 ) 
        3 mux_eof_internal_1699_13 ( bmux_29 ) 
        3 mux_cshake_1368_13 ( bmux_29 ) 
        3 mux_rate_1314_25 ( bmux_29 ) 
        3 mux_extra_pad_1433_15 ( bmux_29 ) 
        3 mux_extra_pad_1430_15 ( bmux_29 ) 
        3 mux_extra_pad_1368_13 ( bmux_29 ) 
        3 mux_extra_pad_1473_13 ( bmux_29 ) 
        3 mux_requested_bytes_1920_76 ( bmux_3663 ) 
        3 mux_requested_bytes_1848_13 ( bmux_3663 ) 
        3 ctl_force_done_1946_13 ( case_box_3770 ) 
        3 mux_requested_bytes_1946_13 ( mux_3688 ) 
        3 mux_requested_bytes_2069_13 ( bmux_3663 ) 
        3 mux_requested_bytes_2141_13 ( bmux_3663 ) 
        3 mux_counter_ctrl_2018_50 ( bmux_1575 ) 
        3 mux_counter_ctrl_2011_79 ( bmux_1575 ) 
        3 mux_counter_ctrl_1946_13 ( bmux_1575 ) 
        3 mux_counter_ctrl_2141_13 ( bmux_1575 ) 
        3 mux_start_addr_2141_13 ( bmux_1087 ) 
        3 mux_counter_153_6 ( bmux_3697 ) 
        3 mux_max_reads_count_1368_13 ( bmux_1829 ) 
        3 mux_absorb_data_1473_13 ( bmux_29 ) 
        3 mux_next_state_240_88 ( bmux_1575 ) 
        3 mux_next_state_236_11 ( bmux_30 ) 
        3 mux_next_state_252_23 ( bmux_29 ) 
        3 mux_next_state_248_11 ( bmux_1575 ) 
        3 ctl_force_done_260_11 ( case_box_3773 ) 
        3 mux_next_state_260_11 ( mux_32 ) 
        3 mux_next_state_291_93 ( bmux_1575 ) 
        3 mux_next_state_282_77 ( bmux_30 ) 
        3 mux_next_state_305_27 ( bmux_1753 ) 
        3 mux_next_state_301_13 ( bmux_1753 ) 
        3 mux_next_state_313_9 ( bmux_30 ) 
        3 mux_next_state_207_9 ( bmux_3719 ) 
        3 mux_mux256_internal_1368_13 ( bmux_29 ) 
        3 ctl_current_state_1303_8 ( case_box_3776 ) 
        3 mux_mux256_internal_1303_8 ( mux_1848 ) 
        3 mux_din_ready_internal_1473_13 ( bmux_29 ) 
        3 mux_din_ready_internal_1303_8 ( mux_1848 ) 
        3 mux_din_save_reg_166_27 ( bmux_44 ) 
        3 mux_din_save_1368_13 ( bmux_44 ) 
        3 mux_din_save_1679_73 ( bmux_44 ) 
        3 mux_din_save_1473_13 ( bmux_44 ) 
        3 mux_din_save_1303_8 ( mux_3739 ) 
        3 mux_to_be_absorbed_1577_37 ( bmux_1829 ) 
        3 mux_to_be_absorbed_1575_37 ( bmux_1829 ) 
        3 mux_to_be_absorbed_1473_13 ( bmux_1829 ) 
        3 mux_to_be_absorbed_1699_13 ( bmux_1829 ) 
        3 mux_to_be_absorbed_1303_8 ( mux_3747 ) 
        3 mux_data_length_1597_49 ( bmux_1829 ) 
        3 mux_data_length_1473_13 ( bmux_1829 ) 
        3 mux_data_length_1699_13 ( bmux_1829 ) 
        3 mux_data_length_1303_8 ( mux_3747 ) 
        3 mux_bof_internal_1368_13 ( bmux_29 ) 
        3 mux_bof_internal_1897_24 ( bmux_29 ) 
        3 mux_bof_internal_1848_13 ( bmux_29 ) 
        3 mux_bof_internal_1303_8 ( mux_1848 ) 
        3 mux_din_padded_1612_50 ( bmux_44 ) 
        3 mux_din_padded_1605_45 ( bmux_44 ) 
        3 mux_din_padded_1636_28 ( bmux_44 ) 
        3 mux_din_padded_1638_28 ( bmux_44 ) 
        3 mux_din_padded_1640_28 ( bmux_44 ) 
        3 mux_din_padded_1642_78 ( bmux_29 ) 
        3 mux_din_padded_1665_28 ( bmux_44 ) 
        3 mux_din_padded_1667_28 ( bmux_44 ) 
        3 mux_din_padded_1669_28 ( bmux_44 ) 
        3 mux_din_padded_1671_28 ( bmux_44 ) 
        3 mux_din_padded_1673_28 ( bmux_44 ) 
        3 mux_din_padded_1675_78 ( bmux_29 ) 
        3 mux_din_padded_1646_91 ( bmux_44 ) 
        3 mux_din_padded_1621_86 ( bmux_44 ) 
        3 mux_din_padded_1473_13 ( bmux_44 ) 
        3 mux_din_padded_1795_28 ( bmux_44 ) 
        3 mux_din_padded_1797_28 ( bmux_29 ) 
        3 mux_din_padded_1820_28 ( bmux_44 ) 
        3 mux_din_padded_1822_28 ( bmux_44 ) 
        3 mux_din_padded_1824_28 ( bmux_44 ) 
        3 mux_din_padded_1826_28 ( bmux_44 ) 
        3 mux_din_padded_1828_28 ( bmux_44 ) 
        3 mux_din_padded_1830_28 ( bmux_29 ) 
        3 mux_din_padded_1776_27 ( bmux_44 ) 
        3 mux_din_padded_1699_13 ( bmux_44 ) 
        3 mux_din_padded_1303_8 ( mux_3739 ) 
        3 mux_computation_en_1303_8 ( mux_1848 ) 
        3 mux_dout_valid_1303_8 ( mux_1848 ) 
        3 mux_reset_ram_1303_8 ( mux_502 ) 
        3 mux_squeeze_output_2011_79 ( bmux_29 ) 
        3 mux_squeeze_output_1946_13 ( bmux_29 ) 
        3 mux_squeeze_output_1303_8 ( mux_1851 ) 
        3 mux_to_be_read_1303_8 ( mux_3747 ) 
        3 mux_eof_internal_1303_8 ( mux_1848 ) 
        3 mux_cshake_1303_8 ( mux_1848 ) 
        3 mux_rate_1368_13 ( bmux_1829 ) 
        3 mux_rate_1303_8 ( mux_3747 ) 
        3 mux_extra_pad_1303_8 ( mux_1848 ) 
        3 mux_requested_bytes_1303_8 ( mux_3806 ) 
        3 mux_counter_ctrl_1303_8 ( mux_3807 ) 
        3 mux_start_addr_1303_8 ( mux_3808 ) 
        3 mux_max_reads_count_1303_8 ( mux_3747 ) 
        3 mux_absorb_data_1303_8 ( mux_1848 ) 
     2 data_path_instance ( data_path ) 
        3 round_constants ( rc ) 
           4 lt_82_14 ( lt_unsigned_3813 ) 
           4 add_83_29 ( add_unsigned_3815 ) 
           4 mux_rc_const[round_natural]_91_14 ( bmux_3798 ) 
           4 mux_round_natural_82_14 ( bmux_4716 ) 
        3 transform_calc ( transform ) 
           4 g1 ( not_op_3799 ) 
           4 g2 ( and_op ) 
           4 g3 ( xor_op_3800 ) 
           4 g4 ( xor_op_3801 ) 
           4 g5 ( not_op_3802 ) 
           4 g6 ( and_op_3803 ) 
           4 g7 ( xor_op_3804 ) 
           4 g8 ( xor_op_3805 ) 
           4 g9 ( not_op_3806 ) 
           4 g10 ( and_op_3807 ) 
           4 g11 ( xor_op_3808 ) 
           4 g12 ( xor_op_3809 ) 
           4 g13 ( not_op_3810 ) 
           4 g14 ( and_op_3811 ) 
           4 g15 ( xor_op_3812 ) 
           4 g16 ( xor_op_3813 ) 
           4 g17 ( not_op_3814 ) 
           4 g18 ( and_op_3815 ) 
           4 g19 ( xor_op_3816 ) 
           4 g20 ( xor_op_3817 ) 
           4 g21 ( not_op_3818 ) 
           4 g22 ( and_op_3819 ) 
           4 g23 ( xor_op_3820 ) 
           4 g24 ( xor_op_3821 ) 
           4 g25 ( not_op_3822 ) 
           4 g26 ( and_op_3823 ) 
           4 g27 ( xor_op_3824 ) 
           4 g28 ( xor_op_3825 ) 
           4 g29 ( not_op_3826 ) 
           4 g30 ( and_op_3827 ) 
           4 g31 ( xor_op_3828 ) 
           4 g32 ( xor_op_3829 ) 
           4 g33 ( not_op_3830 ) 
           4 g34 ( and_op_3831 ) 
           4 g35 ( xor_op_3832 ) 
           4 g36 ( xor_op_3833 ) 
           4 g37 ( not_op_3834 ) 
           4 g38 ( and_op_3835 ) 
           4 g39 ( xor_op_3836 ) 
           4 g40 ( xor_op_3837 ) 
           4 g41 ( not_op_3838 ) 
           4 g42 ( and_op_3839 ) 
           4 g43 ( xor_op_3840 ) 
           4 g44 ( xor_op_3841 ) 
           4 g45 ( not_op_3842 ) 
           4 g46 ( and_op_3843 ) 
           4 g47 ( xor_op_3844 ) 
           4 g48 ( xor_op_3845 ) 
           4 g49 ( not_op_3846 ) 
           4 g50 ( and_op_3847 ) 
           4 g51 ( xor_op_3848 ) 
           4 g52 ( xor_op_3849 ) 
           4 g53 ( not_op_3850 ) 
           4 g54 ( and_op_3851 ) 
           4 g55 ( xor_op_3852 ) 
           4 g56 ( xor_op_3853 ) 
           4 g57 ( not_op_3854 ) 
           4 g58 ( and_op_3855 ) 
           4 g59 ( xor_op_3856 ) 
           4 g60 ( xor_op_3857 ) 
           4 g61 ( not_op_3858 ) 
           4 g62 ( and_op_3859 ) 
           4 g63 ( xor_op_3860 ) 
           4 g64 ( xor_op_3861 ) 
           4 g65 ( not_op_3862 ) 
           4 g66 ( and_op_3863 ) 
           4 g67 ( xor_op_3864 ) 
           4 g68 ( xor_op_3865 ) 
           4 g69 ( not_op_3866 ) 
           4 g70 ( and_op_3867 ) 
           4 g71 ( xor_op_3868 ) 
           4 g72 ( xor_op_3869 ) 
           4 g73 ( not_op_3870 ) 
           4 g74 ( and_op_3871 ) 
           4 g75 ( xor_op_3872 ) 
           4 g76 ( xor_op_3873 ) 
           4 g77 ( not_op_3874 ) 
           4 g78 ( and_op_3875 ) 
           4 g79 ( xor_op_3876 ) 
           4 g80 ( xor_op_3877 ) 
           4 g81 ( not_op_3878 ) 
           4 g82 ( and_op_3879 ) 
           4 g83 ( xor_op_3880 ) 
           4 g84 ( xor_op_3881 ) 
           4 g85 ( not_op_3882 ) 
           4 g86 ( and_op_3883 ) 
           4 g87 ( xor_op_3884 ) 
           4 g88 ( xor_op_3885 ) 
           4 g89 ( not_op_3886 ) 
           4 g90 ( and_op_3887 ) 
           4 g91 ( xor_op_3888 ) 
           4 g92 ( xor_op_3889 ) 
           4 g93 ( not_op_3890 ) 
           4 g94 ( and_op_3891 ) 
           4 g95 ( xor_op_3892 ) 
           4 g96 ( xor_op_3893 ) 
           4 g97 ( not_op_3894 ) 
           4 g98 ( and_op_3895 ) 
           4 g99 ( xor_op_3896 ) 
           4 g100 ( xor_op_3897 ) 
           4 g103 ( xor_op_3899 ) 
           4 g104 ( xor_op_3900 ) 
           4 g105 ( xor_op_3901 ) 
           4 g106 ( xor_op_3902 ) 
           4 g108 ( xor_op_3904 ) 
           4 g109 ( xor_op_3905 ) 
           4 g110 ( xor_op_3906 ) 
           4 g111 ( xor_op_3907 ) 
           4 g113 ( xor_op_3909 ) 
           4 g114 ( xor_op_3910 ) 
           4 g115 ( xor_op_3911 ) 
           4 g116 ( xor_op_3912 ) 
           4 g118 ( xor_op_3914 ) 
           4 g119 ( xor_op_3915 ) 
           4 g120 ( xor_op_3916 ) 
           4 g121 ( xor_op_3917 ) 
           4 g123 ( xor_op_3919 ) 
           4 g124 ( xor_op_3920 ) 
           4 g125 ( xor_op_3921 ) 
           4 g126 ( xor_op_3922 ) 
           4 g128 ( xor_op_3924 ) 
           4 g129 ( xor_op_3925 ) 
           4 g133 ( xor_op_3927 ) 
           4 g137 ( xor_op_3929 ) 
           4 g141 ( xor_op_3931 ) 
           4 g145 ( xor_op_3933 ) 
           4 g148 ( xor_op_3934 ) 
           4 g149 ( xor_op_3935 ) 
           4 g153 ( xor_op_3937 ) 
           4 g157 ( xor_op_3939 ) 
           4 g161 ( xor_op_3941 ) 
           4 g165 ( xor_op_3943 ) 
           4 g168 ( xor_op_3944 ) 
           4 g169 ( xor_op_3945 ) 
           4 g173 ( xor_op_3947 ) 
           4 g177 ( xor_op_3949 ) 
           4 g181 ( xor_op_3951 ) 
           4 g185 ( xor_op_3953 ) 
           4 g188 ( xor_op_3954 ) 
           4 g189 ( xor_op_3955 ) 
           4 g193 ( xor_op_3957 ) 
           4 g197 ( xor_op_3959 ) 
           4 g201 ( xor_op_3961 ) 
           4 g205 ( xor_op_3963 ) 
           4 g208 ( xor_op_3964 ) 
           4 g209 ( xor_op_3965 ) 
           4 g213 ( xor_op_3967 ) 
           4 g217 ( xor_op_3969 ) 
           4 g221 ( xor_op_3971 ) 
           4 g225 ( xor_op_3973 ) 
           4 mux_chi_iota_out_53_43 ( bmux_3828 ) 
           4 mux_carry_137_44 ( bmux_1767 ) 
           4 mux_carry_120_48 ( bmux_1767 ) 
           4 mux_dout_z0_137_44 ( bmux_1767 ) 
           4 mux_dout_z0_120_48 ( bmux_1767 ) 
           4 mux_dout_120_48 ( bmux_3828 ) 
        3 state_ram_instance ( state_ram ) 
           4 ram_generator[0].ram ( stateram_inference_i0 ) 
              5 mux_ram_low[raddr_low_reg]_99_51 ( bmux_44 ) 
              5 ctl_waddr_low_112_7 ( case_box_3975 ) 
           4 ram_generator[1].ram ( stateram_inference_i1 ) 
              5 sub_73_42 ( sub_unsigned_3850 ) 
              5 mux_ram_high[raddr_high_reg]_72_42 ( bmux_1818 ) 
              5 mux_ram_low[raddr_low_reg]_99_51 ( bmux_3854 ) 
              5 ctl_waddr_high_89_13 ( case_box_3980 ) 
              5 ctl_waddr_low_112_7 ( case_box_3981 ) 
           4 ram_generator[2].ram ( stateram_inference_i2 ) 
              5 sub_73_42 ( sub_unsigned_3850 ) 
              5 mux_ram_high[raddr_high_reg]_72_42 ( bmux_1829 ) 
              5 mux_ram_low[raddr_low_reg]_99_51 ( bmux_3866 ) 
              5 ctl_waddr_high_89_13 ( case_box_3988 ) 
              5 ctl_waddr_low_112_7 ( case_box_3989 ) 
           4 ram_generator[3].ram ( stateram_inference_i3 ) 
              5 sub_73_42 ( sub_unsigned_3850 ) 
              5 mux_ram_high[raddr_high_reg]_72_42 ( bmux_3866 ) 
              5 mux_ram_low[raddr_low_reg]_99_51 ( bmux_1829 ) 
              5 ctl_waddr_high_89_13 ( case_box_3996 ) 
              5 ctl_waddr_low_112_7 ( case_box_3997 ) 
           4 ram_generator[4].ram ( stateram_inference_i4 ) 
              5 sub_73_42 ( sub_unsigned_3850 ) 
              5 mux_ram_high[raddr_high_reg]_72_42 ( bmux_3889 ) 
              5 mux_ram_low[raddr_low_reg]_99_51 ( bmux_3890 ) 
              5 ctl_waddr_high_89_13 ( case_box_4004 ) 
              5 ctl_waddr_low_112_7 ( case_box_4005 ) 
           4 ram_generator[5].ram ( stateram_inference_i5 ) 
              5 sub_73_42 ( sub_unsigned_3850 ) 
              5 mux_ram_high[raddr_high_reg]_72_42 ( bmux_3901 ) 
              5 mux_ram_low[raddr_low_reg]_99_51 ( bmux_1753 ) 
              5 ctl_waddr_high_89_13 ( case_box_4012 ) 
              5 ctl_waddr_low_112_7 ( case_box_4013 ) 
           4 ram_generator[6].ram ( stateram_inference_i6 ) 
              5 sub_73_42 ( sub_unsigned_3850 ) 
              5 mux_ram_high[raddr_high_reg]_72_42 ( bmux_3854 ) 
              5 mux_ram_low[raddr_low_reg]_99_51 ( bmux_1818 ) 
              5 ctl_waddr_high_89_13 ( case_box_4020 ) 
              5 ctl_waddr_low_112_7 ( case_box_4021 ) 
           4 ram_generator[7].ram ( stateram_inference_i7 ) 
              5 sub_73_42 ( sub_unsigned_3850 ) 
              5 mux_ram_high[raddr_high_reg]_72_42 ( bmux_30 ) 
              5 mux_ram_low[raddr_low_reg]_99_51 ( bmux_3926 ) 
              5 ctl_waddr_high_89_13 ( case_box_4028 ) 
              5 ctl_waddr_low_112_7 ( case_box_4029 ) 
           4 ram_generator[8].ram ( stateram_inference_i8 ) 
              5 sub_73_42 ( sub_unsigned_3850 ) 
              5 mux_ram_high[raddr_high_reg]_72_42 ( bmux_3937 ) 
              5 mux_ram_low[raddr_low_reg]_99_51 ( bmux_3938 ) 
              5 ctl_waddr_high_89_13 ( case_box_4036 ) 
              5 ctl_waddr_low_112_7 ( case_box_4037 ) 
           4 ram_generator[9].ram ( stateram_inference_i9 ) 
              5 sub_73_42 ( sub_unsigned_3850 ) 
              5 mux_ram_high[raddr_high_reg]_72_42 ( bmux_3926 ) 
              5 mux_ram_low[raddr_low_reg]_99_51 ( bmux_30 ) 
              5 ctl_waddr_high_89_13 ( case_box_4044 ) 
              5 ctl_waddr_low_112_7 ( case_box_4045 ) 
           4 ram_generator[10].ram ( stateram_inference_i10 ) 
              5 sub_73_42 ( sub_unsigned_3850 ) 
              5 mux_ram_high[raddr_high_reg]_72_42 ( bmux_29 ) 
              5 mux_ram_low[raddr_low_reg]_99_51 ( bmux_3962 ) 
              5 ctl_waddr_high_89_13 ( case_box_4053 ) 
              5 ctl_waddr_low_112_7 ( case_box_4054 ) 
           4 ram_generator[11].ram ( stateram_inference_i11 ) 
              5 sub_73_42 ( sub_unsigned_3850 ) 
              5 mux_ram_high[raddr_high_reg]_72_42 ( bmux_1087 ) 
              5 mux_ram_low[raddr_low_reg]_99_51 ( bmux_3974 ) 
              5 ctl_waddr_high_89_13 ( case_box_4061 ) 
              5 ctl_waddr_low_112_7 ( case_box_4062 ) 
           4 ram_generator[12].ram ( stateram_inference_i12 ) 
              5 sub_73_42 ( sub_unsigned_3850 ) 
              5 mux_ram_high[raddr_high_reg]_72_42 ( bmux_3985 ) 
              5 mux_ram_low[raddr_low_reg]_99_51 ( bmux_467 ) 
              5 ctl_waddr_high_89_13 ( case_box_4069 ) 
              5 ctl_waddr_low_112_7 ( case_box_4070 ) 
           4 ram_generator[13].ram ( stateram_inference_i13 ) 
              5 sub_73_42 ( sub_unsigned_3850 ) 
              5 mux_ram_high[raddr_high_reg]_72_42 ( bmux_56 ) 
              5 mux_ram_low[raddr_low_reg]_99_51 ( bmux_3998 ) 
              5 ctl_waddr_high_89_13 ( case_box_4077 ) 
              5 ctl_waddr_low_112_7 ( case_box_4078 ) 
           4 ram_generator[14].ram ( stateram_inference_i14 ) 
              5 sub_73_42 ( sub_unsigned_3850 ) 
              5 mux_ram_high[raddr_high_reg]_72_42 ( bmux_3890 ) 
              5 mux_ram_low[raddr_low_reg]_99_51 ( bmux_3889 ) 
              5 ctl_waddr_high_89_13 ( case_box_4085 ) 
              5 ctl_waddr_low_112_7 ( case_box_4086 ) 
           4 ram_generator[15].ram ( stateram_inference_i15 ) 
              5 sub_73_42 ( sub_unsigned_3850 ) 
              5 mux_ram_high[raddr_high_reg]_72_42 ( bmux_4021 ) 
              5 mux_ram_low[raddr_low_reg]_99_51 ( bmux_1767 ) 
              5 ctl_waddr_high_89_13 ( case_box_4093 ) 
              5 ctl_waddr_low_112_7 ( case_box_4094 ) 
           4 ram_generator[16].ram ( stateram_inference_i16 ) 
              5 sub_73_42 ( sub_unsigned_3850 ) 
              5 mux_ram_high[raddr_high_reg]_72_42 ( bmux_1753 ) 
              5 mux_ram_low[raddr_low_reg]_99_51 ( bmux_3901 ) 
              5 ctl_waddr_high_89_13 ( case_box_4101 ) 
              5 ctl_waddr_low_112_7 ( case_box_4102 ) 
           4 ram_generator[17].ram ( stateram_inference_i17 ) 
              5 sub_73_42 ( sub_unsigned_3850 ) 
              5 mux_ram_high[raddr_high_reg]_72_42 ( bmux_36 ) 
              5 mux_ram_low[raddr_low_reg]_99_51 ( bmux_4046 ) 
              5 ctl_waddr_high_89_13 ( case_box_4109 ) 
              5 ctl_waddr_low_112_7 ( case_box_4110 ) 
           4 ram_generator[18].ram ( stateram_inference_i18 ) 
              5 sub_73_42 ( sub_unsigned_3850 ) 
              5 mux_ram_high[raddr_high_reg]_72_42 ( bmux_937 ) 
              5 mux_ram_low[raddr_low_reg]_99_51 ( bmux_4058 ) 
              5 ctl_waddr_high_89_13 ( case_box_4117 ) 
              5 ctl_waddr_low_112_7 ( case_box_4118 ) 
           4 ram_generator[19].ram ( stateram_inference_i19 ) 
              5 sub_73_42 ( sub_unsigned_3850 ) 
              5 mux_ram_high[raddr_high_reg]_72_42 ( bmux_3998 ) 
              5 mux_ram_low[raddr_low_reg]_99_51 ( bmux_56 ) 
              5 ctl_waddr_high_89_13 ( case_box_4125 ) 
              5 ctl_waddr_low_112_7 ( case_box_4126 ) 
           4 ram_generator[20].ram ( stateram_inference_i20 ) 
              5 sub_73_42 ( sub_unsigned_3850 ) 
              5 mux_ram_high[raddr_high_reg]_72_42 ( bmux_3663 ) 
              5 mux_ram_low[raddr_low_reg]_99_51 ( bmux_1575 ) 
              5 ctl_waddr_high_89_13 ( case_box_4133 ) 
              5 ctl_waddr_low_112_7 ( case_box_4134 ) 
           4 ram_generator[21].ram ( stateram_inference_i21 ) 
              5 sub_73_42 ( sub_unsigned_3850 ) 
              5 mux_ram_high[raddr_high_reg]_72_42 ( bmux_4093 ) 
              5 mux_ram_low[raddr_low_reg]_99_51 ( bmux_1613 ) 
              5 ctl_waddr_high_89_13 ( case_box_4141 ) 
              5 ctl_waddr_low_112_7 ( case_box_4142 ) 
           4 ram_generator[22].ram ( stateram_inference_i22 ) 
              5 sub_73_42 ( sub_unsigned_3850 ) 
              5 mux_ram_high[raddr_high_reg]_72_42 ( bmux_467 ) 
              5 mux_ram_low[raddr_low_reg]_99_51 ( bmux_3985 ) 
              5 ctl_waddr_high_89_13 ( case_box_4149 ) 
              5 ctl_waddr_low_112_7 ( case_box_4150 ) 
           4 ram_generator[23].ram ( stateram_inference_i23 ) 
              5 sub_73_42 ( sub_unsigned_3850 ) 
              5 mux_ram_high[raddr_high_reg]_72_42 ( bmux_1613 ) 
              5 mux_ram_low[raddr_low_reg]_99_51 ( bmux_4093 ) 
              5 ctl_waddr_high_89_13 ( case_box_4157 ) 
              5 ctl_waddr_low_112_7 ( case_box_4158 ) 
           4 ram_generator[24].ram ( stateram_inference_i24 ) 
              5 sub_73_42 ( sub_unsigned_3850 ) 
              5 mux_ram_high[raddr_high_reg]_72_42 ( bmux_1575 ) 
              5 mux_ram_low[raddr_low_reg]_99_51 ( bmux_3663 ) 
              5 ctl_waddr_high_89_13 ( case_box_4165 ) 
              5 ctl_waddr_low_112_7 ( case_box_4166 ) 
           4 g94 ( xor_op_4259 ) 
           4 g95 ( xor_op_4260 ) 
           4 g96 ( xor_op_4261 ) 
           4 g97 ( xor_op_4262 ) 
           4 g98 ( xor_op_4263 ) 
           4 g99 ( xor_op_4264 ) 
           4 g100 ( xor_op_4265 ) 
           4 g101 ( xor_op_4266 ) 
           4 g102 ( xor_op_4267 ) 
           4 g103 ( xor_op_4268 ) 
           4 g104 ( xor_op_4269 ) 
           4 g105 ( xor_op_4270 ) 
           4 g106 ( xor_op_4271 ) 
           4 g107 ( xor_op_4272 ) 
           4 g108 ( xor_op_4273 ) 
           4 g109 ( xor_op_4274 ) 
           4 g110 ( xor_op_4275 ) 
           4 g111 ( xor_op_4276 ) 
           4 g112 ( xor_op_4277 ) 
           4 g113 ( xor_op_4278 ) 
           4 g115 ( xor_op_4279 ) 
           4 g116 ( xor_op_4280 ) 
           4 g117 ( xor_op_4281 ) 
           4 g118 ( xor_op_4282 ) 
           4 g119 ( xor_op_4283 ) 
           4 g120 ( xor_op_4284 ) 
           4 g121 ( xor_op_4285 ) 
           4 g122 ( xor_op_4286 ) 
           4 g123 ( xor_op_4287 ) 
           4 g124 ( xor_op_4288 ) 
           4 g125 ( xor_op_4289 ) 
           4 g126 ( xor_op_4290 ) 
           4 g127 ( xor_op_4291 ) 
           4 g128 ( xor_op_4292 ) 
           4 g129 ( xor_op_4293 ) 
           4 g130 ( xor_op_4294 ) 
           4 g131 ( xor_op_4295 ) 
           4 g132 ( xor_op_4296 ) 
           4 g134 ( xor_op_4298 ) 
           4 g135 ( xor_op_4299 ) 
           4 g136 ( xor_op_4300 ) 
           4 g137 ( xor_op_4301 ) 
           4 g138 ( xor_op_4302 ) 
           4 g139 ( xor_op_4303 ) 
           4 g140 ( xor_op_4304 ) 
           4 g141 ( xor_op_4305 ) 
           4 eq_135_13 ( equal_unsigned_4134 ) 
           4 add_136_54 ( add_unsigned_4140 ) 
           4 sub_151_64_I2 ( sub_unsigned_4142 ) 
           4 eq_168_23_I1 ( equal_unsigned_4134 ) 
           4 add_124_35_I1 ( add_unsigned_4152 ) 
           4 add_124_35_I2 ( add_unsigned_4152 ) 
           4 ctl_raddr_346_15 ( case_box_4407 ) 
           4 mux_z0_half_346_15 ( mux_40 ) 
           4 mux_z0_half_344_29 ( bmux_29 ) 
           4 mux_z0_half_313_33 ( bmux_29 ) 
           4 mux_z0_half_281_28 ( bmux_29 ) 
           4 mux_z0_half_346_275 ( mux_40 ) 
           4 mux_z0_half_344_276 ( bmux_29 ) 
           4 mux_z0_half_313_277 ( bmux_29 ) 
           4 mux_z0_half_281_278 ( bmux_29 ) 
           4 mux_z0_half_346_282 ( mux_40 ) 
           4 mux_z0_half_344_283 ( bmux_29 ) 
           4 mux_z0_half_313_284 ( bmux_29 ) 
           4 mux_z0_half_281_285 ( bmux_29 ) 
           4 mux_z0_half_346_289 ( mux_40 ) 
           4 mux_z0_half_344_290 ( bmux_29 ) 
           4 mux_z0_half_313_291 ( bmux_29 ) 
           4 mux_z0_half_281_292 ( bmux_29 ) 
           4 mux_z0_half_346_296 ( mux_40 ) 
           4 mux_z0_half_344_297 ( bmux_29 ) 
           4 mux_z0_half_313_298 ( bmux_29 ) 
           4 mux_z0_half_281_299 ( bmux_29 ) 
           4 mux_z0_half_346_303 ( mux_40 ) 
           4 mux_z0_half_344_304 ( bmux_29 ) 
           4 mux_z0_half_313_305 ( bmux_29 ) 
           4 mux_z0_half_281_306 ( bmux_29 ) 
           4 mux_z0_half_346_310 ( mux_40 ) 
           4 mux_z0_half_344_311 ( bmux_29 ) 
           4 mux_z0_half_313_312 ( bmux_29 ) 
           4 mux_z0_half_281_313 ( bmux_29 ) 
           4 mux_z0_half_346_317 ( mux_40 ) 
           4 mux_z0_half_344_318 ( bmux_29 ) 
           4 mux_z0_half_313_319 ( bmux_29 ) 
           4 mux_z0_half_281_320 ( bmux_29 ) 
           4 mux_z0_half_346_324 ( mux_40 ) 
           4 mux_z0_half_344_325 ( bmux_29 ) 
           4 mux_z0_half_313_326 ( bmux_29 ) 
           4 mux_z0_half_281_327 ( bmux_29 ) 
           4 mux_z0_half_346_331 ( mux_40 ) 
           4 mux_z0_half_344_332 ( bmux_29 ) 
           4 mux_z0_half_313_333 ( bmux_29 ) 
           4 mux_z0_half_281_334 ( bmux_29 ) 
           4 mux_z0_half_346_338 ( mux_40 ) 
           4 mux_z0_half_344_339 ( bmux_29 ) 
           4 mux_z0_half_313_340 ( bmux_29 ) 
           4 mux_z0_half_281_341 ( bmux_29 ) 
           4 mux_z0_half_346_345 ( mux_40 ) 
           4 mux_z0_half_344_346 ( bmux_29 ) 
           4 mux_z0_half_313_347 ( bmux_29 ) 
           4 mux_z0_half_281_348 ( bmux_29 ) 
           4 mux_z0_half_346_352 ( mux_40 ) 
           4 mux_z0_half_344_353 ( bmux_29 ) 
           4 mux_z0_half_313_354 ( bmux_29 ) 
           4 mux_z0_half_281_355 ( bmux_29 ) 
           4 mux_z0_half_346_359 ( mux_40 ) 
           4 mux_z0_half_344_360 ( bmux_29 ) 
           4 mux_z0_half_313_361 ( bmux_29 ) 
           4 mux_z0_half_281_362 ( bmux_29 ) 
           4 mux_z0_half_346_366 ( mux_40 ) 
           4 mux_z0_half_344_367 ( bmux_29 ) 
           4 mux_z0_half_313_368 ( bmux_29 ) 
           4 mux_z0_half_281_369 ( bmux_29 ) 
           4 mux_z0_half_346_373 ( mux_40 ) 
           4 mux_z0_half_344_374 ( bmux_29 ) 
           4 mux_z0_half_313_375 ( bmux_29 ) 
           4 mux_z0_half_281_376 ( bmux_29 ) 
           4 mux_z0_half_346_380 ( mux_40 ) 
           4 mux_z0_half_344_381 ( bmux_29 ) 
           4 mux_z0_half_313_382 ( bmux_29 ) 
           4 mux_z0_half_281_383 ( bmux_29 ) 
           4 mux_z0_half_346_387 ( mux_40 ) 
           4 mux_z0_half_344_388 ( bmux_29 ) 
           4 mux_z0_half_313_389 ( bmux_29 ) 
           4 mux_z0_half_281_390 ( bmux_29 ) 
           4 mux_z0_half_346_394 ( mux_40 ) 
           4 mux_z0_half_344_395 ( bmux_29 ) 
           4 mux_z0_half_313_396 ( bmux_29 ) 
           4 mux_z0_half_281_397 ( bmux_29 ) 
           4 mux_z0_half_346_401 ( mux_40 ) 
           4 mux_z0_half_344_402 ( bmux_29 ) 
           4 mux_z0_half_313_403 ( bmux_29 ) 
           4 mux_z0_half_281_404 ( bmux_29 ) 
           4 mux_z0_half_346_408 ( mux_40 ) 
           4 mux_z0_half_344_409 ( bmux_29 ) 
           4 mux_z0_half_313_410 ( bmux_29 ) 
           4 mux_z0_half_281_411 ( bmux_29 ) 
           4 mux_z0_half_346_415 ( mux_40 ) 
           4 mux_z0_half_344_416 ( bmux_29 ) 
           4 mux_z0_half_313_417 ( bmux_29 ) 
           4 mux_z0_half_281_418 ( bmux_29 ) 
           4 mux_z0_half_346_422 ( mux_40 ) 
           4 mux_z0_half_344_423 ( bmux_29 ) 
           4 mux_z0_half_313_424 ( bmux_29 ) 
           4 mux_z0_half_281_425 ( bmux_29 ) 
           4 mux_z0_half_346_429 ( mux_40 ) 
           4 mux_z0_half_344_430 ( bmux_29 ) 
           4 mux_z0_half_313_431 ( bmux_29 ) 
           4 mux_z0_half_281_432 ( bmux_29 ) 
           4 mux_z0_half_346_436 ( mux_40 ) 
           4 mux_z0_half_344_437 ( bmux_29 ) 
           4 mux_z0_half_313_438 ( bmux_29 ) 
           4 mux_z0_half_281_439 ( bmux_29 ) 
           4 mux_z0_346_15 ( mux_40 ) 
           4 mux_z0_344_29 ( bmux_29 ) 
           4 mux_z0_313_33 ( bmux_29 ) 
           4 mux_z0_281_28 ( bmux_29 ) 
           4 mux_z0_346_440 ( mux_40 ) 
           4 mux_z0_344_441 ( bmux_29 ) 
           4 mux_z0_313_442 ( bmux_29 ) 
           4 mux_z0_281_443 ( bmux_29 ) 
           4 mux_z0_346_444 ( mux_40 ) 
           4 mux_z0_344_445 ( bmux_29 ) 
           4 mux_z0_313_446 ( bmux_29 ) 
           4 mux_z0_281_447 ( bmux_29 ) 
           4 mux_z0_346_448 ( mux_40 ) 
           4 mux_z0_344_449 ( bmux_29 ) 
           4 mux_z0_313_450 ( bmux_29 ) 
           4 mux_z0_281_451 ( bmux_29 ) 
           4 mux_z0_346_452 ( mux_40 ) 
           4 mux_z0_344_453 ( bmux_29 ) 
           4 mux_z0_313_454 ( bmux_29 ) 
           4 mux_z0_281_455 ( bmux_29 ) 
           4 mux_z0_346_456 ( mux_40 ) 
           4 mux_z0_344_457 ( bmux_29 ) 
           4 mux_z0_313_458 ( bmux_29 ) 
           4 mux_z0_281_459 ( bmux_29 ) 
           4 mux_z0_346_460 ( mux_40 ) 
           4 mux_z0_344_461 ( bmux_29 ) 
           4 mux_z0_313_462 ( bmux_29 ) 
           4 mux_z0_281_463 ( bmux_29 ) 
           4 mux_z0_346_464 ( mux_40 ) 
           4 mux_z0_344_465 ( bmux_29 ) 
           4 mux_z0_313_466 ( bmux_29 ) 
           4 mux_z0_281_467 ( bmux_29 ) 
           4 mux_z0_346_468 ( mux_40 ) 
           4 mux_z0_344_469 ( bmux_29 ) 
           4 mux_z0_313_470 ( bmux_29 ) 
           4 mux_z0_281_471 ( bmux_29 ) 
           4 mux_z0_346_472 ( mux_40 ) 
           4 mux_z0_344_473 ( bmux_29 ) 
           4 mux_z0_313_474 ( bmux_29 ) 
           4 mux_z0_281_475 ( bmux_29 ) 
           4 mux_z0_346_476 ( mux_40 ) 
           4 mux_z0_344_477 ( bmux_29 ) 
           4 mux_z0_313_478 ( bmux_29 ) 
           4 mux_z0_281_479 ( bmux_29 ) 
           4 mux_z0_346_480 ( mux_40 ) 
           4 mux_z0_344_481 ( bmux_29 ) 
           4 mux_z0_313_482 ( bmux_29 ) 
           4 mux_z0_281_483 ( bmux_29 ) 
           4 mux_z0_346_484 ( mux_40 ) 
           4 mux_z0_344_485 ( bmux_29 ) 
           4 mux_z0_313_486 ( bmux_29 ) 
           4 mux_z0_281_487 ( bmux_29 ) 
           4 mux_z0_346_488 ( mux_40 ) 
           4 mux_z0_344_489 ( bmux_29 ) 
           4 mux_z0_313_490 ( bmux_29 ) 
           4 mux_z0_281_491 ( bmux_29 ) 
           4 mux_z0_346_492 ( mux_40 ) 
           4 mux_z0_344_493 ( bmux_29 ) 
           4 mux_z0_313_494 ( bmux_29 ) 
           4 mux_z0_281_495 ( bmux_29 ) 
           4 mux_z0_346_496 ( mux_40 ) 
           4 mux_z0_344_497 ( bmux_29 ) 
           4 mux_z0_313_498 ( bmux_29 ) 
           4 mux_z0_281_499 ( bmux_29 ) 
           4 mux_z0_346_500 ( mux_40 ) 
           4 mux_z0_344_501 ( bmux_29 ) 
           4 mux_z0_313_502 ( bmux_29 ) 
           4 mux_z0_281_503 ( bmux_29 ) 
           4 mux_z0_346_504 ( mux_40 ) 
           4 mux_z0_344_505 ( bmux_29 ) 
           4 mux_z0_313_506 ( bmux_29 ) 
           4 mux_z0_281_507 ( bmux_29 ) 
           4 mux_z0_346_508 ( mux_40 ) 
           4 mux_z0_344_509 ( bmux_29 ) 
           4 mux_z0_313_510 ( bmux_29 ) 
           4 mux_z0_281_511 ( bmux_29 ) 
           4 mux_z0_346_512 ( mux_40 ) 
           4 mux_z0_344_513 ( bmux_29 ) 
           4 mux_z0_313_514 ( bmux_29 ) 
           4 mux_z0_281_515 ( bmux_29 ) 
           4 mux_z0_346_516 ( mux_40 ) 
           4 mux_z0_344_517 ( bmux_29 ) 
           4 mux_z0_313_518 ( bmux_29 ) 
           4 mux_z0_281_519 ( bmux_29 ) 
           4 mux_z0_346_520 ( mux_40 ) 
           4 mux_z0_344_521 ( bmux_29 ) 
           4 mux_z0_313_522 ( bmux_29 ) 
           4 mux_z0_281_523 ( bmux_29 ) 
           4 mux_z0_346_524 ( mux_40 ) 
           4 mux_z0_344_525 ( bmux_29 ) 
           4 mux_z0_313_526 ( bmux_29 ) 
           4 mux_z0_281_527 ( bmux_29 ) 
           4 mux_z0_346_528 ( mux_40 ) 
           4 mux_z0_344_529 ( bmux_29 ) 
           4 mux_z0_313_530 ( bmux_29 ) 
           4 mux_z0_281_531 ( bmux_29 ) 
           4 mux_z0_346_532 ( mux_40 ) 
           4 mux_z0_344_533 ( bmux_29 ) 
           4 mux_z0_313_534 ( bmux_29 ) 
           4 mux_z0_281_535 ( bmux_29 ) 
           4 mux_z0_mux_168_23 ( bmux_29 ) 
           4 mux_z0_mux_167_27 ( bmux_29 ) 
           4 mux_z0_mux_168_568 ( bmux_29 ) 
           4 mux_z0_mux_167_569 ( bmux_29 ) 
           4 mux_din_ram[0]_313_33 ( bmux_44 ) 
           4 mux_din_ram[0]_281_28 ( bmux_44 ) 
           4 mux_dout_internal[0]_380_74 ( bmux_29 ) 
           4 mux_din_ram[1]_344_29 ( bmux_44 ) 
           4 mux_din_ram[1]_313_33 ( bmux_44 ) 
           4 mux_din_ram[1]_281_28 ( bmux_44 ) 
           4 mux_dout_internal[1]_380_74 ( bmux_29 ) 
           4 mux_din_ram[2]_344_29 ( bmux_44 ) 
           4 mux_din_ram[2]_313_33 ( bmux_44 ) 
           4 mux_din_ram[2]_281_28 ( bmux_44 ) 
           4 mux_dout_internal[2]_380_74 ( bmux_29 ) 
           4 mux_din_ram[3]_344_29 ( bmux_44 ) 
           4 mux_din_ram[3]_313_33 ( bmux_44 ) 
           4 mux_din_ram[3]_281_28 ( bmux_44 ) 
           4 mux_dout_internal[3]_380_74 ( bmux_29 ) 
           4 mux_din_ram[4]_344_29 ( bmux_44 ) 
           4 mux_din_ram[4]_313_33 ( bmux_44 ) 
           4 mux_din_ram[4]_281_28 ( bmux_44 ) 
           4 mux_dout_internal[4]_380_74 ( bmux_29 ) 
           4 mux_din_ram[5]_344_29 ( bmux_44 ) 
           4 mux_din_ram[5]_313_33 ( bmux_44 ) 
           4 mux_din_ram[5]_281_28 ( bmux_44 ) 
           4 mux_dout_internal[5]_380_74 ( bmux_29 ) 
           4 mux_din_ram[6]_344_29 ( bmux_44 ) 
           4 mux_din_ram[6]_313_33 ( bmux_44 ) 
           4 mux_din_ram[6]_281_28 ( bmux_44 ) 
           4 mux_dout_internal[6]_380_74 ( bmux_29 ) 
           4 mux_din_ram[7]_344_29 ( bmux_44 ) 
           4 mux_din_ram[7]_313_33 ( bmux_44 ) 
           4 mux_din_ram[7]_281_28 ( bmux_44 ) 
           4 mux_dout_internal[7]_380_74 ( bmux_29 ) 
           4 mux_din_ram[8]_344_29 ( bmux_44 ) 
           4 mux_din_ram[8]_313_33 ( bmux_44 ) 
           4 mux_din_ram[8]_281_28 ( bmux_44 ) 
           4 mux_dout_internal[8]_380_74 ( bmux_29 ) 
           4 mux_din_ram[9]_344_29 ( bmux_44 ) 
           4 mux_din_ram[9]_313_33 ( bmux_44 ) 
           4 mux_din_ram[9]_281_28 ( bmux_44 ) 
           4 mux_dout_internal[9]_380_74 ( bmux_29 ) 
           4 mux_din_ram[10]_344_29 ( bmux_44 ) 
           4 mux_din_ram[10]_313_33 ( bmux_44 ) 
           4 mux_din_ram[10]_281_28 ( bmux_44 ) 
           4 mux_dout_internal[10]_380_74 ( bmux_29 ) 
           4 mux_din_ram[11]_344_29 ( bmux_44 ) 
           4 mux_din_ram[11]_313_33 ( bmux_44 ) 
           4 mux_din_ram[11]_281_28 ( bmux_44 ) 
           4 mux_dout_internal[11]_380_74 ( bmux_29 ) 
           4 mux_din_ram[12]_344_29 ( bmux_44 ) 
           4 mux_din_ram[12]_313_33 ( bmux_44 ) 
           4 mux_din_ram[12]_281_28 ( bmux_44 ) 
           4 mux_dout_internal[12]_380_74 ( bmux_29 ) 
           4 mux_din_ram[13]_344_29 ( bmux_44 ) 
           4 mux_din_ram[13]_313_33 ( bmux_44 ) 
           4 mux_din_ram[13]_281_28 ( bmux_44 ) 
           4 mux_dout_internal[13]_380_74 ( bmux_29 ) 
           4 mux_din_ram[14]_344_29 ( bmux_44 ) 
           4 mux_din_ram[14]_313_33 ( bmux_44 ) 
           4 mux_din_ram[14]_281_28 ( bmux_44 ) 
           4 mux_dout_internal[14]_380_74 ( bmux_29 ) 
           4 mux_din_ram[15]_344_29 ( bmux_44 ) 
           4 mux_din_ram[15]_313_33 ( bmux_44 ) 
           4 mux_din_ram[15]_281_28 ( bmux_44 ) 
           4 mux_dout_internal[15]_380_74 ( bmux_29 ) 
           4 mux_din_ram[16]_344_29 ( bmux_44 ) 
           4 mux_din_ram[16]_313_33 ( bmux_44 ) 
           4 mux_din_ram[16]_281_28 ( bmux_44 ) 
           4 mux_dout_internal[16]_380_74 ( bmux_29 ) 
           4 mux_din_ram[17]_344_29 ( bmux_44 ) 
           4 mux_din_ram[17]_313_33 ( bmux_44 ) 
           4 mux_din_ram[17]_281_28 ( bmux_44 ) 
           4 mux_dout_internal[17]_380_74 ( bmux_29 ) 
           4 mux_din_ram[18]_344_29 ( bmux_44 ) 
           4 mux_din_ram[18]_313_33 ( bmux_44 ) 
           4 mux_din_ram[18]_281_28 ( bmux_44 ) 
           4 mux_dout_internal[18]_380_74 ( bmux_29 ) 
           4 mux_din_ram[19]_344_29 ( bmux_44 ) 
           4 mux_din_ram[19]_313_33 ( bmux_44 ) 
           4 mux_din_ram[19]_281_28 ( bmux_44 ) 
           4 mux_dout_internal[19]_380_74 ( bmux_29 ) 
           4 mux_din_ram[20]_344_29 ( bmux_44 ) 
           4 mux_din_ram[20]_313_33 ( bmux_44 ) 
           4 mux_din_ram[20]_281_28 ( bmux_44 ) 
           4 mux_dout_internal[20]_380_74 ( bmux_29 ) 
           4 mux_din_ram[21]_344_29 ( bmux_44 ) 
           4 mux_din_ram[21]_313_33 ( bmux_44 ) 
           4 mux_din_ram[21]_281_28 ( bmux_44 ) 
           4 mux_dout_internal[21]_380_74 ( bmux_29 ) 
           4 mux_din_ram[22]_344_29 ( bmux_44 ) 
           4 mux_din_ram[22]_313_33 ( bmux_44 ) 
           4 mux_din_ram[22]_281_28 ( bmux_44 ) 
           4 mux_dout_internal[22]_380_74 ( bmux_29 ) 
           4 mux_din_ram[23]_344_29 ( bmux_44 ) 
           4 mux_din_ram[23]_313_33 ( bmux_44 ) 
           4 mux_din_ram[23]_281_28 ( bmux_44 ) 
           4 mux_dout_internal[23]_380_74 ( bmux_29 ) 
           4 mux_din_ram[24]_344_29 ( bmux_44 ) 
           4 mux_din_ram[24]_313_33 ( bmux_44 ) 
           4 mux_din_ram[24]_281_28 ( bmux_44 ) 
           4 mux_dout_internal[24]_380_74 ( bmux_29 ) 
        3 eq_251_49 ( equal_unsigned_4134 ) 
        3 eq_260_49 ( equal_unsigned_4672 ) 
        3 add_118_23 ( add_unsigned_3815 ) 
        3 eq_278_18_I18 ( equal_unsigned_4716 ) 
        3 eq_278_18_I19 ( equal_unsigned_4716 ) 
        3 eq_278_18_I20 ( equal_unsigned_4716 ) 
        3 eq_278_18_I21 ( equal_unsigned_4716 ) 
        3 mux_first_round_251_49 ( bmux_29 ) 
        3 mux_first_round_212_21 ( bmux_29 ) 
        3 mux_last_round_260_49 ( bmux_29 ) 
        3 mux_last_round_212_21 ( bmux_29 ) 
        3 mux_we_279_11 ( bmux_29 ) 
        3 mux_we_279_163 ( bmux_29 ) 
        3 mux_we_279_165 ( bmux_29 ) 
        3 mux_we_279_167 ( bmux_29 ) 
        3 mux_we_279_169 ( bmux_29 ) 
        3 mux_we_279_171 ( bmux_29 ) 
        3 mux_we_279_173 ( bmux_29 ) 
        3 mux_we_279_175 ( bmux_29 ) 
        3 mux_we_279_177 ( bmux_29 ) 
        3 mux_we_279_179 ( bmux_29 ) 
        3 mux_we_279_181 ( bmux_29 ) 
        3 mux_we_279_183 ( bmux_29 ) 
        3 mux_we_279_185 ( bmux_29 ) 
        3 mux_we_279_187 ( bmux_29 ) 
        3 mux_we_279_189 ( bmux_29 ) 
        3 mux_we_279_191 ( bmux_29 ) 
        3 mux_we_279_193 ( bmux_29 ) 
        3 mux_we_279_195 ( bmux_29 ) 
        3 mux_we_279_197 ( bmux_29 ) 
        3 mux_we_279_199 ( bmux_29 ) 
        3 mux_we_279_201 ( bmux_29 ) 
        3 mux_we_288_50 ( bmux_29 ) 
        3 mux_we_274_16 ( bmux_3985 ) 
        3 mux_din_ram_218_18 ( bmux_292 ) 
        3 mux_din_ram_212_21 ( bmux_3828 ) 
        3 mux_din_z0_212_21 ( bmux_1767 ) 
        3 mux_dout_ram_163_41 ( bmux_4663 ) 
  1 POLY_MULT ( poly_mult_parameter_set48h687163313238_MAX_WEIGHT75_N17669_M15_RAMWIDTH128_W35584_X278 ) 
     2 INTERLEAVED_RED_MEM ( mem_dual_WIDTH128_DEPTH139 ) 
        3 mux_q_1_59_9 ( bmux_292 ) 
        3 mux_q_0_48_9 ( bmux_292 ) 
        3 ctl_address_0_50_9 ( case_box_296 ) 
        3 ctl_address_1_61_9 ( case_box_297 ) 
        3 mux_mem[address_1]_65_14 ( bmux_300 ) 
        3 mux_mem[address_0]_54_14 ( bmux_301 ) 
     2 g6 ( xor_op_4677 ) 
     2 lt_230_40 ( lt_unsigned_4787 ) 
     2 gte_149_36_I129 ( geq_unsigned_5176 ) 
     2 gte_149_36_I130 ( geq_unsigned_5176 ) 
     2 gte_149_36_I131 ( geq_unsigned_5176 ) 
     2 gte_149_36_I132 ( geq_unsigned_5176 ) 
     2 gte_149_36_I133 ( geq_unsigned_5176 ) 
     2 gte_149_36_I134 ( geq_unsigned_5176 ) 
     2 gte_149_36_I135 ( geq_unsigned_5176 ) 
     2 gte_149_36_I136 ( geq_unsigned_5176 ) 
     2 gte_149_36_I137 ( geq_unsigned_5176 ) 
     2 gte_149_36_I138 ( geq_unsigned_5176 ) 
     2 gte_149_36_I139 ( geq_unsigned_5176 ) 
     2 gte_149_36_I140 ( geq_unsigned_5176 ) 
     2 gte_149_36_I141 ( geq_unsigned_5176 ) 
     2 gte_149_36_I142 ( geq_unsigned_5176 ) 
     2 gte_149_36_I143 ( geq_unsigned_5176 ) 
     2 gte_149_36_I144 ( geq_unsigned_5176 ) 
     2 gte_149_36_I145 ( geq_unsigned_5176 ) 
     2 gte_149_36_I146 ( geq_unsigned_5176 ) 
     2 gte_149_36_I147 ( geq_unsigned_5176 ) 
     2 gte_149_36_I148 ( geq_unsigned_5176 ) 
     2 gte_149_36_I149 ( geq_unsigned_5176 ) 
     2 gte_149_36_I150 ( geq_unsigned_5176 ) 
     2 gte_149_36_I151 ( geq_unsigned_5176 ) 
     2 gte_149_36_I152 ( geq_unsigned_5176 ) 
     2 gte_149_36_I153 ( geq_unsigned_5176 ) 
     2 gte_149_36_I154 ( geq_unsigned_5176 ) 
     2 gte_149_36_I155 ( geq_unsigned_5176 ) 
     2 gte_149_36_I156 ( geq_unsigned_5176 ) 
     2 gte_149_36_I157 ( geq_unsigned_5176 ) 
     2 gte_149_36_I158 ( geq_unsigned_5176 ) 
     2 gte_149_36_I159 ( geq_unsigned_5176 ) 
     2 gte_149_36_I160 ( geq_unsigned_5176 ) 
     2 gte_149_36_I161 ( geq_unsigned_5176 ) 
     2 gte_149_36_I162 ( geq_unsigned_5176 ) 
     2 gte_149_36_I163 ( geq_unsigned_5176 ) 
     2 gte_149_36_I164 ( geq_unsigned_5176 ) 
     2 gte_149_36_I165 ( geq_unsigned_5176 ) 
     2 gte_149_36_I166 ( geq_unsigned_5176 ) 
     2 gte_149_36_I167 ( geq_unsigned_5176 ) 
     2 gte_149_36_I168 ( geq_unsigned_5176 ) 
     2 gte_149_36_I169 ( geq_unsigned_5176 ) 
     2 gte_149_36_I170 ( geq_unsigned_5176 ) 
     2 gte_149_36_I171 ( geq_unsigned_5176 ) 
     2 gte_149_36_I172 ( geq_unsigned_5176 ) 
     2 gte_149_36_I173 ( geq_unsigned_5176 ) 
     2 gte_149_36_I174 ( geq_unsigned_5176 ) 
     2 gte_149_36_I175 ( geq_unsigned_5176 ) 
     2 gte_149_36_I176 ( geq_unsigned_5176 ) 
     2 gte_149_36_I177 ( geq_unsigned_5176 ) 
     2 gte_149_36_I178 ( geq_unsigned_5176 ) 
     2 gte_149_36_I179 ( geq_unsigned_5176 ) 
     2 gte_149_36_I180 ( geq_unsigned_5176 ) 
     2 gte_149_36_I181 ( geq_unsigned_5176 ) 
     2 gte_149_36_I182 ( geq_unsigned_5176 ) 
     2 gte_149_36_I183 ( geq_unsigned_5176 ) 
     2 gte_149_36_I184 ( geq_unsigned_5176 ) 
     2 gte_149_36_I185 ( geq_unsigned_5176 ) 
     2 gte_149_36_I186 ( geq_unsigned_5176 ) 
     2 gte_149_36_I187 ( geq_unsigned_5176 ) 
     2 gte_149_36_I188 ( geq_unsigned_5176 ) 
     2 gte_149_36_I189 ( geq_unsigned_5176 ) 
     2 gte_149_36_I190 ( geq_unsigned_5176 ) 
     2 gte_149_36_I191 ( geq_unsigned_5176 ) 
     2 gte_149_36_I192 ( geq_unsigned_5176 ) 
     2 gte_149_36_I193 ( geq_unsigned_5176 ) 
     2 gte_149_36_I194 ( geq_unsigned_5176 ) 
     2 gte_149_36_I195 ( geq_unsigned_5176 ) 
     2 gte_149_36_I196 ( geq_unsigned_5176 ) 
     2 gte_149_36_I197 ( geq_unsigned_5176 ) 
     2 gte_149_36_I198 ( geq_unsigned_5176 ) 
     2 gte_149_36_I199 ( geq_unsigned_5176 ) 
     2 gte_149_36_I200 ( geq_unsigned_5176 ) 
     2 gte_149_36_I201 ( geq_unsigned_5176 ) 
     2 gte_149_36_I202 ( geq_unsigned_5176 ) 
     2 gte_149_36_I203 ( geq_unsigned_5176 ) 
     2 gte_149_36_I204 ( geq_unsigned_5176 ) 
     2 gte_149_36_I205 ( geq_unsigned_5176 ) 
     2 gte_149_36_I206 ( geq_unsigned_5176 ) 
     2 gte_149_36_I207 ( geq_unsigned_5176 ) 
     2 gte_149_36_I208 ( geq_unsigned_5176 ) 
     2 gte_149_36_I209 ( geq_unsigned_5176 ) 
     2 gte_149_36_I210 ( geq_unsigned_5176 ) 
     2 gte_149_36_I211 ( geq_unsigned_5176 ) 
     2 gte_149_36_I212 ( geq_unsigned_5176 ) 
     2 gte_149_36_I213 ( geq_unsigned_5176 ) 
     2 gte_149_36_I214 ( geq_unsigned_5176 ) 
     2 gte_149_36_I215 ( geq_unsigned_5176 ) 
     2 gte_149_36_I216 ( geq_unsigned_5176 ) 
     2 gte_149_36_I217 ( geq_unsigned_5176 ) 
     2 gte_149_36_I218 ( geq_unsigned_5176 ) 
     2 gte_149_36_I219 ( geq_unsigned_5176 ) 
     2 gte_149_36_I220 ( geq_unsigned_5176 ) 
     2 gte_149_36_I221 ( geq_unsigned_5176 ) 
     2 gte_149_36_I222 ( geq_unsigned_5176 ) 
     2 gte_149_36_I223 ( geq_unsigned_5176 ) 
     2 gte_149_36_I224 ( geq_unsigned_5176 ) 
     2 gte_149_36_I225 ( geq_unsigned_5176 ) 
     2 gte_149_36_I226 ( geq_unsigned_5176 ) 
     2 gte_149_36_I227 ( geq_unsigned_5176 ) 
     2 gte_149_36_I228 ( geq_unsigned_5176 ) 
     2 gte_149_36_I229 ( geq_unsigned_5176 ) 
     2 gte_149_36_I230 ( geq_unsigned_5176 ) 
     2 gte_149_36_I231 ( geq_unsigned_5176 ) 
     2 gte_149_36_I232 ( geq_unsigned_5176 ) 
     2 gte_149_36_I233 ( geq_unsigned_5176 ) 
     2 gte_149_36_I234 ( geq_unsigned_5176 ) 
     2 gte_149_36_I235 ( geq_unsigned_5176 ) 
     2 gte_149_36_I236 ( geq_unsigned_5176 ) 
     2 gte_149_36_I237 ( geq_unsigned_5176 ) 
     2 gte_149_36_I238 ( geq_unsigned_5176 ) 
     2 gte_149_36_I239 ( geq_unsigned_5176 ) 
     2 gte_149_36_I240 ( geq_unsigned_5176 ) 
     2 gte_149_36_I241 ( geq_unsigned_5176 ) 
     2 gte_149_36_I242 ( geq_unsigned_5176 ) 
     2 gte_149_36_I243 ( geq_unsigned_5176 ) 
     2 gte_149_36_I244 ( geq_unsigned_5176 ) 
     2 gte_149_36_I245 ( geq_unsigned_5176 ) 
     2 gte_149_36_I246 ( geq_unsigned_5176 ) 
     2 gte_149_36_I247 ( geq_unsigned_5176 ) 
     2 gte_149_36_I248 ( geq_unsigned_5176 ) 
     2 gte_149_36_I249 ( geq_unsigned_5176 ) 
     2 gte_149_36_I250 ( geq_unsigned_5176 ) 
     2 gte_149_36_I251 ( geq_unsigned_5176 ) 
     2 gte_149_36_I252 ( geq_unsigned_5176 ) 
     2 gte_149_36_I253 ( geq_unsigned_5176 ) 
     2 gte_149_36_I254 ( geq_unsigned_5176 ) 
     2 gte_149_36_I255 ( geq_unsigned_5176 ) 
     2 gte_149_36_I256 ( geq_unsigned_5176 ) 
     2 eq_469_21 ( equal_unsigned_5561 ) 
     2 add_471_29 ( add_unsigned_5563 ) 
     2 sub_259_39 ( sub_unsigned_2175 ) 
     2 sub_400_55 ( sub_signed ) 
     2 gt_384_45 ( gt_unsigned ) 
     2 eq_491_24 ( equal_unsigned_5572 ) 
     2 add_491_20 ( add_unsigned_5574 ) 
     2 eq_498_36 ( equal_unsigned_5572 ) 
     2 add_498_32 ( add_unsigned_5574 ) 
     2 add_505_34 ( add_unsigned ) 
     2 eq_342_31 ( equal_unsigned_5584 ) 
     2 add_355_66 ( add_unsigned_1667 ) 
     2 eq_357_45 ( equal_unsigned_5561 ) 
     2 add_357_41 ( add_unsigned_5590 ) 
     2 sub_409_53 ( sub_unsigned_5592 ) 
     2 add_511_51 ( add_unsigned_2244 ) 
     2 lt_526_17 ( lt_unsigned_5597 ) 
     2 add_363_63 ( add_unsigned_5599 ) 
     2 add_517_59 ( add_unsigned_2244 ) 
     2 eq_366_44 ( equal_unsigned_5561 ) 
     2 add_366_40 ( add_unsigned_5590 ) 
     2 add_523_59 ( add_unsigned_2244 ) 
     2 mux_state_526_17 ( bmux_1575 ) 
     2 mux_addr_1_int_red_mem_366_44 ( bmux_1613 ) 
     2 mux_addr_1_int_red_mem_432_40 ( bmux_1613 ) 
     2 mux_addr_1_int_red_mem_421_17 ( bmux_5617 ) 
     2 ctl_state_287_13 ( case_box_4685 ) 
     2 mux_addr_1_int_red_mem_287_13 ( mux_5619 ) 
     2 mux_addr_0_int_red_mem_357_45 ( bmux_1613 ) 
     2 mux_addr_0_int_red_mem_426_40 ( bmux_1613 ) 
     2 ctl_inter_mem_wr_delay_421_17 ( case_box_4686 ) 
     2 mux_addr_0_int_red_mem_421_17 ( mux_5624 ) 
     2 mux_addr_0_int_red_mem_287_13 ( mux_5619 ) 
     2 mux_wren_1_intermediate_304_8 ( bmux_29 ) 
     2 mux_wren_1_intermediate_342_31 ( bmux_29 ) 
     2 mux_wren_1_intermediate_287_13 ( mux_465 ) 
     2 mux_wren_0_intermediate_421_17 ( mux_40 ) 
     2 mux_wren_0_intermediate_287_13 ( mux_334 ) 
     2 mux_addr_1_reg_323_33 ( bmux_1613 ) 
     2 mux_addr_1_reg_498_36 ( bmux_1613 ) 
     2 mux_addr_1_reg_469_21 ( bmux_1613 ) 
     2 mux_addr_1_reg_287_13 ( mux_5644 ) 
     2 mux_addr_0_reg_311_33 ( bmux_1613 ) 
     2 mux_addr_0_reg_307_39 ( bmux_1613 ) 
     2 mux_addr_0_reg_473_51 ( bmux_1613 ) 
     2 mux_addr_0_reg_491_24 ( bmux_1613 ) 
     2 mux_addr_0_reg_469_21 ( bmux_1613 ) 
     2 mux_addr_0_reg_287_13 ( mux_5644 ) 
     2 mux_valid_287_13 ( mux_465 ) 
     2 mux_mux_word_149_419 ( bmux_5657 ) 
     2 mux_149_420 ( bmux_29 ) 
     2 mux_mux_word_149_422 ( bmux_5657 ) 
     2 mux_149_423 ( bmux_29 ) 
     2 mux_mux_word_149_425 ( bmux_5657 ) 
     2 mux_149_426 ( bmux_29 ) 
     2 mux_mux_word_149_428 ( bmux_5657 ) 
     2 mux_149_429 ( bmux_29 ) 
     2 mux_mux_word_149_431 ( bmux_5657 ) 
     2 mux_149_432 ( bmux_29 ) 
     2 mux_mux_word_149_434 ( bmux_5657 ) 
     2 mux_149_435 ( bmux_29 ) 
     2 mux_mux_word_149_437 ( bmux_5657 ) 
     2 mux_149_438 ( bmux_29 ) 
     2 mux_mux_word_149_440 ( bmux_5657 ) 
     2 mux_149_441 ( bmux_29 ) 
     2 mux_mux_word_149_443 ( bmux_5657 ) 
     2 mux_149_444 ( bmux_29 ) 
     2 mux_mux_word_149_446 ( bmux_5657 ) 
     2 mux_149_447 ( bmux_29 ) 
     2 mux_mux_word_149_449 ( bmux_5657 ) 
     2 mux_149_450 ( bmux_29 ) 
     2 mux_mux_word_149_452 ( bmux_5657 ) 
     2 mux_149_453 ( bmux_29 ) 
     2 mux_mux_word_149_455 ( bmux_5657 ) 
     2 mux_149_456 ( bmux_29 ) 
     2 mux_mux_word_149_458 ( bmux_5657 ) 
     2 mux_149_459 ( bmux_29 ) 
     2 mux_mux_word_149_461 ( bmux_5657 ) 
     2 mux_149_462 ( bmux_29 ) 
     2 mux_mux_word_149_464 ( bmux_5657 ) 
     2 mux_149_465 ( bmux_29 ) 
     2 mux_mux_word_149_467 ( bmux_5657 ) 
     2 mux_149_468 ( bmux_29 ) 
     2 mux_mux_word_149_470 ( bmux_5657 ) 
     2 mux_149_471 ( bmux_29 ) 
     2 mux_mux_word_149_473 ( bmux_5657 ) 
     2 mux_149_474 ( bmux_29 ) 
     2 mux_mux_word_149_476 ( bmux_5657 ) 
     2 mux_149_477 ( bmux_29 ) 
     2 mux_mux_word_149_479 ( bmux_5657 ) 
     2 mux_149_480 ( bmux_29 ) 
     2 mux_mux_word_149_482 ( bmux_5657 ) 
     2 mux_149_483 ( bmux_29 ) 
     2 mux_mux_word_149_485 ( bmux_5657 ) 
     2 mux_149_486 ( bmux_29 ) 
     2 mux_mux_word_149_488 ( bmux_5657 ) 
     2 mux_149_489 ( bmux_29 ) 
     2 mux_mux_word_149_491 ( bmux_5657 ) 
     2 mux_149_492 ( bmux_29 ) 
     2 mux_mux_word_149_494 ( bmux_5657 ) 
     2 mux_149_495 ( bmux_29 ) 
     2 mux_mux_word_149_497 ( bmux_5657 ) 
     2 mux_149_498 ( bmux_29 ) 
     2 mux_mux_word_149_500 ( bmux_5657 ) 
     2 mux_149_501 ( bmux_29 ) 
     2 mux_mux_word_149_503 ( bmux_5657 ) 
     2 mux_149_504 ( bmux_29 ) 
     2 mux_mux_word_149_506 ( bmux_5657 ) 
     2 mux_149_507 ( bmux_29 ) 
     2 mux_mux_word_149_509 ( bmux_5657 ) 
     2 mux_149_510 ( bmux_29 ) 
     2 mux_mux_word_149_512 ( bmux_5657 ) 
     2 mux_149_513 ( bmux_29 ) 
     2 mux_mux_word_149_515 ( bmux_5657 ) 
     2 mux_149_516 ( bmux_29 ) 
     2 mux_mux_word_149_518 ( bmux_5657 ) 
     2 mux_149_519 ( bmux_29 ) 
     2 mux_mux_word_149_521 ( bmux_5657 ) 
     2 mux_149_522 ( bmux_29 ) 
     2 mux_mux_word_149_524 ( bmux_5657 ) 
     2 mux_149_525 ( bmux_29 ) 
     2 mux_mux_word_149_527 ( bmux_5657 ) 
     2 mux_149_528 ( bmux_29 ) 
     2 mux_mux_word_149_530 ( bmux_5657 ) 
     2 mux_149_531 ( bmux_29 ) 
     2 mux_mux_word_149_533 ( bmux_5657 ) 
     2 mux_149_534 ( bmux_29 ) 
     2 mux_mux_word_149_536 ( bmux_5657 ) 
     2 mux_149_537 ( bmux_29 ) 
     2 mux_mux_word_149_539 ( bmux_5657 ) 
     2 mux_149_540 ( bmux_29 ) 
     2 mux_mux_word_149_542 ( bmux_5657 ) 
     2 mux_149_543 ( bmux_29 ) 
     2 mux_mux_word_149_545 ( bmux_5657 ) 
     2 mux_149_546 ( bmux_29 ) 
     2 mux_mux_word_149_548 ( bmux_5657 ) 
     2 mux_149_549 ( bmux_29 ) 
     2 mux_mux_word_149_551 ( bmux_5657 ) 
     2 mux_149_552 ( bmux_29 ) 
     2 mux_mux_word_149_554 ( bmux_5657 ) 
     2 mux_149_555 ( bmux_29 ) 
     2 mux_mux_word_149_557 ( bmux_5657 ) 
     2 mux_149_558 ( bmux_29 ) 
     2 mux_mux_word_149_560 ( bmux_5657 ) 
     2 mux_149_561 ( bmux_29 ) 
     2 mux_mux_word_149_563 ( bmux_5657 ) 
     2 mux_149_564 ( bmux_29 ) 
     2 mux_mux_word_149_566 ( bmux_5657 ) 
     2 mux_149_567 ( bmux_29 ) 
     2 mux_mux_word_149_569 ( bmux_5657 ) 
     2 mux_149_570 ( bmux_29 ) 
     2 mux_mux_word_149_572 ( bmux_5657 ) 
     2 mux_149_573 ( bmux_29 ) 
     2 mux_mux_word_149_575 ( bmux_5657 ) 
     2 mux_149_576 ( bmux_29 ) 
     2 mux_mux_word_149_578 ( bmux_5657 ) 
     2 mux_149_579 ( bmux_29 ) 
     2 mux_mux_word_149_581 ( bmux_5657 ) 
     2 mux_149_582 ( bmux_29 ) 
     2 mux_mux_word_149_584 ( bmux_5657 ) 
     2 mux_149_585 ( bmux_29 ) 
     2 mux_mux_word_149_587 ( bmux_5657 ) 
     2 mux_149_588 ( bmux_29 ) 
     2 mux_mux_word_149_590 ( bmux_5657 ) 
     2 mux_149_591 ( bmux_29 ) 
     2 mux_mux_word_149_593 ( bmux_5657 ) 
     2 mux_149_594 ( bmux_29 ) 
     2 mux_mux_word_149_596 ( bmux_5657 ) 
     2 mux_149_597 ( bmux_29 ) 
     2 mux_mux_word_149_599 ( bmux_5657 ) 
     2 mux_149_600 ( bmux_29 ) 
     2 mux_mux_word_149_602 ( bmux_5657 ) 
     2 mux_149_603 ( bmux_29 ) 
     2 mux_mux_word_149_605 ( bmux_5657 ) 
     2 mux_149_606 ( bmux_29 ) 
     2 mux_mux_word_149_608 ( bmux_5657 ) 
     2 mux_149_609 ( bmux_29 ) 
     2 mux_mux_word_149_611 ( bmux_5657 ) 
     2 mux_149_612 ( bmux_29 ) 
     2 mux_mux_word_149_614 ( bmux_5657 ) 
     2 mux_149_615 ( bmux_29 ) 
     2 mux_mux_word_149_617 ( bmux_5657 ) 
     2 mux_149_618 ( bmux_29 ) 
     2 mux_mux_word_149_620 ( bmux_5657 ) 
     2 mux_149_621 ( bmux_29 ) 
     2 mux_mux_word_149_623 ( bmux_5657 ) 
     2 mux_149_624 ( bmux_29 ) 
     2 mux_mux_word_149_626 ( bmux_5657 ) 
     2 mux_149_627 ( bmux_29 ) 
     2 mux_mux_word_149_629 ( bmux_5657 ) 
     2 mux_149_630 ( bmux_29 ) 
     2 mux_mux_word_149_632 ( bmux_5657 ) 
     2 mux_149_633 ( bmux_29 ) 
     2 mux_mux_word_149_635 ( bmux_5657 ) 
     2 mux_149_636 ( bmux_29 ) 
     2 mux_mux_word_149_638 ( bmux_5657 ) 
     2 mux_149_639 ( bmux_29 ) 
     2 mux_mux_word_149_641 ( bmux_5657 ) 
     2 mux_149_642 ( bmux_29 ) 
     2 mux_mux_word_149_644 ( bmux_5657 ) 
     2 mux_149_645 ( bmux_29 ) 
     2 mux_mux_word_149_647 ( bmux_5657 ) 
     2 mux_149_648 ( bmux_29 ) 
     2 mux_mux_word_149_650 ( bmux_5657 ) 
     2 mux_149_651 ( bmux_29 ) 
     2 mux_mux_word_149_653 ( bmux_5657 ) 
     2 mux_149_654 ( bmux_29 ) 
     2 mux_mux_word_149_656 ( bmux_5657 ) 
     2 mux_149_657 ( bmux_29 ) 
     2 mux_mux_word_149_659 ( bmux_5657 ) 
     2 mux_149_660 ( bmux_29 ) 
     2 mux_mux_word_149_662 ( bmux_5657 ) 
     2 mux_149_663 ( bmux_29 ) 
     2 mux_mux_word_149_665 ( bmux_5657 ) 
     2 mux_149_666 ( bmux_29 ) 
     2 mux_mux_word_149_668 ( bmux_5657 ) 
     2 mux_149_669 ( bmux_29 ) 
     2 mux_mux_word_149_671 ( bmux_5657 ) 
     2 mux_149_672 ( bmux_29 ) 
     2 mux_mux_word_149_674 ( bmux_5657 ) 
     2 mux_149_675 ( bmux_29 ) 
     2 mux_mux_word_149_677 ( bmux_5657 ) 
     2 mux_149_678 ( bmux_29 ) 
     2 mux_mux_word_149_680 ( bmux_5657 ) 
     2 mux_149_681 ( bmux_29 ) 
     2 mux_mux_word_149_683 ( bmux_5657 ) 
     2 mux_149_684 ( bmux_29 ) 
     2 mux_mux_word_149_686 ( bmux_5657 ) 
     2 mux_149_687 ( bmux_29 ) 
     2 mux_mux_word_149_689 ( bmux_5657 ) 
     2 mux_149_690 ( bmux_29 ) 
     2 mux_mux_word_149_692 ( bmux_5657 ) 
     2 mux_149_693 ( bmux_29 ) 
     2 mux_mux_word_149_695 ( bmux_5657 ) 
     2 mux_149_696 ( bmux_29 ) 
     2 mux_mux_word_149_698 ( bmux_5657 ) 
     2 mux_149_699 ( bmux_29 ) 
     2 mux_mux_word_149_701 ( bmux_5657 ) 
     2 mux_149_702 ( bmux_29 ) 
     2 mux_mux_word_149_704 ( bmux_5657 ) 
     2 mux_149_705 ( bmux_29 ) 
     2 mux_mux_word_149_707 ( bmux_5657 ) 
     2 mux_149_708 ( bmux_29 ) 
     2 mux_mux_word_149_710 ( bmux_5657 ) 
     2 mux_149_711 ( bmux_29 ) 
     2 mux_mux_word_149_713 ( bmux_5657 ) 
     2 mux_149_714 ( bmux_29 ) 
     2 mux_mux_word_149_716 ( bmux_5657 ) 
     2 mux_149_717 ( bmux_29 ) 
     2 mux_mux_word_149_719 ( bmux_5657 ) 
     2 mux_149_720 ( bmux_29 ) 
     2 mux_mux_word_149_722 ( bmux_5657 ) 
     2 mux_149_723 ( bmux_29 ) 
     2 mux_mux_word_149_725 ( bmux_5657 ) 
     2 mux_149_726 ( bmux_29 ) 
     2 mux_mux_word_149_728 ( bmux_5657 ) 
     2 mux_149_729 ( bmux_29 ) 
     2 mux_mux_word_149_731 ( bmux_5657 ) 
     2 mux_149_732 ( bmux_29 ) 
     2 mux_mux_word_149_734 ( bmux_5657 ) 
     2 mux_149_735 ( bmux_29 ) 
     2 mux_mux_word_149_737 ( bmux_5657 ) 
     2 mux_149_738 ( bmux_29 ) 
     2 mux_mux_word_149_740 ( bmux_5657 ) 
     2 mux_149_741 ( bmux_29 ) 
     2 mux_mux_word_149_743 ( bmux_5657 ) 
     2 mux_149_744 ( bmux_29 ) 
     2 mux_mux_word_149_746 ( bmux_5657 ) 
     2 mux_149_747 ( bmux_29 ) 
     2 mux_mux_word_149_749 ( bmux_5657 ) 
     2 mux_149_750 ( bmux_29 ) 
     2 mux_mux_word_149_752 ( bmux_5657 ) 
     2 mux_149_753 ( bmux_29 ) 
     2 mux_mux_word_149_755 ( bmux_5657 ) 
     2 mux_149_756 ( bmux_29 ) 
     2 mux_mux_word_149_758 ( bmux_5657 ) 
     2 mux_149_759 ( bmux_29 ) 
     2 mux_mux_word_149_761 ( bmux_5657 ) 
     2 mux_149_762 ( bmux_29 ) 
     2 mux_mux_word_149_764 ( bmux_5657 ) 
     2 mux_149_765 ( bmux_29 ) 
     2 mux_mux_word_149_767 ( bmux_5657 ) 
     2 mux_149_768 ( bmux_29 ) 
     2 mux_mux_word_149_770 ( bmux_5657 ) 
     2 mux_149_771 ( bmux_29 ) 
     2 mux_mux_word_149_773 ( bmux_5657 ) 
     2 mux_149_774 ( bmux_29 ) 
     2 mux_mux_word_149_776 ( bmux_5657 ) 
     2 mux_149_777 ( bmux_29 ) 
     2 mux_mux_word_149_779 ( bmux_5657 ) 
     2 mux_149_780 ( bmux_29 ) 
     2 mux_mux_word_149_782 ( bmux_5657 ) 
     2 mux_149_783 ( bmux_29 ) 
     2 mux_mux_word_149_785 ( bmux_5657 ) 
     2 mux_149_786 ( bmux_29 ) 
     2 mux_mux_word_149_788 ( bmux_5657 ) 
     2 mux_149_789 ( bmux_29 ) 
     2 mux_mux_word_149_791 ( bmux_5657 ) 
     2 mux_149_792 ( bmux_29 ) 
     2 mux_mux_word_149_794 ( bmux_5657 ) 
     2 mux_149_795 ( bmux_29 ) 
     2 mux_mux_word_149_797 ( bmux_5657 ) 
     2 mux_149_798 ( bmux_29 ) 
     2 mux_mux_word_149_800 ( bmux_5657 ) 
     2 mux_149_801 ( bmux_29 ) 
     2 mux_230_40 ( bmux_292 ) 
     2 mux_225_48 ( bmux_292 ) 
     2 mux_231_40 ( bmux_292 ) 
     2 mux_234_23 ( bmux_292 ) 
     2 mux_247_13 ( bmux_292 ) 
     2 mux_251_13 ( bmux_29 ) 
     2 mux_count_chunks_inter_mem_342_31 ( bmux_1829 ) 
     2 mux_count_chunks_inter_mem_287_13 ( mux_6178 ) 
     2 mux_count_chunks_469_21 ( bmux_36 ) 
     2 mux_count_chunks_287_13 ( mux_62 ) 
     2 mux_loc_addr_287_13 ( mux_6183 ) 
     2 mux_state_287_13 ( mux_1000 ) 
     2 mux_inter_mem_wr_delay_421_17 ( mux_998 ) 
     2 mux_inter_mem_wr_delay_287_13 ( mux_38 ) 
     2 mux_addr_0_intermediate_357_45 ( bmux_1613 ) 
     2 mux_addr_0_intermediate_342_31 ( bmux_1613 ) 
     2 mux_addr_0_intermediate_287_13 ( mux_5619 ) 
     2 mux_248_16 ( bmux_4717 ) 
     2 mux_249_16 ( bmux_4718 ) 
  1 mux_475_19 ( bmux_29 ) 
  1 mux_408_66 ( bmux_29 ) 
  1 mux_408_19 ( bmux_29 ) 
  1 mux_412_22 ( bmux_44 ) 
  1 mux_410_21 ( bmux_1575 ) 
  1 mux_411_23 ( bmux_29 ) 
  1 mux_426_29 ( bmux_1575 ) 
  1 mux_427_27 ( bmux_29 ) 
  1 mux_428_29 ( bmux_56 ) 
  1 mux_431_25 ( bmux_29 ) 
  1 mux_432_26 ( bmux_56 ) 
  1 mux_433_21 ( bmux_292 ) 
  1 mux_434_27 ( bmux_29 ) 
  1 mux_365_19 ( bmux_29 ) 
  1 mux_621_38 ( bmux_29 ) 
  1 mux_317_38 ( bmux_29 ) 
  1 mux_316_55 ( bmux_29 ) 
  1 mux_315_38 ( bmux_29 ) 
  1 mux_326_39 ( bmux_44 ) 
  1 mux_325_56 ( bmux_44 ) 
  1 mux_324_39 ( bmux_44 ) 
  1 mux_331_39 ( bmux_29 ) 
  1 mux_330_56 ( bmux_29 ) 
  1 mux_329_39 ( bmux_29 ) 
  1 mux_340_39 ( bmux_29 ) 
  1 mux_339_56 ( bmux_29 ) 
  1 mux_338_39 ( bmux_29 ) 
  1 mux_320_41 ( bmux_29 ) 
  1 mux_343_42 ( bmux_29 ) 
  1 mux_570_31 ( bmux_29 ) 
  1 mux_569_48 ( bmux_29 ) 
  1 mux_568_31 ( bmux_29 ) 
  1 mux_575_31 ( bmux_937 ) 
  1 mux_574_48 ( bmux_937 ) 
  1 mux_573_32 ( bmux_937 ) 
  1 mux_580_31 ( bmux_56 ) 
  1 mux_579_48 ( bmux_56 ) 
  1 mux_578_32 ( bmux_56 ) 
  1 mux_585_31 ( bmux_292 ) 
  1 mux_584_48 ( bmux_292 ) 
  1 mux_583_36 ( bmux_292 ) 
  1 mux_590_31 ( bmux_292 ) 
  1 mux_589_48 ( bmux_292 ) 
  1 mux_588_36 ( bmux_292 ) 
  1 mux_595_31 ( bmux_29 ) 
  1 mux_594_48 ( bmux_29 ) 
  1 mux_593_33 ( bmux_29 ) 
  1 mux_600_31 ( bmux_56 ) 
  1 mux_599_48 ( bmux_56 ) 
  1 mux_598_37 ( bmux_56 ) 
  1 mux_605_31 ( bmux_29 ) 
  1 mux_604_48 ( bmux_29 ) 
  1 mux_603_35 ( bmux_29 ) 
  1 mux_610_31 ( bmux_56 ) 
  1 mux_609_48 ( bmux_56 ) 
  1 mux_608_34 ( bmux_56 ) 
  1 mux_615_32 ( bmux_292 ) 
  1 mux_614_49 ( bmux_292 ) 
  1 mux_613_32 ( bmux_292 ) 
  1 mux_627_54 ( bmux_29 ) 
  1 mux_321_58 ( bmux_29 ) 
  1 mux_346_59 ( bmux_29 ) 
  1 mux_633_37 ( bmux_29 ) 
  1 mux_322_41 ( bmux_29 ) 
  1 mux_349_42 ( bmux_29 ) 
  1 mux_312_26 ( bmux_29 ) 
  1 mux_311_26 ( bmux_29 ) 
  1 mux_310_26 ( bmux_29 ) 
