============================================================
  Generated by:           Genus(TM) Synthesis Solution 25.12-s067_1
  Generated on:           Aug 11 2026  01:11:37 pm
  Module:                 butterfly2x2
  Operating conditions:   PVT_0P7V_25C 
  Interconnect mode:      global
  Area mode:              physical library
============================================================


Path 1: VIOLATED (-27 ps) Setup Check with Pin BF2_2_barrett_datai_reg[45]/CLK->D
          Group: clk
     Startpoint: (R) BF1_1_modei_reg[1]/CLK
          Clock: (R) clk
       Endpoint: (R) BF2_2_barrett_datai_reg[45]/D
          Clock: (R) clk

                     Capture       Launch     
        Clock Edge:+     578            0     
       Src Latency:+       0            0     
       Net Latency:+       0 (I)        0 (I) 
           Arrival:=     578            0     
                                              
             Setup:-       9                  
       Uncertainty:-      29                  
     Required Time:=     540                  
      Launch Clock:-       0                  
         Data Path:-     567                  
             Slack:=     -27                  

#--------------------------------------------------------------------------------------------------------------------
#         Timing Point          Flags    Arc   Edge          Cell           Fanout Load Trans Delay Arrival Instance 
#                                                                                  (fF)  (ps)  (ps)   (ps)  Location 
#--------------------------------------------------------------------------------------------------------------------
  BF1_1_modei_reg[1]/CLK        -       -      R     (arrival)                2365    -     0     0       0    (-,-) 
  BF1_1_modei_reg[1]/Q          -       CLK->Q R     DFFHQx4_ASAP7_75t_SL        2  7.2    17    46      46    (-,-) 
  g47563/Y                      -       A->Y   F     INVx5_ASAP7_75t_SL          1  3.7     9     5      51    (-,-) 
  g47549__5115/Y                -       B->Y   R     NAND2x2_ASAP7_75t_SL        1  2.6    17     9      60    (-,-) 
  g47489__8246/Y                -       A->Y   R     OR2x6_ASAP7_75t_SL          5 13.3    21    22      83    (-,-) 
  g62512/Y                      -       A->Y   R     BUFx6f_ASAP7_75t_SL         2  7.2    12    16      99    (-,-) 
  g62505/Y                      -       A->Y   F     INVx4_ASAP7_75t_SL          2  7.8    14     9     107    (-,-) 
  g62502/Y                      -       A->Y   F     BUFx12f_ASAP7_75t_SL        8 20.7    15    18     125    (-,-) 
  g62499/Y                      -       A->Y   R     INVx4_ASAP7_75t_SL          2  4.4    12     8     133    (-,-) 
  g59371__6260/Y                -       B->Y   F     NAND2x1_ASAP7_75t_SL        1  2.6    21    10     143    (-,-) 
  g59346__5115/Y                -       A->Y   F     AND2x4_ASAP7_75t_SL         1  6.5    13    20     163    (-,-) 
  g59340/Y                      -       A->Y   R     INVx8_ASAP7_75t_SL         12 25.1    26    14     177    (-,-) 
  BF2_2_mul_170_29_g18438/Y     -       A->Y   F     INVx11_ASAP7_75t_SL        10 15.8    16     9     186    (-,-) 
  BF2_2_mul_170_29_g18156/Y     -       A->Y   R     XOR2x2_ASAP7_75t_SL         2  3.9    20    28     215    (-,-) 
  BF2_2_mul_170_29_g17585/Y     -       B1->Y  F     OAI22x1_ASAP7_75t_SL        2  3.7    34    14     229    (-,-) 
  BF2_2_mul_170_29_g17245/Y     -       B->Y   R     XNOR2x2_ASAP7_75t_SL        1  2.5    15    26     255    (-,-) 
  BF2_2_mul_170_29_g16983/Y     -       A->Y   F     XNOR2x2_ASAP7_75t_L         2  4.5    20    35     289    (-,-) 
  BF2_2_mul_170_29_g16752/Y     -       A->Y   F     MAJx2_ASAP7_75t_SL          2  4.4    18    26     315    (-,-) 
  BF2_2_mul_170_29_g16547/Y     -       C->Y   F     MAJx2_ASAP7_75t_SL          2  4.3    18    24     339    (-,-) 
  BF2_2_mul_170_29_g16394/Y     -       A->Y   R     XOR2x2_ASAP7_75t_SL         1  2.6    14    27     366    (-,-) 
  BF2_2_mul_170_29_g16303/Y     -       B->Y   F     XOR2x2_ASAP7_75t_SL         2  3.9    17    22     388    (-,-) 
  BF2_2_mul_170_29_g18544/Y     -       B->Y   F     OR2x2_ASAP7_75t_SL          3  4.9    18    23     410    (-,-) 
  BF2_2_mul_170_29_g16204/Y     -       A->Y   F     AND2x4_ASAP7_75t_SL         1  3.1     9    17     427    (-,-) 
  BF2_2_mul_170_29_g16187/Y     -       A->Y   R     NAND2x1p5_ASAP7_75t_SL      1  2.1    15    10     437    (-,-) 
  BF2_2_mul_170_29_g16103/Y     -       A2->Y  R     AO21x2_ASAP7_75t_SL         2  4.1    18    20     457    (-,-) 
  BF2_2_mul_170_29_g16038/Y     -       B2->Y  F     AOI22x1_ASAP7_75t_SL        1  3.7    28    16     473    (-,-) 
  BF2_2_mul_170_29_g16029/Y     -       B->Y   R     NAND2x2_ASAP7_75t_SL        2  6.3    30    19     492    (-,-) 
  BF2_2_mul_170_29_g16022/Y     -       A->Y   F     NAND2x1p5_ASAP7_75t_SL      1  2.6    16     8     500    (-,-) 
  BF2_2_mul_170_29_g16011/Y     -       B->Y   F     AND2x6_ASAP7_75t_SL        14 26.6    29    29     529    (-,-) 
  BF2_2_mul_170_29_g15990/Y     -       A1->Y  R     OAI21x1_ASAP7_75t_SL        1  3.2    31    19     548    (-,-) 
  BF2_2_mul_170_29_g15970/Y     -       A->Y   R     XOR2x1_ASAP7_75t_SL         1  2.1    25    19     567    (-,-) 
  BF2_2_barrett_datai_reg[45]/D -       -      R     DFFHQx4_ASAP7_75t_SL        1    -     -     0     567    (-,-) 
#--------------------------------------------------------------------------------------------------------------------



Path 2: VIOLATED (-27 ps) Setup Check with Pin BF2_2_barrett_datai_reg[45]/CLK->D
          Group: clk
     Startpoint: (R) BF1_1_modei_reg[1]/CLK
          Clock: (R) clk
       Endpoint: (F) BF2_2_barrett_datai_reg[45]/D
          Clock: (R) clk

                     Capture       Launch     
        Clock Edge:+     578            0     
       Src Latency:+       0            0     
       Net Latency:+       0 (I)        0 (I) 
           Arrival:=     578            0     
                                              
             Setup:-       6                  
       Uncertainty:-      29                  
     Required Time:=     543                  
      Launch Clock:-       0                  
         Data Path:-     570                  
             Slack:=     -27                  

#-------------------------------------------------------------------------------------------------------------------
#         Timing Point          Flags    Arc   Edge         Cell           Fanout Load Trans Delay Arrival Instance 
#                                                                                 (fF)  (ps)  (ps)   (ps)  Location 
#-------------------------------------------------------------------------------------------------------------------
  BF1_1_modei_reg[1]/CLK        -       -      R     (arrival)               2365    -     0     0       0    (-,-) 
  BF1_1_modei_reg[1]/Q          -       CLK->Q F     DFFHQx4_ASAP7_75t_SL       2  7.2    14    46      46    (-,-) 
  g47563/Y                      -       A->Y   R     INVx5_ASAP7_75t_SL         1  3.7    10     7      53    (-,-) 
  g47549__5115/Y                -       B->Y   F     NAND2x2_ASAP7_75t_SL       1  2.6    12     7      60    (-,-) 
  g47489__8246/Y                -       A->Y   F     OR2x6_ASAP7_75t_SL         5 13.3    19    24      84    (-,-) 
  g62512/Y                      -       A->Y   F     BUFx6f_ASAP7_75t_SL        2  7.2    11    17     100    (-,-) 
  g62511/Y                      -       A->Y   F     BUFx12f_ASAP7_75t_SL      14 31.7    21    20     120    (-,-) 
  g62506/Y                      -       A->Y   R     INVx4_ASAP7_75t_SL         4  6.1    16    11     131    (-,-) 
  g59242__5122/Y                -       A2->Y  R     AO22x2_ASAP7_75t_SL        1  4.0    19    22     153    (-,-) 
  g59239/Y                      -       A->Y   R     BUFx12f_ASAP7_75t_SL      14 25.9    21    19     172    (-,-) 
  BF2_2_mul_170_29_g18263/Y     -       A->Y   F     INVx8_ASAP7_75t_SL         8 11.6    14     9     181    (-,-) 
  BF2_2_mul_170_29_g17836/Y     -       B2->Y  F     AO22x2_ASAP7_75t_SL        2  4.1    18    23     204    (-,-) 
  BF2_2_mul_170_29_g17726/Y     -       A->Y   R     INVx1_ASAP7_75t_SL         1  2.1    19    12     216    (-,-) 
  BF2_2_mul_170_29_g17376/Y     -       B2->Y  F     OAI22xp5_ASAP7_75t_SL      2  3.9    67    22     238    (-,-) 
  BF2_2_mul_170_29_g17007/Y     -       B->Y   R     XOR2x2_ASAP7_75t_SL        2  4.6    22    39     277    (-,-) 
  BF2_2_mul_170_29_g16970/Y     -       A->Y   F     INVx1_ASAP7_75t_SL         1  2.7    20    12     290    (-,-) 
  BF2_2_mul_170_29_g16766/Y     -       B->Y   F     MAJx2_ASAP7_75t_SL         2  4.4    19    27     317    (-,-) 
  BF2_2_mul_170_29_g16550/Y     -       C->Y   F     MAJx2_ASAP7_75t_SL         2  3.5    16    23     340    (-,-) 
  BF2_2_mul_170_29_g16429/Y     -       A->Y   F     MAJx2_ASAP7_75t_SL         2  4.6    18    25     365    (-,-) 
  BF2_2_mul_170_29_g16327/Y     -       A->Y   F     XOR2x1_ASAP7_75t_SL        1  3.2    24    21     386    (-,-) 
  BF2_2_mul_170_29_g16241/Y     -       B->Y   F     XNOR2x1_ASAP7_75t_SL       2  4.6    30    24     410    (-,-) 
  BF2_2_mul_170_29_g16176/Y     -       B->Y   F     AND2x4_ASAP7_75t_SL        2  3.5    10    18     428    (-,-) 
  BF2_2_mul_170_29_g16118/Y     -       A1->Y  F     AO21x2_ASAP7_75t_SL        2  4.1    16    21     450    (-,-) 
  BF2_2_mul_170_29_g16075/Y     -       A1->Y  R     AOI21x1_ASAP7_75t_SL       2  3.1    30    14     464    (-,-) 
  BF2_2_mul_170_29_g16043/Y     -       A2->Y  R     OA21x2_ASAP7_75t_SL        3  4.8    21    24     488    (-,-) 
  BF2_2_mul_170_29_g16024/Y     -       A2->Y  R     OA21x2_ASAP7_75t_SL        6  8.8    34    29     516    (-,-) 
  BF2_2_mul_170_29_g16009/Y     -       A2->Y  R     OA21x2_ASAP7_75t_SL        1  2.8    15    21     537    (-,-) 
  BF2_2_mul_170_29_g15990/Y     -       B->Y   F     OAI21x1_ASAP7_75t_SL       1  3.2    26    13     550    (-,-) 
  BF2_2_mul_170_29_g15970/Y     -       A->Y   F     XOR2x1_ASAP7_75t_SL        1  2.1    27    20     570    (-,-) 
  BF2_2_barrett_datai_reg[45]/D -       -      F     DFFHQx4_ASAP7_75t_SL       1    -     -     0     570    (-,-) 
#-------------------------------------------------------------------------------------------------------------------



Path 3: VIOLATED (-27 ps) Setup Check with Pin BF1_2_barrett_datai_reg[43]/CLK->D
          Group: clk
     Startpoint: (R) BF1_1_modei_reg[1]/CLK
          Clock: (R) clk
       Endpoint: (R) BF1_2_barrett_datai_reg[43]/D
          Clock: (R) clk

                     Capture       Launch     
        Clock Edge:+     578            0     
       Src Latency:+       0            0     
       Net Latency:+       0 (I)        0 (I) 
           Arrival:=     578            0     
                                              
             Setup:-      10                  
       Uncertainty:-      29                  
     Required Time:=     539                  
      Launch Clock:-       0                  
         Data Path:-     566                  
             Slack:=     -27                  

#--------------------------------------------------------------------------------------------------------------------
#         Timing Point          Flags    Arc   Edge          Cell           Fanout Load Trans Delay Arrival Instance 
#                                                                                  (fF)  (ps)  (ps)   (ps)  Location 
#--------------------------------------------------------------------------------------------------------------------
  BF1_1_modei_reg[1]/CLK        -       -      R     (arrival)                2365    -     0     0       0    (-,-) 
  BF1_1_modei_reg[1]/Q          -       CLK->Q F     DFFHQx4_ASAP7_75t_SL        2  7.2    14    46      46    (-,-) 
  g47563/Y                      -       A->Y   R     INVx5_ASAP7_75t_SL          1  3.7    10     7      53    (-,-) 
  g47549__5115/Y                -       B->Y   F     NAND2x2_ASAP7_75t_SL        1  2.6    12     7      60    (-,-) 
  g47489__8246/Y                -       A->Y   F     OR2x6_ASAP7_75t_SL          5 13.3    19    24      84    (-,-) 
  g62512/Y                      -       A->Y   F     BUFx6f_ASAP7_75t_SL         2  7.2    11    17     100    (-,-) 
  g62505/Y                      -       A->Y   R     INVx4_ASAP7_75t_SL          2  7.8    16    10     110    (-,-) 
  g62504/Y                      -       A->Y   F     INVx5_ASAP7_75t_SL          6 11.6    17    10     121    (-,-) 
  g62503/Y                      -       A->Y   R     INVx4_ASAP7_75t_SL          4  8.1    18    11     132    (-,-) 
  g61719/Y                      -       B->Y   F     NAND2x1p5_ASAP7_75t_SL      1  2.6    15     9     141    (-,-) 
  g61507/Y                      -       B->Y   F     AND2x4_ASAP7_75t_SL         1  6.5    14    18     159    (-,-) 
  g61450/Y                      -       A->Y   R     INVx8_ASAP7_75t_SL         12 25.1    26    15     173    (-,-) 
  BF1_2_mul_170_29_g18438/Y     -       A->Y   F     INVx11_ASAP7_75t_SL        10 15.7    16     9     182    (-,-) 
  BF1_2_mul_170_29_g18082/Y     -       B2->Y  F     AO22x1_ASAP7_75t_SL         2  4.5    30    29     211    (-,-) 
  BF1_2_mul_170_29_g17620/Y     -       A2->Y  F     AO22x1_ASAP7_75t_SL         2  3.9    27    28     240    (-,-) 
  BF1_2_mul_170_29_g17061/Y     -       A->Y   F     MAJx2_ASAP7_75t_SL          2  5.0    20    28     267    (-,-) 
  BF1_2_mul_170_29_g16884/Y     -       A->Y   F     XNOR2x1_ASAP7_75t_SL        1  2.5    20    19     286    (-,-) 
  BF1_2_mul_170_29_g18580/Y     -       A->Y   F     XOR2x2_ASAP7_75t_SL         2  5.1    19    27     313    (-,-) 
  BF1_2_mul_170_29_g16573/Y     -       B->Y   F     XNOR2x1_ASAP7_75t_SL        1  3.2    23    21     333    (-,-) 
  BF1_2_mul_170_29_g16463/Y     -       A->Y   F     XNOR2x1_ASAP7_75t_SL        2  3.8    29    22     355    (-,-) 
  BF1_2_mul_170_29_g16315/Y     -       A->Y   R     XOR2x2_ASAP7_75t_SL         2  4.5    20    32     387    (-,-) 
  BF1_2_mul_170_29_g16232/Y     -       B->Y   R     XNOR2x1_ASAP7_75t_SL        1  3.2    29    19     405    (-,-) 
  BF1_2_mul_170_29_g16157/Y     -       B->Y   R     XNOR2x1_ASAP7_75t_SL        2  4.4    36    21     427    (-,-) 
  BF1_2_mul_170_29_g16108/Y     -       A->Y   R     OR2x6_ASAP7_75t_SL          4  7.8    15    22     449    (-,-) 
  BF1_2_mul_170_29_g16084/Y     -       B->Y   R     AND2x4_ASAP7_75t_SL         2  5.1    13    16     466    (-,-) 
  BF1_2_mul_170_29_g16062/Y     -       B->Y   F     NAND2x2_ASAP7_75t_SL        2  5.1    19    10     476    (-,-) 
  BF1_2_mul_170_29_g16056/Y     -       A->Y   R     INVx2_ASAP7_75t_SL          1  2.7    14    10     485    (-,-) 
  BF1_2_mul_170_29_g16023/Y     -       A1->Y  F     AOI21x1_ASAP7_75t_SL        1  2.6    23    11     496    (-,-) 
  BF1_2_mul_170_29_g16011/Y     -       A->Y   F     AND2x6_ASAP7_75t_SL        14 26.8    29    32     528    (-,-) 
  BF1_2_mul_170_29_g16002/Y     -       A1->Y  R     OAI21x1_ASAP7_75t_SL        1  3.2    32    20     548    (-,-) 
  BF1_2_mul_170_29_g15968/Y     -       A->Y   R     XOR2x1_ASAP7_75t_SL         1  2.1    31    19     566    (-,-) 
  BF1_2_barrett_datai_reg[43]/D -       -      R     DFFHQx4_ASAP7_75t_SL        1    -     -     0     566    (-,-) 
#--------------------------------------------------------------------------------------------------------------------



Path 4: VIOLATED (-27 ps) Setup Check with Pin BF2_2_barrett_datai_reg[45]/CLK->D
          Group: clk
     Startpoint: (R) BF1_1_modei_reg[1]/CLK
          Clock: (R) clk
       Endpoint: (F) BF2_2_barrett_datai_reg[45]/D
          Clock: (R) clk

                     Capture       Launch     
        Clock Edge:+     578            0     
       Src Latency:+       0            0     
       Net Latency:+       0 (I)        0 (I) 
           Arrival:=     578            0     
                                              
             Setup:-       6                  
       Uncertainty:-      29                  
     Required Time:=     543                  
      Launch Clock:-       0                  
         Data Path:-     570                  
             Slack:=     -27                  

#------------------------------------------------------------------------------------------------------------------
#         Timing Point          Flags    Arc   Edge         Cell          Fanout Load Trans Delay Arrival Instance 
#                                                                                (fF)  (ps)  (ps)   (ps)  Location 
#------------------------------------------------------------------------------------------------------------------
  BF1_1_modei_reg[1]/CLK        -       -      R     (arrival)              2365    -     0     0       0    (-,-) 
  BF1_1_modei_reg[1]/Q          -       CLK->Q F     DFFHQx4_ASAP7_75t_SL      2  7.2    14    46      46    (-,-) 
  g47563/Y                      -       A->Y   R     INVx5_ASAP7_75t_SL        1  3.7    10     7      53    (-,-) 
  g47549__5115/Y                -       B->Y   F     NAND2x2_ASAP7_75t_SL      1  2.6    12     7      60    (-,-) 
  g47489__8246/Y                -       A->Y   F     OR2x6_ASAP7_75t_SL        5 13.3    19    24      84    (-,-) 
  g62512/Y                      -       A->Y   F     BUFx6f_ASAP7_75t_SL       2  7.2    11    17     100    (-,-) 
  g62511/Y                      -       A->Y   F     BUFx12f_ASAP7_75t_SL     14 31.7    21    20     120    (-,-) 
  g59195__7098/Y                -       B2->Y  F     AO22x2_ASAP7_75t_SL       4  8.6    29    31     151    (-,-) 
  fopt70100/Y                   -       A->Y   F     BUFx6f_ASAP7_75t_SL       4 10.9    15    20     171    (-,-) 
  fopt70099/Y                   -       A->Y   R     INVx4_ASAP7_75t_SL        2  3.9    11     7     178    (-,-) 
  BF2_2_mul_170_29_g17847/Y     -       B2->Y  R     AO22x2_ASAP7_75t_SL       2  3.7    18    20     198    (-,-) 
  BF2_2_mul_170_29_g17541/Y     -       A2->Y  R     AO22x1_ASAP7_75t_SL       2  3.8    31    27     226    (-,-) 
  BF2_2_mul_170_29_g17218/Y     -       A->Y   F     XNOR2x2_ASAP7_75t_L       1  2.5    14    34     260    (-,-) 
  BF2_2_mul_170_29_g16931/Y     -       A->Y   R     XOR2x2_ASAP7_75t_SL       2  5.0    24    30     289    (-,-) 
  BF2_2_mul_170_29_g16792/Y     -       B->Y   R     XNOR2x1_ASAP7_75t_SL      1  2.4    30    18     307    (-,-) 
  BF2_2_mul_170_29_g18573/Y     -       A->Y   F     XOR2x2_ASAP7_75t_SL       2  3.9    16    24     331    (-,-) 
  BF2_2_mul_170_29_g16516/Y     -       A->Y   R     XOR2x2_ASAP7_75t_SL       1  3.1    16    27     358    (-,-) 
  BF2_2_mul_170_29_g16435/Y     -       A->Y   R     XNOR2x1_ASAP7_75t_SL      2  4.7    37    22     380    (-,-) 
  fopt69969/Y                   -       A->Y   F     INVx3_ASAP7_75t_SL        1  3.2    15     8     388    (-,-) 
  BF2_2_mul_170_29_g16241/Y     -       A->Y   F     XNOR2x1_ASAP7_75t_SL      2  4.6    30    22     410    (-,-) 
  BF2_2_mul_170_29_g16176/Y     -       B->Y   F     AND2x4_ASAP7_75t_SL       2  3.5    10    18     428    (-,-) 
  BF2_2_mul_170_29_g16118/Y     -       A1->Y  F     AO21x2_ASAP7_75t_SL       2  4.1    16    21     450    (-,-) 
  BF2_2_mul_170_29_g16075/Y     -       A1->Y  R     AOI21x1_ASAP7_75t_SL      2  3.1    30    14     464    (-,-) 
  BF2_2_mul_170_29_g16043/Y     -       A2->Y  R     OA21x2_ASAP7_75t_SL       3  4.8    21    24     488    (-,-) 
  BF2_2_mul_170_29_g16024/Y     -       A2->Y  R     OA21x2_ASAP7_75t_SL       6  8.8    34    29     516    (-,-) 
  BF2_2_mul_170_29_g16009/Y     -       A2->Y  R     OA21x2_ASAP7_75t_SL       1  2.8    15    21     537    (-,-) 
  BF2_2_mul_170_29_g15990/Y     -       B->Y   F     OAI21x1_ASAP7_75t_SL      1  3.2    26    13     550    (-,-) 
  BF2_2_mul_170_29_g15970/Y     -       A->Y   F     XOR2x1_ASAP7_75t_SL       1  2.1    27    20     570    (-,-) 
  BF2_2_barrett_datai_reg[45]/D -       -      F     DFFHQx4_ASAP7_75t_SL      1    -     -     0     570    (-,-) 
#------------------------------------------------------------------------------------------------------------------



Path 5: VIOLATED (-27 ps) Setup Check with Pin BF1_2_barrett_datai_reg[41]/CLK->D
          Group: clk
     Startpoint: (R) BF1_1_modei_reg[1]/CLK
          Clock: (R) clk
       Endpoint: (R) BF1_2_barrett_datai_reg[41]/D
          Clock: (R) clk

                     Capture       Launch     
        Clock Edge:+     578            0     
       Src Latency:+       0            0     
       Net Latency:+       0 (I)        0 (I) 
           Arrival:=     578            0     
                                              
             Setup:-      10                  
       Uncertainty:-      29                  
     Required Time:=     539                  
      Launch Clock:-       0                  
         Data Path:-     566                  
             Slack:=     -27                  

#--------------------------------------------------------------------------------------------------------------------
#         Timing Point          Flags    Arc   Edge          Cell           Fanout Load Trans Delay Arrival Instance 
#                                                                                  (fF)  (ps)  (ps)   (ps)  Location 
#--------------------------------------------------------------------------------------------------------------------
  BF1_1_modei_reg[1]/CLK        -       -      R     (arrival)                2365    -     0     0       0    (-,-) 
  BF1_1_modei_reg[1]/Q          -       CLK->Q F     DFFHQx4_ASAP7_75t_SL        2  7.2    14    46      46    (-,-) 
  g47563/Y                      -       A->Y   R     INVx5_ASAP7_75t_SL          1  3.7    10     7      53    (-,-) 
  g47549__5115/Y                -       B->Y   F     NAND2x2_ASAP7_75t_SL        1  2.6    12     7      60    (-,-) 
  g47489__8246/Y                -       A->Y   F     OR2x6_ASAP7_75t_SL          5 13.3    19    24      84    (-,-) 
  g62512/Y                      -       A->Y   F     BUFx6f_ASAP7_75t_SL         2  7.2    11    17     100    (-,-) 
  g62505/Y                      -       A->Y   R     INVx4_ASAP7_75t_SL          2  7.8    16    10     110    (-,-) 
  g62504/Y                      -       A->Y   F     INVx5_ASAP7_75t_SL          6 11.6    17    10     121    (-,-) 
  g62503/Y                      -       A->Y   R     INVx4_ASAP7_75t_SL          4  8.1    18    11     132    (-,-) 
  g61719/Y                      -       B->Y   F     NAND2x1p5_ASAP7_75t_SL      1  2.6    15     9     141    (-,-) 
  g61507/Y                      -       B->Y   F     AND2x4_ASAP7_75t_SL         1  6.5    14    18     159    (-,-) 
  g61450/Y                      -       A->Y   R     INVx8_ASAP7_75t_SL         12 25.1    26    15     173    (-,-) 
  BF1_2_mul_170_29_g18438/Y     -       A->Y   F     INVx11_ASAP7_75t_SL        10 15.7    16     9     182    (-,-) 
  BF1_2_mul_170_29_g18082/Y     -       B2->Y  F     AO22x1_ASAP7_75t_SL         2  4.5    30    29     211    (-,-) 
  BF1_2_mul_170_29_g17620/Y     -       A2->Y  F     AO22x1_ASAP7_75t_SL         2  3.9    27    28     240    (-,-) 
  BF1_2_mul_170_29_g17061/Y     -       A->Y   F     MAJx2_ASAP7_75t_SL          2  5.0    20    28     267    (-,-) 
  BF1_2_mul_170_29_g16884/Y     -       A->Y   F     XNOR2x1_ASAP7_75t_SL        1  2.5    20    19     286    (-,-) 
  BF1_2_mul_170_29_g18580/Y     -       A->Y   F     XOR2x2_ASAP7_75t_SL         2  5.1    19    27     313    (-,-) 
  BF1_2_mul_170_29_g16573/Y     -       B->Y   F     XNOR2x1_ASAP7_75t_SL        1  3.2    23    21     333    (-,-) 
  BF1_2_mul_170_29_g16463/Y     -       A->Y   F     XNOR2x1_ASAP7_75t_SL        2  3.8    29    22     355    (-,-) 
  BF1_2_mul_170_29_g16315/Y     -       A->Y   R     XOR2x2_ASAP7_75t_SL         2  4.5    20    32     387    (-,-) 
  BF1_2_mul_170_29_g16232/Y     -       B->Y   R     XNOR2x1_ASAP7_75t_SL        1  3.2    29    19     405    (-,-) 
  BF1_2_mul_170_29_g16157/Y     -       B->Y   R     XNOR2x1_ASAP7_75t_SL        2  4.4    36    21     427    (-,-) 
  BF1_2_mul_170_29_g16108/Y     -       A->Y   R     OR2x6_ASAP7_75t_SL          4  7.8    15    22     449    (-,-) 
  BF1_2_mul_170_29_g16084/Y     -       B->Y   R     AND2x4_ASAP7_75t_SL         2  5.1    13    16     466    (-,-) 
  BF1_2_mul_170_29_g16062/Y     -       B->Y   F     NAND2x2_ASAP7_75t_SL        2  5.1    19    10     476    (-,-) 
  BF1_2_mul_170_29_g16056/Y     -       A->Y   R     INVx2_ASAP7_75t_SL          1  2.7    14    10     485    (-,-) 
  BF1_2_mul_170_29_g16023/Y     -       A1->Y  F     AOI21x1_ASAP7_75t_SL        1  2.6    23    11     496    (-,-) 
  BF1_2_mul_170_29_g16011/Y     -       A->Y   F     AND2x6_ASAP7_75t_SL        14 26.8    29    32     528    (-,-) 
  BF1_2_mul_170_29_g16000/Y     -       A1->Y  R     OAI21x1_ASAP7_75t_SL        1  3.2    32    20     548    (-,-) 
  BF1_2_mul_170_29_g15966/Y     -       A->Y   R     XOR2x1_ASAP7_75t_SL         1  2.1    30    19     566    (-,-) 
  BF1_2_barrett_datai_reg[41]/D -       -      R     DFFHQx4_ASAP7_75t_SL        1    -     -     0     566    (-,-) 
#--------------------------------------------------------------------------------------------------------------------



Path 6: VIOLATED (-27 ps) Setup Check with Pin BF2_2_barrett_datai_reg[45]/CLK->D
          Group: clk
     Startpoint: (R) BF1_1_modei_reg[1]/CLK
          Clock: (R) clk
       Endpoint: (R) BF2_2_barrett_datai_reg[45]/D
          Clock: (R) clk

                     Capture       Launch     
        Clock Edge:+     578            0     
       Src Latency:+       0            0     
       Net Latency:+       0 (I)        0 (I) 
           Arrival:=     578            0     
                                              
             Setup:-       9                  
       Uncertainty:-      29                  
     Required Time:=     540                  
      Launch Clock:-       0                  
         Data Path:-     567                  
             Slack:=     -27                  

#------------------------------------------------------------------------------------------------------------------
#         Timing Point          Flags    Arc   Edge         Cell          Fanout Load Trans Delay Arrival Instance 
#                                                                                (fF)  (ps)  (ps)   (ps)  Location 
#------------------------------------------------------------------------------------------------------------------
  BF1_1_modei_reg[1]/CLK        -       -      R     (arrival)              2365    -     0     0       0    (-,-) 
  BF1_1_modei_reg[1]/Q          -       CLK->Q F     DFFHQx4_ASAP7_75t_SL      2  7.2    14    46      46    (-,-) 
  g47563/Y                      -       A->Y   R     INVx5_ASAP7_75t_SL        1  3.7    10     7      53    (-,-) 
  g47549__5115/Y                -       B->Y   F     NAND2x2_ASAP7_75t_SL      1  2.6    12     7      60    (-,-) 
  g47489__8246/Y                -       A->Y   F     OR2x6_ASAP7_75t_SL        5 13.3    19    24      84    (-,-) 
  g62544/Y                      -       A->Y   F     BUFx6f_ASAP7_75t_SL       3 12.9    16    19     103    (-,-) 
  g62520/Y                      -       A->Y   R     INVx8_ASAP7_75t_SL       11 22.3    24    14     117    (-,-) 
  g62513/Y                      -       A->Y   R     BUFx6f_ASAP7_75t_SL       8 11.3    17    18     135    (-,-) 
  g59265__1666/Y                -       A2->Y  R     AO22x2_ASAP7_75t_SL       1  4.0    19    22     158    (-,-) 
  g59261/Y                      -       A->Y   R     BUFx12f_ASAP7_75t_SL     14 26.8    21    20     178    (-,-) 
  BF2_2_mul_170_29_g18442/Y     -       A->Y   F     INVx11_ASAP7_75t_SL      10 14.9    14     9     186    (-,-) 
  BF2_2_mul_170_29_g18160/Y     -       B2->Y  F     AO22x2_ASAP7_75t_SL       2  4.1    18    23     209    (-,-) 
  BF2_2_mul_170_29_g17384/Y     -       A1->Y  R     AOI22x1_ASAP7_75t_SL      2  4.4    44    21     230    (-,-) 
  BF2_2_mul_170_29_g17242/Y     -       B->Y   F     XNOR2x2_ASAP7_75t_SL      1  2.5    14    28     258    (-,-) 
  BF2_2_mul_170_29_g18591/Y     -       A->Y   R     XOR2x2_ASAP7_75t_SL       2  3.8    18    28     286    (-,-) 
  BF2_2_mul_170_29_g16801/Y     -       A->Y   F     XOR2x2_ASAP7_75t_SL       1  2.5    13    21     307    (-,-) 
  BF2_2_mul_170_29_g18569/Y     -       A->Y   R     XOR2x2_ASAP7_75t_SL       2  4.9    22    30     336    (-,-) 
  BF2_2_mul_170_29_g16534/Y     -       A->Y   R     XNOR2x1_ASAP7_75t_SL      1  3.2    29    20     357    (-,-) 
  BF2_2_mul_170_29_g16427/Y     -       B->Y   R     XNOR2x1_ASAP7_75t_SL      2  4.4    36    21     378    (-,-) 
  BF2_2_mul_170_29_g16301/Y     -       A->Y   R     XNOR2x1_ASAP7_75t_SL      1  2.4    27    21     399    (-,-) 
  BF2_2_mul_170_29_g16234/Y     -       A->Y   F     XOR2x2_ASAP7_75t_SL       2  3.9    17    24     422    (-,-) 
  BF2_2_mul_170_29_g16142/Y     -       B->Y   F     AND2x4_ASAP7_75t_SL       3  5.9    12    18     440    (-,-) 
  BF2_2_mul_170_29_g16086/Y     -       B->Y   R     AOI21x1_ASAP7_75t_SL      1  2.8    25    14     455    (-,-) 
  BF2_2_mul_170_29_g16071/Y     -       B->Y   F     OAI21x1_ASAP7_75t_SL      1  2.7    22    14     468    (-,-) 
  BF2_2_mul_170_29_g16030/Y     -       A1->Y  R     OAI21x1_ASAP7_75t_SL      1  2.7    27    16     485    (-,-) 
  BF2_2_mul_170_29_g16023/Y     -       B->Y   F     AOI21x1_ASAP7_75t_SL      1  2.6    22    12     497    (-,-) 
  BF2_2_mul_170_29_g16011/Y     -       A->Y   F     AND2x6_ASAP7_75t_SL      14 26.6    29    31     528    (-,-) 
  BF2_2_mul_170_29_g15990/Y     -       A1->Y  R     OAI21x1_ASAP7_75t_SL      1  3.2    31    19     548    (-,-) 
  BF2_2_mul_170_29_g15970/Y     -       A->Y   R     XOR2x1_ASAP7_75t_SL       1  2.1    25    19     567    (-,-) 
  BF2_2_barrett_datai_reg[45]/D -       -      R     DFFHQx4_ASAP7_75t_SL      1    -     -     0     567    (-,-) 
#------------------------------------------------------------------------------------------------------------------



Path 7: VIOLATED (-27 ps) Setup Check with Pin BF2_2_barrett_datai_reg[45]/CLK->D
          Group: clk
     Startpoint: (R) BF1_1_modei_reg[1]/CLK
          Clock: (R) clk
       Endpoint: (R) BF2_2_barrett_datai_reg[45]/D
          Clock: (R) clk

                     Capture       Launch     
        Clock Edge:+     578            0     
       Src Latency:+       0            0     
       Net Latency:+       0 (I)        0 (I) 
           Arrival:=     578            0     
                                              
             Setup:-       9                  
       Uncertainty:-      29                  
     Required Time:=     540                  
      Launch Clock:-       0                  
         Data Path:-     567                  
             Slack:=     -27                  

#--------------------------------------------------------------------------------------------------------------------
#         Timing Point          Flags    Arc   Edge          Cell           Fanout Load Trans Delay Arrival Instance 
#                                                                                  (fF)  (ps)  (ps)   (ps)  Location 
#--------------------------------------------------------------------------------------------------------------------
  BF1_1_modei_reg[1]/CLK        -       -      R     (arrival)                2365    -     0     0       0    (-,-) 
  BF1_1_modei_reg[1]/Q          -       CLK->Q F     DFFHQx4_ASAP7_75t_SL        2  7.2    14    46      46    (-,-) 
  g47563/Y                      -       A->Y   R     INVx5_ASAP7_75t_SL          1  3.7    10     7      53    (-,-) 
  g47549__5115/Y                -       B->Y   F     NAND2x2_ASAP7_75t_SL        1  2.6    12     7      60    (-,-) 
  g47489__8246/Y                -       A->Y   F     OR2x6_ASAP7_75t_SL          5 13.3    19    24      84    (-,-) 
  g62512/Y                      -       A->Y   F     BUFx6f_ASAP7_75t_SL         2  7.2    11    17     100    (-,-) 
  g62511/Y                      -       A->Y   F     BUFx12f_ASAP7_75t_SL       14 31.7    21    20     120    (-,-) 
  g59233__3680/Y                -       B->Y   F     AND2x4_ASAP7_75t_SL         1  2.6    11    16     136    (-,-) 
  g59217__5477/Y                -       A->Y   F     OR2x6_ASAP7_75t_SL         15 32.2    36    33     169    (-,-) 
  fopt70940/Y                   -       A->Y   R     INVx6_ASAP7_75t_SL          4  6.0    17    11     180    (-,-) 
  BF2_2_mul_170_29_g17907/Y     -       B2->Y  R     AO22x1_ASAP7_75t_SL         2  3.5    28    25     205    (-,-) 
  BF2_2_mul_170_29_g17752/Y     -       A->Y   F     INVx1_ASAP7_75t_SL          1  2.1    18    11     216    (-,-) 
  BF2_2_mul_170_29_g17619/Y     -       A2->Y  F     OA22x2_ASAP7_75t_SL         2  4.3    19    24     240    (-,-) 
  BF2_2_mul_170_29_g17186/Y     -       B->Y   F     XOR2xp5_ASAP7_75t_SL        1  2.5    32    20     260    (-,-) 
  BF2_2_mul_170_29_g18599/Y     -       A->Y   R     XOR2x2_ASAP7_75t_SL         2  4.5    22    32     292    (-,-) 
  BF2_2_mul_170_29_g16972/Y     -       A->Y   F     INVx1_ASAP7_75t_SL          1  2.1    17    11     303    (-,-) 
  BF2_2_mul_170_29_g16746/Y     -       A->Y   F     MAJx2_ASAP7_75t_SL          2  4.5    18    25     327    (-,-) 
  BF2_2_mul_170_29_g16591/Y     -       A->Y   F     XNOR2x1_ASAP7_75t_SL        1  2.5    20    18     346    (-,-) 
  BF2_2_mul_170_29_g16494/Y     -       A->Y   R     XOR2x2_ASAP7_75t_SL         2  5.0    22    31     377    (-,-) 
  BF2_2_mul_170_29_g16329/Y     -       A->Y   R     XNOR2x1_ASAP7_75t_SL        1  2.4    24    19     396    (-,-) 
  BF2_2_mul_170_29_g16230/Y     -       A->Y   F     XOR2x2_ASAP7_75t_SL         2  4.4    18    24     420    (-,-) 
  BF2_2_mul_170_29_g16178/Y     -       B->Y   R     NAND2x1p5_ASAP7_75t_SL      2  5.1    28    16     436    (-,-) 
  fopt69978/Y                   -       A->Y   F     INVx3_ASAP7_75t_SL          2  4.1    15     8     444    (-,-) 
  BF2_2_mul_170_29_g16072/Y     -       A1->Y  R     OAI21x1_ASAP7_75t_SL        1  2.7    25    15     459    (-,-) 
  BF2_2_mul_170_29_g16038/Y     -       A1->Y  F     AOI22x1_ASAP7_75t_SL        1  3.7    28    13     473    (-,-) 
  BF2_2_mul_170_29_g16029/Y     -       B->Y   R     NAND2x2_ASAP7_75t_SL        2  6.3    30    19     492    (-,-) 
  BF2_2_mul_170_29_g16022/Y     -       A->Y   F     NAND2x1p5_ASAP7_75t_SL      1  2.6    16     8     500    (-,-) 
  BF2_2_mul_170_29_g16011/Y     -       B->Y   F     AND2x6_ASAP7_75t_SL        14 26.6    29    29     528    (-,-) 
  BF2_2_mul_170_29_g15990/Y     -       A1->Y  R     OAI21x1_ASAP7_75t_SL        1  3.2    31    19     548    (-,-) 
  BF2_2_mul_170_29_g15970/Y     -       A->Y   R     XOR2x1_ASAP7_75t_SL         1  2.1    25    19     567    (-,-) 
  BF2_2_barrett_datai_reg[45]/D -       -      R     DFFHQx4_ASAP7_75t_SL        1    -     -     0     567    (-,-) 
#--------------------------------------------------------------------------------------------------------------------



Path 8: VIOLATED (-27 ps) Setup Check with Pin BF2_2_barrett_datai_reg[45]/CLK->D
          Group: clk
     Startpoint: (R) BF1_1_modei_reg[1]/CLK
          Clock: (R) clk
       Endpoint: (R) BF2_2_barrett_datai_reg[45]/D
          Clock: (R) clk

                     Capture       Launch     
        Clock Edge:+     578            0     
       Src Latency:+       0            0     
       Net Latency:+       0 (I)        0 (I) 
           Arrival:=     578            0     
                                              
             Setup:-       9                  
       Uncertainty:-      29                  
     Required Time:=     540                  
      Launch Clock:-       0                  
         Data Path:-     567                  
             Slack:=     -27                  

#--------------------------------------------------------------------------------------------------------------------
#         Timing Point          Flags    Arc   Edge          Cell           Fanout Load Trans Delay Arrival Instance 
#                                                                                  (fF)  (ps)  (ps)   (ps)  Location 
#--------------------------------------------------------------------------------------------------------------------
  BF1_1_modei_reg[1]/CLK        -       -      R     (arrival)                2365    -     0     0       0    (-,-) 
  BF1_1_modei_reg[1]/Q          -       CLK->Q F     DFFHQx4_ASAP7_75t_SL        2  7.2    14    46      46    (-,-) 
  g47563/Y                      -       A->Y   R     INVx5_ASAP7_75t_SL          1  3.7    10     7      53    (-,-) 
  g47549__5115/Y                -       B->Y   F     NAND2x2_ASAP7_75t_SL        1  2.6    12     7      60    (-,-) 
  g47489__8246/Y                -       A->Y   F     OR2x6_ASAP7_75t_SL          5 13.3    19    24      84    (-,-) 
  g62544/Y                      -       A->Y   F     BUFx6f_ASAP7_75t_SL         3 12.9    16    19     103    (-,-) 
  g62520/Y                      -       A->Y   R     INVx8_ASAP7_75t_SL         11 22.3    24    14     117    (-,-) 
  g62513/Y                      -       A->Y   R     BUFx6f_ASAP7_75t_SL         8 11.3    17    18     135    (-,-) 
  g59265__1666/Y                -       A2->Y  R     AO22x2_ASAP7_75t_SL         1  4.0    19    22     158    (-,-) 
  g59261/Y                      -       A->Y   R     BUFx12f_ASAP7_75t_SL       14 26.8    21    20     178    (-,-) 
  BF2_2_mul_170_29_g18442/Y     -       A->Y   F     INVx11_ASAP7_75t_SL        10 14.9    14     9     186    (-,-) 
  BF2_2_mul_170_29_g18067/Y     -       B2->Y  F     AO22x2_ASAP7_75t_SL         2  3.6    16    22     208    (-,-) 
  BF2_2_mul_170_29_g17520/Y     -       A2->Y  F     AO22x1_ASAP7_75t_SL         2  3.8    26    26     235    (-,-) 
  BF2_2_mul_170_29_g18612/Y     -       A->Y   R     XOR2x2_ASAP7_75t_SL         2  4.6    21    31     266    (-,-) 
  BF2_2_mul_170_29_g17151/Y     -       A->Y   F     INVx2_ASAP7_75t_SL          1  2.1    11     7     273    (-,-) 
  BF2_2_mul_170_29_g17026/Y     -       A->Y   F     MAJx2_ASAP7_75t_SL          2  5.0    20    24     297    (-,-) 
  BF2_2_mul_170_29_g16815/Y     -       B->Y   F     XOR2x1_ASAP7_75t_SL         1  3.2    24    22     319    (-,-) 
  BF2_2_mul_170_29_g18570/Y     -       A->Y   F     XOR2x1_ASAP7_75t_SL         2  3.9    30    23     342    (-,-) 
  BF2_2_mul_170_29_g16425/Y     -       B->Y   F     XOR2xp5_ASAP7_75t_SL        1  2.6    36    22     364    (-,-) 
  BF2_2_mul_170_29_g16330/Y     -       B->Y   R     XOR2x2_ASAP7_75t_SL         2  6.0    25    36     400    (-,-) 
  BF2_2_mul_170_29_g16260/Y     -       A->Y   F     NAND2x1p5_ASAP7_75t_SL      2  4.0    21    10     411    (-,-) 
  BF2_2_mul_170_29_g16204/Y     -       B->Y   F     AND2x4_ASAP7_75t_SL         1  3.1     9    16     427    (-,-) 
  BF2_2_mul_170_29_g16187/Y     -       A->Y   R     NAND2x1p5_ASAP7_75t_SL      1  2.1    15    10     437    (-,-) 
  BF2_2_mul_170_29_g16103/Y     -       A2->Y  R     AO21x2_ASAP7_75t_SL         2  4.1    18    20     457    (-,-) 
  BF2_2_mul_170_29_g16038/Y     -       B2->Y  F     AOI22x1_ASAP7_75t_SL        1  3.7    28    16     473    (-,-) 
  BF2_2_mul_170_29_g16029/Y     -       B->Y   R     NAND2x2_ASAP7_75t_SL        2  6.3    30    19     492    (-,-) 
  BF2_2_mul_170_29_g16022/Y     -       A->Y   F     NAND2x1p5_ASAP7_75t_SL      1  2.6    16     8     500    (-,-) 
  BF2_2_mul_170_29_g16011/Y     -       B->Y   F     AND2x6_ASAP7_75t_SL        14 26.6    29    29     528    (-,-) 
  BF2_2_mul_170_29_g15990/Y     -       A1->Y  R     OAI21x1_ASAP7_75t_SL        1  3.2    31    19     548    (-,-) 
  BF2_2_mul_170_29_g15970/Y     -       A->Y   R     XOR2x1_ASAP7_75t_SL         1  2.1    25    19     567    (-,-) 
  BF2_2_barrett_datai_reg[45]/D -       -      R     DFFHQx4_ASAP7_75t_SL        1    -     -     0     567    (-,-) 
#--------------------------------------------------------------------------------------------------------------------



Path 9: VIOLATED (-27 ps) Setup Check with Pin BF2_2_barrett_datai_reg[45]/CLK->D
          Group: clk
     Startpoint: (R) BF1_1_modei_reg[1]/CLK
          Clock: (R) clk
       Endpoint: (R) BF2_2_barrett_datai_reg[45]/D
          Clock: (R) clk

                     Capture       Launch     
        Clock Edge:+     578            0     
       Src Latency:+       0            0     
       Net Latency:+       0 (I)        0 (I) 
           Arrival:=     578            0     
                                              
             Setup:-       9                  
       Uncertainty:-      29                  
     Required Time:=     540                  
      Launch Clock:-       0                  
         Data Path:-     567                  
             Slack:=     -27                  

#--------------------------------------------------------------------------------------------------------------------
#         Timing Point          Flags    Arc   Edge          Cell           Fanout Load Trans Delay Arrival Instance 
#                                                                                  (fF)  (ps)  (ps)   (ps)  Location 
#--------------------------------------------------------------------------------------------------------------------
  BF1_1_modei_reg[1]/CLK        -       -      R     (arrival)                2365    -     0     0       0    (-,-) 
  BF1_1_modei_reg[1]/Q          -       CLK->Q F     DFFHQx4_ASAP7_75t_SL        2  7.2    14    46      46    (-,-) 
  g47563/Y                      -       A->Y   R     INVx5_ASAP7_75t_SL          1  3.7    10     7      53    (-,-) 
  g47549__5115/Y                -       B->Y   F     NAND2x2_ASAP7_75t_SL        1  2.6    12     7      60    (-,-) 
  g47489__8246/Y                -       A->Y   F     OR2x6_ASAP7_75t_SL          5 13.3    19    24      84    (-,-) 
  g62512/Y                      -       A->Y   F     BUFx6f_ASAP7_75t_SL         2  7.2    11    17     100    (-,-) 
  g62505/Y                      -       A->Y   R     INVx4_ASAP7_75t_SL          2  7.8    16    10     110    (-,-) 
  g62502/Y                      -       A->Y   R     BUFx12f_ASAP7_75t_SL        8 20.7    17    18     128    (-,-) 
  g62499/Y                      -       A->Y   F     INVx4_ASAP7_75t_SL          2  4.4    11     7     134    (-,-) 
  g59371__6260/Y                -       B->Y   R     NAND2x1_ASAP7_75t_SL        1  2.6    30    13     148    (-,-) 
  g59346__5115/Y                -       A->Y   R     AND2x4_ASAP7_75t_SL         1  6.5    16    18     165    (-,-) 
  g59340/Y                      -       A->Y   F     INVx8_ASAP7_75t_SL         12 25.3    22    13     178    (-,-) 
  BF2_2_mul_170_29_g18438/Y     -       A->Y   R     INVx11_ASAP7_75t_SL        10 15.8    17    11     189    (-,-) 
  BF2_2_mul_170_29_g18156/Y     -       A->Y   F     XOR2x2_ASAP7_75t_SL         2  3.9    18    23     212    (-,-) 
  BF2_2_mul_170_29_g17585/Y     -       B1->Y  R     OAI22x1_ASAP7_75t_SL        2  3.8    46    18     231    (-,-) 
  BF2_2_mul_170_29_g17245/Y     -       B->Y   R     XNOR2x2_ASAP7_75t_SL        1  2.5    15    24     254    (-,-) 
  BF2_2_mul_170_29_g16983/Y     -       A->Y   F     XNOR2x2_ASAP7_75t_L         2  4.5    20    35     289    (-,-) 
  BF2_2_mul_170_29_g16752/Y     -       A->Y   F     MAJx2_ASAP7_75t_SL          2  4.4    18    26     314    (-,-) 
  BF2_2_mul_170_29_g16547/Y     -       C->Y   F     MAJx2_ASAP7_75t_SL          2  4.3    18    24     339    (-,-) 
  BF2_2_mul_170_29_g16394/Y     -       A->Y   R     XOR2x2_ASAP7_75t_SL         1  2.6    14    27     366    (-,-) 
  BF2_2_mul_170_29_g16303/Y     -       B->Y   F     XOR2x2_ASAP7_75t_SL         2  3.9    17    22     387    (-,-) 
  BF2_2_mul_170_29_g18544/Y     -       B->Y   F     OR2x2_ASAP7_75t_SL          3  4.9    18    23     410    (-,-) 
  BF2_2_mul_170_29_g16204/Y     -       A->Y   F     AND2x4_ASAP7_75t_SL         1  3.1     9    17     427    (-,-) 
  BF2_2_mul_170_29_g16187/Y     -       A->Y   R     NAND2x1p5_ASAP7_75t_SL      1  2.1    15    10     437    (-,-) 
  BF2_2_mul_170_29_g16103/Y     -       A2->Y  R     AO21x2_ASAP7_75t_SL         2  4.1    18    20     457    (-,-) 
  BF2_2_mul_170_29_g16038/Y     -       B2->Y  F     AOI22x1_ASAP7_75t_SL        1  3.7    28    16     473    (-,-) 
  BF2_2_mul_170_29_g16029/Y     -       B->Y   R     NAND2x2_ASAP7_75t_SL        2  6.3    30    19     492    (-,-) 
  BF2_2_mul_170_29_g16022/Y     -       A->Y   F     NAND2x1p5_ASAP7_75t_SL      1  2.6    16     8     500    (-,-) 
  BF2_2_mul_170_29_g16011/Y     -       B->Y   F     AND2x6_ASAP7_75t_SL        14 26.6    29    29     528    (-,-) 
  BF2_2_mul_170_29_g15990/Y     -       A1->Y  R     OAI21x1_ASAP7_75t_SL        1  3.2    31    19     548    (-,-) 
  BF2_2_mul_170_29_g15970/Y     -       A->Y   R     XOR2x1_ASAP7_75t_SL         1  2.1    25    19     567    (-,-) 
  BF2_2_barrett_datai_reg[45]/D -       -      R     DFFHQx4_ASAP7_75t_SL        1    -     -     0     567    (-,-) 
#--------------------------------------------------------------------------------------------------------------------



Path 10: VIOLATED (-27 ps) Setup Check with Pin BF1_2_barrett_datai_reg[43]/CLK->D
          Group: clk
     Startpoint: (R) BF1_1_modei_reg[1]/CLK
          Clock: (R) clk
       Endpoint: (R) BF1_2_barrett_datai_reg[43]/D
          Clock: (R) clk

                     Capture       Launch     
        Clock Edge:+     578            0     
       Src Latency:+       0            0     
       Net Latency:+       0 (I)        0 (I) 
           Arrival:=     578            0     
                                              
             Setup:-      10                  
       Uncertainty:-      29                  
     Required Time:=     539                  
      Launch Clock:-       0                  
         Data Path:-     566                  
             Slack:=     -27                  

#-------------------------------------------------------------------------------------------------------------------
#         Timing Point          Flags    Arc   Edge         Cell           Fanout Load Trans Delay Arrival Instance 
#                                                                                 (fF)  (ps)  (ps)   (ps)  Location 
#-------------------------------------------------------------------------------------------------------------------
  BF1_1_modei_reg[1]/CLK        -       -      R     (arrival)               2365    -     0     0       0    (-,-) 
  BF1_1_modei_reg[1]/Q          -       CLK->Q R     DFFHQx4_ASAP7_75t_SL       2  7.2    17    46      46    (-,-) 
  g47563/Y                      -       A->Y   F     INVx5_ASAP7_75t_SL         1  3.7     9     5      51    (-,-) 
  g47549__5115/Y                -       B->Y   R     NAND2x2_ASAP7_75t_SL       1  2.6    17     9      60    (-,-) 
  g47489__8246/Y                -       A->Y   R     OR2x6_ASAP7_75t_SL         5 13.3    21    22      83    (-,-) 
  g62512/Y                      -       A->Y   R     BUFx6f_ASAP7_75t_SL        2  7.2    12    16      99    (-,-) 
  g62505/Y                      -       A->Y   F     INVx4_ASAP7_75t_SL         2  7.8    14     9     107    (-,-) 
  g62502/Y                      -       A->Y   F     BUFx12f_ASAP7_75t_SL       8 20.7    15    18     125    (-,-) 
  g62501/Y                      -       A->Y   R     INVx11_ASAP7_75t_SL       12 16.6    16    10     135    (-,-) 
  g61508/Y                      -       B2->Y  R     AO22x2_ASAP7_75t_SL        1  4.0    20    21     156    (-,-) 
  g61451/Y                      -       A->Y   R     BUFx12f_ASAP7_75t_SL      12 25.8    21    20     176    (-,-) 
  BF1_2_mul_170_29_g18265/Y     -       A->Y   F     INVx11_ASAP7_75t_SL       11 18.3    16    10     186    (-,-) 
  BF1_2_mul_170_29_g17871/Y     -       B1->Y  R     AOI22xp5_ASAP7_75t_SL      2  3.5    60    27     213    (-,-) 
  BF1_2_mul_170_29_g17737/Y     -       A->Y   F     INVx1_ASAP7_75t_SL         1  2.1    26    13     226    (-,-) 
  BF1_2_mul_170_29_g17594/Y     -       B2->Y  F     AO22x2_ASAP7_75t_SL        2  4.4    19    26     252    (-,-) 
  BF1_2_mul_170_29_g17270/Y     -       A->Y   F     XOR2xp5_ASAP7_75t_SL       1  2.5    46    19     271    (-,-) 
  BF1_2_mul_170_29_g17010/Y     -       A->Y   R     XOR2x2_ASAP7_75t_SL        2  5.0    23    35     306    (-,-) 
  BF1_2_mul_170_29_g16629/Y     -       B->Y   R     XNOR2x1_ASAP7_75t_SL       2  4.4    36    21     327    (-,-) 
  BF1_2_mul_170_29_g16543/Y     -       A->Y   R     MAJx2_ASAP7_75t_SL         2  4.4    20    25     352    (-,-) 
  BF1_2_mul_170_29_g16395/Y     -       A->Y   R     XNOR2x1_ASAP7_75t_SL       1  2.6    25    19     372    (-,-) 
  BF1_2_mul_170_29_g16314/Y     -       A->Y   F     XNOR2x2_ASAP7_75t_SL       2  5.2    20    31     403    (-,-) 
  BF1_2_mul_170_29_g16155/Y     -       A->Y   F     XNOR2x1_ASAP7_75t_SL       2  5.0    30    24     427    (-,-) 
  BF1_2_mul_170_29_g16105/Y     -       B->Y   R     NAND2x2_ASAP7_75t_SL       2  5.7    28    19     445    (-,-) 
  fopt69951/Y                   -       A->Y   F     INVx3_ASAP7_75t_SL         2  3.5    14     8     453    (-,-) 
  BF1_2_mul_170_29_g16069/Y     -       A2->Y  F     OA21x2_ASAP7_75t_SL        1  2.8    13    20     473    (-,-) 
  BF1_2_mul_170_29_g16041/Y     -       B->Y   R     OAI21x1_ASAP7_75t_SL       2  4.5    37    12     485    (-,-) 
  BF1_2_mul_170_29_g16023/Y     -       A2->Y  F     AOI21x1_ASAP7_75t_SL       1  2.6    23    11     496    (-,-) 
  BF1_2_mul_170_29_g16011/Y     -       A->Y   F     AND2x6_ASAP7_75t_SL       14 26.8    29    32     528    (-,-) 
  BF1_2_mul_170_29_g16002/Y     -       A1->Y  R     OAI21x1_ASAP7_75t_SL       1  3.2    32    20     547    (-,-) 
  BF1_2_mul_170_29_g15968/Y     -       A->Y   R     XOR2x1_ASAP7_75t_SL        1  2.1    31    19     566    (-,-) 
  BF1_2_barrett_datai_reg[43]/D -       -      R     DFFHQx4_ASAP7_75t_SL       1    -     -     0     566    (-,-) 
#-------------------------------------------------------------------------------------------------------------------



Path 11: VIOLATED (-27 ps) Setup Check with Pin BF1_2_barrett_datai_reg[43]/CLK->D
          Group: clk
     Startpoint: (R) BF1_1_modei_reg[1]/CLK
          Clock: (R) clk
       Endpoint: (R) BF1_2_barrett_datai_reg[43]/D
          Clock: (R) clk

                     Capture       Launch     
        Clock Edge:+     578            0     
       Src Latency:+       0            0     
       Net Latency:+       0 (I)        0 (I) 
           Arrival:=     578            0     
                                              
             Setup:-      10                  
       Uncertainty:-      29                  
     Required Time:=     539                  
      Launch Clock:-       0                  
         Data Path:-     566                  
             Slack:=     -27                  

#------------------------------------------------------------------------------------------------------------------
#         Timing Point          Flags    Arc   Edge         Cell          Fanout Load Trans Delay Arrival Instance 
#                                                                                (fF)  (ps)  (ps)   (ps)  Location 
#------------------------------------------------------------------------------------------------------------------
  BF1_1_modei_reg[1]/CLK        -       -      R     (arrival)              2365    -     0     0       0    (-,-) 
  BF1_1_modei_reg[1]/Q          -       CLK->Q F     DFFHQx4_ASAP7_75t_SL      2  7.2    14    46      46    (-,-) 
  g47563/Y                      -       A->Y   R     INVx5_ASAP7_75t_SL        1  3.7    10     7      53    (-,-) 
  g47549__5115/Y                -       B->Y   F     NAND2x2_ASAP7_75t_SL      1  2.6    12     7      60    (-,-) 
  g47489__8246/Y                -       A->Y   F     OR2x6_ASAP7_75t_SL        5 13.3    19    24      84    (-,-) 
  g62544/Y                      -       A->Y   F     BUFx6f_ASAP7_75t_SL       3 12.9    16    19     103    (-,-) 
  g62520/Y                      -       A->Y   R     INVx8_ASAP7_75t_SL       11 22.3    24    14     117    (-,-) 
  g62518/Y                      -       A->Y   F     INVx8_ASAP7_75t_SL       10 15.3    17    10     127    (-,-) 
  g61501/Y                      -       B2->Y  F     AO22x2_ASAP7_75t_SL       1  4.0    18    24     151    (-,-) 
  g61444/Y                      -       A->Y   F     BUFx12f_ASAP7_75t_SL     13 24.3    17    19     170    (-,-) 
  BF1_2_mul_170_29_g18444/Y     -       A->Y   R     INVx8_ASAP7_75t_SL        8 12.4    16    10     181    (-,-) 
  BF1_2_mul_170_29_g17895/Y     -       A2->Y  R     OA22x2_ASAP7_75t_SL       2  3.5    18    21     201    (-,-) 
  BF1_2_mul_170_29_g17747/Y     -       A->Y   F     INVx1_ASAP7_75t_SL        1  2.1    16    10     212    (-,-) 
  BF1_2_mul_170_29_g17453/Y     -       B2->Y  F     AO22x2_ASAP7_75t_SL       2  4.6    20    24     236    (-,-) 
  BF1_2_mul_170_29_g17259/Y     -       A->Y   F     XNOR2x1_ASAP7_75t_SL      1  2.4    33    18     254    (-,-) 
  BF1_2_mul_170_29_g17018/Y     -       B->Y   R     XNOR2x2_ASAP7_75t_SL      2  4.0    19    28     282    (-,-) 
  BF1_2_mul_170_29_g16620/Y     -       A->Y   F     XNOR2x2_ASAP7_75t_SL      1  2.5    13    27     309    (-,-) 
  BF1_2_mul_170_29_g18571/Y     -       A->Y   R     XOR2x2_ASAP7_75t_SL       2  4.0    18    28     337    (-,-) 
  BF1_2_mul_170_29_g16402/Y     -       B->Y   F     XOR2x2_ASAP7_75t_SL       1  2.6    13    20     357    (-,-) 
  BF1_2_mul_170_29_g16315/Y     -       B->Y   R     XOR2x2_ASAP7_75t_SL       2  4.5    20    29     386    (-,-) 
  BF1_2_mul_170_29_g16232/Y     -       B->Y   R     XNOR2x1_ASAP7_75t_SL      1  3.2    29    19     405    (-,-) 
  BF1_2_mul_170_29_g16157/Y     -       B->Y   R     XNOR2x1_ASAP7_75t_SL      2  4.4    36    21     426    (-,-) 
  BF1_2_mul_170_29_g16108/Y     -       A->Y   R     OR2x6_ASAP7_75t_SL        4  7.8    15    22     449    (-,-) 
  BF1_2_mul_170_29_g16084/Y     -       B->Y   R     AND2x4_ASAP7_75t_SL       2  5.1    13    16     465    (-,-) 
  BF1_2_mul_170_29_g16062/Y     -       B->Y   F     NAND2x2_ASAP7_75t_SL      2  5.1    19    10     475    (-,-) 
  BF1_2_mul_170_29_g16056/Y     -       A->Y   R     INVx2_ASAP7_75t_SL        1  2.7    14    10     485    (-,-) 
  BF1_2_mul_170_29_g16023/Y     -       A1->Y  F     AOI21x1_ASAP7_75t_SL      1  2.6    23    11     496    (-,-) 
  BF1_2_mul_170_29_g16011/Y     -       A->Y   F     AND2x6_ASAP7_75t_SL      14 26.8    29    32     528    (-,-) 
  BF1_2_mul_170_29_g16002/Y     -       A1->Y  R     OAI21x1_ASAP7_75t_SL      1  3.2    32    20     547    (-,-) 
  BF1_2_mul_170_29_g15968/Y     -       A->Y   R     XOR2x1_ASAP7_75t_SL       1  2.1    31    19     566    (-,-) 
  BF1_2_barrett_datai_reg[43]/D -       -      R     DFFHQx4_ASAP7_75t_SL      1    -     -     0     566    (-,-) 
#------------------------------------------------------------------------------------------------------------------



Path 12: VIOLATED (-27 ps) Setup Check with Pin BF1_2_barrett_datai_reg[43]/CLK->D
          Group: clk
     Startpoint: (R) BF1_1_modei_reg[1]/CLK
          Clock: (R) clk
       Endpoint: (R) BF1_2_barrett_datai_reg[43]/D
          Clock: (R) clk

                     Capture       Launch     
        Clock Edge:+     578            0     
       Src Latency:+       0            0     
       Net Latency:+       0 (I)        0 (I) 
           Arrival:=     578            0     
                                              
             Setup:-      10                  
       Uncertainty:-      29                  
     Required Time:=     539                  
      Launch Clock:-       0                  
         Data Path:-     566                  
             Slack:=     -27                  

#------------------------------------------------------------------------------------------------------------------
#         Timing Point          Flags    Arc   Edge         Cell          Fanout Load Trans Delay Arrival Instance 
#                                                                                (fF)  (ps)  (ps)   (ps)  Location 
#------------------------------------------------------------------------------------------------------------------
  BF1_1_modei_reg[1]/CLK        -       -      R     (arrival)              2365    -     0     0       0    (-,-) 
  BF1_1_modei_reg[1]/Q          -       CLK->Q F     DFFHQx4_ASAP7_75t_SL      2  7.2    14    46      46    (-,-) 
  g47563/Y                      -       A->Y   R     INVx5_ASAP7_75t_SL        1  3.7    10     7      53    (-,-) 
  g47549__5115/Y                -       B->Y   F     NAND2x2_ASAP7_75t_SL      1  2.6    12     7      60    (-,-) 
  g47489__8246/Y                -       A->Y   F     OR2x6_ASAP7_75t_SL        5 13.3    19    24      84    (-,-) 
  g62512/Y                      -       A->Y   F     BUFx6f_ASAP7_75t_SL       2  7.2    11    17     100    (-,-) 
  g62505/Y                      -       A->Y   R     INVx4_ASAP7_75t_SL        2  7.8    16    10     110    (-,-) 
  g62502/Y                      -       A->Y   R     BUFx12f_ASAP7_75t_SL      8 20.7    17    18     128    (-,-) 
  g62501/Y                      -       A->Y   F     INVx11_ASAP7_75t_SL      12 16.6    14     9     136    (-,-) 
  g61502/Y                      -       B2->Y  F     AO22x2_ASAP7_75t_SL       1  4.0    18    23     159    (-,-) 
  g61445/Y                      -       A->Y   F     BUFx12f_ASAP7_75t_SL     13 27.8    19    20     180    (-,-) 
  BF1_2_mul_170_29_g18446/Y     -       A->Y   R     INVx8_ASAP7_75t_SL        6  9.8    14    10     189    (-,-) 
  BF1_2_mul_170_29_g18081/Y     -       B2->Y  R     AO22x2_ASAP7_75t_SL       2  4.1    20    21     210    (-,-) 
  BF1_2_mul_170_29_g17542/Y     -       B2->Y  R     AO22x2_ASAP7_75t_SL       2  4.3    21    22     233    (-,-) 
  BF1_2_mul_170_29_g17271/Y     -       B->Y   F     XNOR2x2_ASAP7_75t_SL      1  2.6    13    26     259    (-,-) 
  BF1_2_mul_170_29_g16984/Y     -       A->Y   R     XNOR2x2_ASAP7_75t_SL      2  4.4    21    25     284    (-,-) 
  BF1_2_mul_170_29_g16782/Y     -       A->Y   R     XNOR2x1_ASAP7_75t_SL      1  3.1    28    20     304    (-,-) 
  BF1_2_mul_170_29_g16629/Y     -       A->Y   R     XNOR2x1_ASAP7_75t_SL      2  4.4    36    23     327    (-,-) 
  BF1_2_mul_170_29_g16543/Y     -       A->Y   R     MAJx2_ASAP7_75t_SL        2  4.4    20    25     352    (-,-) 
  BF1_2_mul_170_29_g16395/Y     -       A->Y   R     XNOR2x1_ASAP7_75t_SL      1  2.6    25    19     372    (-,-) 
  BF1_2_mul_170_29_g16314/Y     -       A->Y   F     XNOR2x2_ASAP7_75t_SL      2  5.2    20    31     403    (-,-) 
  BF1_2_mul_170_29_g16155/Y     -       A->Y   F     XNOR2x1_ASAP7_75t_SL      2  5.0    30    24     427    (-,-) 
  BF1_2_mul_170_29_g16105/Y     -       B->Y   R     NAND2x2_ASAP7_75t_SL      2  5.7    28    19     445    (-,-) 
  fopt69951/Y                   -       A->Y   F     INVx3_ASAP7_75t_SL        2  3.5    14     8     453    (-,-) 
  BF1_2_mul_170_29_g16069/Y     -       A2->Y  F     OA21x2_ASAP7_75t_SL       1  2.8    13    20     473    (-,-) 
  BF1_2_mul_170_29_g16041/Y     -       B->Y   R     OAI21x1_ASAP7_75t_SL      2  4.5    37    12     485    (-,-) 
  BF1_2_mul_170_29_g16023/Y     -       A2->Y  F     AOI21x1_ASAP7_75t_SL      1  2.6    23    11     496    (-,-) 
  BF1_2_mul_170_29_g16011/Y     -       A->Y   F     AND2x6_ASAP7_75t_SL      14 26.8    29    32     528    (-,-) 
  BF1_2_mul_170_29_g16002/Y     -       A1->Y  R     OAI21x1_ASAP7_75t_SL      1  3.2    32    20     547    (-,-) 
  BF1_2_mul_170_29_g15968/Y     -       A->Y   R     XOR2x1_ASAP7_75t_SL       1  2.1    31    19     566    (-,-) 
  BF1_2_barrett_datai_reg[43]/D -       -      R     DFFHQx4_ASAP7_75t_SL      1    -     -     0     566    (-,-) 
#------------------------------------------------------------------------------------------------------------------



Path 13: VIOLATED (-27 ps) Setup Check with Pin BF2_2_barrett_datai_reg[45]/CLK->D
          Group: clk
     Startpoint: (R) BF1_1_modei_reg[1]/CLK
          Clock: (R) clk
       Endpoint: (R) BF2_2_barrett_datai_reg[45]/D
          Clock: (R) clk

                     Capture       Launch     
        Clock Edge:+     578            0     
       Src Latency:+       0            0     
       Net Latency:+       0 (I)        0 (I) 
           Arrival:=     578            0     
                                              
             Setup:-       9                  
       Uncertainty:-      29                  
     Required Time:=     540                  
      Launch Clock:-       0                  
         Data Path:-     567                  
             Slack:=     -27                  

#--------------------------------------------------------------------------------------------------------------------
#         Timing Point          Flags    Arc   Edge          Cell           Fanout Load Trans Delay Arrival Instance 
#                                                                                  (fF)  (ps)  (ps)   (ps)  Location 
#--------------------------------------------------------------------------------------------------------------------
  BF1_1_modei_reg[1]/CLK        -       -      R     (arrival)                2365    -     0     0       0    (-,-) 
  BF1_1_modei_reg[1]/Q          -       CLK->Q F     DFFHQx4_ASAP7_75t_SL        2  7.2    14    46      46    (-,-) 
  g47563/Y                      -       A->Y   R     INVx5_ASAP7_75t_SL          1  3.7    10     7      53    (-,-) 
  g47549__5115/Y                -       B->Y   F     NAND2x2_ASAP7_75t_SL        1  2.6    12     7      60    (-,-) 
  g47489__8246/Y                -       A->Y   F     OR2x6_ASAP7_75t_SL          5 13.3    19    24      84    (-,-) 
  g62512/Y                      -       A->Y   F     BUFx6f_ASAP7_75t_SL         2  7.2    11    17     100    (-,-) 
  g62505/Y                      -       A->Y   R     INVx4_ASAP7_75t_SL          2  7.8    16    10     110    (-,-) 
  g62502/Y                      -       A->Y   R     BUFx12f_ASAP7_75t_SL        8 20.7    17    18     128    (-,-) 
  g62499/Y                      -       A->Y   F     INVx4_ASAP7_75t_SL          2  4.4    11     7     134    (-,-) 
  g59371__6260/Y                -       B->Y   R     NAND2x1_ASAP7_75t_SL        1  2.6    30    13     148    (-,-) 
  g59346__5115/Y                -       A->Y   R     AND2x4_ASAP7_75t_SL         1  6.5    16    18     165    (-,-) 
  g59340/Y                      -       A->Y   F     INVx8_ASAP7_75t_SL         12 25.3    22    13     178    (-,-) 
  BF2_2_mul_170_29_g18438/Y     -       A->Y   R     INVx11_ASAP7_75t_SL        10 15.8    17    11     189    (-,-) 
  BF2_2_mul_170_29_g18052/Y     -       B1->Y  F     AOI22xp5_ASAP7_75t_SL       2  3.4    51    19     208    (-,-) 
  BF2_2_mul_170_29_g17536/Y     -       B1->Y  F     OA22x2_ASAP7_75t_SL         2  4.6    22    29     238    (-,-) 
  BF2_2_mul_170_29_g17264/Y     -       A->Y   F     XNOR2x1_ASAP7_75t_SL        1  2.5    20    19     257    (-,-) 
  BF2_2_mul_170_29_g18626/Y     -       A->Y   R     XOR2x2_ASAP7_75t_SL         2  5.0    22    31     288    (-,-) 
  BF2_2_mul_170_29_g16812/Y     -       B->Y   R     XNOR2x1_ASAP7_75t_SL        1  2.4    25    18     305    (-,-) 
  BF2_2_mul_170_29_g16673/Y     -       A->Y   F     XOR2x2_ASAP7_75t_SL         2  4.5    19    24     329    (-,-) 
  BF2_2_mul_170_29_g16502/Y     -       A->Y   F     XNOR2x1_ASAP7_75t_SL        1  3.2    23    20     349    (-,-) 
  BF2_2_mul_170_29_g18562/Y     -       A->Y   F     XNOR2x1_ASAP7_75t_SL        2  4.5    28    23     373    (-,-) 
  BF2_2_mul_170_29_g16335/Y     -       A->Y   F     MAJx2_ASAP7_75t_SL          2  3.8    18    26     399    (-,-) 
  BF2_2_mul_170_29_g18542/Y     -       A->Y   F     OR2x2_ASAP7_75t_SL          3  5.1    19    22     421    (-,-) 
  BF2_2_mul_170_29_g16116/Y     -       C->Y   F     MAJx2_ASAP7_75t_SL          2  3.9    17    24     445    (-,-) 
  BF2_2_mul_170_29_g16072/Y     -       A2->Y  R     OAI21x1_ASAP7_75t_SL        1  2.7    25    14     459    (-,-) 
  BF2_2_mul_170_29_g16038/Y     -       A1->Y  F     AOI22x1_ASAP7_75t_SL        1  3.7    28    13     472    (-,-) 
  BF2_2_mul_170_29_g16029/Y     -       B->Y   R     NAND2x2_ASAP7_75t_SL        2  6.3    30    19     492    (-,-) 
  BF2_2_mul_170_29_g16022/Y     -       A->Y   F     NAND2x1p5_ASAP7_75t_SL      1  2.6    16     8     500    (-,-) 
  BF2_2_mul_170_29_g16011/Y     -       B->Y   F     AND2x6_ASAP7_75t_SL        14 26.6    29    29     528    (-,-) 
  BF2_2_mul_170_29_g15990/Y     -       A1->Y  R     OAI21x1_ASAP7_75t_SL        1  3.2    31    19     548    (-,-) 
  BF2_2_mul_170_29_g15970/Y     -       A->Y   R     XOR2x1_ASAP7_75t_SL         1  2.1    25    19     567    (-,-) 
  BF2_2_barrett_datai_reg[45]/D -       -      R     DFFHQx4_ASAP7_75t_SL        1    -     -     0     567    (-,-) 
#--------------------------------------------------------------------------------------------------------------------



Path 14: VIOLATED (-27 ps) Setup Check with Pin BF2_2_barrett_datai_reg[45]/CLK->D
          Group: clk
     Startpoint: (R) BF1_1_modei_reg[1]/CLK
          Clock: (R) clk
       Endpoint: (R) BF2_2_barrett_datai_reg[45]/D
          Clock: (R) clk

                     Capture       Launch     
        Clock Edge:+     578            0     
       Src Latency:+       0            0     
       Net Latency:+       0 (I)        0 (I) 
           Arrival:=     578            0     
                                              
             Setup:-       9                  
       Uncertainty:-      29                  
     Required Time:=     540                  
      Launch Clock:-       0                  
         Data Path:-     567                  
             Slack:=     -27                  

#--------------------------------------------------------------------------------------------------------------------
#         Timing Point          Flags    Arc   Edge          Cell           Fanout Load Trans Delay Arrival Instance 
#                                                                                  (fF)  (ps)  (ps)   (ps)  Location 
#--------------------------------------------------------------------------------------------------------------------
  BF1_1_modei_reg[1]/CLK        -       -      R     (arrival)                2365    -     0     0       0    (-,-) 
  BF1_1_modei_reg[1]/Q          -       CLK->Q F     DFFHQx4_ASAP7_75t_SL        2  7.2    14    46      46    (-,-) 
  g47563/Y                      -       A->Y   R     INVx5_ASAP7_75t_SL          1  3.7    10     7      53    (-,-) 
  g47549__5115/Y                -       B->Y   F     NAND2x2_ASAP7_75t_SL        1  2.6    12     7      60    (-,-) 
  g47489__8246/Y                -       A->Y   F     OR2x6_ASAP7_75t_SL          5 13.3    19    24      84    (-,-) 
  g62512/Y                      -       A->Y   F     BUFx6f_ASAP7_75t_SL         2  7.2    11    17     100    (-,-) 
  g62511/Y                      -       A->Y   F     BUFx12f_ASAP7_75t_SL       14 31.7    21    20     120    (-,-) 
  g62506/Y                      -       A->Y   R     INVx4_ASAP7_75t_SL          4  6.1    16    11     131    (-,-) 
  g59242__5122/Y                -       A2->Y  R     AO22x2_ASAP7_75t_SL         1  4.0    19    22     153    (-,-) 
  g59239/Y                      -       A->Y   R     BUFx12f_ASAP7_75t_SL       14 25.9    21    19     172    (-,-) 
  BF2_2_mul_170_29_g18263/Y     -       A->Y   F     INVx8_ASAP7_75t_SL          8 11.6    14     9     181    (-,-) 
  BF2_2_mul_170_29_g17798/Y     -       B2->Y  F     AO22x1_ASAP7_75t_SL         2  3.3    23    25     206    (-,-) 
  BF2_2_mul_170_29_g17520/Y     -       B2->Y  F     AO22x1_ASAP7_75t_SL         2  3.8    26    29     235    (-,-) 
  BF2_2_mul_170_29_g18612/Y     -       A->Y   R     XOR2x2_ASAP7_75t_SL         2  4.6    21    31     266    (-,-) 
  BF2_2_mul_170_29_g17151/Y     -       A->Y   F     INVx2_ASAP7_75t_SL          1  2.1    11     7     273    (-,-) 
  BF2_2_mul_170_29_g17026/Y     -       A->Y   F     MAJx2_ASAP7_75t_SL          2  5.0    20    24     297    (-,-) 
  BF2_2_mul_170_29_g16815/Y     -       B->Y   F     XOR2x1_ASAP7_75t_SL         1  3.2    24    22     319    (-,-) 
  BF2_2_mul_170_29_g18570/Y     -       A->Y   F     XOR2x1_ASAP7_75t_SL         2  3.9    30    23     342    (-,-) 
  BF2_2_mul_170_29_g16425/Y     -       B->Y   F     XOR2xp5_ASAP7_75t_SL        1  2.6    36    22     364    (-,-) 
  BF2_2_mul_170_29_g16330/Y     -       B->Y   R     XOR2x2_ASAP7_75t_SL         2  6.0    25    36     400    (-,-) 
  BF2_2_mul_170_29_g16260/Y     -       A->Y   F     NAND2x1p5_ASAP7_75t_SL      2  4.0    21    10     410    (-,-) 
  BF2_2_mul_170_29_g16204/Y     -       B->Y   F     AND2x4_ASAP7_75t_SL         1  3.1     9    16     427    (-,-) 
  BF2_2_mul_170_29_g16187/Y     -       A->Y   R     NAND2x1p5_ASAP7_75t_SL      1  2.1    15    10     437    (-,-) 
  BF2_2_mul_170_29_g16103/Y     -       A2->Y  R     AO21x2_ASAP7_75t_SL         2  4.1    18    20     457    (-,-) 
  BF2_2_mul_170_29_g16038/Y     -       B2->Y  F     AOI22x1_ASAP7_75t_SL        1  3.7    28    16     472    (-,-) 
  BF2_2_mul_170_29_g16029/Y     -       B->Y   R     NAND2x2_ASAP7_75t_SL        2  6.3    30    19     492    (-,-) 
  BF2_2_mul_170_29_g16022/Y     -       A->Y   F     NAND2x1p5_ASAP7_75t_SL      1  2.6    16     8     500    (-,-) 
  BF2_2_mul_170_29_g16011/Y     -       B->Y   F     AND2x6_ASAP7_75t_SL        14 26.6    29    29     528    (-,-) 
  BF2_2_mul_170_29_g15990/Y     -       A1->Y  R     OAI21x1_ASAP7_75t_SL        1  3.2    31    19     548    (-,-) 
  BF2_2_mul_170_29_g15970/Y     -       A->Y   R     XOR2x1_ASAP7_75t_SL         1  2.1    25    19     567    (-,-) 
  BF2_2_barrett_datai_reg[45]/D -       -      R     DFFHQx4_ASAP7_75t_SL        1    -     -     0     567    (-,-) 
#--------------------------------------------------------------------------------------------------------------------



Path 15: VIOLATED (-27 ps) Setup Check with Pin BF1_2_barrett_datai_reg[45]/CLK->D
          Group: clk
     Startpoint: (R) BF1_1_modei_reg[1]/CLK
          Clock: (R) clk
       Endpoint: (F) BF1_2_barrett_datai_reg[45]/D
          Clock: (R) clk

                     Capture       Launch     
        Clock Edge:+     578            0     
       Src Latency:+       0            0     
       Net Latency:+       0 (I)        0 (I) 
           Arrival:=     578            0     
                                              
             Setup:-       6                  
       Uncertainty:-      29                  
     Required Time:=     543                  
      Launch Clock:-       0                  
         Data Path:-     570                  
             Slack:=     -27                  

#-------------------------------------------------------------------------------------------------------------------
#         Timing Point          Flags    Arc   Edge         Cell           Fanout Load Trans Delay Arrival Instance 
#                                                                                 (fF)  (ps)  (ps)   (ps)  Location 
#-------------------------------------------------------------------------------------------------------------------
  BF1_1_modei_reg[1]/CLK        -       -      R     (arrival)               2365    -     0     0       0    (-,-) 
  BF1_1_modei_reg[1]/Q          -       CLK->Q F     DFFHQx4_ASAP7_75t_SL       2  7.2    14    46      46    (-,-) 
  g47563/Y                      -       A->Y   R     INVx5_ASAP7_75t_SL         1  3.7    10     7      53    (-,-) 
  g47549__5115/Y                -       B->Y   F     NAND2x2_ASAP7_75t_SL       1  2.6    12     7      60    (-,-) 
  g47489__8246/Y                -       A->Y   F     OR2x6_ASAP7_75t_SL         5 13.3    19    24      84    (-,-) 
  g62512/Y                      -       A->Y   F     BUFx6f_ASAP7_75t_SL        2  7.2    11    17     100    (-,-) 
  g62511/Y                      -       A->Y   F     BUFx12f_ASAP7_75t_SL      14 31.7    21    20     120    (-,-) 
  g61491/Y                      -       B2->Y  F     AO22x2_ASAP7_75t_SL        1  4.0    18    24     144    (-,-) 
  g61435/Y                      -       A->Y   F     BUFx12f_ASAP7_75t_SL      13 26.2    18    20     164    (-,-) 
  BF1_2_mul_170_29_g18432/Y     -       A->Y   R     INVx8_ASAP7_75t_SL         7 11.4    15    10     174    (-,-) 
  BF1_2_mul_170_29_g17846/Y     -       B1->Y  F     AOI22x1_ASAP7_75t_SL       2  3.5    37    13     188    (-,-) 
  BF1_2_mul_170_29_g17563/Y     -       B2->Y  F     OA22x2_ASAP7_75t_SL        2  3.9    19    29     216    (-,-) 
  BF1_2_mul_170_29_g17155/Y     -       B->Y   R     XNOR2xp5_ASAP7_75t_SL      1  2.6    43    23     239    (-,-) 
  BF1_2_mul_170_29_g16963/Y     -       A->Y   F     XNOR2x2_ASAP7_75t_SL       2  5.1    20    33     272    (-,-) 
  BF1_2_mul_170_29_g16789/Y     -       A->Y   F     XNOR2x1_ASAP7_75t_SL       1  3.2    26    20     292    (-,-) 
  BF1_2_mul_170_29_g16644/Y     -       B->Y   R     XNOR2x1_ASAP7_75t_SL       2  3.9    34    18     310    (-,-) 
  BF1_2_mul_170_29_g16515/Y     -       B->Y   F     XNOR2x2_ASAP7_75t_SL       1  3.2    15    28     339    (-,-) 
  BF1_2_mul_170_29_g16410/Y     -       B->Y   F     XNOR2x1_ASAP7_75t_SL       2  4.5    27    22     361    (-,-) 
  BF1_2_mul_170_29_g16299/Y     -       A->Y   F     XNOR2x1_ASAP7_75t_SL       1  3.2    24    21     382    (-,-) 
  BF1_2_mul_170_29_g16238/Y     -       B->Y   F     XNOR2x1_ASAP7_75t_SL       2  3.4    25    22     404    (-,-) 
  BF1_2_mul_170_29_g18539/Y     -       B->Y   F     OR2x2_ASAP7_75t_SL         2  4.1    16    23     427    (-,-) 
  BF1_2_mul_170_29_g16118/Y     -       A2->Y  F     AO21x2_ASAP7_75t_SL        2  4.0    16    22     449    (-,-) 
  BF1_2_mul_170_29_g16075/Y     -       A1->Y  R     AOI21x1_ASAP7_75t_SL       2  3.1    30    14     464    (-,-) 
  BF1_2_mul_170_29_g16043/Y     -       A2->Y  R     OA21x2_ASAP7_75t_SL        3  4.8    21    24     487    (-,-) 
  BF1_2_mul_170_29_g16024/Y     -       A2->Y  R     OA21x2_ASAP7_75t_SL        6  8.8    34    29     516    (-,-) 
  BF1_2_mul_170_29_g16009/Y     -       A2->Y  R     OA21x2_ASAP7_75t_SL        1  2.8    15    21     536    (-,-) 
  BF1_2_mul_170_29_g15990/Y     -       B->Y   F     OAI21x1_ASAP7_75t_SL       1  3.2    26    13     550    (-,-) 
  BF1_2_mul_170_29_g15970/Y     -       A->Y   F     XOR2x1_ASAP7_75t_SL        1  2.1    27    20     570    (-,-) 
  BF1_2_barrett_datai_reg[45]/D -       -      F     DFFHQx4_ASAP7_75t_SL       1    -     -     0     570    (-,-) 
#-------------------------------------------------------------------------------------------------------------------



Path 16: VIOLATED (-27 ps) Setup Check with Pin BF1_2_barrett_datai_reg[41]/CLK->D
          Group: clk
     Startpoint: (R) BF1_1_modei_reg[1]/CLK
          Clock: (R) clk
       Endpoint: (R) BF1_2_barrett_datai_reg[41]/D
          Clock: (R) clk

                     Capture       Launch     
        Clock Edge:+     578            0     
       Src Latency:+       0            0     
       Net Latency:+       0 (I)        0 (I) 
           Arrival:=     578            0     
                                              
             Setup:-      10                  
       Uncertainty:-      29                  
     Required Time:=     539                  
      Launch Clock:-       0                  
         Data Path:-     566                  
             Slack:=     -27                  

#-------------------------------------------------------------------------------------------------------------------
#         Timing Point          Flags    Arc   Edge         Cell           Fanout Load Trans Delay Arrival Instance 
#                                                                                 (fF)  (ps)  (ps)   (ps)  Location 
#-------------------------------------------------------------------------------------------------------------------
  BF1_1_modei_reg[1]/CLK        -       -      R     (arrival)               2365    -     0     0       0    (-,-) 
  BF1_1_modei_reg[1]/Q          -       CLK->Q R     DFFHQx4_ASAP7_75t_SL       2  7.2    17    46      46    (-,-) 
  g47563/Y                      -       A->Y   F     INVx5_ASAP7_75t_SL         1  3.7     9     5      51    (-,-) 
  g47549__5115/Y                -       B->Y   R     NAND2x2_ASAP7_75t_SL       1  2.6    17     9      60    (-,-) 
  g47489__8246/Y                -       A->Y   R     OR2x6_ASAP7_75t_SL         5 13.3    21    22      83    (-,-) 
  g62512/Y                      -       A->Y   R     BUFx6f_ASAP7_75t_SL        2  7.2    12    16      99    (-,-) 
  g62505/Y                      -       A->Y   F     INVx4_ASAP7_75t_SL         2  7.8    14     9     107    (-,-) 
  g62502/Y                      -       A->Y   F     BUFx12f_ASAP7_75t_SL       8 20.7    15    18     125    (-,-) 
  g62501/Y                      -       A->Y   R     INVx11_ASAP7_75t_SL       12 16.6    16    10     135    (-,-) 
  g61508/Y                      -       B2->Y  R     AO22x2_ASAP7_75t_SL        1  4.0    20    21     156    (-,-) 
  g61451/Y                      -       A->Y   R     BUFx12f_ASAP7_75t_SL      12 25.8    21    20     176    (-,-) 
  BF1_2_mul_170_29_g18265/Y     -       A->Y   F     INVx11_ASAP7_75t_SL       11 18.3    16    10     186    (-,-) 
  BF1_2_mul_170_29_g17871/Y     -       B1->Y  R     AOI22xp5_ASAP7_75t_SL      2  3.5    60    27     213    (-,-) 
  BF1_2_mul_170_29_g17737/Y     -       A->Y   F     INVx1_ASAP7_75t_SL         1  2.1    26    13     226    (-,-) 
  BF1_2_mul_170_29_g17594/Y     -       B2->Y  F     AO22x2_ASAP7_75t_SL        2  4.4    19    26     252    (-,-) 
  BF1_2_mul_170_29_g17270/Y     -       A->Y   F     XOR2xp5_ASAP7_75t_SL       1  2.5    46    19     271    (-,-) 
  BF1_2_mul_170_29_g17010/Y     -       A->Y   R     XOR2x2_ASAP7_75t_SL        2  5.0    23    35     306    (-,-) 
  BF1_2_mul_170_29_g16629/Y     -       B->Y   R     XNOR2x1_ASAP7_75t_SL       2  4.4    36    21     327    (-,-) 
  BF1_2_mul_170_29_g16543/Y     -       A->Y   R     MAJx2_ASAP7_75t_SL         2  4.4    20    25     352    (-,-) 
  BF1_2_mul_170_29_g16395/Y     -       A->Y   R     XNOR2x1_ASAP7_75t_SL       1  2.6    25    19     372    (-,-) 
  BF1_2_mul_170_29_g16314/Y     -       A->Y   F     XNOR2x2_ASAP7_75t_SL       2  5.2    20    31     403    (-,-) 
  BF1_2_mul_170_29_g16155/Y     -       A->Y   F     XNOR2x1_ASAP7_75t_SL       2  5.0    30    24     427    (-,-) 
  BF1_2_mul_170_29_g16105/Y     -       B->Y   R     NAND2x2_ASAP7_75t_SL       2  5.7    28    19     445    (-,-) 
  fopt69951/Y                   -       A->Y   F     INVx3_ASAP7_75t_SL         2  3.5    14     8     453    (-,-) 
  BF1_2_mul_170_29_g16069/Y     -       A2->Y  F     OA21x2_ASAP7_75t_SL        1  2.8    13    20     473    (-,-) 
  BF1_2_mul_170_29_g16041/Y     -       B->Y   R     OAI21x1_ASAP7_75t_SL       2  4.5    37    12     485    (-,-) 
  BF1_2_mul_170_29_g16023/Y     -       A2->Y  F     AOI21x1_ASAP7_75t_SL       1  2.6    23    11     496    (-,-) 
  BF1_2_mul_170_29_g16011/Y     -       A->Y   F     AND2x6_ASAP7_75t_SL       14 26.8    29    32     528    (-,-) 
  BF1_2_mul_170_29_g16000/Y     -       A1->Y  R     OAI21x1_ASAP7_75t_SL       1  3.2    32    20     547    (-,-) 
  BF1_2_mul_170_29_g15966/Y     -       A->Y   R     XOR2x1_ASAP7_75t_SL        1  2.1    30    19     566    (-,-) 
  BF1_2_barrett_datai_reg[41]/D -       -      R     DFFHQx4_ASAP7_75t_SL       1    -     -     0     566    (-,-) 
#-------------------------------------------------------------------------------------------------------------------



Path 17: VIOLATED (-27 ps) Setup Check with Pin BF1_2_barrett_datai_reg[41]/CLK->D
          Group: clk
     Startpoint: (R) BF1_1_modei_reg[1]/CLK
          Clock: (R) clk
       Endpoint: (R) BF1_2_barrett_datai_reg[41]/D
          Clock: (R) clk

                     Capture       Launch     
        Clock Edge:+     578            0     
       Src Latency:+       0            0     
       Net Latency:+       0 (I)        0 (I) 
           Arrival:=     578            0     
                                              
             Setup:-      10                  
       Uncertainty:-      29                  
     Required Time:=     539                  
      Launch Clock:-       0                  
         Data Path:-     566                  
             Slack:=     -27                  

#------------------------------------------------------------------------------------------------------------------
#         Timing Point          Flags    Arc   Edge         Cell          Fanout Load Trans Delay Arrival Instance 
#                                                                                (fF)  (ps)  (ps)   (ps)  Location 
#------------------------------------------------------------------------------------------------------------------
  BF1_1_modei_reg[1]/CLK        -       -      R     (arrival)              2365    -     0     0       0    (-,-) 
  BF1_1_modei_reg[1]/Q          -       CLK->Q F     DFFHQx4_ASAP7_75t_SL      2  7.2    14    46      46    (-,-) 
  g47563/Y                      -       A->Y   R     INVx5_ASAP7_75t_SL        1  3.7    10     7      53    (-,-) 
  g47549__5115/Y                -       B->Y   F     NAND2x2_ASAP7_75t_SL      1  2.6    12     7      60    (-,-) 
  g47489__8246/Y                -       A->Y   F     OR2x6_ASAP7_75t_SL        5 13.3    19    24      84    (-,-) 
  g62544/Y                      -       A->Y   F     BUFx6f_ASAP7_75t_SL       3 12.9    16    19     103    (-,-) 
  g62520/Y                      -       A->Y   R     INVx8_ASAP7_75t_SL       11 22.3    24    14     117    (-,-) 
  g62518/Y                      -       A->Y   F     INVx8_ASAP7_75t_SL       10 15.3    17    10     127    (-,-) 
  g61501/Y                      -       B2->Y  F     AO22x2_ASAP7_75t_SL       1  4.0    18    24     151    (-,-) 
  g61444/Y                      -       A->Y   F     BUFx12f_ASAP7_75t_SL     13 24.3    17    19     170    (-,-) 
  BF1_2_mul_170_29_g18444/Y     -       A->Y   R     INVx8_ASAP7_75t_SL        8 12.4    16    10     181    (-,-) 
  BF1_2_mul_170_29_g17895/Y     -       A2->Y  R     OA22x2_ASAP7_75t_SL       2  3.5    18    21     201    (-,-) 
  BF1_2_mul_170_29_g17747/Y     -       A->Y   F     INVx1_ASAP7_75t_SL        1  2.1    16    10     212    (-,-) 
  BF1_2_mul_170_29_g17453/Y     -       B2->Y  F     AO22x2_ASAP7_75t_SL       2  4.6    20    24     236    (-,-) 
  BF1_2_mul_170_29_g17259/Y     -       A->Y   F     XNOR2x1_ASAP7_75t_SL      1  2.4    33    18     254    (-,-) 
  BF1_2_mul_170_29_g17018/Y     -       B->Y   R     XNOR2x2_ASAP7_75t_SL      2  4.0    19    28     282    (-,-) 
  BF1_2_mul_170_29_g16620/Y     -       A->Y   F     XNOR2x2_ASAP7_75t_SL      1  2.5    13    27     309    (-,-) 
  BF1_2_mul_170_29_g18571/Y     -       A->Y   R     XOR2x2_ASAP7_75t_SL       2  4.0    18    28     337    (-,-) 
  BF1_2_mul_170_29_g16402/Y     -       B->Y   F     XOR2x2_ASAP7_75t_SL       1  2.6    13    20     357    (-,-) 
  BF1_2_mul_170_29_g16315/Y     -       B->Y   R     XOR2x2_ASAP7_75t_SL       2  4.5    20    29     386    (-,-) 
  BF1_2_mul_170_29_g16232/Y     -       B->Y   R     XNOR2x1_ASAP7_75t_SL      1  3.2    29    19     405    (-,-) 
  BF1_2_mul_170_29_g16157/Y     -       B->Y   R     XNOR2x1_ASAP7_75t_SL      2  4.4    36    21     426    (-,-) 
  BF1_2_mul_170_29_g16108/Y     -       A->Y   R     OR2x6_ASAP7_75t_SL        4  7.8    15    22     449    (-,-) 
  BF1_2_mul_170_29_g16084/Y     -       B->Y   R     AND2x4_ASAP7_75t_SL       2  5.1    13    16     465    (-,-) 
  BF1_2_mul_170_29_g16062/Y     -       B->Y   F     NAND2x2_ASAP7_75t_SL      2  5.1    19    10     475    (-,-) 
  BF1_2_mul_170_29_g16056/Y     -       A->Y   R     INVx2_ASAP7_75t_SL        1  2.7    14    10     485    (-,-) 
  BF1_2_mul_170_29_g16023/Y     -       A1->Y  F     AOI21x1_ASAP7_75t_SL      1  2.6    23    11     496    (-,-) 
  BF1_2_mul_170_29_g16011/Y     -       A->Y   F     AND2x6_ASAP7_75t_SL      14 26.8    29    32     528    (-,-) 
  BF1_2_mul_170_29_g16000/Y     -       A1->Y  R     OAI21x1_ASAP7_75t_SL      1  3.2    32    20     547    (-,-) 
  BF1_2_mul_170_29_g15966/Y     -       A->Y   R     XOR2x1_ASAP7_75t_SL       1  2.1    30    19     566    (-,-) 
  BF1_2_barrett_datai_reg[41]/D -       -      R     DFFHQx4_ASAP7_75t_SL      1    -     -     0     566    (-,-) 
#------------------------------------------------------------------------------------------------------------------



Path 18: VIOLATED (-27 ps) Setup Check with Pin BF1_2_barrett_datai_reg[41]/CLK->D
          Group: clk
     Startpoint: (R) BF1_1_modei_reg[1]/CLK
          Clock: (R) clk
       Endpoint: (R) BF1_2_barrett_datai_reg[41]/D
          Clock: (R) clk

                     Capture       Launch     
        Clock Edge:+     578            0     
       Src Latency:+       0            0     
       Net Latency:+       0 (I)        0 (I) 
           Arrival:=     578            0     
                                              
             Setup:-      10                  
       Uncertainty:-      29                  
     Required Time:=     539                  
      Launch Clock:-       0                  
         Data Path:-     566                  
             Slack:=     -27                  

#------------------------------------------------------------------------------------------------------------------
#         Timing Point          Flags    Arc   Edge         Cell          Fanout Load Trans Delay Arrival Instance 
#                                                                                (fF)  (ps)  (ps)   (ps)  Location 
#------------------------------------------------------------------------------------------------------------------
  BF1_1_modei_reg[1]/CLK        -       -      R     (arrival)              2365    -     0     0       0    (-,-) 
  BF1_1_modei_reg[1]/Q          -       CLK->Q F     DFFHQx4_ASAP7_75t_SL      2  7.2    14    46      46    (-,-) 
  g47563/Y                      -       A->Y   R     INVx5_ASAP7_75t_SL        1  3.7    10     7      53    (-,-) 
  g47549__5115/Y                -       B->Y   F     NAND2x2_ASAP7_75t_SL      1  2.6    12     7      60    (-,-) 
  g47489__8246/Y                -       A->Y   F     OR2x6_ASAP7_75t_SL        5 13.3    19    24      84    (-,-) 
  g62512/Y                      -       A->Y   F     BUFx6f_ASAP7_75t_SL       2  7.2    11    17     100    (-,-) 
  g62505/Y                      -       A->Y   R     INVx4_ASAP7_75t_SL        2  7.8    16    10     110    (-,-) 
  g62502/Y                      -       A->Y   R     BUFx12f_ASAP7_75t_SL      8 20.7    17    18     128    (-,-) 
  g62501/Y                      -       A->Y   F     INVx11_ASAP7_75t_SL      12 16.6    14     9     136    (-,-) 
  g61502/Y                      -       B2->Y  F     AO22x2_ASAP7_75t_SL       1  4.0    18    23     159    (-,-) 
  g61445/Y                      -       A->Y   F     BUFx12f_ASAP7_75t_SL     13 27.8    19    20     180    (-,-) 
  BF1_2_mul_170_29_g18446/Y     -       A->Y   R     INVx8_ASAP7_75t_SL        6  9.8    14    10     189    (-,-) 
  BF1_2_mul_170_29_g18081/Y     -       B2->Y  R     AO22x2_ASAP7_75t_SL       2  4.1    20    21     210    (-,-) 
  BF1_2_mul_170_29_g17542/Y     -       B2->Y  R     AO22x2_ASAP7_75t_SL       2  4.3    21    22     233    (-,-) 
  BF1_2_mul_170_29_g17271/Y     -       B->Y   F     XNOR2x2_ASAP7_75t_SL      1  2.6    13    26     259    (-,-) 
  BF1_2_mul_170_29_g16984/Y     -       A->Y   R     XNOR2x2_ASAP7_75t_SL      2  4.4    21    25     284    (-,-) 
  BF1_2_mul_170_29_g16782/Y     -       A->Y   R     XNOR2x1_ASAP7_75t_SL      1  3.1    28    20     304    (-,-) 
  BF1_2_mul_170_29_g16629/Y     -       A->Y   R     XNOR2x1_ASAP7_75t_SL      2  4.4    36    23     327    (-,-) 
  BF1_2_mul_170_29_g16543/Y     -       A->Y   R     MAJx2_ASAP7_75t_SL        2  4.4    20    25     352    (-,-) 
  BF1_2_mul_170_29_g16395/Y     -       A->Y   R     XNOR2x1_ASAP7_75t_SL      1  2.6    25    19     372    (-,-) 
  BF1_2_mul_170_29_g16314/Y     -       A->Y   F     XNOR2x2_ASAP7_75t_SL      2  5.2    20    31     403    (-,-) 
  BF1_2_mul_170_29_g16155/Y     -       A->Y   F     XNOR2x1_ASAP7_75t_SL      2  5.0    30    24     427    (-,-) 
  BF1_2_mul_170_29_g16105/Y     -       B->Y   R     NAND2x2_ASAP7_75t_SL      2  5.7    28    19     445    (-,-) 
  fopt69951/Y                   -       A->Y   F     INVx3_ASAP7_75t_SL        2  3.5    14     8     453    (-,-) 
  BF1_2_mul_170_29_g16069/Y     -       A2->Y  F     OA21x2_ASAP7_75t_SL       1  2.8    13    20     473    (-,-) 
  BF1_2_mul_170_29_g16041/Y     -       B->Y   R     OAI21x1_ASAP7_75t_SL      2  4.5    37    12     485    (-,-) 
  BF1_2_mul_170_29_g16023/Y     -       A2->Y  F     AOI21x1_ASAP7_75t_SL      1  2.6    23    11     496    (-,-) 
  BF1_2_mul_170_29_g16011/Y     -       A->Y   F     AND2x6_ASAP7_75t_SL      14 26.8    29    32     528    (-,-) 
  BF1_2_mul_170_29_g16000/Y     -       A1->Y  R     OAI21x1_ASAP7_75t_SL      1  3.2    32    20     547    (-,-) 
  BF1_2_mul_170_29_g15966/Y     -       A->Y   R     XOR2x1_ASAP7_75t_SL       1  2.1    30    19     566    (-,-) 
  BF1_2_barrett_datai_reg[41]/D -       -      R     DFFHQx4_ASAP7_75t_SL      1    -     -     0     566    (-,-) 
#------------------------------------------------------------------------------------------------------------------



Path 19: VIOLATED (-27 ps) Setup Check with Pin BF2_1_barrett_datai_reg[44]/CLK->D
          Group: clk
     Startpoint: (R) BF1_1_modei_reg[1]/CLK
          Clock: (R) clk
       Endpoint: (R) BF2_1_barrett_datai_reg[44]/D
          Clock: (R) clk

                     Capture       Launch     
        Clock Edge:+     578            0     
       Src Latency:+       0            0     
       Net Latency:+       0 (I)        0 (I) 
           Arrival:=     578            0     
                                              
             Setup:-      10                  
       Uncertainty:-      29                  
     Required Time:=     539                  
      Launch Clock:-       0                  
         Data Path:-     566                  
             Slack:=     -27                  

#--------------------------------------------------------------------------------------------------------------------
#         Timing Point          Flags    Arc   Edge          Cell           Fanout Load Trans Delay Arrival Instance 
#                                                                                  (fF)  (ps)  (ps)   (ps)  Location 
#--------------------------------------------------------------------------------------------------------------------
  BF1_1_modei_reg[1]/CLK        -       -      R     (arrival)                2365    -     0     0       0    (-,-) 
  BF1_1_modei_reg[1]/Q          -       CLK->Q F     DFFHQx4_ASAP7_75t_SL        2  7.2    14    46      46    (-,-) 
  g47563/Y                      -       A->Y   R     INVx5_ASAP7_75t_SL          1  3.7    10     7      53    (-,-) 
  g47549__5115/Y                -       B->Y   F     NAND2x2_ASAP7_75t_SL        1  2.6    12     7      60    (-,-) 
  g47489__8246/Y                -       A->Y   F     OR2x6_ASAP7_75t_SL          5 13.3    19    24      84    (-,-) 
  g62512/Y                      -       A->Y   F     BUFx6f_ASAP7_75t_SL         2  7.2    11    17     100    (-,-) 
  g62505/Y                      -       A->Y   R     INVx4_ASAP7_75t_SL          2  7.8    16    10     110    (-,-) 
  g62502/Y                      -       A->Y   R     BUFx12f_ASAP7_75t_SL        8 20.7    17    18     128    (-,-) 
  g62501/Y                      -       A->Y   F     INVx11_ASAP7_75t_SL        12 16.6    14     9     136    (-,-) 
  g61529/Y                      -       B1->Y  F     AO22x2_ASAP7_75t_SL         1  4.0    17    24     160    (-,-) 
  g61471/Y                      -       A->Y   F     BUFx12f_ASAP7_75t_SL       13 27.8    19    20     180    (-,-) 
  BF2_1_mul_170_29_g18138/Y     -       A->Y   R     XNOR2x1_ASAP7_75t_SL        2  4.6    44    21     201    (-,-) 
  BF2_1_mul_170_29_g17951/Y     -       A->Y   F     INVx2_ASAP7_75t_SL          1  2.1    16     8     209    (-,-) 
  BF2_1_mul_170_29_g17553/Y     -       A2->Y  R     OAI22xp5_ASAP7_75t_SL       2  3.9    66    28     237    (-,-) 
  BF2_1_mul_170_29_g17188/Y     -       A->Y   F     XNOR2x2_ASAP7_75t_SL        1  2.5    14    30     267    (-,-) 
  BF2_1_mul_170_29_g16991/Y     -       A->Y   R     XOR2x2_ASAP7_75t_SL         2  5.0    23    30     297    (-,-) 
  BF2_1_mul_170_29_g16816/Y     -       B->Y   R     XNOR2x1_ASAP7_75t_SL        1  2.4    25    18     315    (-,-) 
  BF2_1_mul_170_29_g18576/Y     -       A->Y   F     XOR2x2_ASAP7_75t_SL         2  4.5    18    24     339    (-,-) 
  BF2_1_mul_170_29_g16394/Y     -       B->Y   R     XOR2x2_ASAP7_75t_SL         1  2.6    14    27     366    (-,-) 
  BF2_1_mul_170_29_g16303/Y     -       B->Y   F     XOR2x2_ASAP7_75t_SL         2  3.9    17    22     388    (-,-) 
  BF2_1_mul_170_29_g18544/Y     -       B->Y   F     OR2x2_ASAP7_75t_SL          2  4.0    16    22     410    (-,-) 
  BF2_1_mul_170_29_g16204/Y     -       A->Y   F     AND2x4_ASAP7_75t_SL         1  3.1     9    16     426    (-,-) 
  BF2_1_mul_170_29_g16187/Y     -       A->Y   R     NAND2x1p5_ASAP7_75t_SL      1  2.1    15    10     436    (-,-) 
  BF2_1_mul_170_29_g16103/Y     -       A2->Y  R     AO21x2_ASAP7_75t_SL         2  4.1    18    20     456    (-,-) 
  BF2_1_mul_170_29_g16038/Y     -       B2->Y  F     AOI22x1_ASAP7_75t_SL        1  3.7    28    16     472    (-,-) 
  BF2_1_mul_170_29_g16029/Y     -       B->Y   R     NAND2x2_ASAP7_75t_SL        2  6.3    30    19     491    (-,-) 
  BF2_1_mul_170_29_g16022/Y     -       A->Y   F     NAND2x1p5_ASAP7_75t_SL      1  2.6    16     8     499    (-,-) 
  BF2_1_mul_170_29_g16011/Y     -       B->Y   F     AND2x6_ASAP7_75t_SL        14 26.9    29    29     528    (-,-) 
  BF2_1_mul_170_29_g16003/Y     -       A1->Y  R     OAI21x1_ASAP7_75t_SL        1  3.2    32    20     547    (-,-) 
  BF2_1_mul_170_29_g15967/Y     -       A->Y   R     XOR2x1_ASAP7_75t_SL         1  2.1    32    19     566    (-,-) 
  BF2_1_barrett_datai_reg[44]/D -       -      R     DFFHQx4_ASAP7_75t_SL        1    -     -     0     566    (-,-) 
#--------------------------------------------------------------------------------------------------------------------



Path 20: VIOLATED (-27 ps) Setup Check with Pin BF2_1_barrett_datai_reg[44]/CLK->D
          Group: clk
     Startpoint: (R) BF1_1_modei_reg[1]/CLK
          Clock: (R) clk
       Endpoint: (R) BF2_1_barrett_datai_reg[44]/D
          Clock: (R) clk

                     Capture       Launch     
        Clock Edge:+     578            0     
       Src Latency:+       0            0     
       Net Latency:+       0 (I)        0 (I) 
           Arrival:=     578            0     
                                              
             Setup:-      10                  
       Uncertainty:-      29                  
     Required Time:=     539                  
      Launch Clock:-       0                  
         Data Path:-     566                  
             Slack:=     -27                  

#------------------------------------------------------------------------------------------------------------------
#         Timing Point          Flags    Arc   Edge         Cell          Fanout Load Trans Delay Arrival Instance 
#                                                                                (fF)  (ps)  (ps)   (ps)  Location 
#------------------------------------------------------------------------------------------------------------------
  BF1_1_modei_reg[1]/CLK        -       -      R     (arrival)              2365    -     0     0       0    (-,-) 
  BF1_1_modei_reg[1]/Q          -       CLK->Q F     DFFHQx4_ASAP7_75t_SL      2  7.2    14    46      46    (-,-) 
  g47563/Y                      -       A->Y   R     INVx5_ASAP7_75t_SL        1  3.7    10     7      53    (-,-) 
  g47549__5115/Y                -       B->Y   F     NAND2x2_ASAP7_75t_SL      1  2.6    12     7      60    (-,-) 
  g47489__8246/Y                -       A->Y   F     OR2x6_ASAP7_75t_SL        5 13.3    19    24      84    (-,-) 
  g62544/Y                      -       A->Y   F     BUFx6f_ASAP7_75t_SL       3 12.9    16    19     103    (-,-) 
  g62543/Y                      -       A->Y   F     BUFx12f_ASAP7_75t_SL     10 23.2    17    19     122    (-,-) 
  g62542/Y                      -       A->Y   R     INVx8_ASAP7_75t_SL        7 11.1    15    10     132    (-,-) 
  g61349/Y                      -       A2->Y  R     AO22x2_ASAP7_75t_SL       1  4.0    19    22     154    (-,-) 
  g61307/Y                      -       A->Y   R     BUFx12f_ASAP7_75t_SL     13 25.9    21    20     173    (-,-) 
  BF2_1_mul_170_29_g18440/Y     -       A->Y   F     INVx11_ASAP7_75t_SL       9 13.5    14     8     181    (-,-) 
  BF2_1_mul_170_29_g17880/Y     -       B1->Y  R     AOI22x1_ASAP7_75t_SL      2  3.5    42    17     198    (-,-) 
  BF2_1_mul_170_29_g17741/Y     -       A->Y   F     INVx1_ASAP7_75t_SL        1  2.1    22    12     211    (-,-) 
  BF2_1_mul_170_29_g17596/Y     -       A2->Y  F     AO22x2_ASAP7_75t_SL       2  5.1    22    25     236    (-,-) 
  BF2_1_mul_170_29_g17271/Y     -       A->Y   F     XNOR2x1_ASAP7_75t_SL      1  3.2    23    20     256    (-,-) 
  BF2_1_mul_170_29_g16984/Y     -       A->Y   F     XNOR2x1_ASAP7_75t_SL      2  4.5    36    23     279    (-,-) 
  BF2_1_mul_170_29_g16782/Y     -       A->Y   F     XNOR2x1_ASAP7_75t_SL      1  3.2    25    22     302    (-,-) 
  BF2_1_mul_170_29_g16629/Y     -       A->Y   F     XNOR2x1_ASAP7_75t_SL      2  4.5    29    24     325    (-,-) 
  BF2_1_mul_170_29_g16543/Y     -       A->Y   F     MAJx2_ASAP7_75t_SL        2  4.5    18    27     352    (-,-) 
  BF2_1_mul_170_29_g16395/Y     -       A->Y   F     XNOR2x1_ASAP7_75t_SL      1  2.6    20    19     371    (-,-) 
  BF2_1_mul_170_29_g16314/Y     -       A->Y   R     XNOR2x2_ASAP7_75t_SL      2  4.5    20    26     397    (-,-) 
  BF2_1_mul_170_29_g16297/Y     -       A->Y   F     INVx1_ASAP7_75t_SL        1  2.1    16    10     407    (-,-) 
  BF2_1_mul_170_29_g16195/Y     -       A->Y   F     MAJx2_ASAP7_75t_SL        2  5.5    20    26     433    (-,-) 
  BF2_1_mul_170_29_g16107/Y     -       A->Y   F     OR2x6_ASAP7_75t_SL        3  4.7    12    22     455    (-,-) 
  BF2_1_mul_170_29_g16070/Y     -       A->Y   F     AND3x2_ASAP7_75t_SL       1  2.7    12    15     470    (-,-) 
  BF2_1_mul_170_29_g16030/Y     -       A1->Y  R     OAI21x1_ASAP7_75t_SL      1  2.7    26    14     484    (-,-) 
  BF2_1_mul_170_29_g16023/Y     -       B->Y   F     AOI21x1_ASAP7_75t_SL      1  2.6    23    12     496    (-,-) 
  BF2_1_mul_170_29_g16011/Y     -       A->Y   F     AND2x6_ASAP7_75t_SL      14 26.9    29    32     528    (-,-) 
  BF2_1_mul_170_29_g16003/Y     -       A1->Y  R     OAI21x1_ASAP7_75t_SL      1  3.2    32    20     547    (-,-) 
  BF2_1_mul_170_29_g15967/Y     -       A->Y   R     XOR2x1_ASAP7_75t_SL       1  2.1    32    19     566    (-,-) 
  BF2_1_barrett_datai_reg[44]/D -       -      R     DFFHQx4_ASAP7_75t_SL      1    -     -     0     566    (-,-) 
#------------------------------------------------------------------------------------------------------------------

