============================================================
  Generated by:           Genus(TM) Synthesis Solution 25.12-s067_1
  Generated on:           Aug 12 2026  06:12:41 pm
  Module:                 butterfly2x2
  Operating conditions:   PVT_0P7V_25C 
  Interconnect mode:      global
  Area mode:              physical library
============================================================


Path 1: VIOLATED (-44 ps) Setup Check with Pin BF2_2_barrett_datai_reg[36]/CLK->D
          Group: clk
     Startpoint: (R) BF1_1_modei_reg[2]/CLK
          Clock: (R) clk
       Endpoint: (R) BF2_2_barrett_datai_reg[36]/D
          Clock: (R) clk

                     Capture       Launch     
        Clock Edge:+     540            0     
       Src Latency:+       0            0     
       Net Latency:+       0 (I)        0 (I) 
           Arrival:=     540            0     
                                              
             Setup:-       9                  
       Uncertainty:-      27                  
     Required Time:=     504                  
      Launch Clock:-       0                  
         Data Path:-     547                  
             Slack:=     -44                  

#------------------------------------------------------------------------------------------------------------------
#         Timing Point          Flags    Arc   Edge         Cell          Fanout Load Trans Delay Arrival Instance 
#                                                                                (fF)  (ps)  (ps)   (ps)  Location 
#------------------------------------------------------------------------------------------------------------------
  BF1_1_modei_reg[2]/CLK        -       -      R     (arrival)              2845    -     0     0       0    (-,-) 
  BF1_1_modei_reg[2]/Q          -       CLK->Q F     DFFHQx4_ASAP7_75t_SL      1  4.6    11    44      44    (-,-) 
  fopt5/Y                       -       A->Y   R     INVx5_ASAP7_75t_SL        3  5.2    11     7      52    (-,-) 
  g79606/Y                      -       A->Y   R     AND3x4_ASAP7_75t_SL       1  6.5    18    22      73    (-,-) 
  fopt88191/Y                   -       A->Y   F     INVx8_ASAP7_75t_SL        4 12.5    14     9      82    (-,-) 
  g88190/Y                      -       A->Y   F     BUFx12f_ASAP7_75t_SL      3 11.0    10    15      97    (-,-) 
  g81812/Y                      -       A->Y   R     INVx5_ASAP7_75t_SL        6 13.1    20    12     109    (-,-) 
  g63124/Y                      -       A->Y   F     INVx8_ASAP7_75t_SL        7 10.5    13     8     117    (-,-) 
  g59978__91389/Y               -       B2->Y  F     AO22x2_ASAP7_75t_SL       1  4.0    17    23     140    (-,-) 
  fopt91388/Y                   -       A->Y   F     BUFx12f_ASAP7_75t_SL      8 18.4    14    18     157    (-,-) 
  fopt91394/Y                   -       A->Y   R     INVx4_ASAP7_75t_SL        2  3.4    10     7     164    (-,-) 
  BF2_2_mul_170_29_g91396/Y     -       A2->Y  R     OA22x2_ASAP7_75t_SL       2  4.7    22    22     186    (-,-) 
  fopt68682/Y                   -       A->Y   F     INVx3_ASAP7_75t_SL        1  2.1    10     5     191    (-,-) 
  g85575/Y                      -       A2->Y  F     AO22x2_ASAP7_75t_SL       2  4.6    19    23     214    (-,-) 
  g85574/Y                      -       A->Y   F     XNOR2x1_ASAP7_75t_SL      1  3.2    22    20     234    (-,-) 
  g84881/Y                      -       A->Y   F     XNOR2x1_ASAP7_75t_SL      2  4.4    28    23     256    (-,-) 
  BF2_2_mul_170_29_g84066/Y     -       A->Y   F     XNOR2x1_ASAP7_75t_SL      1  3.2    24    21     278    (-,-) 
  g73897/Y                      -       B->Y   F     XNOR2x1_ASAP7_75t_SL      2  3.8    27    23     300    (-,-) 
  g85699/Y                      -       A->Y   F     MAJx2_ASAP7_75t_SL        2  4.5    18    27     327    (-,-) 
  g85702/Y                      -       A->Y   F     XNOR2x1_ASAP7_75t_SL      2  4.4    29    22     349    (-,-) 
  g85704/Y                      -       A->Y   F     XNOR2x1_ASAP7_75t_SL      1  3.2    24    21     370    (-,-) 
  g83663/Y                      -       A->Y   F     XNOR2x1_ASAP7_75t_SL      2  3.9    26    22     393    (-,-) 
  g85579/Y                      -       B->Y   F     AND2x4_ASAP7_75t_SL       2  3.1    10    18     410    (-,-) 
  g85578/Y                      -       A->Y   F     MAJx2_ASAP7_75t_SL        1  2.1    12    19     429    (-,-) 
  BF2_2_mul_170_29_g74627/Y     -       A2->Y  F     AO21x2_ASAP7_75t_SL       2  3.4    14    20     449    (-,-) 
  g267/Y                        -       A2->Y  F     AO21x2_ASAP7_75t_SL       1  2.7    13    20     469    (-,-) 
  g90695/Y                      -       A1->Y  R     AOI21x1_ASAP7_75t_SL      2  4.3    35    17     486    (-,-) 
  g90697/Y                      -       B->Y   R     AND2x4_ASAP7_75t_SL       7 12.1    25    24     510    (-,-) 
  BF2_2_mul_170_29_g90704/Y     -       A2->Y  R     OA21x2_ASAP7_75t_SL       1  3.2    16    20     531    (-,-) 
  BF2_2_mul_170_29_g27023/Y     -       B->Y   R     XNOR2x1_ASAP7_75t_SL      1  2.1    25    16     547    (-,-) 
  BF2_2_barrett_datai_reg[36]/D -       -      R     DFFHQx4_ASAP7_75t_SL      1    -     -     0     547    (-,-) 
#------------------------------------------------------------------------------------------------------------------



Path 2: VIOLATED (-44 ps) Setup Check with Pin BF1_2_barrett_datai_reg[45]/CLK->D
          Group: clk
     Startpoint: (R) BF1_1_modei_reg[2]/CLK
          Clock: (R) clk
       Endpoint: (R) BF1_2_barrett_datai_reg[45]/D
          Clock: (R) clk

                     Capture       Launch     
        Clock Edge:+     540            0     
       Src Latency:+       0            0     
       Net Latency:+       0 (I)        0 (I) 
           Arrival:=     540            0     
                                              
             Setup:-      10                  
       Uncertainty:-      27                  
     Required Time:=     503                  
      Launch Clock:-       0                  
         Data Path:-     546                  
             Slack:=     -44                  

#------------------------------------------------------------------------------------------------------------------
#         Timing Point          Flags    Arc   Edge         Cell          Fanout Load Trans Delay Arrival Instance 
#                                                                                (fF)  (ps)  (ps)   (ps)  Location 
#------------------------------------------------------------------------------------------------------------------
  BF1_1_modei_reg[2]/CLK        -       -      R     (arrival)              2845    -     0     0       0    (-,-) 
  BF1_1_modei_reg[2]/Q          -       CLK->Q F     DFFHQx4_ASAP7_75t_SL      1  4.6    11    44      44    (-,-) 
  fopt5/Y                       -       A->Y   R     INVx5_ASAP7_75t_SL        3  5.2    11     7      52    (-,-) 
  g79606/Y                      -       A->Y   R     AND3x4_ASAP7_75t_SL       1  6.5    18    22      73    (-,-) 
  fopt88191/Y                   -       A->Y   F     INVx8_ASAP7_75t_SL        4 12.5    14     9      82    (-,-) 
  g85810/Y                      -       A->Y   F     BUFx12f_ASAP7_75t_SL      6 20.2    15    18      99    (-,-) 
  g66917/Y                      -       A->Y   F     BUFx12f_ASAP7_75t_SL     12 21.5    16    18     118    (-,-) 
  g66916/Y                      -       A->Y   R     INVx5_ASAP7_75t_SL        2  5.3    12     8     126    (-,-) 
  g64699/Y                      -       A->Y   F     INVx4_ASAP7_75t_SL        2  4.4     9     6     132    (-,-) 
  g71875/Y                      -       B->Y   F     AND2x4_ASAP7_75t_SL       2  4.4    11    15     147    (-,-) 
  g68647_dup83079/Y             -       A->Y   F     OR2x6_ASAP7_75t_SL        5 12.4    18    24     170    (-,-) 
  fopt71882/Y                   -       A->Y   R     INVx8_ASAP7_75t_SL        6  9.3    14     9     179    (-,-) 
  BF1_2_mul_170_29_g71880/Y     -       A2->Y  R     OA22x2_ASAP7_75t_SL       2  4.5    20    22     201    (-,-) 
  BF1_2_mul_170_29_g28620/Y     -       B1->Y  F     OAI22x1_ASAP7_75t_SL      2  3.1    30    13     214    (-,-) 
  g71953/Y                      -       A->Y   F     MAJx2_ASAP7_75t_SL        2  5.1    20    28     242    (-,-) 
  g71955/Y                      -       B->Y   F     MAJx2_ASAP7_75t_SL        2  3.7    16    26     268    (-,-) 
  BF1_2_mul_170_29_g84058/Y     -       A->Y   F     XOR2x2_ASAP7_75t_SL       1  3.2    15    23     291    (-,-) 
  BF1_2_mul_170_29_g84057/Y     -       B->Y   F     XNOR2x1_ASAP7_75t_SL      2  4.2    26    22     313    (-,-) 
  g84646/Y                      -       A->Y   F     XNOR2x1_ASAP7_75t_SL      1  3.2    24    21     334    (-,-) 
  g85079/Y                      -       B->Y   F     XNOR2x1_ASAP7_75t_SL      2  4.4    30    24     358    (-,-) 
  g84643/Y                      -       A->Y   F     XNOR2x1_ASAP7_75t_SL      1  2.5    21    20     378    (-,-) 
  g85761/Y                      -       A->Y   R     XOR2x2_ASAP7_75t_SL       3  6.1    25    33     410    (-,-) 
  g83763/Y                      -       B->Y   F     NOR2x1_ASAP7_75t_SL       1  2.6    21    14     425    (-,-) 
  g85765/Y                      -       A2->Y  R     OAI21x1_ASAP7_75t_SL      2  3.6    32    17     442    (-,-) 
  g72008/Y                      -       A2->Y  F     AOI21x1_ASAP7_75t_SL      1  2.6    22    11     453    (-,-) 
  BF1_2_mul_170_29_g27061/Y     -       A2->Y  R     OAI21x1_ASAP7_75t_SL      1  2.7    26    15     468    (-,-) 
  BF1_2_mul_170_29_g27050/Y     -       B->Y   F     AOI21x1_ASAP7_75t_SL      1  2.6    24    12     480    (-,-) 
  g73130/Y                      -       B->Y   F     AND2x6_ASAP7_75t_SL       9 17.7    21    27     506    (-,-) 
  g70047/Y                      -       B1->Y  F     OA221x2_ASAP7_75t_SL      1  3.2    17    26     533    (-,-) 
  BF1_2_mul_170_29_g27011/Y     -       A->Y   R     XNOR2x1_ASAP7_75t_SL      1  2.1    33    14     546    (-,-) 
  BF1_2_barrett_datai_reg[45]/D -       -      R     DFFHQx4_ASAP7_75t_SL      1    -     -     0     546    (-,-) 
#------------------------------------------------------------------------------------------------------------------



Path 3: VIOLATED (-44 ps) Setup Check with Pin BF1_2_barrett_datai_reg[45]/CLK->D
          Group: clk
     Startpoint: (R) BF1_1_modei_reg[2]/CLK
          Clock: (R) clk
       Endpoint: (R) BF1_2_barrett_datai_reg[45]/D
          Clock: (R) clk

                     Capture       Launch     
        Clock Edge:+     540            0     
       Src Latency:+       0            0     
       Net Latency:+       0 (I)        0 (I) 
           Arrival:=     540            0     
                                              
             Setup:-      10                  
       Uncertainty:-      27                  
     Required Time:=     503                  
      Launch Clock:-       0                  
         Data Path:-     546                  
             Slack:=     -44                  

#------------------------------------------------------------------------------------------------------------------------
#           Timing Point             Flags    Arc   Edge         Cell           Fanout Load Trans Delay Arrival Instance 
#                                                                                      (fF)  (ps)  (ps)   (ps)  Location 
#------------------------------------------------------------------------------------------------------------------------
  BF1_1_modei_reg[2]/CLK             -       -      R     (arrival)               2845    -     0     0       0    (-,-) 
  BF1_1_modei_reg[2]/Q               -       CLK->Q F     DFFHQx4_ASAP7_75t_SL       1  4.6    11    44      44    (-,-) 
  fopt5/Y                            -       A->Y   R     INVx5_ASAP7_75t_SL         3  5.2    11     7      52    (-,-) 
  g79606/Y                           -       A->Y   R     AND3x4_ASAP7_75t_SL        1  6.5    18    22      73    (-,-) 
  fopt88191/Y                        -       A->Y   F     INVx8_ASAP7_75t_SL         4 12.5    14     9      82    (-,-) 
  g85810/Y                           -       A->Y   F     BUFx12f_ASAP7_75t_SL       6 20.2    15    18      99    (-,-) 
  g66917/Y                           -       A->Y   F     BUFx12f_ASAP7_75t_SL      12 21.5    16    18     118    (-,-) 
  g66916/Y                           -       A->Y   R     INVx5_ASAP7_75t_SL         2  5.3    12     8     126    (-,-) 
  g64699/Y                           -       A->Y   F     INVx4_ASAP7_75t_SL         2  4.4     9     6     132    (-,-) 
  g71875/Y                           -       B->Y   F     AND2x4_ASAP7_75t_SL        2  4.4    11    15     147    (-,-) 
  g68647_dup83079/Y                  -       A->Y   F     OR2x6_ASAP7_75t_SL         5 12.4    18    24     170    (-,-) 
  fopt71882/Y                        -       A->Y   R     INVx8_ASAP7_75t_SL         6  9.3    14     9     179    (-,-) 
  BF1_2_mul_170_29_g71877/Y          -       B1->Y  R     AO22x2_ASAP7_75t_SL        3  5.3    23    22     201    (-,-) 
  g83708/Y                           -       A1->Y  F     AOI22x1_ASAP7_75t_SL       1  3.2    29    12     214    (-,-) 
  g84014/Y                           -       B->Y   F     XNOR2x1_ASAP7_75t_SL       1  3.2    25    22     236    (-,-) 
  g84012/Y                           -       B->Y   F     XNOR2x1_ASAP7_75t_SL       2  4.5    30    24     260    (-,-) 
  BF1_2_mul_170_29_g86352/Y          -       A->Y   F     XNOR2x1_ASAP7_75t_SL       1  3.2    24    22     281    (-,-) 
  BF1_2_mul_170_29_g65490_dup90402/Y -       B->Y   F     XNOR2x1_ASAP7_75t_SL       2  4.4    30    24     305    (-,-) 
  g91795/Y                           -       C->Y   F     MAJx2_ASAP7_75t_SL         2  4.5    18    26     332    (-,-) 
  BF1_2_mul_170_29_g91798/Y          -       A->Y   F     MAJx2_ASAP7_75t_SL         2  3.7    16    24     356    (-,-) 
  BF1_2_mul_170_29_g91797/Y          -       B->Y   R     XNOR2x2_ASAP7_75t_SL       2  4.9    21    26     382    (-,-) 
  BF1_2_mul_170_29_g72852/Y          -       B->Y   F     XNOR2x2_ASAP7_75t_SL       1  3.1    14    27     409    (-,-) 
  g31/Y                              -       B->Y   R     NOR2x1p5_ASAP7_75t_SL      2  3.1    19    12     421    (-,-) 
  g84777/Y                           -       B->Y   R     AO21x2_ASAP7_75t_SL        2  3.6    17    17     438    (-,-) 
  BF1_2_mul_170_29_g74029/Y          -       A2->Y  F     AOI21x1_ASAP7_75t_SL       1  2.6    19    10     448    (-,-) 
  BF1_2_mul_170_29_g64692/Y          -       A2->Y  R     OAI21x1_ASAP7_75t_SL       2  4.0    33    18     466    (-,-) 
  BF1_2_mul_170_29_g27050/Y          -       A1->Y  F     AOI21x1_ASAP7_75t_SL       1  2.6    24    14     480    (-,-) 
  g73130/Y                           -       B->Y   F     AND2x6_ASAP7_75t_SL        9 17.7    21    27     506    (-,-) 
  g70047/Y                           -       B1->Y  F     OA221x2_ASAP7_75t_SL       1  3.2    17    26     533    (-,-) 
  BF1_2_mul_170_29_g27011/Y          -       A->Y   R     XNOR2x1_ASAP7_75t_SL       1  2.1    33    14     546    (-,-) 
  BF1_2_barrett_datai_reg[45]/D      -       -      R     DFFHQx4_ASAP7_75t_SL       1    -     -     0     546    (-,-) 
#------------------------------------------------------------------------------------------------------------------------



Path 4: VIOLATED (-44 ps) Setup Check with Pin BF1_2_barrett_datai_reg[36]/CLK->D
          Group: clk
     Startpoint: (R) BF1_1_modei_reg[2]/CLK
          Clock: (R) clk
       Endpoint: (R) BF1_2_barrett_datai_reg[36]/D
          Clock: (R) clk

                     Capture       Launch     
        Clock Edge:+     540            0     
       Src Latency:+       0            0     
       Net Latency:+       0 (I)        0 (I) 
           Arrival:=     540            0     
                                              
             Setup:-       9                  
       Uncertainty:-      27                  
     Required Time:=     504                  
      Launch Clock:-       0                  
         Data Path:-     548                  
             Slack:=     -44                  

#--------------------------------------------------------------------------------------------------------------------
#         Timing Point          Flags    Arc   Edge          Cell           Fanout Load Trans Delay Arrival Instance 
#                                                                                  (fF)  (ps)  (ps)   (ps)  Location 
#--------------------------------------------------------------------------------------------------------------------
  BF1_1_modei_reg[2]/CLK        -       -      R     (arrival)                2845    -     0     0       0    (-,-) 
  BF1_1_modei_reg[2]/Q          -       CLK->Q F     DFFHQx4_ASAP7_75t_SL        1  4.6    11    44      44    (-,-) 
  fopt5/Y                       -       A->Y   R     INVx5_ASAP7_75t_SL          3  5.2    11     7      52    (-,-) 
  g79606/Y                      -       A->Y   R     AND3x4_ASAP7_75t_SL         1  6.5    18    22      73    (-,-) 
  fopt88191/Y                   -       A->Y   F     INVx8_ASAP7_75t_SL          4 12.5    14     9      82    (-,-) 
  g85810/Y                      -       A->Y   F     BUFx12f_ASAP7_75t_SL        6 20.2    15    18      99    (-,-) 
  g66917/Y                      -       A->Y   F     BUFx12f_ASAP7_75t_SL       12 21.5    16    18     118    (-,-) 
  g50193/Y                      -       A->Y   R     INVx5_ASAP7_75t_SL          4  6.1    13     9     126    (-,-) 
  g72828/Y                      -       A2->Y  R     AO22x2_ASAP7_75t_SL         1  4.0    19    22     148    (-,-) 
  fopt90654/Y                   -       A->Y   R     BUFx12f_ASAP7_75t_SL       15 34.7    26    22     170    (-,-) 
  fopt90650/Y                   -       A->Y   F     INVx4_ASAP7_75t_SL          1  2.7    10     6     175    (-,-) 
  BF1_2_mul_170_29_g72832/Y     -       A1->Y  R     OAI22x1_ASAP7_75t_SL        2  4.7    46    19     194    (-,-) 
  BF1_2_mul_170_29_g67056/Y     -       A->Y   F     INVx2_ASAP7_75t_SL          2  3.9    22    12     205    (-,-) 
  BF1_2_mul_170_29_g67054/Y     -       B1->Y  R     OAI22x1_ASAP7_75t_SL        1  2.6    34    16     221    (-,-) 
  BF1_2_mul_170_29_g75234/Y     -       B->Y   F     XOR2x2_ASAP7_75t_SL         2  4.9    20    24     245    (-,-) 
  BF1_2_mul_170_29_g28022_dup/Y -       B->Y   F     XNOR2x1_ASAP7_75t_SL        1  2.1    18    18     263    (-,-) 
  g86258/Y                      -       A->Y   F     MAJx2_ASAP7_75t_SL          2  3.8    17    24     287    (-,-) 
  g85078/Y                      -       B->Y   R     XOR2x2_ASAP7_75t_SL         1  3.2    16    28     315    (-,-) 
  g85077/Y                      -       B->Y   R     XNOR2x1_ASAP7_75t_SL        2  4.1    36    20     335    (-,-) 
  g85079/Y                      -       A->Y   R     XNOR2x1_ASAP7_75t_SL        2  4.3    37    24     359    (-,-) 
  g84643/Y                      -       A->Y   R     XNOR2x1_ASAP7_75t_SL        1  2.4    27    21     380    (-,-) 
  g85761/Y                      -       A->Y   F     XOR2x2_ASAP7_75t_SL         3  6.1    22    26     407    (-,-) 
  g85764/Y                      -       B->Y   R     NAND2x1p5_ASAP7_75t_SL      2  3.9    22    15     422    (-,-) 
  g85765/Y                      -       B->Y   F     OAI21x1_ASAP7_75t_SL        2  3.6    25    15     437    (-,-) 
  g72008/Y                      -       A2->Y  R     AOI21x1_ASAP7_75t_SL        1  2.6    26    15     452    (-,-) 
  BF1_2_mul_170_29_g27061/Y     -       A2->Y  F     OAI21x1_ASAP7_75t_SL        1  2.7    21    11     463    (-,-) 
  BF1_2_mul_170_29_g27050/Y     -       B->Y   R     AOI21x1_ASAP7_75t_SL        1  2.6    25    16     479    (-,-) 
  g73130/Y                      -       B->Y   R     AND2x6_ASAP7_75t_SL         9 17.7    25    27     505    (-,-) 
  g77098/Y                      -       A->Y   F     INVx8_ASAP7_75t_SL          6 11.7    15     9     514    (-,-) 
  g83801/Y                      -       A1->Y  R     AOI21x1_ASAP7_75t_SL        1  3.2    27    15     529    (-,-) 
  g83800/Y                      -       A->Y   R     XOR2x1_ASAP7_75t_SL         1  2.1    23    19     548    (-,-) 
  BF1_2_barrett_datai_reg[36]/D -       -      R     DFFHQx4_ASAP7_75t_SL        1    -     -     0     548    (-,-) 
#--------------------------------------------------------------------------------------------------------------------



Path 5: VIOLATED (-44 ps) Setup Check with Pin BF1_2_barrett_datai_reg[36]/CLK->D
          Group: clk
     Startpoint: (R) BF1_1_modei_reg[1]/CLK
          Clock: (R) clk
       Endpoint: (R) BF1_2_barrett_datai_reg[36]/D
          Clock: (R) clk

                     Capture       Launch     
        Clock Edge:+     540            0     
       Src Latency:+       0            0     
       Net Latency:+       0 (I)        0 (I) 
           Arrival:=     540            0     
                                              
             Setup:-       9                  
       Uncertainty:-      27                  
     Required Time:=     504                  
      Launch Clock:-       0                  
         Data Path:-     548                  
             Slack:=     -44                  

#--------------------------------------------------------------------------------------------------------------------
#         Timing Point          Flags    Arc    Edge         Cell           Fanout Load Trans Delay Arrival Instance 
#                                                                                  (fF)  (ps)  (ps)   (ps)  Location 
#--------------------------------------------------------------------------------------------------------------------
  BF1_1_modei_reg[1]/CLK        -       -       R     (arrival)               2845    -     0     0       0    (-,-) 
  BF1_1_modei_reg[1]/QN         -       CLK->QN R     DFFHQNx2_ASAP7_75t_SL      1  4.0    26    41      41    (-,-) 
  g79604/Y                      -       A->Y    F     INVx4_ASAP7_75t_SL         3  5.1    14     8      49    (-,-) 
  g79606/Y                      -       B->Y    F     AND3x4_ASAP7_75t_SL        1  6.5    16    23      72    (-,-) 
  fopt88191/Y                   -       A->Y    R     INVx8_ASAP7_75t_SL         4 12.5    16    10      82    (-,-) 
  g85810/Y                      -       A->Y    R     BUFx12f_ASAP7_75t_SL       6 20.2    17    17     100    (-,-) 
  g85812/Y                      -       A->Y    R     BUFx12f_ASAP7_75t_SL       9 15.1    14    16     116    (-,-) 
  g85822/Y                      -       A1->Y   R     AO22x2_ASAP7_75t_SL        1  4.0    19    21     136    (-,-) 
  fopt84780/Y                   -       A->Y    R     BUFx12f_ASAP7_75t_SL      15 29.3    23    20     157    (-,-) 
  fopt67838/Y                   -       A->Y    F     INVx8_ASAP7_75t_SL         4  6.5    11     6     163    (-,-) 
  BF1_2_mul_170_29_g72868/Y     -       B2->Y   F     AO22x2_ASAP7_75t_SL        2  5.3    21    24     187    (-,-) 
  BF1_2_mul_170_29_g91158/Y     -       A->Y    R     INVx4_ASAP7_75t_SL         2  3.4    12     8     195    (-,-) 
  BF1_2_mul_170_29_g28461_dup/Y -       A1->Y   R     OA22x2_ASAP7_75t_SL        1  3.1    16    20     215    (-,-) 
  g91159/Y                      -       A->Y    R     XNOR2x1_ASAP7_75t_SL       1  3.1    32    19     234    (-,-) 
  g90684/Y                      -       A->Y    R     XNOR2x1_ASAP7_75t_SL       2  4.4    38    24     258    (-,-) 
  g90687/Y                      -       A->Y    R     XNOR2x1_ASAP7_75t_SL       1  3.1    31    22     280    (-,-) 
  g85014/Y                      -       A->Y    R     XNOR2x1_ASAP7_75t_SL       2  3.8    34    22     302    (-,-) 
  g85013/Y                      -       B->Y    F     XNOR2x2_ASAP7_75t_SL       2  5.0    19    31     334    (-,-) 
  BF1_2_mul_170_29_g27395/Y     -       A->Y    R     XNOR2x1_ASAP7_75t_SL       1  2.5    25    15     349    (-,-) 
  BF1_2_mul_170_29_g64330/Y     -       B->Y    F     XNOR2x2_ASAP7_75t_SL       3  6.3    22    32     381    (-,-) 
  BF1_2_mul_170_29_g72852/Y     -       A->Y    R     XNOR2x2_ASAP7_75t_SL       1  3.1    16    24     405    (-,-) 
  g31/Y                         -       B->Y    F     NOR2x1p5_ASAP7_75t_SL      2  3.1    18    10     415    (-,-) 
  g84777/Y                      -       B->Y    F     AO21x2_ASAP7_75t_SL        2  3.6    15    22     437    (-,-) 
  BF1_2_mul_170_29_g74029/Y     -       A2->Y   R     AOI21x1_ASAP7_75t_SL       1  2.6    25    13     451    (-,-) 
  BF1_2_mul_170_29_g64692/Y     -       A2->Y   F     OAI21x1_ASAP7_75t_SL       2  4.0    26    14     464    (-,-) 
  BF1_2_mul_170_29_g27050/Y     -       A1->Y   R     AOI21x1_ASAP7_75t_SL       1  2.6    25    14     479    (-,-) 
  g73130/Y                      -       B->Y    R     AND2x6_ASAP7_75t_SL        9 17.7    25    27     505    (-,-) 
  g77098/Y                      -       A->Y    F     INVx8_ASAP7_75t_SL         6 11.7    15     9     514    (-,-) 
  g83801/Y                      -       A1->Y   R     AOI21x1_ASAP7_75t_SL       1  3.2    27    15     529    (-,-) 
  g83800/Y                      -       A->Y    R     XOR2x1_ASAP7_75t_SL        1  2.1    23    19     548    (-,-) 
  BF1_2_barrett_datai_reg[36]/D -       -       R     DFFHQx4_ASAP7_75t_SL       1    -     -     0     548    (-,-) 
#--------------------------------------------------------------------------------------------------------------------



Path 6: VIOLATED (-44 ps) Setup Check with Pin BF1_2_barrett_datai_reg[36]/CLK->D
          Group: clk
     Startpoint: (R) BF1_1_modei_reg[2]/CLK
          Clock: (R) clk
       Endpoint: (F) BF1_2_barrett_datai_reg[36]/D
          Clock: (R) clk

                     Capture       Launch     
        Clock Edge:+     540            0     
       Src Latency:+       0            0     
       Net Latency:+       0 (I)        0 (I) 
           Arrival:=     540            0     
                                              
             Setup:-       7                  
       Uncertainty:-      27                  
     Required Time:=     506                  
      Launch Clock:-       0                  
         Data Path:-     550                  
             Slack:=     -44                  

#------------------------------------------------------------------------------------------------------------------
#         Timing Point          Flags    Arc   Edge         Cell          Fanout Load Trans Delay Arrival Instance 
#                                                                                (fF)  (ps)  (ps)   (ps)  Location 
#------------------------------------------------------------------------------------------------------------------
  BF1_1_modei_reg[2]/CLK        -       -      R     (arrival)              2845    -     0     0       0    (-,-) 
  BF1_1_modei_reg[2]/Q          -       CLK->Q F     DFFHQx4_ASAP7_75t_SL      1  4.6    11    44      44    (-,-) 
  fopt5/Y                       -       A->Y   R     INVx5_ASAP7_75t_SL        3  5.2    11     7      52    (-,-) 
  g79606/Y                      -       A->Y   R     AND3x4_ASAP7_75t_SL       1  6.5    18    22      73    (-,-) 
  fopt88191/Y                   -       A->Y   F     INVx8_ASAP7_75t_SL        4 12.5    14     9      82    (-,-) 
  g85810/Y                      -       A->Y   F     BUFx12f_ASAP7_75t_SL      6 20.2    15    18      99    (-,-) 
  g66917/Y                      -       A->Y   F     BUFx12f_ASAP7_75t_SL     12 21.5    16    18     118    (-,-) 
  g66916/Y                      -       A->Y   R     INVx5_ASAP7_75t_SL        2  5.3    12     8     126    (-,-) 
  g64699/Y                      -       A->Y   F     INVx4_ASAP7_75t_SL        2  4.4     9     6     132    (-,-) 
  g71875/Y                      -       B->Y   F     AND2x4_ASAP7_75t_SL       2  4.4    11    15     147    (-,-) 
  g68647_dup83079/Y             -       A->Y   F     OR2x6_ASAP7_75t_SL        5 12.4    18    24     170    (-,-) 
  fopt71882/Y                   -       A->Y   R     INVx8_ASAP7_75t_SL        6  9.3    14     9     179    (-,-) 
  BF1_2_mul_170_29_g71880/Y     -       A2->Y  R     OA22x2_ASAP7_75t_SL       2  4.5    20    22     201    (-,-) 
  BF1_2_mul_170_29_g28620/Y     -       B1->Y  F     OAI22x1_ASAP7_75t_SL      2  3.1    30    13     214    (-,-) 
  g71953/Y                      -       A->Y   F     MAJx2_ASAP7_75t_SL        2  5.1    20    28     242    (-,-) 
  g71955/Y                      -       B->Y   F     MAJx2_ASAP7_75t_SL        2  3.7    16    26     268    (-,-) 
  BF1_2_mul_170_29_g84058/Y     -       A->Y   F     XOR2x2_ASAP7_75t_SL       1  3.2    15    23     291    (-,-) 
  BF1_2_mul_170_29_g84057/Y     -       B->Y   F     XNOR2x1_ASAP7_75t_SL      2  4.2    26    22     313    (-,-) 
  g84646/Y                      -       A->Y   F     XNOR2x1_ASAP7_75t_SL      1  3.2    24    21     334    (-,-) 
  g85079/Y                      -       B->Y   F     XNOR2x1_ASAP7_75t_SL      2  4.4    30    24     358    (-,-) 
  g84643/Y                      -       A->Y   F     XNOR2x1_ASAP7_75t_SL      1  2.5    21    20     378    (-,-) 
  g85761/Y                      -       A->Y   R     XOR2x2_ASAP7_75t_SL       3  6.1    25    33     410    (-,-) 
  g83763/Y                      -       B->Y   F     NOR2x1_ASAP7_75t_SL       1  2.6    21    14     425    (-,-) 
  g85765/Y                      -       A2->Y  R     OAI21x1_ASAP7_75t_SL      2  3.6    32    17     442    (-,-) 
  g72008/Y                      -       A2->Y  F     AOI21x1_ASAP7_75t_SL      1  2.6    22    11     453    (-,-) 
  BF1_2_mul_170_29_g27061/Y     -       A2->Y  R     OAI21x1_ASAP7_75t_SL      1  2.7    26    15     468    (-,-) 
  BF1_2_mul_170_29_g27050/Y     -       B->Y   F     AOI21x1_ASAP7_75t_SL      1  2.6    24    12     480    (-,-) 
  g73130/Y                      -       B->Y   F     AND2x6_ASAP7_75t_SL       9 17.7    21    27     506    (-,-) 
  g77098/Y                      -       A->Y   R     INVx8_ASAP7_75t_SL        6 11.6    16    11     517    (-,-) 
  g83801/Y                      -       A1->Y  F     AOI21x1_ASAP7_75t_SL      1  3.2    22    13     530    (-,-) 
  g83800/Y                      -       A->Y   F     XOR2x1_ASAP7_75t_SL       1  2.1    24    20     550    (-,-) 
  BF1_2_barrett_datai_reg[36]/D -       -      F     DFFHQx4_ASAP7_75t_SL      1    -     -     0     550    (-,-) 
#------------------------------------------------------------------------------------------------------------------



Path 7: VIOLATED (-44 ps) Setup Check with Pin BF1_2_barrett_datai_reg[36]/CLK->D
          Group: clk
     Startpoint: (R) BF1_1_modei_reg[2]/CLK
          Clock: (R) clk
       Endpoint: (F) BF1_2_barrett_datai_reg[36]/D
          Clock: (R) clk

                     Capture       Launch     
        Clock Edge:+     540            0     
       Src Latency:+       0            0     
       Net Latency:+       0 (I)        0 (I) 
           Arrival:=     540            0     
                                              
             Setup:-       7                  
       Uncertainty:-      27                  
     Required Time:=     506                  
      Launch Clock:-       0                  
         Data Path:-     550                  
             Slack:=     -44                  

#------------------------------------------------------------------------------------------------------------------------
#           Timing Point             Flags    Arc   Edge         Cell           Fanout Load Trans Delay Arrival Instance 
#                                                                                      (fF)  (ps)  (ps)   (ps)  Location 
#------------------------------------------------------------------------------------------------------------------------
  BF1_1_modei_reg[2]/CLK             -       -      R     (arrival)               2845    -     0     0       0    (-,-) 
  BF1_1_modei_reg[2]/Q               -       CLK->Q F     DFFHQx4_ASAP7_75t_SL       1  4.6    11    44      44    (-,-) 
  fopt5/Y                            -       A->Y   R     INVx5_ASAP7_75t_SL         3  5.2    11     7      52    (-,-) 
  g79606/Y                           -       A->Y   R     AND3x4_ASAP7_75t_SL        1  6.5    18    22      73    (-,-) 
  fopt88191/Y                        -       A->Y   F     INVx8_ASAP7_75t_SL         4 12.5    14     9      82    (-,-) 
  g85810/Y                           -       A->Y   F     BUFx12f_ASAP7_75t_SL       6 20.2    15    18      99    (-,-) 
  g66917/Y                           -       A->Y   F     BUFx12f_ASAP7_75t_SL      12 21.5    16    18     118    (-,-) 
  g66916/Y                           -       A->Y   R     INVx5_ASAP7_75t_SL         2  5.3    12     8     126    (-,-) 
  g64699/Y                           -       A->Y   F     INVx4_ASAP7_75t_SL         2  4.4     9     6     132    (-,-) 
  g71875/Y                           -       B->Y   F     AND2x4_ASAP7_75t_SL        2  4.4    11    15     147    (-,-) 
  g68647_dup83079/Y                  -       A->Y   F     OR2x6_ASAP7_75t_SL         5 12.4    18    24     170    (-,-) 
  fopt71882/Y                        -       A->Y   R     INVx8_ASAP7_75t_SL         6  9.3    14     9     179    (-,-) 
  BF1_2_mul_170_29_g71877/Y          -       B1->Y  R     AO22x2_ASAP7_75t_SL        3  5.3    23    22     201    (-,-) 
  g83708/Y                           -       A1->Y  F     AOI22x1_ASAP7_75t_SL       1  3.2    29    12     214    (-,-) 
  g84014/Y                           -       B->Y   F     XNOR2x1_ASAP7_75t_SL       1  3.2    25    22     236    (-,-) 
  g84012/Y                           -       B->Y   F     XNOR2x1_ASAP7_75t_SL       2  4.5    30    24     260    (-,-) 
  BF1_2_mul_170_29_g86352/Y          -       A->Y   F     XNOR2x1_ASAP7_75t_SL       1  3.2    24    22     281    (-,-) 
  BF1_2_mul_170_29_g65490_dup90402/Y -       B->Y   F     XNOR2x1_ASAP7_75t_SL       2  4.4    30    24     305    (-,-) 
  g91795/Y                           -       C->Y   F     MAJx2_ASAP7_75t_SL         2  4.5    18    26     332    (-,-) 
  BF1_2_mul_170_29_g91798/Y          -       A->Y   F     MAJx2_ASAP7_75t_SL         2  3.7    16    24     356    (-,-) 
  BF1_2_mul_170_29_g91797/Y          -       B->Y   R     XNOR2x2_ASAP7_75t_SL       2  4.9    21    26     382    (-,-) 
  BF1_2_mul_170_29_g72852/Y          -       B->Y   F     XNOR2x2_ASAP7_75t_SL       1  3.1    14    27     409    (-,-) 
  g31/Y                              -       B->Y   R     NOR2x1p5_ASAP7_75t_SL      2  3.1    19    12     421    (-,-) 
  g84777/Y                           -       B->Y   R     AO21x2_ASAP7_75t_SL        2  3.6    17    17     438    (-,-) 
  BF1_2_mul_170_29_g74029/Y          -       A2->Y  F     AOI21x1_ASAP7_75t_SL       1  2.6    19    10     448    (-,-) 
  BF1_2_mul_170_29_g64692/Y          -       A2->Y  R     OAI21x1_ASAP7_75t_SL       2  4.0    33    18     466    (-,-) 
  BF1_2_mul_170_29_g27050/Y          -       A1->Y  F     AOI21x1_ASAP7_75t_SL       1  2.6    24    14     480    (-,-) 
  g73130/Y                           -       B->Y   F     AND2x6_ASAP7_75t_SL        9 17.7    21    27     506    (-,-) 
  g77098/Y                           -       A->Y   R     INVx8_ASAP7_75t_SL         6 11.6    16    11     517    (-,-) 
  g83801/Y                           -       A1->Y  F     AOI21x1_ASAP7_75t_SL       1  3.2    22    13     530    (-,-) 
  g83800/Y                           -       A->Y   F     XOR2x1_ASAP7_75t_SL        1  2.1    24    20     550    (-,-) 
  BF1_2_barrett_datai_reg[36]/D      -       -      F     DFFHQx4_ASAP7_75t_SL       1    -     -     0     550    (-,-) 
#------------------------------------------------------------------------------------------------------------------------



Path 8: VIOLATED (-43 ps) Setup Check with Pin BF2_2_barrett_datai_reg[41]/CLK->D
          Group: clk
     Startpoint: (R) BF1_1_modei_reg[2]/CLK
          Clock: (R) clk
       Endpoint: (F) BF2_2_barrett_datai_reg[41]/D
          Clock: (R) clk

                     Capture       Launch     
        Clock Edge:+     540            0     
       Src Latency:+       0            0     
       Net Latency:+       0 (I)        0 (I) 
           Arrival:=     540            0     
                                              
             Setup:-       7                  
       Uncertainty:-      27                  
     Required Time:=     506                  
      Launch Clock:-       0                  
         Data Path:-     550                  
             Slack:=     -43                  

#------------------------------------------------------------------------------------------------------------------------
#           Timing Point             Flags    Arc   Edge         Cell           Fanout Load Trans Delay Arrival Instance 
#                                                                                      (fF)  (ps)  (ps)   (ps)  Location 
#------------------------------------------------------------------------------------------------------------------------
  BF1_1_modei_reg[2]/CLK             -       -      R     (arrival)               2845    -     0     0       0    (-,-) 
  BF1_1_modei_reg[2]/Q               -       CLK->Q F     DFFHQx4_ASAP7_75t_SL       1  4.6    11    44      44    (-,-) 
  fopt5/Y                            -       A->Y   R     INVx5_ASAP7_75t_SL         3  5.2    11     7      52    (-,-) 
  g79606/Y                           -       A->Y   R     AND3x4_ASAP7_75t_SL        1  6.5    18    22      73    (-,-) 
  fopt88191/Y                        -       A->Y   F     INVx8_ASAP7_75t_SL         4 12.5    14     9      82    (-,-) 
  g88190/Y                           -       A->Y   F     BUFx12f_ASAP7_75t_SL       3 11.0    10    15      97    (-,-) 
  g81812/Y                           -       A->Y   R     INVx5_ASAP7_75t_SL         6 13.1    20    12     109    (-,-) 
  g63124/Y                           -       A->Y   F     INVx8_ASAP7_75t_SL         7 10.5    13     8     117    (-,-) 
  g60005__7482/Y                     -       B2->Y  F     AO22x2_ASAP7_75t_SL        1  4.0    17    23     140    (-,-) 
  g67305/Y                           -       A->Y   F     BUFx12f_ASAP7_75t_SL      12 24.0    17    19     159    (-,-) 
  BF2_2_mul_170_29_fopt29723/Y       -       A->Y   R     INVx3_ASAP7_75t_SL         3  6.7    19    12     171    (-,-) 
  BF2_2_mul_170_29_fopt29722/Y       -       A->Y   F     INVx3_ASAP7_75t_SL         2  4.3    13     8     179    (-,-) 
  BF2_2_mul_170_29_g29021/Y          -       B1->Y  R     OAI22x1_ASAP7_75t_SL       2  3.4    38    17     196    (-,-) 
  g73181/Y                           -       A1->Y  F     AOI22xp5_ASAP7_75t_SL      2  3.9    51    24     219    (-,-) 
  BF2_2_mul_170_29_g28142_dup83107/Y -       C->Y   R     MAJIxp5_ASAP7_75t_SL       2  3.8    62    34     253    (-,-) 
  BF2_2_mul_170_29_g67783/Y          -       A->Y   F     MAJIxp5_ASAP7_75t_SL       2  4.5    60    34     287    (-,-) 
  g72025/Y                           -       B->Y   F     MAJx2_ASAP7_75t_SL         2  4.6    20    35     322    (-,-) 
  g72024/Y                           -       A->Y   F     XNOR2x1_ASAP7_75t_SL       2  5.0    32    24     346    (-,-) 
  g72023/Y                           -       A->Y   F     XNOR2x1_ASAP7_75t_SL       1  3.2    25    22     368    (-,-) 
  g70301/Y                           -       B->Y   F     XNOR2x1_ASAP7_75t_SL       2  4.5    30    24     392    (-,-) 
  g70300/Y                           -       B->Y   F     AND2x4_ASAP7_75t_SL        2  3.7    10    19     410    (-,-) 
  BF2_2_mul_170_29_g90693/Y          -       A1->Y  R     AOI21x1_ASAP7_75t_SL       2  3.1    27    14     424    (-,-) 
  BF2_2_mul_170_29_g74865/Y          -       A1->Y  R     OA21x2_ASAP7_75t_SL        3  4.4    20    23     447    (-,-) 
  BF2_2_mul_170_29_g74868/Y          -       A2->Y  R     OA21x2_ASAP7_75t_SL        1  2.1    12    18     465    (-,-) 
  g88418/Y                           -       A2->Y  R     OA21x2_ASAP7_75t_SL        2  4.1    19    20     485    (-,-) 
  BF2_2_mul_170_29_g66057/Y          -       A->Y   R     BUFx6f_ASAP7_75t_SL        4  6.8    12    15     500    (-,-) 
  BF2_2_mul_170_29_g66058/Y          -       A2->Y  R     OA21x2_ASAP7_75t_SL        1  2.8    15    18     518    (-,-) 
  g90698/Y                           -       B->Y   F     OAI21x1_ASAP7_75t_SL       1  3.2    23    13     531    (-,-) 
  g70325/Y                           -       A->Y   F     XNOR2x1_ASAP7_75t_SL       1  2.1    23    18     550    (-,-) 
  BF2_2_barrett_datai_reg[41]/D      -       -      F     DFFHQx4_ASAP7_75t_SL       1    -     -     0     550    (-,-) 
#------------------------------------------------------------------------------------------------------------------------



Path 9: VIOLATED (-43 ps) Setup Check with Pin BF2_2_barrett_datai_reg[36]/CLK->D
          Group: clk
     Startpoint: (R) BF1_1_modei_reg[2]/CLK
          Clock: (R) clk
       Endpoint: (R) BF2_2_barrett_datai_reg[36]/D
          Clock: (R) clk

                     Capture       Launch     
        Clock Edge:+     540            0     
       Src Latency:+       0            0     
       Net Latency:+       0 (I)        0 (I) 
           Arrival:=     540            0     
                                              
             Setup:-       9                  
       Uncertainty:-      27                  
     Required Time:=     504                  
      Launch Clock:-       0                  
         Data Path:-     547                  
             Slack:=     -43                  

#------------------------------------------------------------------------------------------------------------------
#         Timing Point          Flags    Arc   Edge         Cell          Fanout Load Trans Delay Arrival Instance 
#                                                                                (fF)  (ps)  (ps)   (ps)  Location 
#------------------------------------------------------------------------------------------------------------------
  BF1_1_modei_reg[2]/CLK        -       -      R     (arrival)              2845    -     0     0       0    (-,-) 
  BF1_1_modei_reg[2]/Q          -       CLK->Q F     DFFHQx4_ASAP7_75t_SL      1  4.6    11    44      44    (-,-) 
  fopt5/Y                       -       A->Y   R     INVx5_ASAP7_75t_SL        3  5.2    11     7      52    (-,-) 
  g77213_dup/Y                  -       A->Y   R     AND3x2_ASAP7_75t_SL       1  4.0    20    24      76    (-,-) 
  fopt79881/Y                   -       A->Y   R     BUFx12f_ASAP7_75t_SL      4 14.4    14    16      92    (-,-) 
  fopt86990/Y                   -       A->Y   R     BUFx12f_ASAP7_75t_SL     11 22.3    18    18     110    (-,-) 
  g73320/Y                      -       A->Y   F     INVx5_ASAP7_75t_SL        4  6.1    12     7     117    (-,-) 
  g60159__82074/Y               -       B2->Y  F     AO22x2_ASAP7_75t_SL       2  6.0    22    25     142    (-,-) 
  g82073/Y                      -       A->Y   F     BUFx12f_ASAP7_75t_SL      6 14.9    13    18     160    (-,-) 
  BF2_2_mul_170_29_g82077/Y     -       A->Y   R     XOR2x2_ASAP7_75t_SL       2  4.0    19    28     188    (-,-) 
  BF2_2_mul_170_29_g28508/Y     -       B2->Y  R     AO22x2_ASAP7_75t_SL       2  3.9    19    22     209    (-,-) 
  BF2_2_mul_170_29_g66296/Y     -       B->Y   F     XNOR2x2_ASAP7_75t_SL      1  2.6    13    26     236    (-,-) 
  BF2_2_mul_170_29_g28002/Y     -       A->Y   R     XNOR2x2_ASAP7_75t_SL      2  4.9    22    26     261    (-,-) 
  BF2_2_mul_170_29_g63640/Y     -       A->Y   R     XNOR2x1_ASAP7_75t_SL      1  3.2    29    20     282    (-,-) 
  BF2_2_mul_170_29_g63639/Y     -       B->Y   R     XNOR2x1_ASAP7_75t_SL      2  4.3    35    21     303    (-,-) 
  BF2_2_mul_170_29_g66689/Y     -       B->Y   F     XNOR2x2_ASAP7_75t_SL      1  3.2    15    28     331    (-,-) 
  g70548/Y                      -       B->Y   F     XNOR2x1_ASAP7_75t_SL      2  4.5    29    22     353    (-,-) 
  BF2_2_mul_170_29_g66687/Y     -       A->Y   F     XNOR2x1_ASAP7_75t_SL      1  3.2    24    21     375    (-,-) 
  BF2_2_mul_170_29_g27282/Y     -       B->Y   F     XNOR2x1_ASAP7_75t_SL      2  3.9    28    23     398    (-,-) 
  BF2_2_mul_170_29_g29733/Y     -       B->Y   F     AND2x2_ASAP7_75t_SL       2  3.5    14    21     419    (-,-) 
  g72501/Y                      -       A2->Y  F     OA21x2_ASAP7_75t_SL       3  5.8    20    24     443    (-,-) 
  g72511/Y                      -       A2->Y  R     AOI21x1_ASAP7_75t_SL      1  3.6    30    17     460    (-,-) 
  g82132/Y                      -       A->Y   F     NAND2x2_ASAP7_75t_SL      3  6.7    23    12     472    (-,-) 
  g90694/Y                      -       A->Y   R     NAND2x2_ASAP7_75t_SL      2  4.4    24    17     489    (-,-) 
  g90697/Y                      -       A->Y   R     AND2x4_ASAP7_75t_SL       7 12.1    25    22     510    (-,-) 
  BF2_2_mul_170_29_g90704/Y     -       A2->Y  R     OA21x2_ASAP7_75t_SL       1  3.2    16    20     531    (-,-) 
  BF2_2_mul_170_29_g27023/Y     -       B->Y   R     XNOR2x1_ASAP7_75t_SL      1  2.1    25    16     547    (-,-) 
  BF2_2_barrett_datai_reg[36]/D -       -      R     DFFHQx4_ASAP7_75t_SL      1    -     -     0     547    (-,-) 
#------------------------------------------------------------------------------------------------------------------



Path 10: VIOLATED (-43 ps) Setup Check with Pin BF2_2_barrett_datai_reg[36]/CLK->D
          Group: clk
     Startpoint: (R) BF1_1_modei_reg[2]/CLK
          Clock: (R) clk
       Endpoint: (R) BF2_2_barrett_datai_reg[36]/D
          Clock: (R) clk

                     Capture       Launch     
        Clock Edge:+     540            0     
       Src Latency:+       0            0     
       Net Latency:+       0 (I)        0 (I) 
           Arrival:=     540            0     
                                              
             Setup:-       9                  
       Uncertainty:-      27                  
     Required Time:=     504                  
      Launch Clock:-       0                  
         Data Path:-     547                  
             Slack:=     -43                  

#-----------------------------------------------------------------------------------------------------------------------
#           Timing Point             Flags    Arc   Edge         Cell          Fanout Load Trans Delay Arrival Instance 
#                                                                                     (fF)  (ps)  (ps)   (ps)  Location 
#-----------------------------------------------------------------------------------------------------------------------
  BF1_1_modei_reg[2]/CLK             -       -      R     (arrival)              2845    -     0     0       0    (-,-) 
  BF1_1_modei_reg[2]/Q               -       CLK->Q F     DFFHQx4_ASAP7_75t_SL      1  4.6    11    44      44    (-,-) 
  fopt5/Y                            -       A->Y   R     INVx5_ASAP7_75t_SL        3  5.2    11     7      52    (-,-) 
  g77213_dup/Y                       -       A->Y   R     AND3x2_ASAP7_75t_SL       1  4.0    20    24      76    (-,-) 
  fopt79881/Y                        -       A->Y   R     BUFx12f_ASAP7_75t_SL      4 14.4    14    16      92    (-,-) 
  g63152/Y                           -       A->Y   F     INVx3_ASAP7_75t_SL        3  6.6    15    10     102    (-,-) 
  g63151/Y                           -       A->Y   R     INVx4_ASAP7_75t_SL        6  8.7    18    12     113    (-,-) 
  g60159__82074/Y                    -       A2->Y  R     AO22x2_ASAP7_75t_SL       2  6.0    25    26     139    (-,-) 
  g82073/Y                           -       A->Y   R     BUFx12f_ASAP7_75t_SL      6 14.8    14    17     156    (-,-) 
  BF2_2_mul_170_29_g82075/Y          -       A->Y   F     INVx11_ASAP7_75t_SL      10 15.0    13     8     164    (-,-) 
  BF2_2_mul_170_29_g82087/Y          -       B2->Y  F     AO22x2_ASAP7_75t_SL       2  4.0    17    22     186    (-,-) 
  BF2_2_mul_170_29_g28602_dup83081/Y -       B1->Y  F     AO22x2_ASAP7_75t_SL       2  5.0    20    26     212    (-,-) 
  g71958/Y                           -       B->Y   F     XNOR2x1_ASAP7_75t_SL      1  3.2    23    21     233    (-,-) 
  g83313/Y                           -       A->Y   F     XNOR2x1_ASAP7_75t_SL      2  4.4    28    23     256    (-,-) 
  g74981/Y                           -       A->Y   F     XNOR2x1_ASAP7_75t_SL      1  3.2    24    21     277    (-,-) 
  g74979/Y                           -       B->Y   F     XNOR2x1_ASAP7_75t_SL      2  4.5    30    24     301    (-,-) 
  g74982/Y                           -       B->Y   F     XNOR2x1_ASAP7_75t_SL      2  4.6    32    25     326    (-,-) 
  g72573/Y                           -       A->Y   R     INVx1_ASAP7_75t_SL        1  2.1    22    15     340    (-,-) 
  g73998/Y                           -       A->Y   R     MAJx2_ASAP7_75t_SL        2  4.1    19    23     364    (-,-) 
  g178/Y                             -       A->Y   R     XNOR2x1_ASAP7_75t_SL      1  2.4    24    19     382    (-,-) 
  g73992/Y                           -       A->Y   F     XOR2x2_ASAP7_75t_SL       2  3.9    16    23     406    (-,-) 
  BF2_2_mul_170_29_g74381/Y          -       A->Y   F     OR2x6_ASAP7_75t_SL        3  7.7    14    22     428    (-,-) 
  BF2_2_mul_170_29_g74627/Y          -       A1->Y  F     AO21x2_ASAP7_75t_SL       2  3.4    14    21     449    (-,-) 
  g267/Y                             -       A2->Y  F     AO21x2_ASAP7_75t_SL       1  2.7    13    20     469    (-,-) 
  g90695/Y                           -       A1->Y  R     AOI21x1_ASAP7_75t_SL      2  4.3    35    17     486    (-,-) 
  g90697/Y                           -       B->Y   R     AND2x4_ASAP7_75t_SL       7 12.1    25    24     510    (-,-) 
  BF2_2_mul_170_29_g90704/Y          -       A2->Y  R     OA21x2_ASAP7_75t_SL       1  3.2    16    20     531    (-,-) 
  BF2_2_mul_170_29_g27023/Y          -       B->Y   R     XNOR2x1_ASAP7_75t_SL      1  2.1    25    16     547    (-,-) 
  BF2_2_barrett_datai_reg[36]/D      -       -      R     DFFHQx4_ASAP7_75t_SL      1    -     -     0     547    (-,-) 
#-----------------------------------------------------------------------------------------------------------------------



Path 11: VIOLATED (-43 ps) Setup Check with Pin BF2_2_barrett_datai_reg[36]/CLK->D
          Group: clk
     Startpoint: (R) BF1_1_modei_reg[2]/CLK
          Clock: (R) clk
       Endpoint: (R) BF2_2_barrett_datai_reg[36]/D
          Clock: (R) clk

                     Capture       Launch     
        Clock Edge:+     540            0     
       Src Latency:+       0            0     
       Net Latency:+       0 (I)        0 (I) 
           Arrival:=     540            0     
                                              
             Setup:-       9                  
       Uncertainty:-      27                  
     Required Time:=     504                  
      Launch Clock:-       0                  
         Data Path:-     547                  
             Slack:=     -43                  

#-----------------------------------------------------------------------------------------------------------------------
#           Timing Point             Flags    Arc   Edge         Cell          Fanout Load Trans Delay Arrival Instance 
#                                                                                     (fF)  (ps)  (ps)   (ps)  Location 
#-----------------------------------------------------------------------------------------------------------------------
  BF1_1_modei_reg[2]/CLK             -       -      R     (arrival)              2845    -     0     0       0    (-,-) 
  BF1_1_modei_reg[2]/Q               -       CLK->Q F     DFFHQx4_ASAP7_75t_SL      1  4.6    11    44      44    (-,-) 
  fopt5/Y                            -       A->Y   R     INVx5_ASAP7_75t_SL        3  5.2    11     7      52    (-,-) 
  g77213_dup/Y                       -       A->Y   R     AND3x2_ASAP7_75t_SL       1  4.0    20    24      76    (-,-) 
  fopt79881/Y                        -       A->Y   R     BUFx12f_ASAP7_75t_SL      4 14.4    14    16      92    (-,-) 
  fopt86990/Y                        -       A->Y   R     BUFx12f_ASAP7_75t_SL     11 22.3    18    18     110    (-,-) 
  g73320/Y                           -       A->Y   F     INVx5_ASAP7_75t_SL        4  6.1    12     7     117    (-,-) 
  g60129__5526/Y                     -       B2->Y  F     AO22x2_ASAP7_75t_SL       1  4.0    18    22     139    (-,-) 
  g81984/Y                           -       A->Y   F     BUFx12f_ASAP7_75t_SL     14 28.3    19    20     160    (-,-) 
  BF2_2_mul_170_29_g81986/Y          -       A->Y   R     INVx11_ASAP7_75t_SL      11 17.8    18    11     171    (-,-) 
  BF2_2_mul_170_29_g29142/Y          -       B2->Y  R     AO22x2_ASAP7_75t_SL       2  3.8    18    21     192    (-,-) 
  g70269/Y                           -       A1->Y  F     AOI22x1_ASAP7_75t_SL      2  3.8    35    13     205    (-,-) 
  g70268/Y                           -       A->Y   F     XOR2x2_ASAP7_75t_SL       1  3.2    16    27     232    (-,-) 
  BF2_2_mul_170_29_g27975_dup83103/Y -       B->Y   F     XNOR2x1_ASAP7_75t_SL      2  4.3    31    22     254    (-,-) 
  g73635/Y                           -       C->Y   F     MAJx2_ASAP7_75t_SL        2  5.0    20    27     282    (-,-) 
  g73822/Y                           -       B->Y   F     XNOR2x1_ASAP7_75t_SL      1  3.2    24    21     302    (-,-) 
  g74982/Y                           -       A->Y   F     XNOR2x1_ASAP7_75t_SL      2  4.6    32    24     326    (-,-) 
  g72573/Y                           -       A->Y   R     INVx1_ASAP7_75t_SL        1  2.1    22    15     340    (-,-) 
  g73998/Y                           -       A->Y   R     MAJx2_ASAP7_75t_SL        2  4.1    19    23     364    (-,-) 
  g178/Y                             -       A->Y   R     XNOR2x1_ASAP7_75t_SL      1  2.4    24    19     382    (-,-) 
  g73992/Y                           -       A->Y   F     XOR2x2_ASAP7_75t_SL       2  3.9    16    23     406    (-,-) 
  BF2_2_mul_170_29_g74381/Y          -       A->Y   F     OR2x6_ASAP7_75t_SL        3  7.7    14    22     428    (-,-) 
  BF2_2_mul_170_29_g74627/Y          -       A1->Y  F     AO21x2_ASAP7_75t_SL       2  3.4    14    21     449    (-,-) 
  g267/Y                             -       A2->Y  F     AO21x2_ASAP7_75t_SL       1  2.7    13    20     469    (-,-) 
  g90695/Y                           -       A1->Y  R     AOI21x1_ASAP7_75t_SL      2  4.3    35    17     486    (-,-) 
  g90697/Y                           -       B->Y   R     AND2x4_ASAP7_75t_SL       7 12.1    25    24     510    (-,-) 
  BF2_2_mul_170_29_g90704/Y          -       A2->Y  R     OA21x2_ASAP7_75t_SL       1  3.2    16    20     531    (-,-) 
  BF2_2_mul_170_29_g27023/Y          -       B->Y   R     XNOR2x1_ASAP7_75t_SL      1  2.1    25    16     547    (-,-) 
  BF2_2_barrett_datai_reg[36]/D      -       -      R     DFFHQx4_ASAP7_75t_SL      1    -     -     0     547    (-,-) 
#-----------------------------------------------------------------------------------------------------------------------



Path 12: VIOLATED (-43 ps) Setup Check with Pin BF2_2_barrett_datai_reg[36]/CLK->D
          Group: clk
     Startpoint: (R) BF1_1_modei_reg[1]/CLK
          Clock: (R) clk
       Endpoint: (R) BF2_2_barrett_datai_reg[36]/D
          Clock: (R) clk

                     Capture       Launch     
        Clock Edge:+     540            0     
       Src Latency:+       0            0     
       Net Latency:+       0 (I)        0 (I) 
           Arrival:=     540            0     
                                              
             Setup:-       9                  
       Uncertainty:-      27                  
     Required Time:=     504                  
      Launch Clock:-       0                  
         Data Path:-     547                  
             Slack:=     -43                  

#--------------------------------------------------------------------------------------------------------------------
#         Timing Point          Flags    Arc    Edge         Cell           Fanout Load Trans Delay Arrival Instance 
#                                                                                  (fF)  (ps)  (ps)   (ps)  Location 
#--------------------------------------------------------------------------------------------------------------------
  BF1_1_modei_reg[1]/CLK        -       -       R     (arrival)               2845    -     0     0       0    (-,-) 
  BF1_1_modei_reg[1]/QN         -       CLK->QN F     DFFHQNx2_ASAP7_75t_SL      1  4.0    26    40      40    (-,-) 
  g79604/Y                      -       A->Y    R     INVx4_ASAP7_75t_SL         3  5.1    16    10      50    (-,-) 
  g79606/Y                      -       B->Y    R     AND3x4_ASAP7_75t_SL        1  6.5    18    23      73    (-,-) 
  fopt88191/Y                   -       A->Y    F     INVx8_ASAP7_75t_SL         4 12.5    14     9      82    (-,-) 
  g88190/Y                      -       A->Y    F     BUFx12f_ASAP7_75t_SL       3 11.0    10    15      97    (-,-) 
  g81812/Y                      -       A->Y    R     INVx5_ASAP7_75t_SL         6 13.1    20    12     109    (-,-) 
  g63124/Y                      -       A->Y    F     INVx8_ASAP7_75t_SL         7 10.5    13     8     117    (-,-) 
  g59978__91389/Y               -       B2->Y   F     AO22x2_ASAP7_75t_SL        1  4.0    17    23     139    (-,-) 
  fopt91388/Y                   -       A->Y    F     BUFx12f_ASAP7_75t_SL       8 18.4    14    18     157    (-,-) 
  fopt91394/Y                   -       A->Y    R     INVx4_ASAP7_75t_SL         2  3.4    10     7     164    (-,-) 
  BF2_2_mul_170_29_g91396/Y     -       A2->Y   R     OA22x2_ASAP7_75t_SL        2  4.7    22    22     186    (-,-) 
  fopt68682/Y                   -       A->Y    F     INVx3_ASAP7_75t_SL         1  2.1    10     5     191    (-,-) 
  g85575/Y                      -       A2->Y   F     AO22x2_ASAP7_75t_SL        2  4.6    19    23     214    (-,-) 
  g85574/Y                      -       A->Y    F     XNOR2x1_ASAP7_75t_SL       1  3.2    22    20     233    (-,-) 
  g84881/Y                      -       A->Y    F     XNOR2x1_ASAP7_75t_SL       2  4.4    28    23     256    (-,-) 
  BF2_2_mul_170_29_g84066/Y     -       A->Y    F     XNOR2x1_ASAP7_75t_SL       1  3.2    24    21     277    (-,-) 
  g73897/Y                      -       B->Y    F     XNOR2x1_ASAP7_75t_SL       2  3.8    27    23     300    (-,-) 
  g85699/Y                      -       A->Y    F     MAJx2_ASAP7_75t_SL         2  4.5    18    27     327    (-,-) 
  g85702/Y                      -       A->Y    F     XNOR2x1_ASAP7_75t_SL       2  4.4    29    22     349    (-,-) 
  g85704/Y                      -       A->Y    F     XNOR2x1_ASAP7_75t_SL       1  3.2    24    21     370    (-,-) 
  g83663/Y                      -       A->Y    F     XNOR2x1_ASAP7_75t_SL       2  3.9    26    22     392    (-,-) 
  g85579/Y                      -       B->Y    F     AND2x4_ASAP7_75t_SL        2  3.1    10    18     410    (-,-) 
  g85578/Y                      -       A->Y    F     MAJx2_ASAP7_75t_SL         1  2.1    12    19     429    (-,-) 
  BF2_2_mul_170_29_g74627/Y     -       A2->Y   F     AO21x2_ASAP7_75t_SL        2  3.4    14    20     449    (-,-) 
  g267/Y                        -       A2->Y   F     AO21x2_ASAP7_75t_SL        1  2.7    13    20     469    (-,-) 
  g90695/Y                      -       A1->Y   R     AOI21x1_ASAP7_75t_SL       2  4.3    35    17     486    (-,-) 
  g90697/Y                      -       B->Y    R     AND2x4_ASAP7_75t_SL        7 12.1    25    24     510    (-,-) 
  BF2_2_mul_170_29_g90704/Y     -       A2->Y   R     OA21x2_ASAP7_75t_SL        1  3.2    16    20     531    (-,-) 
  BF2_2_mul_170_29_g27023/Y     -       B->Y    R     XNOR2x1_ASAP7_75t_SL       1  2.1    25    16     547    (-,-) 
  BF2_2_barrett_datai_reg[36]/D -       -       R     DFFHQx4_ASAP7_75t_SL       1    -     -     0     547    (-,-) 
#--------------------------------------------------------------------------------------------------------------------



Path 13: VIOLATED (-43 ps) Setup Check with Pin BF2_1_barrett_datai_reg[36]/CLK->D
          Group: clk
     Startpoint: (R) BF1_1_modei_reg[2]/CLK
          Clock: (R) clk
       Endpoint: (R) BF2_1_barrett_datai_reg[36]/D
          Clock: (R) clk

                     Capture       Launch     
        Clock Edge:+     540            0     
       Src Latency:+       0            0     
       Net Latency:+       0 (I)        0 (I) 
           Arrival:=     540            0     
                                              
             Setup:-      10                  
       Uncertainty:-      27                  
     Required Time:=     503                  
      Launch Clock:-       0                  
         Data Path:-     546                  
             Slack:=     -43                  

#-------------------------------------------------------------------------------------------------------------------
#         Timing Point          Flags    Arc   Edge         Cell           Fanout Load Trans Delay Arrival Instance 
#                                                                                 (fF)  (ps)  (ps)   (ps)  Location 
#-------------------------------------------------------------------------------------------------------------------
  BF1_1_modei_reg[2]/CLK        -       -      R     (arrival)               2845    -     0     0       0    (-,-) 
  BF1_1_modei_reg[2]/Q          -       CLK->Q F     DFFHQx4_ASAP7_75t_SL       1  4.6    11    44      44    (-,-) 
  fopt5/Y                       -       A->Y   R     INVx5_ASAP7_75t_SL         3  5.2    11     7      52    (-,-) 
  g79606/Y                      -       A->Y   R     AND3x4_ASAP7_75t_SL        1  6.5    18    22      73    (-,-) 
  fopt88191/Y                   -       A->Y   F     INVx8_ASAP7_75t_SL         4 12.5    14     9      82    (-,-) 
  g88190/Y                      -       A->Y   F     BUFx12f_ASAP7_75t_SL       3 11.0    10    15      97    (-,-) 
  g81812/Y                      -       A->Y   R     INVx5_ASAP7_75t_SL         6 13.1    20    12     109    (-,-) 
  g63124/Y                      -       A->Y   F     INVx8_ASAP7_75t_SL         7 10.5    13     8     117    (-,-) 
  g66584/Y                      -       B->Y   F     AND2x2_ASAP7_75t_SL        1  2.6    12    17     134    (-,-) 
  g72030/Y                      -       A->Y   F     OR2x6_ASAP7_75t_SL         3  9.5    16    22     156    (-,-) 
  fopt72037/Y                   -       A->Y   F     BUFx3_ASAP7_75t_SL         2  4.2    12    17     173    (-,-) 
  g72038/Y                      -       A->Y   R     XOR2x2_ASAP7_75t_SL        2  3.9    19    28     201    (-,-) 
  g69505/Y                      -       B1->Y  F     AOI22x1_ASAP7_75t_SL       2  3.8    41    14     215    (-,-) 
  g73294/Y                      -       B->Y   F     XOR2xp5_ASAP7_75t_SL       1  3.2    43    25     240    (-,-) 
  g73292/Y                      -       B->Y   F     XNOR2x1_ASAP7_75t_SL       2  5.0    36    28     268    (-,-) 
  g90772/Y                      -       A->Y   F     XNOR2x1_ASAP7_75t_SL       1  2.5    24    21     289    (-,-) 
  g90771/Y                      -       A->Y   R     XOR2x2_ASAP7_75t_SL        2  4.4    20    31     319    (-,-) 
  BF2_1_mul_170_29_g90770/Y     -       A->Y   R     XNOR2x1_ASAP7_75t_SL       1  2.6    25    19     338    (-,-) 
  BF2_1_mul_170_29_g27485/Y     -       B->Y   F     XOR2x2_ASAP7_75t_SL        2  4.3    17    23     361    (-,-) 
  BF2_1_mul_170_29_g27345/Y     -       A->Y   R     XOR2x2_ASAP7_75t_SL        1  3.2    18    28     389    (-,-) 
  g70419/Y                      -       B->Y   R     XNOR2x1_ASAP7_75t_SL       2  3.9    33    20     408    (-,-) 
  g70420/Y                      -       B->Y   R     OR2x2_ASAP7_75t_SL         2  4.0    18    21     430    (-,-) 
  g182/Y                        -       A->Y   F     INVx2_ASAP7_75t_SL         1  2.7    12     8     437    (-,-) 
  g180/Y                        -       B->Y   R     AOI21x1_ASAP7_75t_SL       1  2.8    26    14     451    (-,-) 
  g27/Y                         -       B->Y   F     OAI21x1_ASAP7_75t_SL       1  2.7    22    14     465    (-,-) 
  g78361/Y                      -       B->Y   R     AOI21x1_ASAP7_75t_SL       2  4.3    35    21     486    (-,-) 
  g78363/Y                      -       B->Y   R     AND2x6_ASAP7_75t_SL        7 12.4    20    25     511    (-,-) 
  BF2_1_mul_170_29_g78364/Y     -       A2->Y  R     OA21x2_ASAP7_75t_SL        1  2.4    13    18     529    (-,-) 
  BF2_1_mul_170_29_g27023/Y     -       B->Y   R     XNOR2xp5_ASAP7_75t_SL      1  2.1    36    17     546    (-,-) 
  BF2_1_barrett_datai_reg[36]/D -       -      R     DFFHQx4_ASAP7_75t_SL       1    -     -     0     546    (-,-) 
#-------------------------------------------------------------------------------------------------------------------



Path 14: VIOLATED (-43 ps) Setup Check with Pin BF2_1_barrett_datai_reg[36]/CLK->D
          Group: clk
     Startpoint: (R) BF1_1_modei_reg[2]/CLK
          Clock: (R) clk
       Endpoint: (R) BF2_1_barrett_datai_reg[36]/D
          Clock: (R) clk

                     Capture       Launch     
        Clock Edge:+     540            0     
       Src Latency:+       0            0     
       Net Latency:+       0 (I)        0 (I) 
           Arrival:=     540            0     
                                              
             Setup:-      10                  
       Uncertainty:-      27                  
     Required Time:=     503                  
      Launch Clock:-       0                  
         Data Path:-     546                  
             Slack:=     -43                  

#-------------------------------------------------------------------------------------------------------------------
#         Timing Point          Flags    Arc   Edge         Cell           Fanout Load Trans Delay Arrival Instance 
#                                                                                 (fF)  (ps)  (ps)   (ps)  Location 
#-------------------------------------------------------------------------------------------------------------------
  BF1_1_modei_reg[2]/CLK        -       -      R     (arrival)               2845    -     0     0       0    (-,-) 
  BF1_1_modei_reg[2]/Q          -       CLK->Q F     DFFHQx4_ASAP7_75t_SL       1  4.6    11    44      44    (-,-) 
  fopt5/Y                       -       A->Y   R     INVx5_ASAP7_75t_SL         3  5.2    11     7      52    (-,-) 
  g77213_dup/Y                  -       A->Y   R     AND3x2_ASAP7_75t_SL        1  4.0    20    24      76    (-,-) 
  fopt79881/Y                   -       A->Y   R     BUFx12f_ASAP7_75t_SL       4 14.4    14    16      92    (-,-) 
  fopt86990/Y                   -       A->Y   R     BUFx12f_ASAP7_75t_SL      11 22.3    18    18     110    (-,-) 
  g73320/Y                      -       A->Y   F     INVx5_ASAP7_75t_SL         4  6.1    12     7     117    (-,-) 
  g91805/Y                      -       A2->Y  F     AO22x2_ASAP7_75t_SL        1  4.0    17    22     139    (-,-) 
  g91804/Y                      -       A->Y   F     BUFx12f_ASAP7_75t_SL      14 29.0    20    20     159    (-,-) 
  g91817/Y                      -       A->Y   F     OR2x6_ASAP7_75t_SL         1  2.8    12    20     179    (-,-) 
  g85973/Y                      -       B->Y   R     OAI21x1_ASAP7_75t_SL       2  3.9    33    11     190    (-,-) 
  g85972/Y                      -       A1->Y  F     AOI22x1_ASAP7_75t_SL       2  3.9    33    14     205    (-,-) 
  g84653/Y                      -       B->Y   R     XOR2x2_ASAP7_75t_SL        1  3.1    16    31     236    (-,-) 
  g84652/Y                      -       A->Y   R     XNOR2x1_ASAP7_75t_SL       2  4.4    35    21     257    (-,-) 
  g85386/Y                      -       B->Y   R     MAJx2_ASAP7_75t_SL         2  3.4    17    26     283    (-,-) 
  g85954/Y                      -       A->Y   F     XOR2x2_ASAP7_75t_SL        2  4.9    19    24     307    (-,-) 
  g85953/Y                      -       B->Y   F     XNOR2x1_ASAP7_75t_SL       1  3.2    23    20     327    (-,-) 
  g85952/Y                      -       A->Y   F     XNOR2x1_ASAP7_75t_SL       1  2.5    20    19     346    (-,-) 
  g436/Y                        -       A->Y   F     XOR2x2_ASAP7_75t_SL        3  5.5    20    27     374    (-,-) 
  BF2_1_mul_170_29_g67567/Y     -       A->Y   R     XOR2x2_ASAP7_75t_SL        1  2.6    14    27     401    (-,-) 
  g73812/Y                      -       A->Y   R     OR2x6_ASAP7_75t_SL         2  3.8    10    16     417    (-,-) 
  g73811/Y                      -       B->Y   F     OAI21x1_ASAP7_75t_SL       1  2.1    17    10     427    (-,-) 
  g73603/Y                      -       A1->Y  F     AO21x2_ASAP7_75t_SL        2  3.3    14    22     449    (-,-) 
  BF2_1_mul_170_29_g64536_dup/Y -       A2->Y  F     AO21x2_ASAP7_75t_SL        1  2.7    13    20     468    (-,-) 
  g78361/Y                      -       A1->Y  R     AOI21x1_ASAP7_75t_SL       2  4.3    35    17     486    (-,-) 
  g78363/Y                      -       B->Y   R     AND2x6_ASAP7_75t_SL        7 12.4    20    25     511    (-,-) 
  BF2_1_mul_170_29_g78364/Y     -       A2->Y  R     OA21x2_ASAP7_75t_SL        1  2.4    13    18     529    (-,-) 
  BF2_1_mul_170_29_g27023/Y     -       B->Y   R     XNOR2xp5_ASAP7_75t_SL      1  2.1    36    17     546    (-,-) 
  BF2_1_barrett_datai_reg[36]/D -       -      R     DFFHQx4_ASAP7_75t_SL       1    -     -     0     546    (-,-) 
#-------------------------------------------------------------------------------------------------------------------



Path 15: VIOLATED (-43 ps) Setup Check with Pin BF1_2_barrett_datai_reg[45]/CLK->D
          Group: clk
     Startpoint: (R) BF1_1_modei_reg[2]/CLK
          Clock: (R) clk
       Endpoint: (R) BF1_2_barrett_datai_reg[45]/D
          Clock: (R) clk

                     Capture       Launch     
        Clock Edge:+     540            0     
       Src Latency:+       0            0     
       Net Latency:+       0 (I)        0 (I) 
           Arrival:=     540            0     
                                              
             Setup:-      10                  
       Uncertainty:-      27                  
     Required Time:=     503                  
      Launch Clock:-       0                  
         Data Path:-     546                  
             Slack:=     -43                  

#---------------------------------------------------------------------------------------------------------------------
#         Timing Point          Flags    Arc   Edge          Cell            Fanout Load Trans Delay Arrival Instance 
#                                                                                   (fF)  (ps)  (ps)   (ps)  Location 
#---------------------------------------------------------------------------------------------------------------------
  BF1_1_modei_reg[2]/CLK        -       -      R     (arrival)                 2845    -     0     0       0    (-,-) 
  BF1_1_modei_reg[2]/Q          -       CLK->Q F     DFFHQx4_ASAP7_75t_SL         1  4.6    11    44      44    (-,-) 
  fopt5/Y                       -       A->Y   R     INVx5_ASAP7_75t_SL           3  5.2    11     7      52    (-,-) 
  g79606/Y                      -       A->Y   R     AND3x4_ASAP7_75t_SL          1  6.5    18    22      73    (-,-) 
  fopt88191/Y                   -       A->Y   F     INVx8_ASAP7_75t_SL           4 12.5    14     9      82    (-,-) 
  g85810/Y                      -       A->Y   F     BUFx12f_ASAP7_75t_SL         6 20.2    15    18      99    (-,-) 
  fopt77368/Y                   -       A->Y   F     BUFx6f_ASAP7_75t_SL         10 16.0    19    20     119    (-,-) 
  g77366/Y                      -       B2->Y  F     AO22x2_ASAP7_75t_SL          1  4.0    18    24     143    (-,-) 
  g49306/Y                      -       A->Y   F     BUFx12f_ASAP7_75t_SL        13 29.7    20    21     164    (-,-) 
  BF1_2_mul_170_29_g29308/Y     -       A->Y   R     CKINVDCx16_ASAP7_75t_SL     12 18.1    15    10     174    (-,-) 
  BF1_2_mul_170_29_g29145/Y     -       B1->Y  F     AOI22xp5_ASAP7_75t_SL        2  4.1    48    22     196    (-,-) 
  BF1_2_mul_170_29_g67250/Y     -       B1->Y  F     OA22x2_ASAP7_75t_SL          2  3.9    18    28     224    (-,-) 
  g84848/Y                      -       A->Y   F     MAJx2_ASAP7_75t_SL           2  4.5    19    25     248    (-,-) 
  g84850/Y                      -       A->Y   F     XNOR2x1_ASAP7_75t_SL         1  2.5    20    18     267    (-,-) 
  BF1_2_mul_170_29_g27731/Y     -       A->Y   R     XOR2x2_ASAP7_75t_SL          3  5.8    24    32     299    (-,-) 
  g69410/Y                      -       B->Y   R     XNOR2x1_ASAP7_75t_SL         1  3.2    29    19     318    (-,-) 
  g70016/Y                      -       B->Y   R     XNOR2x1_ASAP7_75t_SL         2  3.7    32    20     338    (-,-) 
  g84107/Y                      -       B->Y   F     XNOR2x2_ASAP7_75t_SL         2  5.4    20    31     370    (-,-) 
  g70216/Y                      -       B->Y   R     NAND2x1p5_ASAP7_75t_SL       2  4.1    24    15     385    (-,-) 
  g90735/Y                      -       A->Y   F     INVx2_ASAP7_75t_SL           2  4.8    19    12     396    (-,-) 
  g90738/Y                      -       B->Y   R     NOR2x2_ASAP7_75t_SL          2  3.6    22    11     408    (-,-) 
  g90739/Y                      -       A->Y   R     AND3x4_ASAP7_75t_SL          1  3.6    13    21     429    (-,-) 
  g85992/Y                      -       A->Y   F     NAND2x2_ASAP7_75t_SL         2  3.4    16     8     436    (-,-) 
  g192/Y                        -       A1->Y  F     AO21x2_ASAP7_75t_SL          1  3.7    16    22     458    (-,-) 
  g428/Y                        -       B->Y   R     NAND2x2_ASAP7_75t_SL         3  6.3    31    16     475    (-,-) 
  BF1_2_mul_170_29_g27063/Y     -       A->Y   F     NAND2x2_ASAP7_75t_SL         1  2.6    14     7     481    (-,-) 
  g73130/Y                      -       A->Y   F     AND2x6_ASAP7_75t_SL          9 17.7    21    25     506    (-,-) 
  g70047/Y                      -       B1->Y  F     OA221x2_ASAP7_75t_SL         1  3.2    17    26     533    (-,-) 
  BF1_2_mul_170_29_g27011/Y     -       A->Y   R     XNOR2x1_ASAP7_75t_SL         1  2.1    33    14     546    (-,-) 
  BF1_2_barrett_datai_reg[45]/D -       -      R     DFFHQx4_ASAP7_75t_SL         1    -     -     0     546    (-,-) 
#---------------------------------------------------------------------------------------------------------------------



Path 16: VIOLATED (-43 ps) Setup Check with Pin BF1_2_barrett_datai_reg[45]/CLK->D
          Group: clk
     Startpoint: (R) BF1_1_modei_reg[1]/CLK
          Clock: (R) clk
       Endpoint: (R) BF1_2_barrett_datai_reg[45]/D
          Clock: (R) clk

                     Capture       Launch     
        Clock Edge:+     540            0     
       Src Latency:+       0            0     
       Net Latency:+       0 (I)        0 (I) 
           Arrival:=     540            0     
                                              
             Setup:-      10                  
       Uncertainty:-      27                  
     Required Time:=     503                  
      Launch Clock:-       0                  
         Data Path:-     546                  
             Slack:=     -43                  

#--------------------------------------------------------------------------------------------------------------------
#         Timing Point          Flags    Arc    Edge         Cell           Fanout Load Trans Delay Arrival Instance 
#                                                                                  (fF)  (ps)  (ps)   (ps)  Location 
#--------------------------------------------------------------------------------------------------------------------
  BF1_1_modei_reg[1]/CLK        -       -       R     (arrival)               2845    -     0     0       0    (-,-) 
  BF1_1_modei_reg[1]/QN         -       CLK->QN R     DFFHQNx2_ASAP7_75t_SL      1  4.0    26    41      41    (-,-) 
  g79604/Y                      -       A->Y    F     INVx4_ASAP7_75t_SL         3  5.1    14     8      49    (-,-) 
  g79606/Y                      -       B->Y    F     AND3x4_ASAP7_75t_SL        1  6.5    16    23      72    (-,-) 
  fopt88191/Y                   -       A->Y    R     INVx8_ASAP7_75t_SL         4 12.5    16    10      82    (-,-) 
  g85810/Y                      -       A->Y    R     BUFx12f_ASAP7_75t_SL       6 20.2    17    17     100    (-,-) 
  g85812/Y                      -       A->Y    R     BUFx12f_ASAP7_75t_SL       9 15.1    14    16     116    (-,-) 
  g85822/Y                      -       A1->Y   R     AO22x2_ASAP7_75t_SL        1  4.0    19    21     136    (-,-) 
  fopt84780/Y                   -       A->Y    R     BUFx12f_ASAP7_75t_SL      15 29.3    23    20     157    (-,-) 
  fopt67838/Y                   -       A->Y    F     INVx8_ASAP7_75t_SL         4  6.5    11     6     163    (-,-) 
  BF1_2_mul_170_29_g72868/Y     -       B2->Y   F     AO22x2_ASAP7_75t_SL        2  5.3    21    24     187    (-,-) 
  BF1_2_mul_170_29_g91158/Y     -       A->Y    R     INVx4_ASAP7_75t_SL         2  3.4    12     8     195    (-,-) 
  BF1_2_mul_170_29_g28461_dup/Y -       A1->Y   R     OA22x2_ASAP7_75t_SL        1  3.1    16    20     215    (-,-) 
  g91159/Y                      -       A->Y    R     XNOR2x1_ASAP7_75t_SL       1  3.1    32    19     234    (-,-) 
  g90684/Y                      -       A->Y    R     XNOR2x1_ASAP7_75t_SL       2  4.4    38    24     258    (-,-) 
  g90687/Y                      -       A->Y    R     XNOR2x1_ASAP7_75t_SL       1  3.1    31    22     280    (-,-) 
  g85014/Y                      -       A->Y    R     XNOR2x1_ASAP7_75t_SL       2  3.8    34    22     302    (-,-) 
  g85013/Y                      -       B->Y    F     XNOR2x2_ASAP7_75t_SL       2  5.0    19    31     334    (-,-) 
  BF1_2_mul_170_29_g27395/Y     -       A->Y    F     XNOR2x1_ASAP7_75t_SL       1  2.4    19    18     352    (-,-) 
  BF1_2_mul_170_29_g64330/Y     -       B->Y    R     XNOR2x2_ASAP7_75t_SL       3  6.2    25    29     381    (-,-) 
  BF1_2_mul_170_29_g72852/Y     -       A->Y    F     XNOR2x2_ASAP7_75t_SL       1  3.1    14    28     409    (-,-) 
  g31/Y                         -       B->Y    R     NOR2x1p5_ASAP7_75t_SL      2  3.1    19    12     421    (-,-) 
  g84777/Y                      -       B->Y    R     AO21x2_ASAP7_75t_SL        2  3.6    17    17     438    (-,-) 
  BF1_2_mul_170_29_g74029/Y     -       A2->Y   F     AOI21x1_ASAP7_75t_SL       1  2.6    19    10     448    (-,-) 
  BF1_2_mul_170_29_g64692/Y     -       A2->Y   R     OAI21x1_ASAP7_75t_SL       2  4.0    33    18     466    (-,-) 
  BF1_2_mul_170_29_g27050/Y     -       A1->Y   F     AOI21x1_ASAP7_75t_SL       1  2.6    24    14     480    (-,-) 
  g73130/Y                      -       B->Y    F     AND2x6_ASAP7_75t_SL        9 17.7    21    27     506    (-,-) 
  g70047/Y                      -       B1->Y   F     OA221x2_ASAP7_75t_SL       1  3.2    17    26     533    (-,-) 
  BF1_2_mul_170_29_g27011/Y     -       A->Y    R     XNOR2x1_ASAP7_75t_SL       1  2.1    33    14     546    (-,-) 
  BF1_2_barrett_datai_reg[45]/D -       -       R     DFFHQx4_ASAP7_75t_SL       1    -     -     0     546    (-,-) 
#--------------------------------------------------------------------------------------------------------------------



Path 17: VIOLATED (-43 ps) Setup Check with Pin BF1_2_barrett_datai_reg[45]/CLK->D
          Group: clk
     Startpoint: (R) BF1_1_modei_reg[1]/CLK
          Clock: (R) clk
       Endpoint: (R) BF1_2_barrett_datai_reg[45]/D
          Clock: (R) clk

                     Capture       Launch     
        Clock Edge:+     540            0     
       Src Latency:+       0            0     
       Net Latency:+       0 (I)        0 (I) 
           Arrival:=     540            0     
                                              
             Setup:-      10                  
       Uncertainty:-      27                  
     Required Time:=     503                  
      Launch Clock:-       0                  
         Data Path:-     546                  
             Slack:=     -43                  

#--------------------------------------------------------------------------------------------------------------------
#         Timing Point          Flags    Arc    Edge         Cell           Fanout Load Trans Delay Arrival Instance 
#                                                                                  (fF)  (ps)  (ps)   (ps)  Location 
#--------------------------------------------------------------------------------------------------------------------
  BF1_1_modei_reg[1]/CLK        -       -       R     (arrival)               2845    -     0     0       0    (-,-) 
  BF1_1_modei_reg[1]/QN         -       CLK->QN F     DFFHQNx2_ASAP7_75t_SL      1  4.0    26    40      40    (-,-) 
  g79604/Y                      -       A->Y    R     INVx4_ASAP7_75t_SL         3  5.1    16    10      50    (-,-) 
  g79606/Y                      -       B->Y    R     AND3x4_ASAP7_75t_SL        1  6.5    18    23      73    (-,-) 
  fopt88191/Y                   -       A->Y    F     INVx8_ASAP7_75t_SL         4 12.5    14     9      82    (-,-) 
  g85810/Y                      -       A->Y    F     BUFx12f_ASAP7_75t_SL       6 20.2    15    18      99    (-,-) 
  g66917/Y                      -       A->Y    F     BUFx12f_ASAP7_75t_SL      12 21.5    16    18     117    (-,-) 
  g66916/Y                      -       A->Y    R     INVx5_ASAP7_75t_SL         2  5.3    12     8     125    (-,-) 
  g64699/Y                      -       A->Y    F     INVx4_ASAP7_75t_SL         2  4.4     9     6     132    (-,-) 
  g71875/Y                      -       B->Y    F     AND2x4_ASAP7_75t_SL        2  4.4    11    15     146    (-,-) 
  g68647_dup83079/Y             -       A->Y    F     OR2x6_ASAP7_75t_SL         5 12.4    18    24     170    (-,-) 
  fopt71882/Y                   -       A->Y    R     INVx8_ASAP7_75t_SL         6  9.3    14     9     179    (-,-) 
  BF1_2_mul_170_29_g71880/Y     -       A2->Y   R     OA22x2_ASAP7_75t_SL        2  4.5    20    22     201    (-,-) 
  BF1_2_mul_170_29_g28620/Y     -       B1->Y   F     OAI22x1_ASAP7_75t_SL       2  3.1    30    13     214    (-,-) 
  g71953/Y                      -       A->Y    F     MAJx2_ASAP7_75t_SL         2  5.1    20    28     242    (-,-) 
  g71955/Y                      -       B->Y    F     MAJx2_ASAP7_75t_SL         2  3.7    16    26     268    (-,-) 
  BF1_2_mul_170_29_g84058/Y     -       A->Y    F     XOR2x2_ASAP7_75t_SL        1  3.2    15    23     291    (-,-) 
  BF1_2_mul_170_29_g84057/Y     -       B->Y    F     XNOR2x1_ASAP7_75t_SL       2  4.2    26    22     313    (-,-) 
  g84646/Y                      -       A->Y    F     XNOR2x1_ASAP7_75t_SL       1  3.2    24    21     334    (-,-) 
  g85079/Y                      -       B->Y    F     XNOR2x1_ASAP7_75t_SL       2  4.4    30    24     357    (-,-) 
  g84643/Y                      -       A->Y    F     XNOR2x1_ASAP7_75t_SL       1  2.5    21    20     377    (-,-) 
  g85761/Y                      -       A->Y    R     XOR2x2_ASAP7_75t_SL        3  6.1    25    33     410    (-,-) 
  g83763/Y                      -       B->Y    F     NOR2x1_ASAP7_75t_SL        1  2.6    21    14     424    (-,-) 
  g85765/Y                      -       A2->Y   R     OAI21x1_ASAP7_75t_SL       2  3.6    32    17     442    (-,-) 
  g72008/Y                      -       A2->Y   F     AOI21x1_ASAP7_75t_SL       1  2.6    22    11     453    (-,-) 
  BF1_2_mul_170_29_g27061/Y     -       A2->Y   R     OAI21x1_ASAP7_75t_SL       1  2.7    26    15     467    (-,-) 
  BF1_2_mul_170_29_g27050/Y     -       B->Y    F     AOI21x1_ASAP7_75t_SL       1  2.6    24    12     480    (-,-) 
  g73130/Y                      -       B->Y    F     AND2x6_ASAP7_75t_SL        9 17.7    21    27     506    (-,-) 
  g70047/Y                      -       B1->Y   F     OA221x2_ASAP7_75t_SL       1  3.2    17    26     533    (-,-) 
  BF1_2_mul_170_29_g27011/Y     -       A->Y    R     XNOR2x1_ASAP7_75t_SL       1  2.1    33    14     546    (-,-) 
  BF1_2_barrett_datai_reg[45]/D -       -       R     DFFHQx4_ASAP7_75t_SL       1    -     -     0     546    (-,-) 
#--------------------------------------------------------------------------------------------------------------------



Path 18: VIOLATED (-43 ps) Setup Check with Pin BF1_2_barrett_datai_reg[36]/CLK->D
          Group: clk
     Startpoint: (R) BF1_1_modei_reg[1]/CLK
          Clock: (R) clk
       Endpoint: (R) BF1_2_barrett_datai_reg[36]/D
          Clock: (R) clk

                     Capture       Launch     
        Clock Edge:+     540            0     
       Src Latency:+       0            0     
       Net Latency:+       0 (I)        0 (I) 
           Arrival:=     540            0     
                                              
             Setup:-       9                  
       Uncertainty:-      27                  
     Required Time:=     504                  
      Launch Clock:-       0                  
         Data Path:-     547                  
             Slack:=     -43                  

#--------------------------------------------------------------------------------------------------------------------
#         Timing Point          Flags    Arc    Edge         Cell           Fanout Load Trans Delay Arrival Instance 
#                                                                                  (fF)  (ps)  (ps)   (ps)  Location 
#--------------------------------------------------------------------------------------------------------------------
  BF1_1_modei_reg[1]/CLK        -       -       R     (arrival)               2845    -     0     0       0    (-,-) 
  BF1_1_modei_reg[1]/QN         -       CLK->QN R     DFFHQNx2_ASAP7_75t_SL      1  4.0    26    41      41    (-,-) 
  g79604/Y                      -       A->Y    F     INVx4_ASAP7_75t_SL         3  5.1    14     8      49    (-,-) 
  g79606/Y                      -       B->Y    F     AND3x4_ASAP7_75t_SL        1  6.5    16    23      72    (-,-) 
  fopt88191/Y                   -       A->Y    R     INVx8_ASAP7_75t_SL         4 12.5    16    10      82    (-,-) 
  g85810/Y                      -       A->Y    R     BUFx12f_ASAP7_75t_SL       6 20.2    17    17     100    (-,-) 
  g66917/Y                      -       A->Y    R     BUFx12f_ASAP7_75t_SL      12 21.5    18    18     118    (-,-) 
  g66916/Y                      -       A->Y    F     INVx5_ASAP7_75t_SL         2  5.3    11     7     124    (-,-) 
  g85811/Y                      -       B2->Y   F     AO22x2_ASAP7_75t_SL        2  6.0    22    25     149    (-,-) 
  fopt74738/Y                   -       A->Y    F     BUFx12f_ASAP7_75t_SL       7 19.9    15    19     168    (-,-) 
  fopt74731/Y                   -       A->Y    R     INVx6_ASAP7_75t_SL         4  6.1    12     8     176    (-,-) 
  BF1_2_mul_170_29_g65687/Y     -       A2->Y   R     OA22x2_ASAP7_75t_SL        2  4.0    19    21     197    (-,-) 
  BF1_2_mul_170_29_g28481/Y     -       A1->Y   F     OAI22x1_ASAP7_75t_SL       2  4.2    35    17     214    (-,-) 
  BF1_2_mul_170_29_g28244/Y     -       B->Y    R     XNOR2x2_ASAP7_75t_SL       1  2.6    15    26     240    (-,-) 
  BF1_2_mul_170_29_g29716/Y     -       A->Y    F     XNOR2x2_ASAP7_75t_SL       2  3.8    16    28     268    (-,-) 
  BF1_2_mul_170_29_g84133/Y     -       A->Y    F     XOR2x2_ASAP7_75t_SL        1  2.5    13    22     290    (-,-) 
  BF1_2_mul_170_29_g84132/Y     -       A->Y    R     XOR2x2_ASAP7_75t_SL        2  4.2    19    28     318    (-,-) 
  BF1_2_mul_170_29_g84134/Y     -       B->Y    R     XOR2x1_ASAP7_75t_SL        1  2.5    24    19     337    (-,-) 
  BF1_2_mul_170_29_g27429/Y     -       B->Y    F     XNOR2x2_ASAP7_75t_SL       2  4.2    17    29     366    (-,-) 
  BF1_2_mul_170_29_g64685/Y     -       B->Y    R     XNOR2x2_ASAP7_75t_SL       1  3.2    16    24     390    (-,-) 
  g71350/Y                      -       B->Y    R     XNOR2x1_ASAP7_75t_SL       2  3.8    32    19     409    (-,-) 
  g40/Y                         -       A->Y    R     OR2x2_ASAP7_75t_SL         2  4.4    19    23     432    (-,-) 
  fopt72012/Y                   -       A->Y    F     INVx3_ASAP7_75t_SL         1  2.7    10     6     438    (-,-) 
  g72008/Y                      -       B->Y    R     AOI21x1_ASAP7_75t_SL       1  2.6    26    13     452    (-,-) 
  BF1_2_mul_170_29_g27061/Y     -       A2->Y   F     OAI21x1_ASAP7_75t_SL       1  2.7    21    11     463    (-,-) 
  BF1_2_mul_170_29_g27050/Y     -       B->Y    R     AOI21x1_ASAP7_75t_SL       1  2.6    25    16     479    (-,-) 
  g73130/Y                      -       B->Y    R     AND2x6_ASAP7_75t_SL        9 17.7    25    27     505    (-,-) 
  g77098/Y                      -       A->Y    F     INVx8_ASAP7_75t_SL         6 11.7    15     9     514    (-,-) 
  g83801/Y                      -       A1->Y   R     AOI21x1_ASAP7_75t_SL       1  3.2    27    15     529    (-,-) 
  g83800/Y                      -       A->Y    R     XOR2x1_ASAP7_75t_SL        1  2.1    23    19     547    (-,-) 
  BF1_2_barrett_datai_reg[36]/D -       -       R     DFFHQx4_ASAP7_75t_SL       1    -     -     0     547    (-,-) 
#--------------------------------------------------------------------------------------------------------------------



Path 19: VIOLATED (-43 ps) Setup Check with Pin BF1_2_barrett_datai_reg[36]/CLK->D
          Group: clk
     Startpoint: (R) BF1_1_modei_reg[2]/CLK
          Clock: (R) clk
       Endpoint: (R) BF1_2_barrett_datai_reg[36]/D
          Clock: (R) clk

                     Capture       Launch     
        Clock Edge:+     540            0     
       Src Latency:+       0            0     
       Net Latency:+       0 (I)        0 (I) 
           Arrival:=     540            0     
                                              
             Setup:-       9                  
       Uncertainty:-      27                  
     Required Time:=     504                  
      Launch Clock:-       0                  
         Data Path:-     547                  
             Slack:=     -43                  

#-------------------------------------------------------------------------------------------------------------------
#         Timing Point          Flags    Arc   Edge         Cell           Fanout Load Trans Delay Arrival Instance 
#                                                                                 (fF)  (ps)  (ps)   (ps)  Location 
#-------------------------------------------------------------------------------------------------------------------
  BF1_1_modei_reg[2]/CLK        -       -      R     (arrival)               2845    -     0     0       0    (-,-) 
  BF1_1_modei_reg[2]/Q          -       CLK->Q F     DFFHQx4_ASAP7_75t_SL       1  4.6    11    44      44    (-,-) 
  fopt5/Y                       -       A->Y   R     INVx5_ASAP7_75t_SL         3  5.2    11     7      52    (-,-) 
  g79606/Y                      -       A->Y   R     AND3x4_ASAP7_75t_SL        1  6.5    18    22      73    (-,-) 
  fopt88191/Y                   -       A->Y   F     INVx8_ASAP7_75t_SL         4 12.5    14     9      82    (-,-) 
  g85810/Y                      -       A->Y   F     BUFx12f_ASAP7_75t_SL       6 20.2    15    18      99    (-,-) 
  g85812/Y                      -       A->Y   F     BUFx12f_ASAP7_75t_SL       9 15.1    12    16     116    (-,-) 
  g85822/Y                      -       A1->Y  F     AO22x2_ASAP7_75t_SL        1  4.0    17    23     138    (-,-) 
  fopt84780/Y                   -       A->Y   F     BUFx12f_ASAP7_75t_SL      15 29.3    20    20     159    (-,-) 
  fopt67838/Y                   -       A->Y   R     INVx8_ASAP7_75t_SL         4  6.5    12     8     167    (-,-) 
  BF1_2_mul_170_29_g72868/Y     -       B2->Y  R     AO22x2_ASAP7_75t_SL        2  5.3    23    23     190    (-,-) 
  BF1_2_mul_170_29_g91158/Y     -       A->Y   F     INVx4_ASAP7_75t_SL         2  3.4    11     6     196    (-,-) 
  BF1_2_mul_170_29_g28461_dup/Y -       A1->Y  F     OA22x2_ASAP7_75t_SL        1  3.2    16    20     216    (-,-) 
  g91159/Y                      -       A->Y   F     XNOR2x1_ASAP7_75t_SL       1  3.2    27    19     235    (-,-) 
  g90684/Y                      -       A->Y   F     XNOR2x1_ASAP7_75t_SL       2  4.4    28    23     258    (-,-) 
  g90687/Y                      -       A->Y   F     XNOR2x1_ASAP7_75t_SL       1  3.2    26    21     280    (-,-) 
  g85014/Y                      -       A->Y   F     XNOR2x1_ASAP7_75t_SL       2  3.7    25    22     301    (-,-) 
  g85013/Y                      -       B->Y   R     XNOR2x2_ASAP7_75t_SL       2  4.9    22    28     330    (-,-) 
  BF1_2_mul_170_29_g27395/Y     -       A->Y   R     XNOR2x1_ASAP7_75t_SL       1  2.5    25    19     349    (-,-) 
  BF1_2_mul_170_29_g64330/Y     -       B->Y   F     XNOR2x2_ASAP7_75t_SL       3  6.3    22    32     381    (-,-) 
  BF1_2_mul_170_29_g72852/Y     -       A->Y   R     XNOR2x2_ASAP7_75t_SL       1  3.1    16    24     405    (-,-) 
  g31/Y                         -       B->Y   F     NOR2x1p5_ASAP7_75t_SL      2  3.1    18    10     415    (-,-) 
  g84777/Y                      -       B->Y   F     AO21x2_ASAP7_75t_SL        2  3.6    15    22     437    (-,-) 
  BF1_2_mul_170_29_g74029/Y     -       A2->Y  R     AOI21x1_ASAP7_75t_SL       1  2.6    25    13     450    (-,-) 
  BF1_2_mul_170_29_g64692/Y     -       A2->Y  F     OAI21x1_ASAP7_75t_SL       2  4.0    26    14     464    (-,-) 
  BF1_2_mul_170_29_g27050/Y     -       A1->Y  R     AOI21x1_ASAP7_75t_SL       1  2.6    25    14     479    (-,-) 
  g73130/Y                      -       B->Y   R     AND2x6_ASAP7_75t_SL        9 17.7    25    27     505    (-,-) 
  g77098/Y                      -       A->Y   F     INVx8_ASAP7_75t_SL         6 11.7    15     9     514    (-,-) 
  g83801/Y                      -       A1->Y  R     AOI21x1_ASAP7_75t_SL       1  3.2    27    15     529    (-,-) 
  g83800/Y                      -       A->Y   R     XOR2x1_ASAP7_75t_SL        1  2.1    23    19     547    (-,-) 
  BF1_2_barrett_datai_reg[36]/D -       -      R     DFFHQx4_ASAP7_75t_SL       1    -     -     0     547    (-,-) 
#-------------------------------------------------------------------------------------------------------------------



Path 20: VIOLATED (-43 ps) Setup Check with Pin BF1_2_barrett_datai_reg[36]/CLK->D
          Group: clk
     Startpoint: (R) BF1_1_modei_reg[2]/CLK
          Clock: (R) clk
       Endpoint: (R) BF1_2_barrett_datai_reg[36]/D
          Clock: (R) clk

                     Capture       Launch     
        Clock Edge:+     540            0     
       Src Latency:+       0            0     
       Net Latency:+       0 (I)        0 (I) 
           Arrival:=     540            0     
                                              
             Setup:-       9                  
       Uncertainty:-      27                  
     Required Time:=     504                  
      Launch Clock:-       0                  
         Data Path:-     547                  
             Slack:=     -43                  

#--------------------------------------------------------------------------------------------------------------------
#         Timing Point          Flags    Arc   Edge          Cell           Fanout Load Trans Delay Arrival Instance 
#                                                                                  (fF)  (ps)  (ps)   (ps)  Location 
#--------------------------------------------------------------------------------------------------------------------
  BF1_1_modei_reg[2]/CLK        -       -      R     (arrival)                2845    -     0     0       0    (-,-) 
  BF1_1_modei_reg[2]/Q          -       CLK->Q F     DFFHQx4_ASAP7_75t_SL        1  4.6    11    44      44    (-,-) 
  fopt5/Y                       -       A->Y   R     INVx5_ASAP7_75t_SL          3  5.2    11     7      52    (-,-) 
  g79606/Y                      -       A->Y   R     AND3x4_ASAP7_75t_SL         1  6.5    18    22      73    (-,-) 
  fopt88191/Y                   -       A->Y   F     INVx8_ASAP7_75t_SL          4 12.5    14     9      82    (-,-) 
  g85810/Y                      -       A->Y   F     BUFx12f_ASAP7_75t_SL        6 20.2    15    18      99    (-,-) 
  g85812/Y                      -       A->Y   F     BUFx12f_ASAP7_75t_SL        9 15.1    12    16     116    (-,-) 
  g85822/Y                      -       A1->Y  F     AO22x2_ASAP7_75t_SL         1  4.0    17    23     138    (-,-) 
  fopt84780/Y                   -       A->Y   F     BUFx12f_ASAP7_75t_SL       15 29.3    20    20     159    (-,-) 
  fopt67838/Y                   -       A->Y   R     INVx8_ASAP7_75t_SL          4  6.5    12     8     167    (-,-) 
  BF1_2_mul_170_29_g29270/Y     -       B->Y   F     NAND2x1_ASAP7_75t_SL        1  3.1    21    11     178    (-,-) 
  g70160/Y                      -       B->Y   R     NAND2x1p5_ASAP7_75t_SL      2  5.3    32    17     195    (-,-) 
  fopt75236/Y                   -       A->Y   F     INVx3_ASAP7_75t_SL          1  2.6    13     7     202    (-,-) 
  BF1_2_mul_170_29_g83106/Y     -       B1->Y  R     AOI22x1_ASAP7_75t_SL        2  3.7    41    18     219    (-,-) 
  BF1_2_mul_170_29_g75234/Y     -       A->Y   F     XOR2x2_ASAP7_75t_SL         2  4.9    20    26     245    (-,-) 
  BF1_2_mul_170_29_g28022_dup/Y -       B->Y   F     XNOR2x1_ASAP7_75t_SL        1  2.1    18    18     263    (-,-) 
  g86258/Y                      -       A->Y   F     MAJx2_ASAP7_75t_SL          2  3.8    17    24     287    (-,-) 
  g85078/Y                      -       B->Y   R     XOR2x2_ASAP7_75t_SL         1  3.2    16    28     315    (-,-) 
  g85077/Y                      -       B->Y   R     XNOR2x1_ASAP7_75t_SL        2  4.1    36    20     335    (-,-) 
  g85079/Y                      -       A->Y   R     XNOR2x1_ASAP7_75t_SL        2  4.3    37    24     359    (-,-) 
  g84643/Y                      -       A->Y   R     XNOR2x1_ASAP7_75t_SL        1  2.4    27    21     380    (-,-) 
  g85761/Y                      -       A->Y   F     XOR2x2_ASAP7_75t_SL         3  6.1    22    26     407    (-,-) 
  g85764/Y                      -       B->Y   R     NAND2x1p5_ASAP7_75t_SL      2  3.9    22    15     422    (-,-) 
  g85765/Y                      -       B->Y   F     OAI21x1_ASAP7_75t_SL        2  3.6    25    15     437    (-,-) 
  g72008/Y                      -       A2->Y  R     AOI21x1_ASAP7_75t_SL        1  2.6    26    15     452    (-,-) 
  BF1_2_mul_170_29_g27061/Y     -       A2->Y  F     OAI21x1_ASAP7_75t_SL        1  2.7    21    11     463    (-,-) 
  BF1_2_mul_170_29_g27050/Y     -       B->Y   R     AOI21x1_ASAP7_75t_SL        1  2.6    25    16     479    (-,-) 
  g73130/Y                      -       B->Y   R     AND2x6_ASAP7_75t_SL         9 17.7    25    27     505    (-,-) 
  g77098/Y                      -       A->Y   F     INVx8_ASAP7_75t_SL          6 11.7    15     9     514    (-,-) 
  g83801/Y                      -       A1->Y  R     AOI21x1_ASAP7_75t_SL        1  3.2    27    15     529    (-,-) 
  g83800/Y                      -       A->Y   R     XOR2x1_ASAP7_75t_SL         1  2.1    23    19     547    (-,-) 
  BF1_2_barrett_datai_reg[36]/D -       -      R     DFFHQx4_ASAP7_75t_SL        1    -     -     0     547    (-,-) 
#--------------------------------------------------------------------------------------------------------------------

