TMPDIR is being set to /tmp/genus_temp_737606_7a594f7d-c54b-41fe-8b76-e0a8972483ac_engr-r940s01.engr.uidaho.edu_alco9414_P95tS6
Cadence Genus(TM) Synthesis Solution.
Copyright 2025 Cadence Design Systems, Inc. All rights reserved worldwide.
Cadence and the Cadence logo are registered trademarks and Genus is a trademark
of Cadence Design Systems, Inc. in the United States and other countries.

[11:09:10.481633] Configured Lic search path (25.01-s002): 5280@ece-cadence-lic.ece.uidaho.edu

Version: 25.12-s067_1, built Mon Nov 17 13:10:10 PST 2025
Options: -batch -files /home/alco9414/pqc/hqc/asic/asap7/scripts/genus_asap7_v2.tcl 
Date:    Tue Aug 11 11:09:10 2026
Host:    engr-r940s01.engr.uidaho.edu (x86_64 w/Linux 5.14.0-687.33.1.el9_8.x86_64) (20cores*80cpus*4physical cpus*Intel(R) Xeon(R) Gold 6148 CPU @ 2.40GHz 28160KB) (1055594532KB)
PID:     737606
OS:      Red Hat Enterprise Linux 9.8 (Plow)

Checking out license: Genus_Synthesis
[11:09:10.069128] Periodic Lic check successful
[11:09:10.593440] Feature usage summary:
[11:09:10.593441] Genus_Synthesis  
License checkout complete (0 seconds elapsed).


***********************************************************************************************************
***********************************************************************************************************



Finished executable startup (15 seconds elapsed).

Loading tool scripts...
Finished loading tool scripts (32 seconds elapsed).

#@ Processing -files option
@genus:root: 1> source /home/alco9414/pqc/hqc/asic/asap7/scripts/genus_asap7_v2.tcl
#@ Begin verbose source /home/alco9414/pqc/hqc/asic/asap7/scripts/genus_asap7_v2.tcl
@file(genus_asap7_v2.tcl) 3: set TUT   "/home/alco9414/pqc/tutorial_innovus"
@file(genus_asap7_v2.tcl) 4: set LIB_PATH   "$TUT/lib/"
@file(genus_asap7_v2.tcl) 5: set LEF_PATH   "$TUT/lef/scaled/"
@file(genus_asap7_v2.tcl) 6: set TLEF_PATH  "$TUT/techlef/"
@file(genus_asap7_v2.tcl) 8: set DESIGN  $env(GENUS_TOP)
@file(genus_asap7_v2.tcl) 9: set RTL_DIR $env(GENUS_SRCDIR)
@file(genus_asap7_v2.tcl) 10: set PERIOD  $env(GENUS_PERIOD_PS)
@file(genus_asap7_v2.tcl) 11: set OUTDIR  $env(GENUS_OUTDIR)
@file(genus_asap7_v2.tcl) 13: set LIB_LIST {  asap7sc7p5t_AO_LVT_TT_nldm_211120.lib   asap7sc7p5t_INVBUF_LVT_TT_nldm_220122.lib   asap7sc7p5t_OA_LVT_TT_nldm_211120.lib   asap7sc7p5t_SEQ_LVT_TT_nldm_220123.lib   asap7sc7p5t_SIMPLE_LVT_TT_nldm_211120.lib \
                asap7sc7p5t_AO_SLVT_TT_nldm_211120.lib  asap7sc7p5t_INVBUF_SLVT_TT_nldm_220122.lib  asap7sc7p5t_OA_SLVT_TT_nldm_211120.lib  asap7sc7p5t_SEQ_SLVT_TT_nldm_220123.lib  asap7sc7p5t_SIMPLE_SLVT_TT_nldm_211120.lib}
@file(genus_asap7_v2.tcl) 15: set LEF_LIST { asap7_tech_4x_201209.lef asap7sc7p5t_28_L_4x_220121a.lef asap7sc7p5t_28_SL_4x_220121a.lef}
@file(genus_asap7_v2.tcl) 17: set_db init_lib_search_path "$LIB_PATH $LEF_PATH $TLEF_PATH"
  Setting attribute of root '/': 'init_lib_search_path' = /home/alco9414/pqc/tutorial_innovus/lib/ /home/alco9414/pqc/tutorial_innovus/lef/scaled/ /home/alco9414/pqc/tutorial_innovus/techlef/
@file(genus_asap7_v2.tcl) 18: set_db init_hdl_search_path $RTL_DIR
  Setting attribute of root '/': 'init_hdl_search_path' = /home/alco9414/pqc/hqc/asic/arms/bf2x2_baseline
@file(genus_asap7_v2.tcl) 19: set_db / .library "$LIB_LIST"
Info    : Created nominal operating condition. [LBR-412]
        : Operating condition '_nominal_' was created for the PVT values (1.000000, 0.700000, 25.000000) in library 'asap7sc7p5t_AO_LVT_TT_nldm_211120.lib'.
        : The nominal operating condition is represented, either by the nominal PVT values specified in the library source (via nom_process,nom_voltage and nom_temperature respectively), or by the default PVT values (1.0,1.0,1.0).
Info    : Created nominal operating condition. [LBR-412]
        : Operating condition '_nominal_' was created for the PVT values (1.000000, 0.700000, 25.000000) in library 'asap7sc7p5t_INVBUF_LVT_TT_nldm_220122.lib'.
Info    : Created nominal operating condition. [LBR-412]
        : Operating condition '_nominal_' was created for the PVT values (1.000000, 0.700000, 25.000000) in library 'asap7sc7p5t_OA_LVT_TT_nldm_211120.lib'.
Info    : Created nominal operating condition. [LBR-412]
        : Operating condition '_nominal_' was created for the PVT values (1.000000, 0.700000, 25.000000) in library 'asap7sc7p5t_SEQ_LVT_TT_nldm_220123.lib'.
Info    : Created nominal operating condition. [LBR-412]
        : Operating condition '_nominal_' was created for the PVT values (1.000000, 0.700000, 25.000000) in library 'asap7sc7p5t_SIMPLE_LVT_TT_nldm_211120.lib'.
Info    : Created nominal operating condition. [LBR-412]
        : Operating condition '_nominal_' was created for the PVT values (1.000000, 0.700000, 25.000000) in library 'asap7sc7p5t_AO_SLVT_TT_nldm_211120.lib'.
Info    : Created nominal operating condition. [LBR-412]
        : Operating condition '_nominal_' was created for the PVT values (1.000000, 0.700000, 25.000000) in library 'asap7sc7p5t_INVBUF_SLVT_TT_nldm_220122.lib'.
Info    : Created nominal operating condition. [LBR-412]
        : Operating condition '_nominal_' was created for the PVT values (1.000000, 0.700000, 25.000000) in library 'asap7sc7p5t_OA_SLVT_TT_nldm_211120.lib'.
Info    : Created nominal operating condition. [LBR-412]
        : Operating condition '_nominal_' was created for the PVT values (1.000000, 0.700000, 25.000000) in library 'asap7sc7p5t_SEQ_SLVT_TT_nldm_220123.lib'.
Info    : Created nominal operating condition. [LBR-412]
        : Operating condition '_nominal_' was created for the PVT values (1.000000, 0.700000, 25.000000) in library 'asap7sc7p5t_SIMPLE_SLVT_TT_nldm_211120.lib'.
  Setting attribute of root '/': 'library' =   asap7sc7p5t_AO_LVT_TT_nldm_211120.lib   asap7sc7p5t_INVBUF_LVT_TT_nldm_220122.lib   asap7sc7p5t_OA_LVT_TT_nldm_211120.lib   asap7sc7p5t_SEQ_LVT_TT_nldm_220123.lib   asap7sc7p5t_SIMPLE_LVT_TT_nldm_211120.lib  asap7sc7p5t_AO_SLVT_TT_nldm_211120.lib  asap7sc7p5t_INVBUF_SLVT_TT_nldm_220122.lib  asap7sc7p5t_OA_SLVT_TT_nldm_211120.lib  asap7sc7p5t_SEQ_SLVT_TT_nldm_220123.lib  asap7sc7p5t_SIMPLE_SLVT_TT_nldm_211120.lib
@file(genus_asap7_v2.tcl) 20: set_db lef_library "$LEF_LIST"
Info    : Via with no resistance will have a value of '0.0' assigned for resistance value. [PHYS-129]
        : Via 'VIA9Pad' has no resistance value.
        : If this is the expected behavior, this message can be ignored.
Info    : Via with no resistance will have a value of '0.0' assigned for resistance value. [PHYS-129]
        : Via 'VIA89' has no resistance value.
Info    : Via with no resistance will have a value of '0.0' assigned for resistance value. [PHYS-129]
        : Via 'VIA78' has no resistance value.
Info    : Via with no resistance will have a value of '0.0' assigned for resistance value. [PHYS-129]
        : Via 'VIA67' has no resistance value.
Info    : Via with no resistance will have a value of '0.0' assigned for resistance value. [PHYS-129]
        : Via 'VIA56' has no resistance value.
Info    : Via with no resistance will have a value of '0.0' assigned for resistance value. [PHYS-129]
        : Via 'VIA45' has no resistance value.
Info    : Via with no resistance will have a value of '0.0' assigned for resistance value. [PHYS-129]
        : Via 'VIA34' has no resistance value.
Info    : Via with no resistance will have a value of '0.0' assigned for resistance value. [PHYS-129]
        : Via 'VIA23' has no resistance value.
Info    : Via with no resistance will have a value of '0.0' assigned for resistance value. [PHYS-129]
        : Via 'VIA12' has no resistance value.
Warning : Site already defined before, duplicated site will be ignored. [PHYS-106]
        : Site 'asap7sc7p5t' read already, this site in file '/home/alco9414/pqc/tutorial_innovus/lef/scaled//asap7sc7p5t_28_SL_4x_220121a.lef' is ignored.

  According to lef_library, there are total 10 routing layers [ V(5) / H(5) ]

Warning : Missing wire parameter. [PHYS-15]
        : 'EDGECAPACITANCE' parameter is missing for layer 'M1' [line 144 in file /home/alco9414/pqc/tutorial_innovus/techlef//asap7_tech_4x_201209.lef]
        : Check the wire parameter in LEF technology files.
Warning : Missing wire parameter. [PHYS-15]
        : 'EDGECAPACITANCE' parameter is missing for layer 'M2' [line 215 in file /home/alco9414/pqc/tutorial_innovus/techlef//asap7_tech_4x_201209.lef]
Warning : Missing wire parameter. [PHYS-15]
        : 'EDGECAPACITANCE' parameter is missing for layer 'M3' [line 279 in file /home/alco9414/pqc/tutorial_innovus/techlef//asap7_tech_4x_201209.lef]
Warning : Missing wire parameter. [PHYS-15]
        : 'EDGECAPACITANCE' parameter is missing for layer 'M4' [line 375 in file /home/alco9414/pqc/tutorial_innovus/techlef//asap7_tech_4x_201209.lef]
Warning : Missing wire parameter. [PHYS-15]
        : 'EDGECAPACITANCE' parameter is missing for layer 'M5' [line 476 in file /home/alco9414/pqc/tutorial_innovus/techlef//asap7_tech_4x_201209.lef]
Warning : Missing wire parameter. [PHYS-15]
        : 'EDGECAPACITANCE' parameter is missing for layer 'M6' [line 581 in file /home/alco9414/pqc/tutorial_innovus/techlef//asap7_tech_4x_201209.lef]
Warning : Missing wire parameter. [PHYS-15]
        : 'EDGECAPACITANCE' parameter is missing for layer 'M7' [line 679 in file /home/alco9414/pqc/tutorial_innovus/techlef//asap7_tech_4x_201209.lef]
Warning : Missing wire parameter. [PHYS-15]
        : 'EDGECAPACITANCE' parameter is missing for layer 'M8' [line 707 in file /home/alco9414/pqc/tutorial_innovus/techlef//asap7_tech_4x_201209.lef]
Warning : Missing wire parameter. [PHYS-15]
        : 'EDGECAPACITANCE' parameter is missing for layer 'M9' [line 734 in file /home/alco9414/pqc/tutorial_innovus/techlef//asap7_tech_4x_201209.lef]
Warning : Missing wire parameter. [PHYS-15]
        : 'EDGECAPACITANCE' parameter is missing for layer 'Pad' [line 761 in file /home/alco9414/pqc/tutorial_innovus/techlef//asap7_tech_4x_201209.lef]
Warning : Missing wire parameter. [PHYS-15]
        : 'CPERSQDIST' parameter is missing for layer 'M1' [line 144 in file /home/alco9414/pqc/tutorial_innovus/techlef//asap7_tech_4x_201209.lef]
Warning : Missing wire parameter. [PHYS-15]
        : 'CPERSQDIST' parameter is missing for layer 'M2' [line 215 in file /home/alco9414/pqc/tutorial_innovus/techlef//asap7_tech_4x_201209.lef]
Warning : Missing wire parameter. [PHYS-15]
        : 'CPERSQDIST' parameter is missing for layer 'M3' [line 279 in file /home/alco9414/pqc/tutorial_innovus/techlef//asap7_tech_4x_201209.lef]
Warning : Missing wire parameter. [PHYS-15]
        : 'CPERSQDIST' parameter is missing for layer 'M4' [line 375 in file /home/alco9414/pqc/tutorial_innovus/techlef//asap7_tech_4x_201209.lef]
Warning : Missing wire parameter. [PHYS-15]
        : 'CPERSQDIST' parameter is missing for layer 'M5' [line 476 in file /home/alco9414/pqc/tutorial_innovus/techlef//asap7_tech_4x_201209.lef]
Warning : Missing wire parameter. [PHYS-15]
        : 'CPERSQDIST' parameter is missing for layer 'M6' [line 581 in file /home/alco9414/pqc/tutorial_innovus/techlef//asap7_tech_4x_201209.lef]
Warning : Missing wire parameter. [PHYS-15]
        : 'CPERSQDIST' parameter is missing for layer 'M7' [line 679 in file /home/alco9414/pqc/tutorial_innovus/techlef//asap7_tech_4x_201209.lef]
Warning : Missing wire parameter. [PHYS-15]
        : 'CPERSQDIST' parameter is missing for layer 'M8' [line 707 in file /home/alco9414/pqc/tutorial_innovus/techlef//asap7_tech_4x_201209.lef]
Warning : Missing wire parameter. [PHYS-15]
        : 'CPERSQDIST' parameter is missing for layer 'M9' [line 734 in file /home/alco9414/pqc/tutorial_innovus/techlef//asap7_tech_4x_201209.lef]
Warning : Missing wire parameter. [PHYS-15]
        : 'CPERSQDIST' parameter is missing for layer 'Pad' [line 761 in file /home/alco9414/pqc/tutorial_innovus/techlef//asap7_tech_4x_201209.lef]
Warning : Maximum message print count reached. [MESG-11]
        : Maximum print count of '20' reached for message 'PHYS-15'.
Warning : The variant range of wire parameters is too large. An example of wire parameters are, a WIDTH for layer, PITCH for layer, MINSPACING for layers, etc. [PHYS-12]
        : The variant range (0.072, 8) of 'WIDTH' for layers 'M3' and 'Pad' is too large.
        : Check the consistency of the parameters, and see if you can ignore this message or you're using different LEF file with wrong parameters.
Warning : The value of the wire parameter is too big. [PHYS-13]
        : The 'WIDTH: 8' of layer 'Pad' is much bigger than others.
        : Check the consistency of the specified wire parameter.
Warning : The variant range of wire parameters is too large. An example of wire parameters are, a WIDTH for layer, PITCH for layer, MINSPACING for layers, etc. [PHYS-12]
        : The variant range (0.144, 16) of 'PITCH' for layers 'M1' and 'Pad' is too large.
Warning : The value of the wire parameter is too big. [PHYS-13]
        : The 'PITCH: 16' of layer 'Pad' is much bigger than others.
Warning : The variant range of wire parameters is too large. An example of wire parameters are, a WIDTH for layer, PITCH for layer, MINSPACING for layers, etc. [PHYS-12]
        : The variant range (0.012, 8) of 'OFFSET' for layers 'M4' and 'Pad' is too large.
Warning : The value of the wire parameter is too big. [PHYS-13]
        : The 'OFFSET: 8' of layer 'Pad' is much bigger than others.
Warning : The value of the wire parameter is too small. [PHYS-14]
        : The 'OFFSET: 0.012' of layer 'M4' is much less than others.
        : Check the consistency of the specified wire parameter.
Warning : The value of the wire parameter is too small. [PHYS-14]
        : The 'OFFSET: 0.012' of layer 'M4' is much less than others.
Warning : The value of the wire parameter is too small. [PHYS-14]
        : The 'OFFSET: 0.012' of layer 'M4' is much less than others.
Warning : The value of the wire parameter is too small. [PHYS-14]
        : The 'OFFSET: 0.012' of layer 'M4' is much less than others.
Warning : The variant range of wire parameters is too large. An example of wire parameters are, a WIDTH for layer, PITCH for layer, MINSPACING for layers, etc. [PHYS-12]
        : The variant range (0.072, 8) of 'MINSPACING' for layers 'M1' and 'Pad' is too large.
Warning : The value of the wire parameter is too big. [PHYS-13]
        : The 'MINSPACING: 8' of layer 'Pad' is much bigger than others.
Warning : Physical cell not defined in library. [PHYS-279]
        : The physical (LEF) cell DECAPx10_ASAP7_75t_L cannot be found in library.
        : Ensure that the proper library files are available and have been imported.
Warning : Physical cell not defined in library. [PHYS-279]
        : The physical (LEF) cell DECAPx1_ASAP7_75t_L cannot be found in library.
Warning : Physical cell not defined in library. [PHYS-279]
        : The physical (LEF) cell DECAPx2_ASAP7_75t_L cannot be found in library.
Warning : Physical cell not defined in library. [PHYS-279]
        : The physical (LEF) cell DECAPx2b_ASAP7_75t_L cannot be found in library.
Warning : Physical cell not defined in library. [PHYS-279]
        : The physical (LEF) cell DECAPx4_ASAP7_75t_L cannot be found in library.
Warning : Physical cell not defined in library. [PHYS-279]
        : The physical (LEF) cell DECAPx6_ASAP7_75t_L cannot be found in library.
Warning : Physical cell not defined in library. [PHYS-279]
        : The physical (LEF) cell FILLER_ASAP7_75t_L cannot be found in library.
Warning : Physical cell not defined in library. [PHYS-279]
        : The physical (LEF) cell FILLERxp5_ASAP7_75t_L cannot be found in library.
Warning : Physical cell not defined in library. [PHYS-279]
        : The physical (LEF) cell TAPCELL_ASAP7_75t_L cannot be found in library.
Warning : Physical cell not defined in library. [PHYS-279]
        : The physical (LEF) cell TAPCELL_WITH_FILLER_ASAP7_75t_L cannot be found in library.
Warning : Physical cell not defined in library. [PHYS-279]
        : The physical (LEF) cell DECAPx10_ASAP7_75t_SL cannot be found in library.
Warning : Physical cell not defined in library. [PHYS-279]
        : The physical (LEF) cell DECAPx1_ASAP7_75t_SL cannot be found in library.
Warning : Physical cell not defined in library. [PHYS-279]
        : The physical (LEF) cell DECAPx2_ASAP7_75t_SL cannot be found in library.
Warning : Physical cell not defined in library. [PHYS-279]
        : The physical (LEF) cell DECAPx2b_ASAP7_75t_SL cannot be found in library.
Warning : Physical cell not defined in library. [PHYS-279]
        : The physical (LEF) cell DECAPx4_ASAP7_75t_SL cannot be found in library.
Warning : Physical cell not defined in library. [PHYS-279]
        : The physical (LEF) cell DECAPx6_ASAP7_75t_SL cannot be found in library.
Warning : Physical cell not defined in library. [PHYS-279]
        : The physical (LEF) cell FILLER_ASAP7_75t_SL cannot be found in library.
Warning : Physical cell not defined in library. [PHYS-279]
        : The physical (LEF) cell FILLERxp5_ASAP7_75t_SL cannot be found in library.
Warning : Physical cell not defined in library. [PHYS-279]
        : The physical (LEF) cell TAPCELL_ASAP7_75t_SL cannot be found in library.
Warning : Physical cell not defined in library. [PHYS-279]
        : The physical (LEF) cell TAPCELL_WITH_FILLER_ASAP7_75t_SL cannot be found in library.
  Setting attribute of root '/': 'lef_library' = /home/alco9414/pqc/tutorial_innovus/techlef//asap7_tech_4x_201209.lef /home/alco9414/pqc/tutorial_innovus/lef/scaled//asap7sc7p5t_28_L_4x_220121a.lef /home/alco9414/pqc/tutorial_innovus/lef/scaled//asap7sc7p5t_28_SL_4x_220121a.lef
@file(genus_asap7_v2.tcl) 22: set_db hdl_error_on_blackbox false
  Setting attribute of root '/': 'hdl_error_on_blackbox' = false
@file(genus_asap7_v2.tcl) 26: set vhd [glob -nocomplain $RTL_DIR/*.vhd]
@file(genus_asap7_v2.tcl) 27: if {[llength $vhd] > 0} {
  set pkgs {}
  set rest {}
  foreach f $vhd {
    if {[string match "*sha3_pkg.vhd" $f] || [string match "*keccak_pkg.vhd" $f]} {
      lappend pkgs $f
    } else {
      lappend rest $f
    }
  }
  read_hdl -language vhdl [list $RTL_DIR/sha3_pkg.vhd $RTL_DIR/keccak_pkg.vhd]
  read_hdl -language vhdl [lsort $rest]
}
@file(genus_asap7_v2.tcl) 40: read_hdl [glob $RTL_DIR/*.v]
    reg [23:0] aj1 = 0, ajlen1 = 0;
                      |
Warning : Ignoring unsynthesizable construct. [VLOGPT-37]
        : Initial value assignment to reg in file '/home/alco9414/pqc/hqc/asic/arms/bf2x2_baseline/butterfly.v' on line 51, column 23.
        : For example, the following constructs will be ignored:
    - initial block
    - final block
    - program block
    - property block
    - sequence block
    - covergroup
    - checker block
    - gate drive strength
    - system task enable
    - reg declaration with initial value
    - specify block.
    reg [23:0] aj1 = 0, ajlen1 = 0;
                                  |
Warning : Ignoring unsynthesizable construct. [VLOGPT-37]
        : Initial value assignment to reg in file '/home/alco9414/pqc/hqc/asic/arms/bf2x2_baseline/butterfly.v' on line 51, column 35.
    reg [23:0] aj2 = 0, ajlen2_FNTT = 0;
                      |
Warning : Ignoring unsynthesizable construct. [VLOGPT-37]
        : Initial value assignment to reg in file '/home/alco9414/pqc/hqc/asic/arms/bf2x2_baseline/butterfly.v' on line 52, column 23.
    reg [23:0] aj2 = 0, ajlen2_FNTT = 0;
                                       |
Warning : Ignoring unsynthesizable construct. [VLOGPT-37]
        : Initial value assignment to reg in file '/home/alco9414/pqc/hqc/asic/arms/bf2x2_baseline/butterfly.v' on line 52, column 40.
    reg [23:0] ajlen2_INTT = 0;
                              |
Warning : Ignoring unsynthesizable construct. [VLOGPT-37]
        : Initial value assignment to reg in file '/home/alco9414/pqc/hqc/asic/arms/bf2x2_baseline/butterfly.v' on line 53, column 31.
    reg [23:0] ajlen2_MODM = 0;
                              |
Warning : Ignoring unsynthesizable construct. [VLOGPT-37]
        : Initial value assignment to reg in file '/home/alco9414/pqc/hqc/asic/arms/bf2x2_baseline/butterfly.v' on line 54, column 31.
    reg [23:0] ajlen3 = 0;
                         |
Warning : Ignoring unsynthesizable construct. [VLOGPT-37]
        : Initial value assignment to reg in file '/home/alco9414/pqc/hqc/asic/arms/bf2x2_baseline/butterfly.v' on line 57, column 26.
    reg [23:0] aj4 = 0, ajlen4 = 0, ajlen4_sub = 0;
                      |
Warning : Ignoring unsynthesizable construct. [VLOGPT-37]
        : Initial value assignment to reg in file '/home/alco9414/pqc/hqc/asic/arms/bf2x2_baseline/butterfly.v' on line 58, column 23.
    reg [23:0] aj4 = 0, ajlen4 = 0, ajlen4_sub = 0;
                                  |
Warning : Ignoring unsynthesizable construct. [VLOGPT-37]
        : Initial value assignment to reg in file '/home/alco9414/pqc/hqc/asic/arms/bf2x2_baseline/butterfly.v' on line 58, column 35.
    reg [23:0] aj4 = 0, ajlen4 = 0, ajlen4_sub = 0;
                                                  |
Warning : Ignoring unsynthesizable construct. [VLOGPT-37]
        : Initial value assignment to reg in file '/home/alco9414/pqc/hqc/asic/arms/bf2x2_baseline/butterfly.v' on line 58, column 51.
    reg [23:0] aj5 = 0, ajlen5 = 0;
                      |
Warning : Ignoring unsynthesizable construct. [VLOGPT-37]
        : Initial value assignment to reg in file '/home/alco9414/pqc/hqc/asic/arms/bf2x2_baseline/butterfly.v' on line 59, column 23.
    reg [23:0] aj5 = 0, ajlen5 = 0;
                                  |
Warning : Ignoring unsynthesizable construct. [VLOGPT-37]
        : Initial value assignment to reg in file '/home/alco9414/pqc/hqc/asic/arms/bf2x2_baseline/butterfly.v' on line 59, column 35.
    reg [23:0] adda = 0, addb = 0, suba = 0, subb = 0;
                       |
Warning : Ignoring unsynthesizable construct. [VLOGPT-37]
        : Initial value assignment to reg in file '/home/alco9414/pqc/hqc/asic/arms/bf2x2_baseline/butterfly.v' on line 62, column 24.
    reg [23:0] adda = 0, addb = 0, suba = 0, subb = 0;
                                 |
Warning : Ignoring unsynthesizable construct. [VLOGPT-37]
        : Initial value assignment to reg in file '/home/alco9414/pqc/hqc/asic/arms/bf2x2_baseline/butterfly.v' on line 62, column 34.
    reg [23:0] adda = 0, addb = 0, suba = 0, subb = 0;
                                           |
Warning : Ignoring unsynthesizable construct. [VLOGPT-37]
        : Initial value assignment to reg in file '/home/alco9414/pqc/hqc/asic/arms/bf2x2_baseline/butterfly.v' on line 62, column 44.
    reg [23:0] adda = 0, addb = 0, suba = 0, subb = 0;
                                                     |
Warning : Ignoring unsynthesizable construct. [VLOGPT-37]
        : Initial value assignment to reg in file '/home/alco9414/pqc/hqc/asic/arms/bf2x2_baseline/butterfly.v' on line 62, column 54.
    reg [23:0] adder = 0;
                        |
Warning : Ignoring unsynthesizable construct. [VLOGPT-37]
        : Initial value assignment to reg in file '/home/alco9414/pqc/hqc/asic/arms/bf2x2_baseline/butterfly.v' on line 63, column 25.
    reg [24:0] add_tmp = 0;
                          |
Warning : Ignoring unsynthesizable construct. [VLOGPT-37]
        : Initial value assignment to reg in file '/home/alco9414/pqc/hqc/asic/arms/bf2x2_baseline/butterfly.v' on line 64, column 27.
    reg [23:0] sub_tmp = 0;
                          |
Warning : Ignoring unsynthesizable construct. [VLOGPT-37]
        : Initial value assignment to reg in file '/home/alco9414/pqc/hqc/asic/arms/bf2x2_baseline/butterfly.v' on line 65, column 27.
    reg [23:0] subtractor = 0;
                             |
Warning : Ignoring unsynthesizable construct. [VLOGPT-37]
        : Initial value assignment to reg in file '/home/alco9414/pqc/hqc/asic/arms/bf2x2_baseline/butterfly.v' on line 66, column 30.
    (*keep="true"*)reg  [45:0] barrett_datai;
      |
Warning : Unused attribute. [VLOGPT-506]
        : Attribute 'keep' in file '/home/alco9414/pqc/hqc/asic/arms/bf2x2_baseline/butterfly.v' on line 72, column 7.
Warning : Maximum message print count reached. [MESG-11]
        : Maximum print count of '20' reached for message 'VLOGPT-37'.
@file(genus_asap7_v2.tcl) 41: if {[info exists env(GENUS_PARAMS)]} {
  elaborate $DESIGN -parameters $env(GENUS_PARAMS)
} else {
  elaborate $DESIGN
}
  Libraries have 334 usable logic and 46 usable sequential lib-cells.
Info    : Elaborating Design. [ELAB-1]
        : Elaborating top-level block 'butterfly2x2' from file '/home/alco9414/pqc/hqc/asic/arms/bf2x2_baseline/butterfly2x2.v'.
Warning : In legacy_ui mode, Genus creates a blackbox as description for a module is not found. Black boxes represent unresolved references in the design and are usually not expected. Another possible reason is, some libraries are not read and the tool could not get the content for some macros or lib_cells. [CDFG-428]
        : A blackbox was created for instance 'REDUCER' in file '/home/alco9414/pqc/hqc/asic/arms/bf2x2_baseline/butterfly.v' on line 81.
        : Check the kind of module a black box is. If it is a lib_cell or a macro, check why the corresponding .lib was not read in. This could be either due to a missing or faulty file or due to an incomplete init_lib_search_path attribute value making restricting access to the missing file. If it is a module of your design, verify whether the path to this module is a part of the files you read or else check that the init_hdl_search_path attribute is not missing some paths.
Info    : Done Elaborating Design. [ELAB-3]
        : Done elaborating 'butterfly2x2'.
Warning : Black-boxes are represented as unresolved references in the design. [TUI-273]
        : Cannot resolve reference to 'Barrett'.
        : Run check_design to get all unresolved instance. To resolve the reference, either load a technology library containing the cell by appending to the 'library' attribute, or read in the hdl file containing the module before performing elaboration. As the design is incomplete, synthesis results may not correspond to the entire design.
Checking for source RTL...
Check completed for source RTL.
Running Unified Mux Engine Tricks...
Completed Unified Mux Engine Tricks

Stage: post_elab
-------------------------------------------------------
| Trick             | Accepts | Rejects | Runtime (s) | 
-------------------------------------------------------
| ume_constant_bmux |       0 |       0 |        0.00 | 
| ume_merge         |       0 |       0 |        0.00 | 
| ume_ssm           |       0 |       0 |        0.00 | 
| ume_cse           |       1 |       0 |        0.04 | 
| ume_shrink        |       0 |       0 |        0.00 | 
| ume_sweep         |       0 |       0 |        0.00 | 
| ume_constant_bmux |       0 |       0 |        0.00 | 
| ume_merge         |       0 |       0 |        0.00 | 
| ume_ssm           |       0 |       0 |        0.00 | 
| ume_cse           |       0 |       0 |        0.03 | 
| ume_shrink        |       0 |       0 |        0.00 | 
| ume_sweep         |       0 |       0 |        0.00 | 
-------------------------------------------------------
Starting optimize datapath shifters [v1.0] (stage: post_elab, startdef: butterfly2x2, recur: true)
Completed optimize datapath shifters (accepts: 0, rejects: 0, runtime: 0.000s)
Starting clip mux common data inputs [v1.0] (stage: post_elab, startdef: butterfly2x2, recur: true)
Completed clip mux common data inputs (accepts: 0, rejects: 0, runtime: 0.000s)
Starting clip the non-user hierarchies [v2.0] (stage: post_elab, startdef: butterfly2x2, recur: true)
Completed clip the non-user hierarchies (accepts: 0, rejects: 0, runtime: 0.001s)
Starting basic netlist cleanup [v1.0] (stage: post_elab, startdef: butterfly2x2, recur: true)
Completed basic netlist cleanup (accepts: 0, rejects: 0, runtime: 0.000s)

Stage: post_elab
--------------------------------------------------------------------
| Transform                      | Accepts | Rejects | Runtime (s) | 
--------------------------------------------------------------------
| hlo_optimize_datapath_shifters |       0 |       0 |        0.00 | 
| hlo_clip_mux_input             |       0 |       0 |        0.00 | 
| hlo_clip                       |       0 |       0 |        0.00 | 
| hlo_cleanup                    |       0 |       0 |        0.00 | 
--------------------------------------------------------------------
UM:   flow.cputime  flow.realtime  timing.setup.tns  timing.setup.wns  snapshot
UM:*                                                                   elaborate
@file(genus_asap7_v2.tcl) 47: set PERIOD_PS $PERIOD
@file(genus_asap7_v2.tcl) 48: if {[info exists env(GENUS_SDC)]} {
  source $env(GENUS_SDC)
} else {
  create_clock -name clk -period $PERIOD [get_ports clk]
  set_input_delay  -clock clk [expr $PERIOD * 0.10] [all_inputs]
  set_output_delay -clock clk [expr $PERIOD * 0.10] [all_outputs]
}
Sourcing '/home/alco9414/pqc/hqc/asic/asap7/sdc/butterfly2x2.sdc' (Tue Aug 11 11:09:51 PDT 2026)...
#@ Begin verbose source /home/alco9414/pqc/hqc/asic/asap7/sdc/butterfly2x2.sdc
@file(butterfly2x2.sdc) 3: create_clock -name clk -period $PERIOD_PS [get_ports clk]
@file(butterfly2x2.sdc) 4: set_clock_uncertainty [expr $PERIOD_PS * 0.05] [get_clocks clk]
@file(butterfly2x2.sdc) 6: set_false_path -from [get_ports mode*]
@file(butterfly2x2.sdc) 7: set_false_path -from [get_ports rst]
@file(butterfly2x2.sdc) 9: set IO_DELAY [expr $PERIOD_PS * 0.10]
@file(butterfly2x2.sdc) 10: set_input_delay  -clock clk $IO_DELAY [get_ports {datai* zetai* acci* validi}]
@file(butterfly2x2.sdc) 11: set_output_delay -clock clk $IO_DELAY [all_outputs]
#@ End verbose source /home/alco9414/pqc/hqc/asic/asap7/sdc/butterfly2x2.sdc
@file(genus_asap7_v2.tcl) 56: set_db syn_generic_effort high
  Setting attribute of root '/': 'syn_generic_effort' = high
@file(genus_asap7_v2.tcl) 57: set_db syn_map_effort     high
  Setting attribute of root '/': 'syn_map_effort' = high
@file(genus_asap7_v2.tcl) 58: set_db syn_opt_effort     high
  Setting attribute of root '/': 'syn_opt_effort' = high
@file(genus_asap7_v2.tcl) 60: if {[llength [glob -nocomplain $OUTDIR/*]] > 0} {
  puts "ERROR: OUTDIR $OUTDIR is not empty. Refusing to overwrite."
  exit 1
}
@file(genus_asap7_v2.tcl) 65: proc stamp ...
@file(genus_asap7_v2.tcl) 70: stamp "syn_generic START"
===== [2026-08-11_11:09:51] syn_generic START
@file(genus_asap7_v2.tcl) 71: syn_generic
stamp 'PBS_Generic-Start' being created for table 'pbs_debug'

  Total Time (Wall) |  Stage Time (Wall)  |   % (Wall)   |    Date - Time     |  Memory   | Stage
--------------------+---------------------+--------------+--------------------+-----------+----------------------
 00:01:00(00:00:38) |  00:00:00(00:00:00) |   0.0(  0.0) |   11:09:51 (Aug11) |  995.0 MB | PBS_Generic-Start
--------------------+---------------------+--------------+--------------------+-----------+----------------------
Number of threads: 8 * 1   (id: pbs_debug, time_info v1.57)
Info: (*N*) indicates data that was populated from previously saved time_info database
Info: CPU time includes time of parent + longest thread

Stage: pre_early_cg
-----------------------------------------------
| Transform | Accepts | Rejects | Runtime (s) | 
-----------------------------------------------
-----------------------------------------------
Mapping ChipWare ICG instances in butterfly2x2
Found 0 unmapped ChipWare ICG instances
Mapped 0 of 0 ChipWare ICG instances
##Generic Timing Info: typical gate delay   22.2 ps   std_slew:    4.2 ps   std_load:  1.0 fF  for library domain _default_
Starting mux data reorder optimization [v1.0] (stage: pre_to_gen_setup, startdef: butterfly2x2, recur: true)
Completed mux data reorder optimization (accepts: 0, rejects: 0, runtime: 0.000s)

Stage: pre_to_gen_setup
-----------------------------------------------------
| Transform       | Accepts | Rejects | Runtime (s) | 
-----------------------------------------------------
| hlo_mux_reorder |       0 |       0 |        0.00 | 
-----------------------------------------------------
Running DP early constant propagation (netlist butterfly2x2)...
Running DP early redundancy removal
Completed DP early redundancy removal on butterfly2x2 (runtime = 0.1s)
Multi-threaded constant propagation [4|0] ...
Info    : Replacing a flip-flop with a logic constant 0. [GLO-12]
        : The instance is 'BF2_2/ajlen3_reg[23]'.
        : To prevent this optimization, set the 'optimize_constant_0_flops' root attribute to 'false' or 'optimize_constant_0_seq' instance attribute to 'false'. You can also see the complete list of deleted sequential with command "report sequential -deleted" (on Reason "constant0").
Info    : Replacing a flip-flop with a logic constant 0. [GLO-12]
        : The instance is 'BF2_1/ajlen3_reg[23]'.
Info    : Replacing a flip-flop with a logic constant 0. [GLO-12]
        : The instance is 'BF1_2/ajlen3_reg[23]'.
Info    : Replacing a flip-flop with a logic constant 0. [GLO-12]
        : The instance is 'BF1_1/ajlen3_reg[23]'.
...done running DP early constant propagation (3 seconds CPU time, 4 seconds wall time, netlist butterfly2x2).
Info    : Deleting instances not driving any primary outputs. [GLO-34]
        : Deleting 4 sequential instances.
        : Optimizations such as constant propagation or redundancy removal could change the connections so a hierarchical instance does not drive any primary outputs anymore. To see the list of deleted hierarchical instances, set the 'information_level' attribute to 2 or above. If the message is truncated set the message attribute 'truncate' to false to see the complete list. To prevent this optimization, set the 'delete_unloaded_insts' root/subdesign attribute to 'false' or 'preserve' instance attribute to 'true'.
Current PLE settings:

Aspect ratio        : 1.000
Shrink factor       : 1.000
Scale of res/length : 1.000
Scale of cap/length : 1.000
Net derating factor : 1.000
Thermal factor      : 1.000
Via Resistance      : 0.000 ohm (from default)
Site size           : 1.224 um (from lef [tech+cell])

                                   Capacitance  
  Layer                             / Length         Data source:
Name        Direction Utilization  (pF/micron)       default value
------------------------------------------------
<default>       U         n/a         0.000250  

** = DEFAULT cap per unit length is used for timing analysis

                                    Resistance   
  Layer                              / Length         Data source:
Name        Direction Utilization  (ohm/micron)       default value
-------------------------------------------------
<default>       U         n/a               0.0  

** = DEFAULT res per unit length is used for timing analysis

                                        Area       
  Layer                               / Length          Data source:
Name        Direction Utilization     (micron)          lef_library
---------------------------------------------------
M1              V         0.00         0.072000    
M2              H         1.00         0.072000    
M3              V         1.00         0.072000    
M4              H         1.00         0.096000    
M5              V         1.00         0.096000    
M6              H         1.00         0.128000    
M7              V         1.00         0.128000    
M8              H         1.00         0.160000    
M9              V         1.00         0.160000    
Pad             H         1.00         8.000000 ** 

** = 'Pad' is dropped because its width (8) is too large (threshold 2)

Info    : Synthesizing. [SYNTH-1]
        : Synthesizing 'butterfly2x2' to generic gates using 'high' effort.
Running Synthesis Turbo Flow Version 4.
Info    : Partition Based Synthesis execution skipped. [PHYS-752]
        : Design size is less than the partition size '100000' for distributed generic optimization to kick in.
Starting mux data reorder optimization [v1.0] (stage: pre_to_gen_setup, startdef: butterfly2x2, recur: true)
Completed mux data reorder optimization (accepts: 0, rejects: 0, runtime: 0.020s)

Stage: pre_to_gen_setup
-----------------------------------------------------
| Transform       | Accepts | Rejects | Runtime (s) | 
-----------------------------------------------------
| hlo_mux_reorder |       0 |       0 |        0.02 | 
-----------------------------------------------------
Starting mux data reorder optimization [v1.0] (stage: post_to_gen_setup, startdef: butterfly2x2, recur: true)
Completed mux data reorder optimization (accepts: 0, rejects: 0, runtime: 0.000s)

Stage: post_to_gen_setup
-----------------------------------------------------
| Transform       | Accepts | Rejects | Runtime (s) | 
-----------------------------------------------------
| hlo_mux_reorder |       0 |       0 |        0.00 | 
-----------------------------------------------------
Current PLE settings:

Aspect ratio        : 1.000
Shrink factor       : 1.000
Scale of res/length : 1.000
Scale of cap/length : 1.000
Net derating factor : 1.000
Thermal factor      : 1.000
Via Resistance      : 0.000 ohm (from default)
Site size           : 1.224 um (from lef [tech+cell])

                                   Capacitance  
  Layer                             / Length         Data source:
Name        Direction Utilization  (pF/micron)       default value
------------------------------------------------
<default>       U         n/a         0.000250  

** = DEFAULT cap per unit length is used for timing analysis

                                    Resistance   
  Layer                              / Length         Data source:
Name        Direction Utilization  (ohm/micron)       default value
-------------------------------------------------
<default>       U         n/a               0.0  

** = DEFAULT res per unit length is used for timing analysis

                                        Area       
  Layer                               / Length          Data source:
Name        Direction Utilization     (micron)          lef_library
---------------------------------------------------
M1              V         0.00         0.072000    
M2              H         1.00         0.072000    
M3              V         1.00         0.072000    
M4              H         1.00         0.096000    
M5              V         1.00         0.096000    
M6              H         1.00         0.128000    
M7              V         1.00         0.128000    
M8              H         1.00         0.160000    
M9              V         1.00         0.160000    
Pad             H         1.00         8.000000 ** 

** = 'Pad' is dropped because its width (8) is too large (threshold 2)

Info    : Deleting instances not driving any primary outputs. [GLO-34]
        : Deleting 96 sequential instances.
Running Unified Mux Engine Tricks...
Completed Unified Mux Engine Tricks

Stage: pre_hlo_rtlopt
-----------------------------------------------
| Trick     | Accepts | Rejects | Runtime (s) | 
-----------------------------------------------
| ume_ssm   |       0 |       0 |        0.00 | 
| ume_sweep |       0 |       0 |        0.00 | 
| ume_share |       0 |       0 |        0.00 | 
-----------------------------------------------
Begin SDR optimization CTX_region 
No special hier is found 
End SDR optimization CTX_region 
Begin SDR optimization UME_region 
No special hier is found 
End SDR optimization UME_region 
Begin SDR optimization IMPL_BASED_region 
No special hier is found 
End SDR optimization IMPL_BASED_region 
Starting timing based select reordering [v1.0] (stage: pre_rtlopt, startdef: butterfly2x2, recur: true)
Completed timing based select reordering (accepts: 0, rejects: 0, runtime: 1.655s)
Starting recase case-box optimization [v1.0] (stage: pre_rtlopt, startdef: butterfly2x2, recur: true)
Completed recase case-box optimization (accepts: 0, rejects: 0, runtime: 0.000s)
Starting infer macro optimization [v1.0] (stage: pre_rtlopt, startdef: butterfly2x2, recur: true)
Completed infer macro optimization (accepts: 0, rejects: 0, runtime: 0.067s)
Starting decode mux sandwich optimization [v2.0] (stage: pre_rtlopt, startdef: butterfly2x2, recur: true)
Completed decode mux sandwich optimization (accepts: 0, rejects: 0, runtime: 0.001s)
Starting decode mux optimization [v1.0] (stage: pre_rtlopt, startdef: butterfly2x2, recur: true)
Completed decode mux optimization (accepts: 0, rejects: 0, runtime: 0.000s)
Starting chop wide muxes [v1.0] (stage: pre_rtlopt, startdef: butterfly2x2, recur: true)
Completed chop wide muxes (accepts: 0, rejects: 0, runtime: 0.000s)
Starting common data mux cascade opt [v1.0] (stage: pre_rtlopt, startdef: butterfly2x2, recur: true)
Completed common data mux cascade opt (accepts: 0, rejects: 0, runtime: 0.001s)
Starting mux input consolidation [v1.0] (stage: pre_rtlopt, startdef: butterfly2x2, recur: true)
Completed mux input consolidation (accepts: 0, rejects: 0, runtime: 0.001s)
Starting constant-data mux optimization [v1.0] (stage: pre_rtlopt, startdef: butterfly2x2, recur: true)
Completed constant-data mux optimization (accepts: 0, rejects: 0, runtime: 0.001s)
Starting chain-to-tree inequality transform [v2.0] (stage: pre_rtlopt, startdef: butterfly2x2, recur: true)
Completed chain-to-tree inequality transform (accepts: 0, rejects: 0, runtime: 0.069s)
Starting reconvergence optimization [v1.0] (stage: pre_rtlopt, startdef: butterfly2x2, recur: true)
Completed reconvergence optimization (accepts: 0, rejects: 0, runtime: 0.001s)
Starting logic restructure optimization [v1.0] (stage: pre_rtlopt, startdef: butterfly2x2, recur: true)
Completed logic restructure optimization (accepts: 0, rejects: 0, runtime: 0.006s)
Starting identity transform [v3.0] (stage: pre_rtlopt, startdef: butterfly2x2, recur: true)
Completed identity transform (accepts: 0, rejects: 2, runtime: 0.002s)
Starting reduce operator chain [v1.0] (stage: pre_rtlopt, startdef: butterfly2x2, recur: true)
Completed reduce operator chain (accepts: 0, rejects: 0, runtime: 0.001s)
Starting common data mux cascade opt [v1.0] (stage: pre_rtlopt, startdef: butterfly2x2, recur: true)
Completed common data mux cascade opt (accepts: 0, rejects: 0, runtime: 0.000s)
Starting mux input consolidation [v1.0] (stage: pre_rtlopt, startdef: butterfly2x2, recur: true)
Completed mux input consolidation (accepts: 0, rejects: 0, runtime: 0.002s)
Starting optimize datapath elements [v1.0] (stage: pre_rtlopt, startdef: butterfly2x2, recur: true)
Completed optimize datapath elements (accepts: 0, rejects: 0, runtime: 0.000s)
Starting datapath recasting [v1.0] (stage: pre_rtlopt, startdef: butterfly2x2, recur: true)
Completed datapath recasting (accepts: 0, rejects: 0, runtime: 0.000s)
Starting word-level redundancy removal [v1.0] (stage: pre_rtlopt, startdef: butterfly2x2, recur: true)
Word-level redundancy removal for def butterfly2x2 (round= 0, cands= 6, i/o= 4/3)
Word-level redundancy removal for def butterfly2x2 (round= 1, cands= 6, i/o= 4/3)
Word-level redundancy removal for def butterfly (round= 0, cands= 30, i/o= 23/21)
Word-level redundancy removal for def butterfly (round= 1, cands= 30, i/o= 23/21)
Completed word-level redundancy removal (accepts: 0, rejects: 0, runtime: 1.551s)
Starting clip mux common data inputs [v1.0] (stage: pre_rtlopt, startdef: butterfly2x2, recur: true)
Completed clip mux common data inputs (accepts: 0, rejects: 0, runtime: 0.000s)
Starting clip the non-user hierarchies [v2.0] (stage: pre_rtlopt, startdef: butterfly2x2, recur: true)
Completed clip the non-user hierarchies (accepts: 0, rejects: 0, runtime: 0.001s)
Starting basic netlist cleanup [v1.0] (stage: pre_rtlopt, startdef: butterfly2x2, recur: true)
Completed basic netlist cleanup (accepts: 0, rejects: 0, runtime: 0.000s)

Stage: pre_rtlopt
-----------------------------------------------------------------
| Transform                   | Accepts | Rejects | Runtime (s) | 
-----------------------------------------------------------------
| hlo_timing_reorder          |       0 |       0 |        1.65 | 
| hlo_recase_casebox          |       0 |       0 |        0.00 | 
| hlo_infer_macro             |       0 |       0 |        0.07 | 
| hlo_decode_mux_sandwich     |       0 |       0 |        0.00 | 
| hlo_mux_decode              |       0 |       0 |        0.00 | 
| hlo_chop_mux                |       0 |       0 |        0.00 | 
| hlo_mux_cascade_opt         |       0 |       0 |        0.00 | 
| hlo_mux_consolidation       |       0 |       0 |        0.00 | 
| hlo_constant_mux_opt        |       0 |       0 |        0.00 | 
| hlo_inequality_transform    |       0 |       0 |        0.07 | 
| hlo_reconv_opt              |       0 |       0 |        0.00 | 
| hlo_restructure             |       0 |       0 |        0.01 | 
| hlo_identity_transform      |       0 |       2 |        0.00 | 
| hlo_reduce_operator_chain   |       0 |       0 |        0.00 | 
| hlo_mux_cascade_opt         |       0 |       0 |        0.00 | 
| hlo_mux_consolidation       |       0 |       0 |        0.00 | 
| hlo_optimize_datapath       |       0 |       0 |        0.00 | 
| hlo_datapath_recast         |       0 |       0 |        0.00 | 
| hlo_redundancy_removal_word |       0 |       0 |        1.55 | 
| hlo_clip_mux_input          |       0 |       0 |        0.00 | 
| hlo_clip                    |       0 |       0 |        0.00 | 
| hlo_cleanup                 |       0 |       0 |        0.00 | 
-----------------------------------------------------------------
Running Unified Mux Engine Tricks...
Completed Unified Mux Engine Tricks

Stage: post_hlo_rtlopt
----------------------------------------------------------
| Trick                | Accepts | Rejects | Runtime (s) | 
----------------------------------------------------------
| ume_sweep_aggressive |       0 |       0 |        0.00 | 
| ume_runtime          |       0 |       0 |        0.00 | 
----------------------------------------------------------
Number of big hc bmuxes before = 0

==========================
 Sanity Check for PRE-DATAPATH 
==========================
                Boundary check : PASS (TOTAL:   49, PASS:   49, BREAK:    0, SKIPPED:    0)
     Hw code and builder check : PASS (TOTAL:    0, PASS:    0, BREAK:    0, SKIPPED:    0)
 PhaseTable connectivity check : PASS (TOTAL:   24, PASS:   24, BREAK:    0, SKIPPED:    0)
          Rebuildability check : PASS (TOTAL:   20, PASS:   20, BREAK:    0, SKIPPED:    0)
==========================

Info    : Pre-processed datapath logic. [DPOPT-6]
        : Pre-processing optimizations applied to datapath logic in 'butterfly2x2':
          live_trim(1) 

==========================
 Sanity Check for POST-PREPARE-NETLIST 
==========================
 PhaseTable connectivity check : PASS
==========================

Info    : Optimizing datapath logic. [DPOPT-1]
        : Optimizing datapath logic in 'butterfly2x2'.

==========================
 Sanity Check for POST-TIM-MODEL 
==========================
        Model conversion check : PASS (TOTAL:  177, PASS:  177, BREAK:    0, SKIPPED:    0)
==========================

Info    : Implementing datapath configurations. [DPOPT-3]
        : Implementing datapath configurations for 'CDN_DP_region_1_14'
  CSAGen Prep Share:0 Re-Write:0 Speculation: 0

Warning : Ungrouping the instance/module as 'false' cannot be set on tool_generated hierarchies. [GLO-61]
        : The 'false' setting on the 'CDN_DP_region_1_14_c7' tool_generated module is being ignored.
        : Kindly check the script whether the ungroup_ok is set to false. Alternately it can be set to 'strict_no' to disable ungrouping but this can impact PPA.
Warning : Inferred datapath logic has changed and cannot be considered for datapath optimizations. [RTLOPT-55]
        : Module 'CDN_DP_region_1_14_c7' has been invalidated for datapath optimizations.
        : For best results, ensure this command is issued after syn_map, when all datapath optimizations have finished.
Warning : Ungrouping the instance/module as 'false' cannot be set on tool_generated hierarchies. [GLO-61]
        : The 'false' setting on the 'CDN_DP_region_1_14_c7' tool_generated module is being ignored.
Warning : Inferred datapath logic has changed and cannot be considered for datapath optimizations. [RTLOPT-55]
        : Module 'CDN_DP_region_1_14_c7' has been invalidated for datapath optimizations.
Warning : Ungrouping the instance/module as 'false' cannot be set on tool_generated hierarchies. [GLO-61]
        : The 'false' setting on the 'CDN_DP_region_1_14_c7' tool_generated module is being ignored.
Warning : Inferred datapath logic has changed and cannot be considered for datapath optimizations. [RTLOPT-55]
        : Module 'CDN_DP_region_1_14_c7' has been invalidated for datapath optimizations.
Warning : Ungrouping the instance/module as 'false' cannot be set on tool_generated hierarchies. [GLO-61]
        : The 'false' setting on the 'CDN_DP_region_1_14_c7' tool_generated module is being ignored.
Warning : Inferred datapath logic has changed and cannot be considered for datapath optimizations. [RTLOPT-55]
        : Module 'CDN_DP_region_1_14_c7' has been invalidated for datapath optimizations.
Warning : Ungrouping the instance/module as 'false' cannot be set on tool_generated hierarchies. [GLO-61]
        : The 'false' setting on the 'CDN_DP_region_1_14_c7' tool_generated module is being ignored.
Warning : Inferred datapath logic has changed and cannot be considered for datapath optimizations. [RTLOPT-55]
        : Module 'CDN_DP_region_1_14_c7' has been invalidated for datapath optimizations.
Warning : Ungrouping the instance/module as 'false' cannot be set on tool_generated hierarchies. [GLO-61]
        : The 'false' setting on the 'CDN_DP_region_1_14_c7' tool_generated module is being ignored.
Warning : Inferred datapath logic has changed and cannot be considered for datapath optimizations. [RTLOPT-55]
        : Module 'CDN_DP_region_1_14_c7' has been invalidated for datapath optimizations.
Warning : Ungrouping the instance/module as 'false' cannot be set on tool_generated hierarchies. [GLO-61]
        : The 'false' setting on the 'CDN_DP_region_1_14_c7' tool_generated module is being ignored.
Warning : Inferred datapath logic has changed and cannot be considered for datapath optimizations. [RTLOPT-55]
        : Module 'CDN_DP_region_1_14_c7' has been invalidated for datapath optimizations.
Warning : Ungrouping the instance/module as 'false' cannot be set on tool_generated hierarchies. [GLO-61]
        : The 'false' setting on the 'CDN_DP_region_1_14_c7' tool_generated module is being ignored.
Warning : Inferred datapath logic has changed and cannot be considered for datapath optimizations. [RTLOPT-55]
        : Module 'CDN_DP_region_1_14_c7' has been invalidated for datapath optimizations.
Warning : Ungrouping the instance/module as 'false' cannot be set on tool_generated hierarchies. [GLO-61]
        : The 'false' setting on the 'CDN_DP_region_1_14_c7' tool_generated module is being ignored.
Warning : Inferred datapath logic has changed and cannot be considered for datapath optimizations. [RTLOPT-55]
        : Module 'CDN_DP_region_1_14_c7' has been invalidated for datapath optimizations.
Warning : Ungrouping the instance/module as 'false' cannot be set on tool_generated hierarchies. [GLO-61]
        : The 'false' setting on the 'CDN_DP_region_1_14_c7' tool_generated module is being ignored.
Warning : Inferred datapath logic has changed and cannot be considered for datapath optimizations. [RTLOPT-55]
        : Module 'CDN_DP_region_1_14_c7' has been invalidated for datapath optimizations.
Warning : Ungrouping the instance/module as 'false' cannot be set on tool_generated hierarchies. [GLO-61]
        : The 'false' setting on the 'CDN_DP_region_1_14_c7' tool_generated module is being ignored.
Warning : Inferred datapath logic has changed and cannot be considered for datapath optimizations. [RTLOPT-55]
        : Module 'CDN_DP_region_1_14_c7' has been invalidated for datapath optimizations.
Warning : Ungrouping the instance/module as 'false' cannot be set on tool_generated hierarchies. [GLO-61]
        : The 'false' setting on the 'CDN_DP_region_1_14_c7' tool_generated module is being ignored.
Warning : Inferred datapath logic has changed and cannot be considered for datapath optimizations. [RTLOPT-55]
        : Module 'CDN_DP_region_1_14_c7' has been invalidated for datapath optimizations.
Warning : Ungrouping the instance/module as 'false' cannot be set on tool_generated hierarchies. [GLO-61]
        : The 'false' setting on the 'CDN_DP_region_1_14_c7' tool_generated module is being ignored.
Warning : Inferred datapath logic has changed and cannot be considered for datapath optimizations. [RTLOPT-55]
        : Module 'CDN_DP_region_1_14_c7' has been invalidated for datapath optimizations.
Warning : Ungrouping the instance/module as 'false' cannot be set on tool_generated hierarchies. [GLO-61]
        : The 'false' setting on the 'CDN_DP_region_1_14_c7' tool_generated module is being ignored.
Warning : Inferred datapath logic has changed and cannot be considered for datapath optimizations. [RTLOPT-55]
        : Module 'CDN_DP_region_1_14_c7' has been invalidated for datapath optimizations.
Warning : Ungrouping the instance/module as 'false' cannot be set on tool_generated hierarchies. [GLO-61]
        : The 'false' setting on the 'CDN_DP_region_1_14_c7' tool_generated module is being ignored.
Warning : Inferred datapath logic has changed and cannot be considered for datapath optimizations. [RTLOPT-55]
        : Module 'CDN_DP_region_1_14_c7' has been invalidated for datapath optimizations.
Warning : Ungrouping the instance/module as 'false' cannot be set on tool_generated hierarchies. [GLO-61]
        : The 'false' setting on the 'CDN_DP_region_1_14_c7' tool_generated module is being ignored.
Warning : Inferred datapath logic has changed and cannot be considered for datapath optimizations. [RTLOPT-55]
        : Module 'CDN_DP_region_1_14_c7' has been invalidated for datapath optimizations.
Warning : Ungrouping the instance/module as 'false' cannot be set on tool_generated hierarchies. [GLO-61]
        : The 'false' setting on the 'CDN_DP_region_1_14_c7' tool_generated module is being ignored.
Warning : Inferred datapath logic has changed and cannot be considered for datapath optimizations. [RTLOPT-55]
        : Module 'CDN_DP_region_1_14_c7' has been invalidated for datapath optimizations.
Warning : Ungrouping the instance/module as 'false' cannot be set on tool_generated hierarchies. [GLO-61]
        : The 'false' setting on the 'CDN_DP_region_1_14_c7' tool_generated module is being ignored.
Warning : Inferred datapath logic has changed and cannot be considered for datapath optimizations. [RTLOPT-55]
        : Module 'CDN_DP_region_1_14_c7' has been invalidated for datapath optimizations.
Warning : Ungrouping the instance/module as 'false' cannot be set on tool_generated hierarchies. [GLO-61]
        : The 'false' setting on the 'CDN_DP_region_1_14_c7' tool_generated module is being ignored.
Warning : Inferred datapath logic has changed and cannot be considered for datapath optimizations. [RTLOPT-55]
        : Module 'CDN_DP_region_1_14_c7' has been invalidated for datapath optimizations.
Warning : Ungrouping the instance/module as 'false' cannot be set on tool_generated hierarchies. [GLO-61]
        : The 'false' setting on the 'CDN_DP_region_1_14_c7' tool_generated module is being ignored.
Warning : Inferred datapath logic has changed and cannot be considered for datapath optimizations. [RTLOPT-55]
        : Module 'CDN_DP_region_1_14_c7' has been invalidated for datapath optimizations.
Warning : Maximum message print count reached. [MESG-11]
        : Maximum print count of '20' reached for message 'GLO-61'.
Warning : Maximum message print count reached. [MESG-11]
        : Maximum print count of '20' reached for message 'RTLOPT-55'.
Info    : Accepted resource sharing opportunity. [RTLOPT-30]
        : Merged the following sets of instances in 'CDN_DP_region_1_14_c1 in butterfly2x2':
	  (ADD_UNS_OP6, BF2_2_sub_172_61)
	  (ADD_UNS_OP4, BF2_1_sub_172_61)
	  (ADD_UNS_OP2, BF1_2_sub_172_61)
	  (ADD_UNS_OP, BF1_1_sub_172_61)

Info    : Accepted resource sharing opportunity. [RTLOPT-30]
        : Merged the following sets of instances in 'CDN_DP_region_1_14_c2 in butterfly2x2':
	  (ADD_UNS_OP6, BF2_2_sub_172_61)
	  (ADD_UNS_OP4, BF2_1_sub_172_61)
	  (ADD_UNS_OP2, BF1_2_sub_172_61)
	  (ADD_UNS_OP, BF1_1_sub_172_61)

Info    : Accepted resource sharing opportunity. [RTLOPT-30]
        : Merged the following sets of instances in 'CDN_DP_region_1_14_c6 in butterfly2x2':
	  (BF2_1_sub_172_61, BF2_1_sub_172_47)
	  (BF1_1_sub_172_61, BF1_1_sub_172_47)
	  (BF1_2_sub_172_61, BF1_2_sub_172_47)
	  (BF2_2_sub_172_61, BF2_2_sub_172_47)

CDN_DP_region_1_14 level = 0 loads = 0 drivers = 0
CDN_DP_region_1_14_c0 in butterfly2x2: area: 233506371930 , DP = 36  Decode = 20  Mux = 54  ctl_case = 5  other = 52  sg = slow     
    wns: 180  norm_wns:  -1.0000 
    tns:  1732
 skipped
CDN_DP_region_1_14_c1 in butterfly2x2: area: 209024318700 , CSA = 4  DP = 28  Decode = 5  Mux = 62  other = 61  sg = fast     
    wns: 401  norm_wns:  -1.0000 
    tns:  21252
 is current best
CDN_DP_region_1_14_c2 in butterfly2x2: area: 209024318700 , CSA = 4  DP = 28  Decode = 5  Mux = 62  other = 61  sg = very_slow
    wns: 401  norm_wns:  -1.0000 
    tns:  21252
 is current best
CDN_DP_region_1_14_c3 in butterfly2x2: area: 221382535300 , CSA = 4  DP = 28  Decode = 5  Mux = 54  other = 61  sg = very_fast
    wns: 112  norm_wns:  -1.0000 
    tns:  916
 is current best
CDN_DP_region_1_14_c4 in butterfly2x2: area: 221382535300 , CSA = 4  DP = 28  Decode = 5  Mux = 54  other = 61  sg = very_fast
    wns: 112  norm_wns:  -1.0000 
    tns:  916
 is current best
CDN_DP_region_1_14_c5 in butterfly2x2: area: 221382535300 , CSA = 4  DP = 28  Decode = 5  Mux = 54  other = 61  sg = very_fast
    wns: 112  norm_wns:  -1.0000 
    tns:  916
 is current best
CDN_DP_region_1_14_c6 in butterfly2x2: area: 191381899140 , CSA = 4  DP = 24  Decode = 5  Mux = 50  other = 61  sg = very_fast
    wns: 112  norm_wns:  -1.0000 
    tns:  916
 is current best
CDN_DP_region_1_14_c7 in butterfly2x2: area: 221510378920 , CSA = 4  DP = 28  Decode = 5  Mux = 54  other = 61  sg = very_fast
    wns: 112  norm_wns:  -1.0000 
    tns:  916

Best config: CDN_DP_region_1_14_c6 in butterfly2x2: area: 191381899140 , CSA = 4  DP = 24  Decode = 5  Mux = 50  other = 61  sg = very_fast
    wns: 112  norm_wns:  -1.0000 
    tns:  916
  Smallest config area : 191381899140.  Fastest config wns;  112
##>+----------------------------------------------------------------------------------------------------------------------------------------------------------------+
##>Summary table of configs (Best config is CDN_DP_region_1_14_c6)
##>+----------------------------------------------------------------------------------------------------------------------------------------------------------------+
##>                     0                  1                  2                  3                  4                  5                  6                  7            
##>+----------------------------------------------------------------------------------------------------------------------------------------------------------------+
##>           Area     233506371930       209024318700       209024318700       221382535300       221382535300       221382535300       191381899140       221510378920  
##>            WNS           -18.00             -40.10             -40.10             -11.20             -11.20             -11.20             -11.20             -11.20  
##>            TNS             1732              21252              21252                916                916                916                916                916  
##>    Num Rewrite                0                  4                  4                  4                  4                  4                  8                  0  
##>      Num Share                0                  4                  4                  0                  0                  0                  4                  0  
##>  Num Speculate                0                  0                  0                  0                  0                  0                  0                  0  
##>        Num CSA                0                  4                  4                  4                  4                  4                  4                  4  
##>         Num DP               36                 28                 28                 28                 28                 28                 24                 28  
##>     Num Decode               20                  5                  5                  5                  5                  5                  5                  5  
##>        Num Mux               54                 62                 62                 54                 54                 54                 50                 54  
##>   Num ctl_case                5                  0                  0                  0                  0                  0                  0                  0  
##>      Num other               52                 61                 61                 61                 61                 61                 61                 61  
##>     Runtime(s)                0                 10                 10                 15                 15                 15                 23                 15  
+----------------------------------------------------------------------------------------------------------------------------------------------------------------+
##>
##>

CSA report for CDN_DP_region_1_14_c6, cover 0 
---------------------------------------------------
| POs | Operation                           | FRC | 
---------------------------------------------------
| 1   | BF2_2_add_171_28                    | -   | 
|     | sharing_mux915                      | -   | 
|     | BF2_2_sub_172_61_Y_BF2_2_sub_172_47 | -   | 
---------------------------------------------------
-----------------------------------------------------------------------------------------------------------------------------------------
| Input/Output                           | Driver                 | Type | Reason | Polarity | Bitwidth | Expression                    | 
-----------------------------------------------------------------------------------------------------------------------------------------
| sharing_mux915[1]                      | BF2_2_mux_suba_125_14  | PI   | -      | unsigned | 24       | BF2_2_mux_suba_125_14[23,0]   | 
| BF2_2_add_171_28[0]                    | BF2_2_mux_suba_125_14  | PI   | -      | unsigned | 24       | BF2_2_mux_suba_125_14[23,0]   | 
| BF2_2_sub_172_61_Y_BF2_2_sub_172_47[1] | BF2_2_mux_subb_125_917 | PI   | -      | unsigned | 24       | BF2_2_mux_subb_125_917[23,0]  | 
| BF2_2_sub_172_61_Y_BF2_2_sub_172_47    | -                      | PO   | -      | unsigned | 24       | sharing_mux915                | 
|                                        |                        |      |        |          |          | -BF2_2_mux_subb_125_917[23,0] | 
-----------------------------------------------------------------------------------------------------------------------------------------
 

CSA report for CDN_DP_region_1_14_c6, cover 1 
---------------------------------------------------
| POs | Operation                           | FRC | 
---------------------------------------------------
| 1   | BF2_1_add_171_28                    | -   | 
|     | sharing_mux                         | -   | 
|     | BF2_1_sub_172_61_Y_BF2_1_sub_172_47 | -   | 
---------------------------------------------------
-----------------------------------------------------------------------------------------------------------------------------------------
| Input/Output                           | Driver                 | Type | Reason | Polarity | Bitwidth | Expression                    | 
-----------------------------------------------------------------------------------------------------------------------------------------
| sharing_mux[1]                         | BF2_1_mux_suba_125_14  | PI   | -      | unsigned | 24       | BF2_1_mux_suba_125_14[23,0]   | 
| BF2_1_add_171_28[0]                    | BF2_1_mux_suba_125_14  | PI   | -      | unsigned | 24       | BF2_1_mux_suba_125_14[23,0]   | 
| BF2_1_sub_172_61_Y_BF2_1_sub_172_47[1] | BF2_1_mux_subb_125_905 | PI   | -      | unsigned | 24       | BF2_1_mux_subb_125_905[23,0]  | 
| BF2_1_sub_172_61_Y_BF2_1_sub_172_47    | -                      | PO   | -      | unsigned | 24       | sharing_mux                   | 
|                                        |                        |      |        |          |          | -BF2_1_mux_subb_125_905[23,0] | 
-----------------------------------------------------------------------------------------------------------------------------------------
 

CSA report for CDN_DP_region_1_14_c6, cover 2 
---------------------------------------------------
| POs | Operation                           | FRC | 
---------------------------------------------------
| 1   | BF1_2_add_171_28                    | -   | 
|     | sharing_mux911                      | -   | 
|     | BF1_2_sub_172_61_Y_BF1_2_sub_172_47 | -   | 
---------------------------------------------------
-----------------------------------------------------------------------------------------------------------------------------------------
| Input/Output                           | Driver                 | Type | Reason | Polarity | Bitwidth | Expression                    | 
-----------------------------------------------------------------------------------------------------------------------------------------
| sharing_mux911[1]                      | BF1_2_mux_suba_125_14  | PI   | -      | unsigned | 24       | BF1_2_mux_suba_125_14[23,0]   | 
| BF1_2_add_171_28[0]                    | BF1_2_mux_suba_125_14  | PI   | -      | unsigned | 24       | BF1_2_mux_suba_125_14[23,0]   | 
| BF1_2_sub_172_61_Y_BF1_2_sub_172_47[1] | BF1_2_mux_subb_125_913 | PI   | -      | unsigned | 24       | BF1_2_mux_subb_125_913[23,0]  | 
| BF1_2_sub_172_61_Y_BF1_2_sub_172_47    | -                      | PO   | -      | unsigned | 24       | sharing_mux911                | 
|                                        |                        |      |        |          |          | -BF1_2_mux_subb_125_913[23,0] | 
-----------------------------------------------------------------------------------------------------------------------------------------
 

CSA report for CDN_DP_region_1_14_c6, cover 3 
---------------------------------------------------
| POs | Operation                           | FRC | 
---------------------------------------------------
| 1   | BF1_1_add_171_28                    | -   | 
|     | sharing_mux907                      | -   | 
|     | BF1_1_sub_172_61_Y_BF1_1_sub_172_47 | -   | 
---------------------------------------------------
-----------------------------------------------------------------------------------------------------------------------------------------
| Input/Output                           | Driver                 | Type | Reason | Polarity | Bitwidth | Expression                    | 
-----------------------------------------------------------------------------------------------------------------------------------------
| sharing_mux907[1]                      | BF1_1_mux_suba_125_14  | PI   | -      | unsigned | 24       | BF1_1_mux_suba_125_14[23,0]   | 
| BF1_1_add_171_28[0]                    | BF1_1_mux_suba_125_14  | PI   | -      | unsigned | 24       | BF1_1_mux_suba_125_14[23,0]   | 
| BF1_1_sub_172_61_Y_BF1_1_sub_172_47[1] | BF1_1_mux_subb_125_909 | PI   | -      | unsigned | 24       | BF1_1_mux_subb_125_909[23,0]  | 
| BF1_1_sub_172_61_Y_BF1_1_sub_172_47    | -                      | PO   | -      | unsigned | 24       | sharing_mux907                | 
|                                        |                        |      |        |          |          | -BF1_1_mux_subb_125_909[23,0] | 
-----------------------------------------------------------------------------------------------------------------------------------------
 

CSA report for CDN_DP_region_1_14_c6, cover 4 
---------------------------------------------------
| POs | Operation                           | FRC | 
---------------------------------------------------
| 1   | ADD_UNS_OP921                       | -   | 
|     | BF2_2_sub_172_61_Y_BF2_2_sub_172_47 | -   | 
---------------------------------------------------
-----------------------------------------------------------------------------------------------------------------------------------------------------------------------------------------------------------------------------------------------------------------------------------------------------------------------------------------------------------------------
| Input/Output                           | Driver                 | Type | Reason      | Polarity | Bitwidth | Expression                                                                                                                                                                                                                                             | 
-----------------------------------------------------------------------------------------------------------------------------------------------------------------------------------------------------------------------------------------------------------------------------------------------------------------------------------------------------------------------
| ADD_UNS_OP921[0]                       | BF2_2_mux_suba_125_14  | PI   | -           | unsigned | 24       | BF2_2_mux_suba_125_14[23,0]                                                                                                                                                                                                                            | 
| ADD_UNS_OP921[1]                       | concat_209             | PI   | part-select | unsigned | 23       |                                                                                                                                                                                                                                                        | 
| BF2_2_sub_172_61_Y_BF2_2_sub_172_47[1] | BF2_2_mux_subb_125_917 | PI   | -           | unsigned | 24       | BF2_2_mux_subb_125_917[23,0]                                                                                                                                                                                                                           | 
| BF2_2_sub_172_61_Y_BF2_2_sub_172_47    | -                      | PO   | -           | unsigned | 24       | BF2_2_mux_suba_125_14[23,0]                                                                                                                                                                                                                            | 
|                                        |                        |      |             |          |          | +{BF2_2_gt_172_29[0,0],BF2_2_gt_172_29[0,0],BF2_2_gt_172_29[0,0],BF2_2_gt_172_29[0,0],BF2_2_gt_172_29[0,0],BF2_2_gt_172_29[0,0],BF2_2_gt_172_29[0,0],BF2_2_gt_172_29[0,0],BF2_2_gt_172_29[0,0],BF2_2_gt_172_29[0,0],000000000000,BF2_2_gt_172_29[0,0]} | 
|                                        |                        |      |             |          |          | -BF2_2_mux_subb_125_917[23,0]                                                                                                                                                                                                                          | 
-----------------------------------------------------------------------------------------------------------------------------------------------------------------------------------------------------------------------------------------------------------------------------------------------------------------------------------------------------------------------
 

CSA report for CDN_DP_region_1_14_c6, cover 5 
---------------------------------------------------
| POs | Operation                           | FRC | 
---------------------------------------------------
| 1   | ADD_UNS_OP920                       | -   | 
|     | BF2_1_sub_172_61_Y_BF2_1_sub_172_47 | -   | 
---------------------------------------------------
-----------------------------------------------------------------------------------------------------------------------------------------------------------------------------------------------------------------------------------------------------------------------------------------------------------------------------------------------------------------------
| Input/Output                           | Driver                 | Type | Reason      | Polarity | Bitwidth | Expression                                                                                                                                                                                                                                             | 
-----------------------------------------------------------------------------------------------------------------------------------------------------------------------------------------------------------------------------------------------------------------------------------------------------------------------------------------------------------------------
| ADD_UNS_OP920[0]                       | BF2_1_mux_suba_125_14  | PI   | -           | unsigned | 24       | BF2_1_mux_suba_125_14[23,0]                                                                                                                                                                                                                            | 
| ADD_UNS_OP920[1]                       | concat_208             | PI   | part-select | unsigned | 23       |                                                                                                                                                                                                                                                        | 
| BF2_1_sub_172_61_Y_BF2_1_sub_172_47[1] | BF2_1_mux_subb_125_905 | PI   | -           | unsigned | 24       | BF2_1_mux_subb_125_905[23,0]                                                                                                                                                                                                                           | 
| BF2_1_sub_172_61_Y_BF2_1_sub_172_47    | -                      | PO   | -           | unsigned | 24       | BF2_1_mux_suba_125_14[23,0]                                                                                                                                                                                                                            | 
|                                        |                        |      |             |          |          | +{BF2_1_gt_172_29[0,0],BF2_1_gt_172_29[0,0],BF2_1_gt_172_29[0,0],BF2_1_gt_172_29[0,0],BF2_1_gt_172_29[0,0],BF2_1_gt_172_29[0,0],BF2_1_gt_172_29[0,0],BF2_1_gt_172_29[0,0],BF2_1_gt_172_29[0,0],BF2_1_gt_172_29[0,0],000000000000,BF2_1_gt_172_29[0,0]} | 
|                                        |                        |      |             |          |          | -BF2_1_mux_subb_125_905[23,0]                                                                                                                                                                                                                          | 
-----------------------------------------------------------------------------------------------------------------------------------------------------------------------------------------------------------------------------------------------------------------------------------------------------------------------------------------------------------------------
 

CSA report for CDN_DP_region_1_14_c6, cover 6 
---------------------------------------------------
| POs | Operation                           | FRC | 
---------------------------------------------------
| 1   | ADD_UNS_OP919                       | -   | 
|     | BF1_2_sub_172_61_Y_BF1_2_sub_172_47 | -   | 
---------------------------------------------------
-----------------------------------------------------------------------------------------------------------------------------------------------------------------------------------------------------------------------------------------------------------------------------------------------------------------------------------------------------------------------
| Input/Output                           | Driver                 | Type | Reason      | Polarity | Bitwidth | Expression                                                                                                                                                                                                                                             | 
-----------------------------------------------------------------------------------------------------------------------------------------------------------------------------------------------------------------------------------------------------------------------------------------------------------------------------------------------------------------------
| ADD_UNS_OP919[0]                       | BF1_2_mux_suba_125_14  | PI   | -           | unsigned | 24       | BF1_2_mux_suba_125_14[23,0]                                                                                                                                                                                                                            | 
| ADD_UNS_OP919[1]                       | concat_207             | PI   | part-select | unsigned | 23       |                                                                                                                                                                                                                                                        | 
| BF1_2_sub_172_61_Y_BF1_2_sub_172_47[1] | BF1_2_mux_subb_125_913 | PI   | -           | unsigned | 24       | BF1_2_mux_subb_125_913[23,0]                                                                                                                                                                                                                           | 
| BF1_2_sub_172_61_Y_BF1_2_sub_172_47    | -                      | PO   | -           | unsigned | 24       | BF1_2_mux_suba_125_14[23,0]                                                                                                                                                                                                                            | 
|                                        |                        |      |             |          |          | +{BF1_2_gt_172_29[0,0],BF1_2_gt_172_29[0,0],BF1_2_gt_172_29[0,0],BF1_2_gt_172_29[0,0],BF1_2_gt_172_29[0,0],BF1_2_gt_172_29[0,0],BF1_2_gt_172_29[0,0],BF1_2_gt_172_29[0,0],BF1_2_gt_172_29[0,0],BF1_2_gt_172_29[0,0],000000000000,BF1_2_gt_172_29[0,0]} | 
|                                        |                        |      |             |          |          | -BF1_2_mux_subb_125_913[23,0]                                                                                                                                                                                                                          | 
-----------------------------------------------------------------------------------------------------------------------------------------------------------------------------------------------------------------------------------------------------------------------------------------------------------------------------------------------------------------------
 

CSA report for CDN_DP_region_1_14_c6, cover 7 
---------------------------------------------------
| POs | Operation                           | FRC | 
---------------------------------------------------
| 1   | ADD_UNS_OP                          | -   | 
|     | BF1_1_sub_172_61_Y_BF1_1_sub_172_47 | -   | 
---------------------------------------------------
-----------------------------------------------------------------------------------------------------------------------------------------------------------------------------------------------------------------------------------------------------------------------------------------------------------------------------------------------------------------------
| Input/Output                           | Driver                 | Type | Reason      | Polarity | Bitwidth | Expression                                                                                                                                                                                                                                             | 
-----------------------------------------------------------------------------------------------------------------------------------------------------------------------------------------------------------------------------------------------------------------------------------------------------------------------------------------------------------------------
| ADD_UNS_OP[0]                          | BF1_1_mux_suba_125_14  | PI   | -           | unsigned | 24       | BF1_1_mux_suba_125_14[23,0]                                                                                                                                                                                                                            | 
| ADD_UNS_OP[1]                          | concat_206             | PI   | part-select | unsigned | 23       |                                                                                                                                                                                                                                                        | 
| BF1_1_sub_172_61_Y_BF1_1_sub_172_47[1] | BF1_1_mux_subb_125_909 | PI   | -           | unsigned | 24       | BF1_1_mux_subb_125_909[23,0]                                                                                                                                                                                                                           | 
| BF1_1_sub_172_61_Y_BF1_1_sub_172_47    | -                      | PO   | -           | unsigned | 24       | BF1_1_mux_suba_125_14[23,0]                                                                                                                                                                                                                            | 
|                                        |                        |      |             |          |          | +{BF1_1_gt_172_29[0,0],BF1_1_gt_172_29[0,0],BF1_1_gt_172_29[0,0],BF1_1_gt_172_29[0,0],BF1_1_gt_172_29[0,0],BF1_1_gt_172_29[0,0],BF1_1_gt_172_29[0,0],BF1_1_gt_172_29[0,0],BF1_1_gt_172_29[0,0],BF1_1_gt_172_29[0,0],000000000000,BF1_1_gt_172_29[0,0]} | 
|                                        |                        |      |             |          |          | -BF1_1_mux_subb_125_909[23,0]                                                                                                                                                                                                                          | 
-----------------------------------------------------------------------------------------------------------------------------------------------------------------------------------------------------------------------------------------------------------------------------------------------------------------------------------------------------------------------
 
##>+-----------------------------------------------------------------------------------------------------------------------------------------------------------------------------------------------------+
##>Optimization Step DEBUG Table for config CDN_DP_region_1_14_c6
##>
##>                          Step                        Area   (  % Chg)         WNS (Change)          TNS (Change)                Power   (  % Chg)        Runtime (s)        Comment                   
##>+-----------------------------------------------------------------------------------------------------------------------------------------------------------------------------------------------------+
##>createMaxCarrySave              START           233506371930 (       )    107374164.40 (        )          0 (        )                    0 (       )              
##> datapath_rewrite_one_def       START           233506371930 (  +0.00)    107374164.40 (   +0.00)          0 (       0)                    0 (  +0.00)              
##>  fast_cse_elim                 START           233506371930 (  +0.00)    107374164.40 (   +0.00)          0 (       0)                    0 (  +0.00)              
##>                                  END           228051710810 (  -2.34)    107374171.20 (   +6.80)          0 (       0)                    0 (  +0.00)           0  
##>  fast_cse_elim                 START           228051710810 (  +0.00)    107374171.20 (   +0.00)          0 (       0)                    0 (  +0.00)              
##>                                  END           228051710810 (  +0.00)    107374171.20 (   +0.00)          0 (       0)                    0 (  +0.00)           0  
##>                                  END           228051710810 (  -2.34)    107374171.20 (   +6.80)          0 (       0)                    0 (  +0.00)           0  
##> dpopt_share_one_def            START           228051710810 (  +0.00)    107374171.20 (   +0.00)          0 (       0)                    0 (  +0.00)              
##>                                  END           199968728950 ( -12.31)    107374171.20 (   +0.00)          0 (       0)                    0 (  +0.00)           9  
##> csa_opto                       START           199968728950 (  +0.00)    214748364.70 (+107374193.50)          0 (       0)                    0 (  +0.00)              
##>                                  END           199968728950 (  +0.00)    214748364.70 (   +0.00)          0 (       0)                    0 (  +0.00)           4  
##>                                  END           199968728950 ( -14.36)    214748364.70 (+107374200.30)          0 (       0)                    0 (  +0.00)          14  
##>canonicalize_by_names           START           199968728950 (  +0.00)    214748364.70 (   +0.00)          0 (       0)                    0 (  +0.00)              
##>                                  END           199968728950 (  +0.00)    214748364.70 (   +0.00)          0 (       0)                    0 (  +0.00)           0  
##>datapath_rewrite_post_csa_one_  START           199968728950 (  +0.00)    214748364.70 (   +0.00)          0 (       0)                    0 (  +0.00)              
##>                                  END           199968728950 (  +0.00)    214748364.70 (   +0.00)          0 (       0)                    0 (  +0.00)           0  
##>datapath_csa_factoring_one_gde  START           199968728950 (  +0.00)    214748364.70 (   +0.00)          0 (       0)                    0 (  +0.00)              
##>                                  END           199968728950 (  +0.00)    214748364.70 (   +0.00)          0 (       0)                    0 (  +0.00)           0  
##>dpopt_share_one_def             START           199968728950 (  +0.00)    214748364.70 (   +0.00)          0 (       0)                    0 (  +0.00)              
##>                                  END           199968728950 (  +0.00)    214748364.70 (   +0.00)          0 (       0)                    0 (  +0.00)           0  
##>datapath_rewrite_post_share     START           199968728950 (  +0.00)    214748364.70 (   +0.00)          0 (       0)                    0 (  +0.00)              
##>                                  END           199968728950 (  +0.00)    214748364.70 (   +0.00)          0 (       0)                    0 (  +0.00)           0  
##>dp_combine_const_mult_with_com  START           199968728950 (  +0.00)    214748364.70 (   +0.00)          0 (       0)                    0 (  +0.00)              
##>                                  END           199968728950 (  +0.00)    214748364.70 (   +0.00)          0 (       0)                    0 (  +0.00)           0  
##>speculate_in_gdef               START           199968728950 (  +0.00)    214748364.70 (   +0.00)          0 (       0)                    0 (  +0.00)              
##> pre_speculate_mux_merge        START           199968728950 (  +0.00)    214748364.70 (   +0.00)          0 (       0)                    0 (  +0.00)              
##>                                  END           199968728950 (  +0.00)    214748364.70 (   +0.00)          0 (       0)                    0 (  +0.00)           0  
##>                                  END           199968728950 (  +0.00)    214748364.70 (   +0.00)          0 (       0)                    0 (  +0.00)           0  
##>dp_operator_level_decompositio  START           199968728950 (  +0.00)    214748364.70 (   +0.00)          0 (       0)                    0 (  +0.00)              
##>                                  END           199968728950 (  +0.00)    214748364.70 (   +0.00)          0 (       0)                    0 (  +0.00)           0  
##>selective_flatten_dp_config     START           199968728950 (  +0.00)    214748364.70 (   +0.00)          0 (       0)                    0 (  +0.00)              
##>                                  END           199968728950 (  +0.00)    214748364.70 (   +0.00)          0 (       0)                    0 (  +0.00)           0  
##>createMaxCarrySave              START           199968728950 (  +0.00)    214748364.70 (   +0.00)          0 (       0)                    0 (  +0.00)              
##> datapath_rewrite_one_def       START           199968728950 (  +0.00)    214748364.70 (   +0.00)          0 (       0)                    0 (  +0.00)              
##>  fast_cse_elim                 START           199968728950 (  +0.00)    214748364.70 (   +0.00)          0 (       0)                    0 (  +0.00)              
##>                                  END           199968728950 (  +0.00)    214748364.70 (   +0.00)          0 (       0)                    0 (  +0.00)           0  
##>  fast_cse_elim                 START           199968728950 (  +0.00)    214748364.70 (   +0.00)          0 (       0)                    0 (  +0.00)              
##>                                  END           199968728950 (  +0.00)    214748364.70 (   +0.00)          0 (       0)                    0 (  +0.00)           0  
##>  rewrite                       START           199968728950 (  +0.00)    214748364.70 (   +0.00)          0 (       0)                    0 (  +0.00)              (na,csaa) add_c_with_select_version1 --> add_c_with_select_version2
##>                                  END           200629254320 (  +0.33)    214748364.70 (   +0.00)          0 (       0)                    0 (  +0.00)           0  
##>  rewrite                       START           199968728950 (  -0.33)    214748364.70 (   +0.00)          0 (       0)                    0 (  +0.00)              (a,ar) add_c_ohmux_version1 --> add_c_ohmux_version2
##>                                  END           200629254320 (  +0.33)    214748364.70 (   +0.00)          0 (       0)                    0 (  +0.00)           0  
##>  rewrite                       START           200629254320 (  +0.00)    214748364.70 (   +0.00)          0 (       0)                    0 (  +0.00)              (a,ar) add_c_ohmux_version1 --> add_c_ohmux_version2
##>                                  END           201289779690 (  +0.33)    214748364.70 (   +0.00)          0 (       0)                    0 (  +0.00)           0  
##>  rewrite                       START           201289779690 (  +0.00)    214748364.70 (   +0.00)          0 (       0)                    0 (  +0.00)              (a,ar) add_c_ohmux_version1 --> add_c_ohmux_version2
##>                                  END           201950305060 (  +0.33)    214748364.70 (   +0.00)          0 (       0)                    0 (  +0.00)           0  
##>  rewrite                       START           201950305060 (  +0.00)    214748364.70 (   +0.00)          0 (       0)                    0 (  +0.00)              (a,ar) add_c_ohmux_version1 --> add_c_ohmux_version2
##>                                  END           202610830430 (  +0.33)    214748364.70 (   +0.00)          0 (       0)                    0 (  +0.00)           0  
##>  fast_cse_elim                 START           202610830430 (  +0.00)    214748364.70 (   +0.00)          0 (       0)                    0 (  +0.00)              
##>                                  END           202610830430 (  +0.00)    214748364.70 (   +0.00)          0 (       0)                    0 (  +0.00)           0  
##>  fast_cse_elim                 START           202610830430 (  +0.00)    214748364.70 (   +0.00)          0 (       0)                    0 (  +0.00)              
##>                                  END           202610830430 (  +0.00)    214748364.70 (   +0.00)          0 (       0)                    0 (  +0.00)           0  
##>                                  END           202610830430 (  +1.32)    214748364.70 (   +0.00)          0 (       0)                    0 (  +0.00)           0  
##> dpopt_share_one_def            START           202610830430 (  +0.00)    214748364.70 (   +0.00)          0 (       0)                    0 (  +0.00)              
##>                                  END           202610830430 (  +0.00)    214748364.70 (   +0.00)          0 (       0)                    0 (  +0.00)           0  
##> csa_opto                       START           202610830430 (  +0.00)    214748364.70 (   +0.00)          0 (       0)                    0 (  +0.00)              
##>                                  END           196431722130 (  -3.05)    214748364.70 (   +0.00)          0 (       0)                    0 (  +0.00)           2  
##>                                  END           196431722130 (  -1.77)    214748364.70 (   +0.00)          0 (       0)                    0 (  +0.00)           3  
##>rewrite                         START           196431722130 (  +0.00)    214748364.70 (   +0.00)          0 (       0)                    0 (  +0.00)              (a,ar) csa_add_and_inc_v2 --> csa_add_ci
##>                                  END           196431722130 (  +0.00)    214748364.70 (   +0.00)          0 (       0)                    0 (  +0.00)           0  
##>rewrite                         START           196431722130 (  +0.00)    214748364.70 (   +0.00)          0 (       0)                    0 (  +0.00)              (a,ar) csa_add_and_inc_v2 --> csa_add_ci
##>                                  END           196431722130 (  +0.00)    214748364.70 (   +0.00)          0 (       0)                    0 (  +0.00)           0  
##>rewrite                         START           196431722130 (  +0.00)    214748364.70 (   +0.00)          0 (       0)                    0 (  +0.00)              (a,ar) csa_add_and_inc_v2 --> csa_add_ci
##>                                  END           196431722130 (  +0.00)    214748364.70 (   +0.00)          0 (       0)                    0 (  +0.00)           0  
##>rewrite                         START           196431722130 (  +0.00)    214748364.70 (   +0.00)          0 (       0)                    0 (  +0.00)              (a,ar) csa_add_and_inc_v2 --> csa_add_ci
##>                                  END           196431722130 (  +0.00)    214748364.70 (   +0.00)          0 (       0)                    0 (  +0.00)           0  
##>datapath_rewrite_post_csa_one_  START           196431722130 (  +0.00)    214748364.70 (   +0.00)          0 (       0)                    0 (  +0.00)              
##>                                  END           196431722130 (  +0.00)    214748364.70 (   +0.00)          0 (       0)                    0 (  +0.00)           0  
##>datapath_csa_factoring_one_gde  START           196431722130 (  +0.00)    214748364.70 (   +0.00)          0 (       0)                    0 (  +0.00)              
##>                                  END           196431722130 (  +0.00)    214748364.70 (   +0.00)          0 (       0)                    0 (  +0.00)           0  
##>dpopt_share_one_def             START           196431722130 (  +0.00)    214748364.70 (   +0.00)          0 (       0)                    0 (  +0.00)              
##>                                  END           196431722130 (  +0.00)    214748364.70 (   +0.00)          0 (       0)                    0 (  +0.00)           0  
##>datapath_rewrite_post_share     START           196431722130 (  +0.00)    214748364.70 (   +0.00)          0 (       0)                    0 (  +0.00)              
##>                                  END           196431722130 (  +0.00)    214748364.70 (   +0.00)          0 (       0)                    0 (  +0.00)           0  
##>dp_combine_const_mult_with_com  START           196431722130 (  +0.00)    214748364.70 (   +0.00)          0 (       0)                    0 (  +0.00)              
##>                                  END           196431722130 (  +0.00)    214748364.70 (   +0.00)          0 (       0)                    0 (  +0.00)           0  
##>speculate_in_gdef               START           196431722130 (  +0.00)    214748364.70 (   +0.00)          0 (       0)                    0 (  +0.00)              
##> pre_speculate_mux_merge        START           196431722130 (  +0.00)    214748364.70 (   +0.00)          0 (       0)                    0 (  +0.00)              
##>                                  END           196431722130 (  +0.00)    214748364.70 (   +0.00)          0 (       0)                    0 (  +0.00)           0  
##>                                  END           196431722130 (  +0.00)    214748364.70 (   +0.00)          0 (       0)                    0 (  +0.00)           0  
##>dp_operator_level_decompositio  START           196431722130 (  +0.00)    214748364.70 (   +0.00)          0 (       0)                    0 (  +0.00)              
##>                                  END           196431722130 (  +0.00)    214748364.70 (   +0.00)          0 (       0)                    0 (  +0.00)           0  
##>selective_flatten_dp_config     START           196431722130 (  +0.00)    214748364.70 (   +0.00)          0 (       0)                    0 (  +0.00)              
##>                                  END           196431722130 (  +0.00)    214748364.70 (   +0.00)          0 (       0)                    0 (  +0.00)           0  
##>createMaxCarrySave              START           196431722130 (  +0.00)    214748364.70 (   +0.00)          0 (       0)                    0 (  +0.00)              
##> datapath_rewrite_one_def       START           196431722130 (  +0.00)    214748364.70 (   +0.00)          0 (       0)                    0 (  +0.00)              
##>  fast_cse_elim                 START           196431722130 (  +0.00)    214748364.70 (   +0.00)          0 (       0)                    0 (  +0.00)              
##>                                  END           196431722130 (  +0.00)    214748364.70 (   +0.00)          0 (       0)                    0 (  +0.00)           0  
##>  fast_cse_elim                 START           196431722130 (  +0.00)    214748364.70 (   +0.00)          0 (       0)                    0 (  +0.00)              
##>                                  END           196431722130 (  +0.00)    214748364.70 (   +0.00)          0 (       0)                    0 (  +0.00)           0  
##>                                  END           196431722130 (  +0.00)    214748364.70 (   +0.00)          0 (       0)                    0 (  +0.00)           0  
##> dpopt_share_one_def            START           196431722130 (  +0.00)    214748364.70 (   +0.00)          0 (       0)                    0 (  +0.00)              
##>                                  END           196431722130 (  +0.00)    214748364.70 (   +0.00)          0 (       0)                    0 (  +0.00)           0  
##> csa_opto                       START           196431722130 (  +0.00)    214748364.70 (   +0.00)          0 (       0)                    0 (  +0.00)              
##>                                  END           196431722130 (  +0.00)    214748364.70 (   +0.00)          0 (       0)                    0 (  +0.00)           2  
##>                                  END           196431722130 (  +0.00)    214748364.70 (   +0.00)          0 (       0)                    0 (  +0.00)           2  
##>context_based_simplify          START           196325185780 (  -0.05)    214748364.70 (   +0.00)          0 (       0)                    0 (  +0.00)              
##>                                  END           191381899140 (  -2.52)    214748364.70 (   +0.00)          0 (       0)                    0 (  +0.00)           0  
##>group_csa_final_adder_dp        START           191381899140 (  +0.00)    214748364.70 (   +0.00)          0 (       0)                    0 (  +0.00)              
##>                                  END           195984269460 (  +2.40)    214748364.70 (   +0.00)          0 (       0)                    0 (  +0.00)           0  
##>dpopt_flatten_critical_muxes_i  START           195984269460 (  +0.00)    214748364.70 (   +0.00)          0 (       0)                    0 (  +0.00)              
##>                                  END           195984269460 (  +0.00)    214748364.70 (   +0.00)          0 (       0)                    0 (  +0.00)           0  
##>speculate_in_gdef               START           195984269460 (  +0.00)    214748364.70 (   +0.00)          0 (       0)                    0 (  +0.00)              
##> pre_speculate_mux_merge        START           195984269460 (  +0.00)    214748364.70 (   +0.00)          0 (       0)                    0 (  +0.00)              
##>                                  END           195984269460 (  +0.00)    214748364.70 (   +0.00)          0 (       0)                    0 (  +0.00)           0  
##>                                  END           195984269460 (  +0.00)    214748364.70 (   +0.00)          0 (       0)                    0 (  +0.00)           0  
##>create_score                    START           191381899140 (  -2.35)      -11.20 (-214748375.90)        916 (     916)                    0 (  +0.00)              
##>                                  END           191381899140 (  +0.00)      -11.20 (   +0.00)        916 (       0)                    0 (  +0.00)           0  
##>+-----------------------------------------------------------------------------------------------------------------------------------------------------------------------------------------------------+
Committed config: CDN_DP_region_1_14_c6
Info    : Done implementing datapath configurations. [DPOPT-4]
        : Selected 'very_fast' configuration 6 for module 'CDN_DP_region_1_14_c6'.
          Optimizations applied to 'very_fast' configuration:
            rewriting(8), factoring(0), sharing(4), cmultcse(0), downsizing(0), speculation(0)
Info    : Implementing datapath configurations. [DPOPT-3]
        : Implementing datapath configurations for 'CDN_DP_region_1_4'
  CSAGen Prep Share:0 Re-Write:0 Speculation: 0

CDN_DP_region_1_4 level = 0 loads = 0 drivers = 0
CDN_DP_region_1_4_c0 in butterfly2x2: area: 14872474460 , DP = 2  Mux = 9  ctl_case = 3  other = 10  sg = slow     
    wns: 0  norm_wns:  -1.0000 
    tns:  0
 skipped
CDN_DP_region_1_4_c1 in butterfly2x2: area: 14595479950 , DP = 2  Mux = 9  other = 28  sg = fast     
    wns: 0  norm_wns:  -1.0000 
    tns:  0
 is current best
CDN_DP_region_1_4_c2 in butterfly2x2: area: 14595479950 , DP = 2  Mux = 9  other = 28  sg = very_slow
    wns: 0  norm_wns:  -1.0000 
    tns:  0
 is current best
CDN_DP_region_1_4_c3 in butterfly2x2: area: 14595479950 , DP = 2  Mux = 9  other = 28  sg = very_fast
    wns: 0  norm_wns:  -1.0000 
    tns:  0
 is current best
CDN_DP_region_1_4_c4 in butterfly2x2: area: 14595479950 , DP = 2  Mux = 9  other = 28  sg = very_fast
    wns: 0  norm_wns:  -1.0000 
    tns:  0
 is current best
CDN_DP_region_1_4_c5 in butterfly2x2: area: 14595479950 , DP = 2  Mux = 9  other = 28  sg = very_fast
    wns: 0  norm_wns:  -1.0000 
    tns:  0
 is current best
CDN_DP_region_1_4_c6 in butterfly2x2: area: 14595479950 , DP = 2  Mux = 9  other = 28  sg = very_fast
    wns: 0  norm_wns:  -1.0000 
    tns:  0
 is current best
CDN_DP_region_1_4_c7 in butterfly2x2: area: 14595479950 , DP = 2  Mux = 9  other = 28  sg = very_fast
    wns: 0  norm_wns:  -1.0000 
    tns:  0
 is current best
Best config: CDN_DP_region_1_4_c7 in butterfly2x2: area: 14595479950 , DP = 2  Mux = 9  other = 28  sg = very_fast
    wns: 0  norm_wns:  -1.0000 
    tns:  0
  Smallest config area : 14595479950.  Fastest config wns;  0
##>+----------------------------------------------------------------------------------------------------------------------------------------------------------------+
##>Summary table of configs (Best config is CDN_DP_region_1_4_c7)
##>+----------------------------------------------------------------------------------------------------------------------------------------------------------------+
##>                     0                  1                  2                  3                  4                  5                  6                  7            
##>+----------------------------------------------------------------------------------------------------------------------------------------------------------------+
##>           Area      14872474460        14595479950        14595479950        14595479950        14595479950        14595479950        14595479950        14595479950  
##>            WNS          +283.60            +283.60            +283.60            +283.60            +283.60            +283.60            +283.60            +283.60  
##>            TNS                0                  0                  0                  0                  0                  0                  0                  0  
##>    Num Rewrite                0                  0                  0                  0                  0                  0                  0                  0  
##>      Num Share                0                  0                  0                  0                  0                  0                  0                  0  
##>  Num Speculate                0                  0                  0                  0                  0                  0                  0                  0  
##>         Num DP                2                  2                  2                  2                  2                  2                  2                  2  
##>        Num Mux                9                  9                  9                  9                  9                  9                  9                  9  
##>   Num ctl_case                3                  0                  0                  0                  0                  0                  0                  0  
##>      Num other               10                 28                 28                 28                 28                 28                 28                 28  
##>     Runtime(s)                0                  1                  1                  1                  1                  1                  1                  1  
+----------------------------------------------------------------------------------------------------------------------------------------------------------------+
##>
##>
##>+-----------------------------------------------------------------------------------------------------------------------------------------------------------------------------------------------------+
##>Optimization Step DEBUG Table for config CDN_DP_region_1_4_c7
##>
##>                          Step                        Area   (  % Chg)         WNS (Change)          TNS (Change)                Power   (  % Chg)        Runtime (s)        Comment                   
##>+-----------------------------------------------------------------------------------------------------------------------------------------------------------------------------------------------------+
##>EquationExtraction              START            14872474460 (       )      283.60 (        )          0 (        )                    0 (       )              
##> rewrite                        START            19623995670 ( +31.95)      263.40 (  -20.20)          0 (       0)                    0 (  +0.00)              (a,ar) Expr16_from --> Expr16_to
##>                                  END            28051020955 ( +42.94)      263.40 (   +0.00)          0 (       0)                    0 (  +0.00)           0  
##> rewrite                        START            28051020955 (  +0.00)      263.40 (   +0.00)          0 (       0)                    0 (  +0.00)              (a,ar) Expr17_from --> Expr17_to
##>                                  END            36478046240 ( +30.04)      263.40 (   +0.00)          0 (       0)                    0 (  +0.00)           0  
##>                                  END            14872474460 (  +0.00)      283.60 (   +0.00)          0 (       0)                    0 (  +0.00)           0  
##>createMaxCarrySave              START            14872474460 (  +0.00)      283.60 (   +0.00)          0 (       0)                    0 (  +0.00)              
##> datapath_rewrite_one_def       START            14872474460 (  +0.00)      283.60 (   +0.00)          0 (       0)                    0 (  +0.00)              
##>                                  END            14872474460 (  +0.00)      283.60 (   +0.00)          0 (       0)                    0 (  +0.00)           0  
##> speculate_in_gdef              START            14872474460 (  +0.00)      283.60 (   +0.00)          0 (       0)                    0 (  +0.00)              
##>  pre_speculate_mux_merge       START            14872474460 (  +0.00)      283.60 (   +0.00)          0 (       0)                    0 (  +0.00)              
##>                                  END            14872474460 (  +0.00)      283.60 (   +0.00)          0 (       0)                    0 (  +0.00)           0  
##>                                  END            14872474460 (  +0.00)      283.60 (   +0.00)          0 (       0)                    0 (  +0.00)           0  
##> csa_opto                       START            14872474460 (  +0.00)      283.60 (   +0.00)          0 (       0)                    0 (  +0.00)              
##>                                  END            14872474460 (  +0.00)      283.60 (   +0.00)          0 (       0)                    0 (  +0.00)           0  
##>                                  END            14872474460 (  +0.00)      283.60 (   +0.00)          0 (       0)                    0 (  +0.00)           0  
##>canonicalize_by_names           START            14872474460 (  +0.00)      283.60 (   +0.00)          0 (       0)                    0 (  +0.00)              
##>                                  END            14872474460 (  +0.00)      283.60 (   +0.00)          0 (       0)                    0 (  +0.00)           0  
##>datapath_rewrite_post_csa_one_  START            14872474460 (  +0.00)      283.60 (   +0.00)          0 (       0)                    0 (  +0.00)              
##>                                  END            14872474460 (  +0.00)      283.60 (   +0.00)          0 (       0)                    0 (  +0.00)           0  
##>datapath_csa_factoring_one_gde  START            14872474460 (  +0.00)      283.60 (   +0.00)          0 (       0)                    0 (  +0.00)              
##>                                  END            14872474460 (  +0.00)      283.60 (   +0.00)          0 (       0)                    0 (  +0.00)           0  
##>dpopt_share_one_def             START            14872474460 (  +0.00)      283.60 (   +0.00)          0 (       0)                    0 (  +0.00)              
##>                                  END            14872474460 (  +0.00)      283.60 (   +0.00)          0 (       0)                    0 (  +0.00)           0  
##>datapath_rewrite_post_share     START            14872474460 (  +0.00)      283.60 (   +0.00)          0 (       0)                    0 (  +0.00)              
##>                                  END            14872474460 (  +0.00)      283.60 (   +0.00)          0 (       0)                    0 (  +0.00)           0  
##>dp_combine_const_mult_with_com  START            14872474460 (  +0.00)      283.60 (   +0.00)          0 (       0)                    0 (  +0.00)              
##>                                  END            14872474460 (  +0.00)      283.60 (   +0.00)          0 (       0)                    0 (  +0.00)           0  
##>speculate_in_gdef               START            14872474460 (  +0.00)      283.60 (   +0.00)          0 (       0)                    0 (  +0.00)              
##> pre_speculate_mux_merge        START            14872474460 (  +0.00)      283.60 (   +0.00)          0 (       0)                    0 (  +0.00)              
##>                                  END            14872474460 (  +0.00)      283.60 (   +0.00)          0 (       0)                    0 (  +0.00)           0  
##>                                  END            14872474460 (  +0.00)      283.60 (   +0.00)          0 (       0)                    0 (  +0.00)           0  
##>dp_operator_level_decompositio  START            14872474460 (  +0.00)      283.60 (   +0.00)          0 (       0)                    0 (  +0.00)              
##>                                  END            14872474460 (  +0.00)      283.60 (   +0.00)          0 (       0)                    0 (  +0.00)           0  
##>selective_flatten_dp_config     START            14872474460 (  +0.00)      283.60 (   +0.00)          0 (       0)                    0 (  +0.00)              
##>                                  END            14872474460 (  +0.00)      283.60 (   +0.00)          0 (       0)                    0 (  +0.00)           0  
##>createMaxCarrySave              START            14872474460 (  +0.00)      283.60 (   +0.00)          0 (       0)                    0 (  +0.00)              
##> datapath_rewrite_one_def       START            14872474460 (  +0.00)      283.60 (   +0.00)          0 (       0)                    0 (  +0.00)              
##>  fast_cse_elim                 START            14872474460 (  +0.00)      283.60 (   +0.00)          0 (       0)                    0 (  +0.00)              
##>                                  END            14627440855 (  -1.65)      283.60 (   +0.00)          0 (       0)                    0 (  +0.00)           0  
##>  fast_cse_elim                 START            14627440855 (  +0.00)      283.60 (   +0.00)          0 (       0)                    0 (  +0.00)              
##>                                  END            14627440855 (  +0.00)      283.60 (   +0.00)          0 (       0)                    0 (  +0.00)           0  
##>                                  END            14627440855 (  -1.65)      283.60 (   +0.00)          0 (       0)                    0 (  +0.00)           0  
##> speculate_in_gdef              START            14627440855 (  +0.00)      283.60 (   +0.00)          0 (       0)                    0 (  +0.00)              
##>  pre_speculate_mux_merge       START            14627440855 (  +0.00)      283.60 (   +0.00)          0 (       0)                    0 (  +0.00)              
##>                                  END            14627440855 (  +0.00)      283.60 (   +0.00)          0 (       0)                    0 (  +0.00)           0  
##>                                  END            14627440855 (  +0.00)      283.60 (   +0.00)          0 (       0)                    0 (  +0.00)           0  
##> csa_opto                       START            14627440855 (  +0.00)      283.60 (   +0.00)          0 (       0)                    0 (  +0.00)              
##>                                  END            14627440855 (  +0.00)      283.60 (   +0.00)          0 (       0)                    0 (  +0.00)           0  
##>                                  END            14627440855 (  -1.65)      283.60 (   +0.00)          0 (       0)                    0 (  +0.00)           0  
##>context_based_simplify          START            14595479950 (  -0.22)      283.60 (   +0.00)          0 (       0)                    0 (  +0.00)              
##>                                  END            14595479950 (  +0.00)      283.60 (   +0.00)          0 (       0)                    0 (  +0.00)           0  
##>group_csa_final_adder_dp        START            14595479950 (  +0.00)      283.60 (   +0.00)          0 (       0)                    0 (  +0.00)              
##>                                  END            14595479950 (  +0.00)      283.60 (   +0.00)          0 (       0)                    0 (  +0.00)           0  
##>dpopt_flatten_critical_muxes_i  START            14595479950 (  +0.00)      283.60 (   +0.00)          0 (       0)                    0 (  +0.00)              
##>                                  END            14595479950 (  +0.00)      283.60 (   +0.00)          0 (       0)                    0 (  +0.00)           0  
##>speculate_in_gdef               START            14595479950 (  +0.00)      283.60 (   +0.00)          0 (       0)                    0 (  +0.00)              
##> pre_speculate_mux_merge        START            14595479950 (  +0.00)      283.60 (   +0.00)          0 (       0)                    0 (  +0.00)              
##>                                  END            14595479950 (  +0.00)      283.60 (   +0.00)          0 (       0)                    0 (  +0.00)           0  
##>                                  END            14595479950 (  +0.00)      283.60 (   +0.00)          0 (       0)                    0 (  +0.00)           0  
##>create_score                    START            14595479950 (  +0.00)      283.60 (   +0.00)          0 (       0)                    0 (  +0.00)              
##>                                  END            14595479950 (  +0.00)      283.60 (   +0.00)          0 (       0)                    0 (  +0.00)           0  
##>+-----------------------------------------------------------------------------------------------------------------------------------------------------------------------------------------------------+
Committed config: CDN_DP_region_1_4_c7
Info    : Done implementing datapath configurations. [DPOPT-4]
        : Selected 'very_fast' configuration 7 for module 'CDN_DP_region_1_4_c7'.
          Optimizations applied to 'very_fast' configuration:
            rewriting(0), factoring(0), sharing(0), cmultcse(0), downsizing(0), speculation(0)
Info    : Implementing datapath configurations. [DPOPT-3]
        : Implementing datapath configurations for 'CDN_DP_region_1_15'
  CSAGen Prep Share:0 Re-Write:0 Speculation: 0

CDN_DP_region_1_15 level = 0 loads = 0 drivers = 0
CDN_DP_region_1_15_c0 in butterfly2x2: area: 77782189135 , DP = 1  Mux = 1  other = 2  sg = slow     
    wns: 213  norm_wns:  -1.0000 
    tns:  2769
 skipped
CDN_DP_region_1_15_c1 in butterfly2x2: area: 78037876375 , DP = 1  Mux = 1  other = 2  sg = fast     
    wns: 210  norm_wns:  -1.0000 
    tns:  2730
 is current best
CDN_DP_region_1_15_c2 in butterfly2x2: area: 78037876375 , DP = 1  Mux = 1  other = 2  sg = very_slow
    wns: 210  norm_wns:  -1.0000 
    tns:  2730
 is current best
CDN_DP_region_1_15_c3 in butterfly2x2: area: 78037876375 , DP = 1  Mux = 1  other = 2  sg = very_fast
    wns: 210  norm_wns:  -1.0000 
    tns:  2730
 is current best
CDN_DP_region_1_15_c4 in butterfly2x2: area: 78037876375 , DP = 1  Mux = 1  other = 2  sg = very_fast
    wns: 210  norm_wns:  -1.0000 
    tns:  2730
 is current best
CDN_DP_region_1_15_c5 in butterfly2x2: area: 78037876375 , DP = 1  Mux = 1  other = 2  sg = very_fast
    wns: 210  norm_wns:  -1.0000 
    tns:  2730
 is current best
CDN_DP_region_1_15_c6 in butterfly2x2: area: 78037876375 , DP = 1  Mux = 1  other = 2  sg = very_fast
    wns: 210  norm_wns:  -1.0000 
    tns:  2730
 is current best
CDN_DP_region_1_15_c7 in butterfly2x2: area: 78037876375 , DP = 1  Mux = 1  other = 2  sg = very_fast
    wns: 210  norm_wns:  -1.0000 
    tns:  2730
 is current best
Best config: CDN_DP_region_1_15_c7 in butterfly2x2: area: 78037876375 , DP = 1  Mux = 1  other = 2  sg = very_fast
    wns: 210  norm_wns:  -1.0000 
    tns:  2730
  Smallest config area : 78037876375.  Fastest config wns;  210
##>+----------------------------------------------------------------------------------------------------------------------------------------------------------------+
##>Summary table of configs (Best config is CDN_DP_region_1_15_c7)
##>+----------------------------------------------------------------------------------------------------------------------------------------------------------------+
##>                     0                  1                  2                  3                  4                  5                  6                  7            
##>+----------------------------------------------------------------------------------------------------------------------------------------------------------------+
##>           Area      77782189135        78037876375        78037876375        78037876375        78037876375        78037876375        78037876375        78037876375  
##>            WNS           -21.30             -21.00             -21.00             -21.00             -21.00             -21.00             -21.00             -21.00  
##>            TNS             2769               2730               2730               2730               2730               2730               2730               2730  
##>    Num Rewrite                0                  0                  0                  0                  0                  0                  0                  0  
##>      Num Share                0                  0                  0                  0                  0                  0                  0                  0  
##>  Num Speculate                0                  0                  0                  0                  0                  0                  0                  0  
##>         Num DP                1                  1                  1                  1                  1                  1                  1                  1  
##>        Num Mux                1                  1                  1                  1                  1                  1                  1                  1  
##>      Num other                2                  2                  2                  2                  2                  2                  2                  2  
##>     Runtime(s)                0                  0                  0                  0                  0                  0                  1                  4  
+----------------------------------------------------------------------------------------------------------------------------------------------------------------+
##>
##>
##>+-----------------------------------------------------------------------------------------------------------------------------------------------------------------------------------------------------+
##>Optimization Step DEBUG Table for config CDN_DP_region_1_15_c7
##>
##>                          Step                        Area   (  % Chg)         WNS (Change)          TNS (Change)                Power   (  % Chg)        Runtime (s)        Comment                   
##>+-----------------------------------------------------------------------------------------------------------------------------------------------------------------------------------------------------+
##>EquationExtraction              START            77782189135 (       )      -21.30 (        )       2769 (        )                    0 (       )              
##> rewrite                        START           319097675520 (+310.25)      -92.20 (  -70.90)      16863 (   14094)                    0 (  +0.00)              (a,ar) Expr18_from --> Expr18_to
##>                                  END           156097060020 ( -51.08)      -95.20 (   -3.00)      17733 (     870)                    0 (  +0.00)           1  
##>                                  END            77782189135 (  +0.00)      -21.30 (   +0.00)       2769 (       0)                    0 (  +0.00)           3  
##>createMaxCarrySave              START            77782189135 (  +0.00)      -21.30 (   +0.00)       2769 (       0)                    0 (  +0.00)              
##> datapath_rewrite_one_def       START            77782189135 (  +0.00)      -21.30 (   +0.00)       2769 (       0)                    0 (  +0.00)              
##>                                  END            77782189135 (  +0.00)      -21.30 (   +0.00)       2769 (       0)                    0 (  +0.00)           0  
##> speculate_in_gdef              START            77782189135 (  +0.00)      -21.30 (   +0.00)       2769 (       0)                    0 (  +0.00)              
##>  pre_speculate_mux_merge       START            77782189135 (  +0.00)      -21.30 (   +0.00)       2769 (       0)                    0 (  +0.00)              
##>                                  END            77782189135 (  +0.00)      -21.30 (   +0.00)       2769 (       0)                    0 (  +0.00)           0  
##>                                  END            77782189135 (  +0.00)      -21.30 (   +0.00)       2769 (       0)                    0 (  +0.00)           0  
##> csa_opto                       START            77782189135 (  +0.00)      -21.30 (   +0.00)       2769 (       0)                    0 (  +0.00)              
##>                                  END            78037876375 (  +0.33)      -21.00 (   +0.30)       2730 (     -39)                    0 (  +0.00)           0  
##>                                  END            78037876375 (  +0.33)      -21.00 (   +0.30)       2730 (     -39)                    0 (  +0.00)           0  
##>canonicalize_by_names           START            78037876375 (  +0.00)      -21.00 (   +0.00)       2730 (       0)                    0 (  +0.00)              
##>                                  END            78037876375 (  +0.00)      -21.00 (   +0.00)       2730 (       0)                    0 (  +0.00)           0  
##>datapath_rewrite_post_csa_one_  START            78037876375 (  +0.00)      -21.00 (   +0.00)       2730 (       0)                    0 (  +0.00)              
##>                                  END            78037876375 (  +0.00)      -21.00 (   +0.00)       2730 (       0)                    0 (  +0.00)           0  
##>datapath_csa_factoring_one_gde  START            78037876375 (  +0.00)      -21.00 (   +0.00)       2730 (       0)                    0 (  +0.00)              
##>                                  END            78037876375 (  +0.00)      -21.00 (   +0.00)       2730 (       0)                    0 (  +0.00)           0  
##>dpopt_share_one_def             START            78037876375 (  +0.00)      -21.00 (   +0.00)       2730 (       0)                    0 (  +0.00)              
##>                                  END            78037876375 (  +0.00)      -21.00 (   +0.00)       2730 (       0)                    0 (  +0.00)           0  
##>datapath_rewrite_post_share     START            78037876375 (  +0.00)      -21.00 (   +0.00)       2730 (       0)                    0 (  +0.00)              
##>                                  END            78037876375 (  +0.00)      -21.00 (   +0.00)       2730 (       0)                    0 (  +0.00)           0  
##>dp_combine_const_mult_with_com  START            78037876375 (  +0.00)      -21.00 (   +0.00)       2730 (       0)                    0 (  +0.00)              
##>                                  END            78037876375 (  +0.00)      -21.00 (   +0.00)       2730 (       0)                    0 (  +0.00)           0  
##>speculate_in_gdef               START            78037876375 (  +0.00)      -21.00 (   +0.00)       2730 (       0)                    0 (  +0.00)              
##> pre_speculate_mux_merge        START            78037876375 (  +0.00)      -21.00 (   +0.00)       2730 (       0)                    0 (  +0.00)              
##>                                  END            78037876375 (  +0.00)      -21.00 (   +0.00)       2730 (       0)                    0 (  +0.00)           0  
##>                                  END            78037876375 (  +0.00)      -21.00 (   +0.00)       2730 (       0)                    0 (  +0.00)           0  
##>dp_operator_level_decompositio  START            78037876375 (  +0.00)      -21.00 (   +0.00)       2730 (       0)                    0 (  +0.00)              
##>                                  END            78037876375 (  +0.00)      -21.00 (   +0.00)       2730 (       0)                    0 (  +0.00)           0  
##>selective_flatten_dp_config     START            78037876375 (  +0.00)      -21.00 (   +0.00)       2730 (       0)                    0 (  +0.00)              
##>                                  END            78037876375 (  +0.00)      -21.00 (   +0.00)       2730 (       0)                    0 (  +0.00)           0  
##>createMaxCarrySave              START            78037876375 (  +0.00)      -21.00 (   +0.00)       2730 (       0)                    0 (  +0.00)              
##> datapath_rewrite_one_def       START            78037876375 (  +0.00)      -21.00 (   +0.00)       2730 (       0)                    0 (  +0.00)              
##>  fast_cse_elim                 START            78037876375 (  +0.00)      -21.00 (   +0.00)       2730 (       0)                    0 (  +0.00)              
##>                                  END            78037876375 (  +0.00)      -21.00 (   +0.00)       2730 (       0)                    0 (  +0.00)           0  
##>  fast_cse_elim                 START            78037876375 (  +0.00)      -21.00 (   +0.00)       2730 (       0)                    0 (  +0.00)              
##>                                  END            78037876375 (  +0.00)      -21.00 (   +0.00)       2730 (       0)                    0 (  +0.00)           0  
##>                                  END            78037876375 (  +0.00)      -21.00 (   +0.00)       2730 (       0)                    0 (  +0.00)           0  
##> speculate_in_gdef              START            78037876375 (  +0.00)      -21.00 (   +0.00)       2730 (       0)                    0 (  +0.00)              
##>  pre_speculate_mux_merge       START            78037876375 (  +0.00)      -21.00 (   +0.00)       2730 (       0)                    0 (  +0.00)              
##>                                  END            78037876375 (  +0.00)      -21.00 (   +0.00)       2730 (       0)                    0 (  +0.00)           0  
##>                                  END            78037876375 (  +0.00)      -21.00 (   +0.00)       2730 (       0)                    0 (  +0.00)           0  
##> csa_opto                       START            78037876375 (  +0.00)      -21.00 (   +0.00)       2730 (       0)                    0 (  +0.00)              
##>                                  END            78037876375 (  +0.00)      -21.00 (   +0.00)       2730 (       0)                    0 (  +0.00)           0  
##>                                  END            78037876375 (  +0.00)      -21.00 (   +0.00)       2730 (       0)                    0 (  +0.00)           0  
##>context_based_simplify          START            78037876375 (  +0.00)      -21.00 (   +0.00)       2730 (       0)                    0 (  +0.00)              
##>                                  END            78037876375 (  +0.00)      -21.00 (   +0.00)       2730 (       0)                    0 (  +0.00)           0  
##>group_csa_final_adder_dp        START            78037876375 (  +0.00)      -21.00 (   +0.00)       2730 (       0)                    0 (  +0.00)              
##>                                  END            78037876375 (  +0.00)      -21.00 (   +0.00)       2730 (       0)                    0 (  +0.00)           0  
##>dpopt_flatten_critical_muxes_i  START            78037876375 (  +0.00)      -21.00 (   +0.00)       2730 (       0)                    0 (  +0.00)              
##>                                  END            78037876375 (  +0.00)      -21.00 (   +0.00)       2730 (       0)                    0 (  +0.00)           0  
##>speculate_in_gdef               START            78037876375 (  +0.00)      -21.00 (   +0.00)       2730 (       0)                    0 (  +0.00)              
##> pre_speculate_mux_merge        START            78037876375 (  +0.00)      -21.00 (   +0.00)       2730 (       0)                    0 (  +0.00)              
##>                                  END            78037876375 (  +0.00)      -21.00 (   +0.00)       2730 (       0)                    0 (  +0.00)           0  
##>                                  END            78037876375 (  +0.00)      -21.00 (   +0.00)       2730 (       0)                    0 (  +0.00)           0  
##>create_score                    START            78037876375 (  +0.00)      -21.00 (   +0.00)       2730 (       0)                    0 (  +0.00)              
##>                                  END            78037876375 (  +0.00)      -21.00 (   +0.00)       2730 (       0)                    0 (  +0.00)           0  
##>+-----------------------------------------------------------------------------------------------------------------------------------------------------------------------------------------------------+
Committed config: CDN_DP_region_1_15_c7
Info    : Done implementing datapath configurations. [DPOPT-4]
        : Selected 'very_fast' configuration 7 for module 'CDN_DP_region_1_15_c7'.
          Optimizations applied to 'very_fast' configuration:
            rewriting(0), factoring(0), sharing(0), cmultcse(0), downsizing(0), speculation(0)
Info    : Implementing datapath configurations. [DPOPT-3]
        : Implementing datapath configurations for 'CDN_DP_region_1_13'
  CSAGen Prep Share:0 Re-Write:0 Speculation: 0

CDN_DP_region_1_13 level = 0 loads = 0 drivers = 0
CDN_DP_region_1_13_c0 in butterfly2x2: area: 77782189135 , DP = 1  Mux = 1  other = 2  sg = slow     
    wns: 213  norm_wns:  -1.0000 
    tns:  2769
 skipped
CDN_DP_region_1_13_c1 in butterfly2x2: area: 78037876375 , DP = 1  Mux = 1  other = 2  sg = fast     
    wns: 210  norm_wns:  -1.0000 
    tns:  2730
 is current best
CDN_DP_region_1_13_c2 in butterfly2x2: area: 78037876375 , DP = 1  Mux = 1  other = 2  sg = very_slow
    wns: 210  norm_wns:  -1.0000 
    tns:  2730
 is current best
CDN_DP_region_1_13_c3 in butterfly2x2: area: 78037876375 , DP = 1  Mux = 1  other = 2  sg = very_fast
    wns: 210  norm_wns:  -1.0000 
    tns:  2730
 is current best
CDN_DP_region_1_13_c4 in butterfly2x2: area: 78037876375 , DP = 1  Mux = 1  other = 2  sg = very_fast
    wns: 210  norm_wns:  -1.0000 
    tns:  2730
 is current best
CDN_DP_region_1_13_c5 in butterfly2x2: area: 78037876375 , DP = 1  Mux = 1  other = 2  sg = very_fast
    wns: 210  norm_wns:  -1.0000 
    tns:  2730
 is current best
CDN_DP_region_1_13_c6 in butterfly2x2: area: 78037876375 , DP = 1  Mux = 1  other = 2  sg = very_fast
    wns: 210  norm_wns:  -1.0000 
    tns:  2730
 is current best
CDN_DP_region_1_13_c7 in butterfly2x2: area: 78037876375 , DP = 1  Mux = 1  other = 2  sg = very_fast
    wns: 210  norm_wns:  -1.0000 
    tns:  2730
 is current best
Best config: CDN_DP_region_1_13_c7 in butterfly2x2: area: 78037876375 , DP = 1  Mux = 1  other = 2  sg = very_fast
    wns: 210  norm_wns:  -1.0000 
    tns:  2730
  Smallest config area : 78037876375.  Fastest config wns;  210
##>+----------------------------------------------------------------------------------------------------------------------------------------------------------------+
##>Summary table of configs (Best config is CDN_DP_region_1_13_c7)
##>+----------------------------------------------------------------------------------------------------------------------------------------------------------------+
##>                     0                  1                  2                  3                  4                  5                  6                  7            
##>+----------------------------------------------------------------------------------------------------------------------------------------------------------------+
##>           Area      77782189135        78037876375        78037876375        78037876375        78037876375        78037876375        78037876375        78037876375  
##>            WNS           -21.30             -21.00             -21.00             -21.00             -21.00             -21.00             -21.00             -21.00  
##>            TNS             2769               2730               2730               2730               2730               2730               2730               2730  
##>    Num Rewrite                0                  0                  0                  0                  0                  0                  0                  0  
##>      Num Share                0                  0                  0                  0                  0                  0                  0                  0  
##>  Num Speculate                0                  0                  0                  0                  0                  0                  0                  0  
##>         Num DP                1                  1                  1                  1                  1                  1                  1                  1  
##>        Num Mux                1                  1                  1                  1                  1                  1                  1                  1  
##>      Num other                2                  2                  2                  2                  2                  2                  2                  2  
##>     Runtime(s)                0                  0                  0                  0                  0                  0                  1                  3  
+----------------------------------------------------------------------------------------------------------------------------------------------------------------+
##>
##>
##>+-----------------------------------------------------------------------------------------------------------------------------------------------------------------------------------------------------+
##>Optimization Step DEBUG Table for config CDN_DP_region_1_13_c7
##>
##>                          Step                        Area   (  % Chg)         WNS (Change)          TNS (Change)                Power   (  % Chg)        Runtime (s)        Comment                   
##>+-----------------------------------------------------------------------------------------------------------------------------------------------------------------------------------------------------+
##>EquationExtraction              START            77782189135 (       )      -21.30 (        )       2769 (        )                    0 (       )              
##> rewrite                        START           319097675520 (+310.25)      -92.20 (  -70.90)      16863 (   14094)                    0 (  +0.00)              (a,ar) Expr19_from --> Expr19_to
##>                                  END           156097060020 ( -51.08)      -95.20 (   -3.00)      17733 (     870)                    0 (  +0.00)           1  
##>                                  END            77782189135 (  +0.00)      -21.30 (   +0.00)       2769 (       0)                    0 (  +0.00)           2  
##>createMaxCarrySave              START            77782189135 (  +0.00)      -21.30 (   +0.00)       2769 (       0)                    0 (  +0.00)              
##> datapath_rewrite_one_def       START            77782189135 (  +0.00)      -21.30 (   +0.00)       2769 (       0)                    0 (  +0.00)              
##>                                  END            77782189135 (  +0.00)      -21.30 (   +0.00)       2769 (       0)                    0 (  +0.00)           0  
##> speculate_in_gdef              START            77782189135 (  +0.00)      -21.30 (   +0.00)       2769 (       0)                    0 (  +0.00)              
##>  pre_speculate_mux_merge       START            77782189135 (  +0.00)      -21.30 (   +0.00)       2769 (       0)                    0 (  +0.00)              
##>                                  END            77782189135 (  +0.00)      -21.30 (   +0.00)       2769 (       0)                    0 (  +0.00)           0  
##>                                  END            77782189135 (  +0.00)      -21.30 (   +0.00)       2769 (       0)                    0 (  +0.00)           0  
##> csa_opto                       START            77782189135 (  +0.00)      -21.30 (   +0.00)       2769 (       0)                    0 (  +0.00)              
##>                                  END            78037876375 (  +0.33)      -21.00 (   +0.30)       2730 (     -39)                    0 (  +0.00)           0  
##>                                  END            78037876375 (  +0.33)      -21.00 (   +0.30)       2730 (     -39)                    0 (  +0.00)           0  
##>canonicalize_by_names           START            78037876375 (  +0.00)      -21.00 (   +0.00)       2730 (       0)                    0 (  +0.00)              
##>                                  END            78037876375 (  +0.00)      -21.00 (   +0.00)       2730 (       0)                    0 (  +0.00)           0  
##>datapath_rewrite_post_csa_one_  START            78037876375 (  +0.00)      -21.00 (   +0.00)       2730 (       0)                    0 (  +0.00)              
##>                                  END            78037876375 (  +0.00)      -21.00 (   +0.00)       2730 (       0)                    0 (  +0.00)           0  
##>datapath_csa_factoring_one_gde  START            78037876375 (  +0.00)      -21.00 (   +0.00)       2730 (       0)                    0 (  +0.00)              
##>                                  END            78037876375 (  +0.00)      -21.00 (   +0.00)       2730 (       0)                    0 (  +0.00)           0  
##>dpopt_share_one_def             START            78037876375 (  +0.00)      -21.00 (   +0.00)       2730 (       0)                    0 (  +0.00)              
##>                                  END            78037876375 (  +0.00)      -21.00 (   +0.00)       2730 (       0)                    0 (  +0.00)           0  
##>datapath_rewrite_post_share     START            78037876375 (  +0.00)      -21.00 (   +0.00)       2730 (       0)                    0 (  +0.00)              
##>                                  END            78037876375 (  +0.00)      -21.00 (   +0.00)       2730 (       0)                    0 (  +0.00)           0  
##>dp_combine_const_mult_with_com  START            78037876375 (  +0.00)      -21.00 (   +0.00)       2730 (       0)                    0 (  +0.00)              
##>                                  END            78037876375 (  +0.00)      -21.00 (   +0.00)       2730 (       0)                    0 (  +0.00)           0  
##>speculate_in_gdef               START            78037876375 (  +0.00)      -21.00 (   +0.00)       2730 (       0)                    0 (  +0.00)              
##> pre_speculate_mux_merge        START            78037876375 (  +0.00)      -21.00 (   +0.00)       2730 (       0)                    0 (  +0.00)              
##>                                  END            78037876375 (  +0.00)      -21.00 (   +0.00)       2730 (       0)                    0 (  +0.00)           0  
##>                                  END            78037876375 (  +0.00)      -21.00 (   +0.00)       2730 (       0)                    0 (  +0.00)           0  
##>dp_operator_level_decompositio  START            78037876375 (  +0.00)      -21.00 (   +0.00)       2730 (       0)                    0 (  +0.00)              
##>                                  END            78037876375 (  +0.00)      -21.00 (   +0.00)       2730 (       0)                    0 (  +0.00)           0  
##>selective_flatten_dp_config     START            78037876375 (  +0.00)      -21.00 (   +0.00)       2730 (       0)                    0 (  +0.00)              
##>                                  END            78037876375 (  +0.00)      -21.00 (   +0.00)       2730 (       0)                    0 (  +0.00)           0  
##>createMaxCarrySave              START            78037876375 (  +0.00)      -21.00 (   +0.00)       2730 (       0)                    0 (  +0.00)              
##> datapath_rewrite_one_def       START            78037876375 (  +0.00)      -21.00 (   +0.00)       2730 (       0)                    0 (  +0.00)              
##>  fast_cse_elim                 START            78037876375 (  +0.00)      -21.00 (   +0.00)       2730 (       0)                    0 (  +0.00)              
##>                                  END            78037876375 (  +0.00)      -21.00 (   +0.00)       2730 (       0)                    0 (  +0.00)           0  
##>  fast_cse_elim                 START            78037876375 (  +0.00)      -21.00 (   +0.00)       2730 (       0)                    0 (  +0.00)              
##>                                  END            78037876375 (  +0.00)      -21.00 (   +0.00)       2730 (       0)                    0 (  +0.00)           0  
##>                                  END            78037876375 (  +0.00)      -21.00 (   +0.00)       2730 (       0)                    0 (  +0.00)           0  
##> speculate_in_gdef              START            78037876375 (  +0.00)      -21.00 (   +0.00)       2730 (       0)                    0 (  +0.00)              
##>  pre_speculate_mux_merge       START            78037876375 (  +0.00)      -21.00 (   +0.00)       2730 (       0)                    0 (  +0.00)              
##>                                  END            78037876375 (  +0.00)      -21.00 (   +0.00)       2730 (       0)                    0 (  +0.00)           0  
##>                                  END            78037876375 (  +0.00)      -21.00 (   +0.00)       2730 (       0)                    0 (  +0.00)           0  
##> csa_opto                       START            78037876375 (  +0.00)      -21.00 (   +0.00)       2730 (       0)                    0 (  +0.00)              
##>                                  END            78037876375 (  +0.00)      -21.00 (   +0.00)       2730 (       0)                    0 (  +0.00)           0  
##>                                  END            78037876375 (  +0.00)      -21.00 (   +0.00)       2730 (       0)                    0 (  +0.00)           0  
##>context_based_simplify          START            78037876375 (  +0.00)      -21.00 (   +0.00)       2730 (       0)                    0 (  +0.00)              
##>                                  END            78037876375 (  +0.00)      -21.00 (   +0.00)       2730 (       0)                    0 (  +0.00)           0  
##>group_csa_final_adder_dp        START            78037876375 (  +0.00)      -21.00 (   +0.00)       2730 (       0)                    0 (  +0.00)              
##>                                  END            78037876375 (  +0.00)      -21.00 (   +0.00)       2730 (       0)                    0 (  +0.00)           0  
##>dpopt_flatten_critical_muxes_i  START            78037876375 (  +0.00)      -21.00 (   +0.00)       2730 (       0)                    0 (  +0.00)              
##>                                  END            78037876375 (  +0.00)      -21.00 (   +0.00)       2730 (       0)                    0 (  +0.00)           0  
##>speculate_in_gdef               START            78037876375 (  +0.00)      -21.00 (   +0.00)       2730 (       0)                    0 (  +0.00)              
##> pre_speculate_mux_merge        START            78037876375 (  +0.00)      -21.00 (   +0.00)       2730 (       0)                    0 (  +0.00)              
##>                                  END            78037876375 (  +0.00)      -21.00 (   +0.00)       2730 (       0)                    0 (  +0.00)           0  
##>                                  END            78037876375 (  +0.00)      -21.00 (   +0.00)       2730 (       0)                    0 (  +0.00)           0  
##>create_score                    START            78037876375 (  +0.00)      -21.00 (   +0.00)       2730 (       0)                    0 (  +0.00)              
##>                                  END            78037876375 (  +0.00)      -21.00 (   +0.00)       2730 (       0)                    0 (  +0.00)           0  
##>+-----------------------------------------------------------------------------------------------------------------------------------------------------------------------------------------------------+
Committed config: CDN_DP_region_1_13_c7
Info    : Done implementing datapath configurations. [DPOPT-4]
        : Selected 'very_fast' configuration 7 for module 'CDN_DP_region_1_13_c7'.
          Optimizations applied to 'very_fast' configuration:
            rewriting(0), factoring(0), sharing(0), cmultcse(0), downsizing(0), speculation(0)
Info    : Implementing datapath configurations. [DPOPT-3]
        : Implementing datapath configurations for 'CDN_DP_region_1_12'
  CSAGen Prep Share:0 Re-Write:0 Speculation: 0

CDN_DP_region_1_12 level = 0 loads = 0 drivers = 0
CDN_DP_region_1_12_c0 in butterfly2x2: area: 77782189135 , DP = 1  Mux = 1  other = 2  sg = slow     
    wns: 213  norm_wns:  -1.0000 
    tns:  2769
 skipped
CDN_DP_region_1_12_c1 in butterfly2x2: area: 78037876375 , DP = 1  Mux = 1  other = 2  sg = fast     
    wns: 210  norm_wns:  -1.0000 
    tns:  2730
 is current best
CDN_DP_region_1_12_c2 in butterfly2x2: area: 78037876375 , DP = 1  Mux = 1  other = 2  sg = very_slow
    wns: 210  norm_wns:  -1.0000 
    tns:  2730
 is current best
CDN_DP_region_1_12_c3 in butterfly2x2: area: 78037876375 , DP = 1  Mux = 1  other = 2  sg = very_fast
    wns: 210  norm_wns:  -1.0000 
    tns:  2730
 is current best
CDN_DP_region_1_12_c4 in butterfly2x2: area: 78037876375 , DP = 1  Mux = 1  other = 2  sg = very_fast
    wns: 210  norm_wns:  -1.0000 
    tns:  2730
 is current best
CDN_DP_region_1_12_c5 in butterfly2x2: area: 78037876375 , DP = 1  Mux = 1  other = 2  sg = very_fast
    wns: 210  norm_wns:  -1.0000 
    tns:  2730
 is current best
CDN_DP_region_1_12_c6 in butterfly2x2: area: 78037876375 , DP = 1  Mux = 1  other = 2  sg = very_fast
    wns: 210  norm_wns:  -1.0000 
    tns:  2730
 is current best
CDN_DP_region_1_12_c7 in butterfly2x2: area: 78037876375 , DP = 1  Mux = 1  other = 2  sg = very_fast
    wns: 210  norm_wns:  -1.0000 
    tns:  2730
 is current best
Best config: CDN_DP_region_1_12_c7 in butterfly2x2: area: 78037876375 , DP = 1  Mux = 1  other = 2  sg = very_fast
    wns: 210  norm_wns:  -1.0000 
    tns:  2730
  Smallest config area : 78037876375.  Fastest config wns;  210
##>+----------------------------------------------------------------------------------------------------------------------------------------------------------------+
##>Summary table of configs (Best config is CDN_DP_region_1_12_c7)
##>+----------------------------------------------------------------------------------------------------------------------------------------------------------------+
##>                     0                  1                  2                  3                  4                  5                  6                  7            
##>+----------------------------------------------------------------------------------------------------------------------------------------------------------------+
##>           Area      77782189135        78037876375        78037876375        78037876375        78037876375        78037876375        78037876375        78037876375  
##>            WNS           -21.30             -21.00             -21.00             -21.00             -21.00             -21.00             -21.00             -21.00  
##>            TNS             2769               2730               2730               2730               2730               2730               2730               2730  
##>    Num Rewrite                0                  0                  0                  0                  0                  0                  0                  0  
##>      Num Share                0                  0                  0                  0                  0                  0                  0                  0  
##>  Num Speculate                0                  0                  0                  0                  0                  0                  0                  0  
##>         Num DP                1                  1                  1                  1                  1                  1                  1                  1  
##>        Num Mux                1                  1                  1                  1                  1                  1                  1                  1  
##>      Num other                2                  2                  2                  2                  2                  2                  2                  2  
##>     Runtime(s)                0                  0                  0                  0                  0                  0                  1                  3  
+----------------------------------------------------------------------------------------------------------------------------------------------------------------+
##>
##>
##>+-----------------------------------------------------------------------------------------------------------------------------------------------------------------------------------------------------+
##>Optimization Step DEBUG Table for config CDN_DP_region_1_12_c7
##>
##>                          Step                        Area   (  % Chg)         WNS (Change)          TNS (Change)                Power   (  % Chg)        Runtime (s)        Comment                   
##>+-----------------------------------------------------------------------------------------------------------------------------------------------------------------------------------------------------+
##>EquationExtraction              START            77782189135 (       )      -21.30 (        )       2769 (        )                    0 (       )              
##> rewrite                        START           319097675520 (+310.25)      -92.20 (  -70.90)      16863 (   14094)                    0 (  +0.00)              (a,ar) Expr20_from --> Expr20_to
##>                                  END           156097060020 ( -51.08)      -95.20 (   -3.00)      17733 (     870)                    0 (  +0.00)           1  
##>                                  END            77782189135 (  +0.00)      -21.30 (   +0.00)       2769 (       0)                    0 (  +0.00)           2  
##>createMaxCarrySave              START            77782189135 (  +0.00)      -21.30 (   +0.00)       2769 (       0)                    0 (  +0.00)              
##> datapath_rewrite_one_def       START            77782189135 (  +0.00)      -21.30 (   +0.00)       2769 (       0)                    0 (  +0.00)              
##>                                  END            77782189135 (  +0.00)      -21.30 (   +0.00)       2769 (       0)                    0 (  +0.00)           0  
##> speculate_in_gdef              START            77782189135 (  +0.00)      -21.30 (   +0.00)       2769 (       0)                    0 (  +0.00)              
##>  pre_speculate_mux_merge       START            77782189135 (  +0.00)      -21.30 (   +0.00)       2769 (       0)                    0 (  +0.00)              
##>                                  END            77782189135 (  +0.00)      -21.30 (   +0.00)       2769 (       0)                    0 (  +0.00)           0  
##>                                  END            77782189135 (  +0.00)      -21.30 (   +0.00)       2769 (       0)                    0 (  +0.00)           0  
##> csa_opto                       START            77782189135 (  +0.00)      -21.30 (   +0.00)       2769 (       0)                    0 (  +0.00)              
##>                                  END            78037876375 (  +0.33)      -21.00 (   +0.30)       2730 (     -39)                    0 (  +0.00)           0  
##>                                  END            78037876375 (  +0.33)      -21.00 (   +0.30)       2730 (     -39)                    0 (  +0.00)           0  
##>canonicalize_by_names           START            78037876375 (  +0.00)      -21.00 (   +0.00)       2730 (       0)                    0 (  +0.00)              
##>                                  END            78037876375 (  +0.00)      -21.00 (   +0.00)       2730 (       0)                    0 (  +0.00)           0  
##>datapath_rewrite_post_csa_one_  START            78037876375 (  +0.00)      -21.00 (   +0.00)       2730 (       0)                    0 (  +0.00)              
##>                                  END            78037876375 (  +0.00)      -21.00 (   +0.00)       2730 (       0)                    0 (  +0.00)           0  
##>datapath_csa_factoring_one_gde  START            78037876375 (  +0.00)      -21.00 (   +0.00)       2730 (       0)                    0 (  +0.00)              
##>                                  END            78037876375 (  +0.00)      -21.00 (   +0.00)       2730 (       0)                    0 (  +0.00)           0  
##>dpopt_share_one_def             START            78037876375 (  +0.00)      -21.00 (   +0.00)       2730 (       0)                    0 (  +0.00)              
##>                                  END            78037876375 (  +0.00)      -21.00 (   +0.00)       2730 (       0)                    0 (  +0.00)           0  
##>datapath_rewrite_post_share     START            78037876375 (  +0.00)      -21.00 (   +0.00)       2730 (       0)                    0 (  +0.00)              
##>                                  END            78037876375 (  +0.00)      -21.00 (   +0.00)       2730 (       0)                    0 (  +0.00)           0  
##>dp_combine_const_mult_with_com  START            78037876375 (  +0.00)      -21.00 (   +0.00)       2730 (       0)                    0 (  +0.00)              
##>                                  END            78037876375 (  +0.00)      -21.00 (   +0.00)       2730 (       0)                    0 (  +0.00)           0  
##>speculate_in_gdef               START            78037876375 (  +0.00)      -21.00 (   +0.00)       2730 (       0)                    0 (  +0.00)              
##> pre_speculate_mux_merge        START            78037876375 (  +0.00)      -21.00 (   +0.00)       2730 (       0)                    0 (  +0.00)              
##>                                  END            78037876375 (  +0.00)      -21.00 (   +0.00)       2730 (       0)                    0 (  +0.00)           0  
##>                                  END            78037876375 (  +0.00)      -21.00 (   +0.00)       2730 (       0)                    0 (  +0.00)           0  
##>dp_operator_level_decompositio  START            78037876375 (  +0.00)      -21.00 (   +0.00)       2730 (       0)                    0 (  +0.00)              
##>                                  END            78037876375 (  +0.00)      -21.00 (   +0.00)       2730 (       0)                    0 (  +0.00)           0  
##>selective_flatten_dp_config     START            78037876375 (  +0.00)      -21.00 (   +0.00)       2730 (       0)                    0 (  +0.00)              
##>                                  END            78037876375 (  +0.00)      -21.00 (   +0.00)       2730 (       0)                    0 (  +0.00)           0  
##>createMaxCarrySave              START            78037876375 (  +0.00)      -21.00 (   +0.00)       2730 (       0)                    0 (  +0.00)              
##> datapath_rewrite_one_def       START            78037876375 (  +0.00)      -21.00 (   +0.00)       2730 (       0)                    0 (  +0.00)              
##>  fast_cse_elim                 START            78037876375 (  +0.00)      -21.00 (   +0.00)       2730 (       0)                    0 (  +0.00)              
##>                                  END            78037876375 (  +0.00)      -21.00 (   +0.00)       2730 (       0)                    0 (  +0.00)           0  
##>  fast_cse_elim                 START            78037876375 (  +0.00)      -21.00 (   +0.00)       2730 (       0)                    0 (  +0.00)              
##>                                  END            78037876375 (  +0.00)      -21.00 (   +0.00)       2730 (       0)                    0 (  +0.00)           0  
##>                                  END            78037876375 (  +0.00)      -21.00 (   +0.00)       2730 (       0)                    0 (  +0.00)           0  
##> speculate_in_gdef              START            78037876375 (  +0.00)      -21.00 (   +0.00)       2730 (       0)                    0 (  +0.00)              
##>  pre_speculate_mux_merge       START            78037876375 (  +0.00)      -21.00 (   +0.00)       2730 (       0)                    0 (  +0.00)              
##>                                  END            78037876375 (  +0.00)      -21.00 (   +0.00)       2730 (       0)                    0 (  +0.00)           0  
##>                                  END            78037876375 (  +0.00)      -21.00 (   +0.00)       2730 (       0)                    0 (  +0.00)           0  
##> csa_opto                       START            78037876375 (  +0.00)      -21.00 (   +0.00)       2730 (       0)                    0 (  +0.00)              
##>                                  END            78037876375 (  +0.00)      -21.00 (   +0.00)       2730 (       0)                    0 (  +0.00)           0  
##>                                  END            78037876375 (  +0.00)      -21.00 (   +0.00)       2730 (       0)                    0 (  +0.00)           0  
##>context_based_simplify          START            78037876375 (  +0.00)      -21.00 (   +0.00)       2730 (       0)                    0 (  +0.00)              
##>                                  END            78037876375 (  +0.00)      -21.00 (   +0.00)       2730 (       0)                    0 (  +0.00)           0  
##>group_csa_final_adder_dp        START            78037876375 (  +0.00)      -21.00 (   +0.00)       2730 (       0)                    0 (  +0.00)              
##>                                  END            78037876375 (  +0.00)      -21.00 (   +0.00)       2730 (       0)                    0 (  +0.00)           0  
##>dpopt_flatten_critical_muxes_i  START            78037876375 (  +0.00)      -21.00 (   +0.00)       2730 (       0)                    0 (  +0.00)              
##>                                  END            78037876375 (  +0.00)      -21.00 (   +0.00)       2730 (       0)                    0 (  +0.00)           0  
##>speculate_in_gdef               START            78037876375 (  +0.00)      -21.00 (   +0.00)       2730 (       0)                    0 (  +0.00)              
##> pre_speculate_mux_merge        START            78037876375 (  +0.00)      -21.00 (   +0.00)       2730 (       0)                    0 (  +0.00)              
##>                                  END            78037876375 (  +0.00)      -21.00 (   +0.00)       2730 (       0)                    0 (  +0.00)           0  
##>                                  END            78037876375 (  +0.00)      -21.00 (   +0.00)       2730 (       0)                    0 (  +0.00)           0  
##>create_score                    START            78037876375 (  +0.00)      -21.00 (   +0.00)       2730 (       0)                    0 (  +0.00)              
##>                                  END            78037876375 (  +0.00)      -21.00 (   +0.00)       2730 (       0)                    0 (  +0.00)           0  
##>+-----------------------------------------------------------------------------------------------------------------------------------------------------------------------------------------------------+
Committed config: CDN_DP_region_1_12_c7
Info    : Done implementing datapath configurations. [DPOPT-4]
        : Selected 'very_fast' configuration 7 for module 'CDN_DP_region_1_12_c7'.
          Optimizations applied to 'very_fast' configuration:
            rewriting(0), factoring(0), sharing(0), cmultcse(0), downsizing(0), speculation(0)
Info    : Implementing datapath configurations. [DPOPT-3]
        : Implementing datapath configurations for 'CDN_DP_region_1_11'
  CSAGen Prep Share:0 Re-Write:0 Speculation: 0

CDN_DP_region_1_11 level = 0 loads = 0 drivers = 0
CDN_DP_region_1_11_c0 in butterfly2x2: area: 77782189135 , DP = 1  Mux = 1  other = 2  sg = slow     
    wns: 213  norm_wns:  -1.0000 
    tns:  2769
 skipped
CDN_DP_region_1_11_c1 in butterfly2x2: area: 78037876375 , DP = 1  Mux = 1  other = 2  sg = fast     
    wns: 210  norm_wns:  -1.0000 
    tns:  2730
 is current best
CDN_DP_region_1_11_c2 in butterfly2x2: area: 78037876375 , DP = 1  Mux = 1  other = 2  sg = very_slow
    wns: 210  norm_wns:  -1.0000 
    tns:  2730
 is current best
CDN_DP_region_1_11_c3 in butterfly2x2: area: 78037876375 , DP = 1  Mux = 1  other = 2  sg = very_fast
    wns: 210  norm_wns:  -1.0000 
    tns:  2730
 is current best
CDN_DP_region_1_11_c4 in butterfly2x2: area: 78037876375 , DP = 1  Mux = 1  other = 2  sg = very_fast
    wns: 210  norm_wns:  -1.0000 
    tns:  2730
 is current best
CDN_DP_region_1_11_c5 in butterfly2x2: area: 78037876375 , DP = 1  Mux = 1  other = 2  sg = very_fast
    wns: 210  norm_wns:  -1.0000 
    tns:  2730
 is current best
CDN_DP_region_1_11_c6 in butterfly2x2: area: 78037876375 , DP = 1  Mux = 1  other = 2  sg = very_fast
    wns: 210  norm_wns:  -1.0000 
    tns:  2730
 is current best
CDN_DP_region_1_11_c7 in butterfly2x2: area: 78037876375 , DP = 1  Mux = 1  other = 2  sg = very_fast
    wns: 210  norm_wns:  -1.0000 
    tns:  2730
 is current best
Best config: CDN_DP_region_1_11_c7 in butterfly2x2: area: 78037876375 , DP = 1  Mux = 1  other = 2  sg = very_fast
    wns: 210  norm_wns:  -1.0000 
    tns:  2730
  Smallest config area : 78037876375.  Fastest config wns;  210
##>+----------------------------------------------------------------------------------------------------------------------------------------------------------------+
##>Summary table of configs (Best config is CDN_DP_region_1_11_c7)
##>+----------------------------------------------------------------------------------------------------------------------------------------------------------------+
##>                     0                  1                  2                  3                  4                  5                  6                  7            
##>+----------------------------------------------------------------------------------------------------------------------------------------------------------------+
##>           Area      77782189135        78037876375        78037876375        78037876375        78037876375        78037876375        78037876375        78037876375  
##>            WNS           -21.30             -21.00             -21.00             -21.00             -21.00             -21.00             -21.00             -21.00  
##>            TNS             2769               2730               2730               2730               2730               2730               2730               2730  
##>    Num Rewrite                0                  0                  0                  0                  0                  0                  0                  0  
##>      Num Share                0                  0                  0                  0                  0                  0                  0                  0  
##>  Num Speculate                0                  0                  0                  0                  0                  0                  0                  0  
##>         Num DP                1                  1                  1                  1                  1                  1                  1                  1  
##>        Num Mux                1                  1                  1                  1                  1                  1                  1                  1  
##>      Num other                2                  2                  2                  2                  2                  2                  2                  2  
##>     Runtime(s)                0                  0                  0                  0                  0                  0                  1                  3  
+----------------------------------------------------------------------------------------------------------------------------------------------------------------+
##>
##>
##>+-----------------------------------------------------------------------------------------------------------------------------------------------------------------------------------------------------+
##>Optimization Step DEBUG Table for config CDN_DP_region_1_11_c7
##>
##>                          Step                        Area   (  % Chg)         WNS (Change)          TNS (Change)                Power   (  % Chg)        Runtime (s)        Comment                   
##>+-----------------------------------------------------------------------------------------------------------------------------------------------------------------------------------------------------+
##>EquationExtraction              START            77782189135 (       )      -21.30 (        )       2769 (        )                    0 (       )              
##> rewrite                        START           319097675520 (+310.25)      -92.20 (  -70.90)      16863 (   14094)                    0 (  +0.00)              (a,ar) Expr21_from --> Expr21_to
##>                                  END           156097060020 ( -51.08)      -95.20 (   -3.00)      17733 (     870)                    0 (  +0.00)           1  
##>                                  END            77782189135 (  +0.00)      -21.30 (   +0.00)       2769 (       0)                    0 (  +0.00)           2  
##>createMaxCarrySave              START            77782189135 (  +0.00)      -21.30 (   +0.00)       2769 (       0)                    0 (  +0.00)              
##> datapath_rewrite_one_def       START            77782189135 (  +0.00)      -21.30 (   +0.00)       2769 (       0)                    0 (  +0.00)              
##>                                  END            77782189135 (  +0.00)      -21.30 (   +0.00)       2769 (       0)                    0 (  +0.00)           0  
##> speculate_in_gdef              START            77782189135 (  +0.00)      -21.30 (   +0.00)       2769 (       0)                    0 (  +0.00)              
##>  pre_speculate_mux_merge       START            77782189135 (  +0.00)      -21.30 (   +0.00)       2769 (       0)                    0 (  +0.00)              
##>                                  END            77782189135 (  +0.00)      -21.30 (   +0.00)       2769 (       0)                    0 (  +0.00)           0  
##>                                  END            77782189135 (  +0.00)      -21.30 (   +0.00)       2769 (       0)                    0 (  +0.00)           0  
##> csa_opto                       START            77782189135 (  +0.00)      -21.30 (   +0.00)       2769 (       0)                    0 (  +0.00)              
##>                                  END            78037876375 (  +0.33)      -21.00 (   +0.30)       2730 (     -39)                    0 (  +0.00)           0  
##>                                  END            78037876375 (  +0.33)      -21.00 (   +0.30)       2730 (     -39)                    0 (  +0.00)           0  
##>canonicalize_by_names           START            78037876375 (  +0.00)      -21.00 (   +0.00)       2730 (       0)                    0 (  +0.00)              
##>                                  END            78037876375 (  +0.00)      -21.00 (   +0.00)       2730 (       0)                    0 (  +0.00)           0  
##>datapath_rewrite_post_csa_one_  START            78037876375 (  +0.00)      -21.00 (   +0.00)       2730 (       0)                    0 (  +0.00)              
##>                                  END            78037876375 (  +0.00)      -21.00 (   +0.00)       2730 (       0)                    0 (  +0.00)           0  
##>datapath_csa_factoring_one_gde  START            78037876375 (  +0.00)      -21.00 (   +0.00)       2730 (       0)                    0 (  +0.00)              
##>                                  END            78037876375 (  +0.00)      -21.00 (   +0.00)       2730 (       0)                    0 (  +0.00)           0  
##>dpopt_share_one_def             START            78037876375 (  +0.00)      -21.00 (   +0.00)       2730 (       0)                    0 (  +0.00)              
##>                                  END            78037876375 (  +0.00)      -21.00 (   +0.00)       2730 (       0)                    0 (  +0.00)           0  
##>datapath_rewrite_post_share     START            78037876375 (  +0.00)      -21.00 (   +0.00)       2730 (       0)                    0 (  +0.00)              
##>                                  END            78037876375 (  +0.00)      -21.00 (   +0.00)       2730 (       0)                    0 (  +0.00)           0  
##>dp_combine_const_mult_with_com  START            78037876375 (  +0.00)      -21.00 (   +0.00)       2730 (       0)                    0 (  +0.00)              
##>                                  END            78037876375 (  +0.00)      -21.00 (   +0.00)       2730 (       0)                    0 (  +0.00)           0  
##>speculate_in_gdef               START            78037876375 (  +0.00)      -21.00 (   +0.00)       2730 (       0)                    0 (  +0.00)              
##> pre_speculate_mux_merge        START            78037876375 (  +0.00)      -21.00 (   +0.00)       2730 (       0)                    0 (  +0.00)              
##>                                  END            78037876375 (  +0.00)      -21.00 (   +0.00)       2730 (       0)                    0 (  +0.00)           0  
##>                                  END            78037876375 (  +0.00)      -21.00 (   +0.00)       2730 (       0)                    0 (  +0.00)           0  
##>dp_operator_level_decompositio  START            78037876375 (  +0.00)      -21.00 (   +0.00)       2730 (       0)                    0 (  +0.00)              
##>                                  END            78037876375 (  +0.00)      -21.00 (   +0.00)       2730 (       0)                    0 (  +0.00)           0  
##>selective_flatten_dp_config     START            78037876375 (  +0.00)      -21.00 (   +0.00)       2730 (       0)                    0 (  +0.00)              
##>                                  END            78037876375 (  +0.00)      -21.00 (   +0.00)       2730 (       0)                    0 (  +0.00)           0  
##>createMaxCarrySave              START            78037876375 (  +0.00)      -21.00 (   +0.00)       2730 (       0)                    0 (  +0.00)              
##> datapath_rewrite_one_def       START            78037876375 (  +0.00)      -21.00 (   +0.00)       2730 (       0)                    0 (  +0.00)              
##>  fast_cse_elim                 START            78037876375 (  +0.00)      -21.00 (   +0.00)       2730 (       0)                    0 (  +0.00)              
##>                                  END            78037876375 (  +0.00)      -21.00 (   +0.00)       2730 (       0)                    0 (  +0.00)           0  
##>  fast_cse_elim                 START            78037876375 (  +0.00)      -21.00 (   +0.00)       2730 (       0)                    0 (  +0.00)              
##>                                  END            78037876375 (  +0.00)      -21.00 (   +0.00)       2730 (       0)                    0 (  +0.00)           0  
##>                                  END            78037876375 (  +0.00)      -21.00 (   +0.00)       2730 (       0)                    0 (  +0.00)           0  
##> speculate_in_gdef              START            78037876375 (  +0.00)      -21.00 (   +0.00)       2730 (       0)                    0 (  +0.00)              
##>  pre_speculate_mux_merge       START            78037876375 (  +0.00)      -21.00 (   +0.00)       2730 (       0)                    0 (  +0.00)              
##>                                  END            78037876375 (  +0.00)      -21.00 (   +0.00)       2730 (       0)                    0 (  +0.00)           0  
##>                                  END            78037876375 (  +0.00)      -21.00 (   +0.00)       2730 (       0)                    0 (  +0.00)           0  
##> csa_opto                       START            78037876375 (  +0.00)      -21.00 (   +0.00)       2730 (       0)                    0 (  +0.00)              
##>                                  END            78037876375 (  +0.00)      -21.00 (   +0.00)       2730 (       0)                    0 (  +0.00)           0  
##>                                  END            78037876375 (  +0.00)      -21.00 (   +0.00)       2730 (       0)                    0 (  +0.00)           0  
##>context_based_simplify          START            78037876375 (  +0.00)      -21.00 (   +0.00)       2730 (       0)                    0 (  +0.00)              
##>                                  END            78037876375 (  +0.00)      -21.00 (   +0.00)       2730 (       0)                    0 (  +0.00)           0  
##>group_csa_final_adder_dp        START            78037876375 (  +0.00)      -21.00 (   +0.00)       2730 (       0)                    0 (  +0.00)              
##>                                  END            78037876375 (  +0.00)      -21.00 (   +0.00)       2730 (       0)                    0 (  +0.00)           0  
##>dpopt_flatten_critical_muxes_i  START            78037876375 (  +0.00)      -21.00 (   +0.00)       2730 (       0)                    0 (  +0.00)              
##>                                  END            78037876375 (  +0.00)      -21.00 (   +0.00)       2730 (       0)                    0 (  +0.00)           0  
##>speculate_in_gdef               START            78037876375 (  +0.00)      -21.00 (   +0.00)       2730 (       0)                    0 (  +0.00)              
##> pre_speculate_mux_merge        START            78037876375 (  +0.00)      -21.00 (   +0.00)       2730 (       0)                    0 (  +0.00)              
##>                                  END            78037876375 (  +0.00)      -21.00 (   +0.00)       2730 (       0)                    0 (  +0.00)           0  
##>                                  END            78037876375 (  +0.00)      -21.00 (   +0.00)       2730 (       0)                    0 (  +0.00)           0  
##>create_score                    START            78037876375 (  +0.00)      -21.00 (   +0.00)       2730 (       0)                    0 (  +0.00)              
##>                                  END            78037876375 (  +0.00)      -21.00 (   +0.00)       2730 (       0)                    0 (  +0.00)           0  
##>+-----------------------------------------------------------------------------------------------------------------------------------------------------------------------------------------------------+
Committed config: CDN_DP_region_1_11_c7
Info    : Done implementing datapath configurations. [DPOPT-4]
        : Selected 'very_fast' configuration 7 for module 'CDN_DP_region_1_11_c7'.
          Optimizations applied to 'very_fast' configuration:
            rewriting(0), factoring(0), sharing(0), cmultcse(0), downsizing(0), speculation(0)
Info    : Implementing datapath configurations. [DPOPT-3]
        : Implementing datapath configurations for 'CDN_DP_region_1_9'
  CSAGen Prep Share:0 Re-Write:0 Speculation: 0

CDN_DP_region_1_9 level = 0 loads = 0 drivers = 0
CDN_DP_region_1_9_c0 in butterfly2x2: area: 3909884045 , DP = 2  Mux = 1  other = 1  sg = slow     
    wns: 0  norm_wns:  -1.0000 
    tns:  0
 skipped
CDN_DP_region_1_9_c1 in butterfly2x2: area: 3675504075 , DP = 2  Mux = 1  other = 1  sg = fast     
    wns: 0  norm_wns:  -1.0000 
    tns:  0
 is current best
CDN_DP_region_1_9_c2 in butterfly2x2: area: 3675504075 , DP = 2  Mux = 1  other = 1  sg = very_slow
    wns: 0  norm_wns:  -1.0000 
    tns:  0
 is current best
CDN_DP_region_1_9_c3 in butterfly2x2: area: 3675504075 , DP = 2  Mux = 1  other = 1  sg = very_fast
    wns: 0  norm_wns:  -1.0000 
    tns:  0
 is current best
CDN_DP_region_1_9_c4 in butterfly2x2: area: 3675504075 , DP = 2  Mux = 1  other = 1  sg = very_fast
    wns: 0  norm_wns:  -1.0000 
    tns:  0
 is current best
CDN_DP_region_1_9_c5 in butterfly2x2: area: 3675504075 , DP = 2  Mux = 1  other = 1  sg = very_fast
    wns: 0  norm_wns:  -1.0000 
    tns:  0
 is current best
CDN_DP_region_1_9_c6 in butterfly2x2: area: 3675504075 , DP = 2  Mux = 1  other = 1  sg = very_fast
    wns: 0  norm_wns:  -1.0000 
    tns:  0
 is current best
CDN_DP_region_1_9_c7 in butterfly2x2: area: 3675504075 , DP = 2  Mux = 1  other = 1  sg = very_fast
    wns: 0  norm_wns:  -1.0000 
    tns:  0
 is current best
Best config: CDN_DP_region_1_9_c7 in butterfly2x2: area: 3675504075 , DP = 2  Mux = 1  other = 1  sg = very_fast
    wns: 0  norm_wns:  -1.0000 
    tns:  0
  Smallest config area : 3675504075.  Fastest config wns;  0
##>+----------------------------------------------------------------------------------------------------------------------------------------------------------------+
##>Summary table of configs (Best config is CDN_DP_region_1_9_c7)
##>+----------------------------------------------------------------------------------------------------------------------------------------------------------------+
##>                     0                  1                  2                  3                  4                  5                  6                  7            
##>+----------------------------------------------------------------------------------------------------------------------------------------------------------------+
##>           Area       3909884045         3675504075         3675504075         3675504075         3675504075         3675504075         3675504075         3675504075  
##>            WNS          +301.80            +301.80            +301.80            +301.80            +301.80            +301.80            +301.80            +301.80  
##>            TNS                0                  0                  0                  0                  0                  0                  0                  0  
##>    Num Rewrite                0                  0                  0                  0                  0                  0                  0                  0  
##>      Num Share                0                  0                  0                  0                  0                  0                  0                  0  
##>  Num Speculate                0                  0                  0                  0                  0                  0                  0                  0  
##>         Num DP                2                  2                  2                  2                  2                  2                  2                  2  
##>        Num Mux                1                  1                  1                  1                  1                  1                  1                  1  
##>      Num other                1                  1                  1                  1                  1                  1                  1                  1  
##>     Runtime(s)                0                  0                  0                  0                  0                  0                  0                  0  
+----------------------------------------------------------------------------------------------------------------------------------------------------------------+
##>
##>
##>+-----------------------------------------------------------------------------------------------------------------------------------------------------------------------------------------------------+
##>Optimization Step DEBUG Table for config CDN_DP_region_1_9_c7
##>
##>                          Step                        Area   (  % Chg)         WNS (Change)          TNS (Change)                Power   (  % Chg)        Runtime (s)        Comment                   
##>+-----------------------------------------------------------------------------------------------------------------------------------------------------------------------------------------------------+
##>EquationExtraction              START             3909884045 (       )      301.80 (        )          0 (        )                    0 (       )              
##> rewrite                        START             6360220095 ( +62.67)      284.10 (  -17.70)          0 (       0)                    0 (  +0.00)              (a,ar) Expr22_from --> Expr22_to
##>                                  END             9439120610 ( +48.41)      284.10 (   +0.00)          0 (       0)                    0 (  +0.00)           0  
##>                                  END             3909884045 (  +0.00)      301.80 (   +0.00)          0 (       0)                    0 (  +0.00)           0  
##>createMaxCarrySave              START             3909884045 (  +0.00)      301.80 (   +0.00)          0 (       0)                    0 (  +0.00)              
##> datapath_rewrite_one_def       START             3909884045 (  +0.00)      301.80 (   +0.00)          0 (       0)                    0 (  +0.00)              
##>  rewrite                       START             3909884045 (  +0.00)      301.80 (   +0.00)          0 (       0)                    0 (  +0.00)              (na,csaa) subt_c_with_select_version1 --> subt_c_with_select_version2
##>                                  END             4431912160 ( +13.35)      199.60 ( -102.20)          0 (       0)                    0 (  +0.00)           0  
##>                                  END             3909884045 (  +0.00)      301.80 (   +0.00)          0 (       0)                    0 (  +0.00)           0  
##> csa_opto                       START             3909884045 (  +0.00)      301.80 (   +0.00)          0 (       0)                    0 (  +0.00)              
##>                                  END             3909884045 (  +0.00)      301.80 (   +0.00)          0 (       0)                    0 (  +0.00)           0  
##>                                  END             3909884045 (  +0.00)      301.80 (   +0.00)          0 (       0)                    0 (  +0.00)           0  
##>canonicalize_by_names           START             3909884045 (  +0.00)      301.80 (   +0.00)          0 (       0)                    0 (  +0.00)              
##>                                  END             3909884045 (  +0.00)      301.80 (   +0.00)          0 (       0)                    0 (  +0.00)           0  
##>datapath_rewrite_post_csa_one_  START             3909884045 (  +0.00)      301.80 (   +0.00)          0 (       0)                    0 (  +0.00)              
##> rewrite                        START             3909884045 (  +0.00)      301.80 (   +0.00)          0 (       0)                    0 (  +0.00)              (na, greater_or_equal_from_uns --> greater_or_equal_to_uns
##>                                  END             5262895690 ( +34.60)      285.70 (  -16.10)          0 (       0)                    0 (  +0.00)           0  
##>                                  END             3909884045 (  +0.00)      301.80 (   +0.00)          0 (       0)                    0 (  +0.00)           0  
##>datapath_csa_factoring_one_gde  START             3909884045 (  +0.00)      301.80 (   +0.00)          0 (       0)                    0 (  +0.00)              
##>                                  END             3909884045 (  +0.00)      301.80 (   +0.00)          0 (       0)                    0 (  +0.00)           0  
##>dpopt_share_one_def             START             3909884045 (  +0.00)      301.80 (   +0.00)          0 (       0)                    0 (  +0.00)              
##>                                  END             3909884045 (  +0.00)      301.80 (   +0.00)          0 (       0)                    0 (  +0.00)           0  
##>datapath_rewrite_post_share     START             3909884045 (  +0.00)      301.80 (   +0.00)          0 (       0)                    0 (  +0.00)              
##>                                  END             3909884045 (  +0.00)      301.80 (   +0.00)          0 (       0)                    0 (  +0.00)           0  
##>dp_combine_const_mult_with_com  START             3909884045 (  +0.00)      301.80 (   +0.00)          0 (       0)                    0 (  +0.00)              
##>                                  END             3909884045 (  +0.00)      301.80 (   +0.00)          0 (       0)                    0 (  +0.00)           0  
##>dp_operator_level_decompositio  START             3909884045 (  +0.00)      301.80 (   +0.00)          0 (       0)                    0 (  +0.00)              
##>                                  END             3909884045 (  +0.00)      301.80 (   +0.00)          0 (       0)                    0 (  +0.00)           0  
##>selective_flatten_dp_config     START             3909884045 (  +0.00)      301.80 (   +0.00)          0 (       0)                    0 (  +0.00)              
##>                                  END             3909884045 (  +0.00)      301.80 (   +0.00)          0 (       0)                    0 (  +0.00)           0  
##>createMaxCarrySave              START             3909884045 (  +0.00)      301.80 (   +0.00)          0 (       0)                    0 (  +0.00)              
##> datapath_rewrite_one_def       START             3909884045 (  +0.00)      301.80 (   +0.00)          0 (       0)                    0 (  +0.00)              
##>  fast_cse_elim                 START             3909884045 (  +0.00)      301.80 (   +0.00)          0 (       0)                    0 (  +0.00)              
##>                                  END             3909884045 (  +0.00)      301.80 (   +0.00)          0 (       0)                    0 (  +0.00)           0  
##>  fast_cse_elim                 START             3909884045 (  +0.00)      301.80 (   +0.00)          0 (       0)                    0 (  +0.00)              
##>                                  END             3909884045 (  +0.00)      301.80 (   +0.00)          0 (       0)                    0 (  +0.00)           0  
##>                                  END             3909884045 (  +0.00)      301.80 (   +0.00)          0 (       0)                    0 (  +0.00)           0  
##> csa_opto                       START             3909884045 (  +0.00)      301.80 (   +0.00)          0 (       0)                    0 (  +0.00)              
##>                                  END             3909884045 (  +0.00)      301.80 (   +0.00)          0 (       0)                    0 (  +0.00)           0  
##>                                  END             3909884045 (  +0.00)      301.80 (   +0.00)          0 (       0)                    0 (  +0.00)           0  
##>context_based_simplify          START             3909884045 (  +0.00)      301.80 (   +0.00)          0 (       0)                    0 (  +0.00)              
##>                                  END             3675504075 (  -5.99)      301.80 (   +0.00)          0 (       0)                    0 (  +0.00)           0  
##>group_csa_final_adder_dp        START             3675504075 (  +0.00)      301.80 (   +0.00)          0 (       0)                    0 (  +0.00)              
##>                                  END             3675504075 (  +0.00)      301.80 (   +0.00)          0 (       0)                    0 (  +0.00)           0  
##>dpopt_flatten_critical_muxes_i  START             3675504075 (  +0.00)      301.80 (   +0.00)          0 (       0)                    0 (  +0.00)              
##>                                  END             3675504075 (  +0.00)      301.80 (   +0.00)          0 (       0)                    0 (  +0.00)           0  
##>create_score                    START             3675504075 (  +0.00)      301.80 (   +0.00)          0 (       0)                    0 (  +0.00)              
##>                                  END             3675504075 (  +0.00)      301.80 (   +0.00)          0 (       0)                    0 (  +0.00)           0  
##>+-----------------------------------------------------------------------------------------------------------------------------------------------------------------------------------------------------+
Committed config: CDN_DP_region_1_9_c7
Info    : Done implementing datapath configurations. [DPOPT-4]
        : Selected 'very_fast' configuration 7 for module 'CDN_DP_region_1_9_c7'.
          Optimizations applied to 'very_fast' configuration:
            rewriting(0), factoring(0), sharing(0), cmultcse(0), downsizing(0), speculation(0)
Info    : Implementing datapath configurations. [DPOPT-3]
        : Implementing datapath configurations for 'CDN_DP_region_1_8'
  CSAGen Prep Share:0 Re-Write:0 Speculation: 0

CDN_DP_region_1_8 level = 0 loads = 0 drivers = 0
CDN_DP_region_1_8_c0 in butterfly2x2: area: 3909884045 , DP = 2  Mux = 1  other = 1  sg = slow     
    wns: 0  norm_wns:  -1.0000 
    tns:  0
 skipped
CDN_DP_region_1_8_c1 in butterfly2x2: area: 3675504075 , DP = 2  Mux = 1  other = 1  sg = fast     
    wns: 0  norm_wns:  -1.0000 
    tns:  0
 is current best
CDN_DP_region_1_8_c2 in butterfly2x2: area: 3675504075 , DP = 2  Mux = 1  other = 1  sg = very_slow
    wns: 0  norm_wns:  -1.0000 
    tns:  0
 is current best
CDN_DP_region_1_8_c3 in butterfly2x2: area: 3675504075 , DP = 2  Mux = 1  other = 1  sg = very_fast
    wns: 0  norm_wns:  -1.0000 
    tns:  0
 is current best
CDN_DP_region_1_8_c4 in butterfly2x2: area: 3675504075 , DP = 2  Mux = 1  other = 1  sg = very_fast
    wns: 0  norm_wns:  -1.0000 
    tns:  0
 is current best
CDN_DP_region_1_8_c5 in butterfly2x2: area: 3675504075 , DP = 2  Mux = 1  other = 1  sg = very_fast
    wns: 0  norm_wns:  -1.0000 
    tns:  0
 is current best
CDN_DP_region_1_8_c6 in butterfly2x2: area: 3675504075 , DP = 2  Mux = 1  other = 1  sg = very_fast
    wns: 0  norm_wns:  -1.0000 
    tns:  0
 is current best
CDN_DP_region_1_8_c7 in butterfly2x2: area: 3675504075 , DP = 2  Mux = 1  other = 1  sg = very_fast
    wns: 0  norm_wns:  -1.0000 
    tns:  0
 is current best
Best config: CDN_DP_region_1_8_c7 in butterfly2x2: area: 3675504075 , DP = 2  Mux = 1  other = 1  sg = very_fast
    wns: 0  norm_wns:  -1.0000 
    tns:  0
  Smallest config area : 3675504075.  Fastest config wns;  0
##>+----------------------------------------------------------------------------------------------------------------------------------------------------------------+
##>Summary table of configs (Best config is CDN_DP_region_1_8_c7)
##>+----------------------------------------------------------------------------------------------------------------------------------------------------------------+
##>                     0                  1                  2                  3                  4                  5                  6                  7            
##>+----------------------------------------------------------------------------------------------------------------------------------------------------------------+
##>           Area       3909884045         3675504075         3675504075         3675504075         3675504075         3675504075         3675504075         3675504075  
##>            WNS          +301.80            +301.80            +301.80            +301.80            +301.80            +301.80            +301.80            +301.80  
##>            TNS                0                  0                  0                  0                  0                  0                  0                  0  
##>    Num Rewrite                0                  0                  0                  0                  0                  0                  0                  0  
##>      Num Share                0                  0                  0                  0                  0                  0                  0                  0  
##>  Num Speculate                0                  0                  0                  0                  0                  0                  0                  0  
##>         Num DP                2                  2                  2                  2                  2                  2                  2                  2  
##>        Num Mux                1                  1                  1                  1                  1                  1                  1                  1  
##>      Num other                1                  1                  1                  1                  1                  1                  1                  1  
##>     Runtime(s)                0                  0                  0                  0                  0                  0                  0                  0  
+----------------------------------------------------------------------------------------------------------------------------------------------------------------+
##>
##>
##>+-----------------------------------------------------------------------------------------------------------------------------------------------------------------------------------------------------+
##>Optimization Step DEBUG Table for config CDN_DP_region_1_8_c7
##>
##>                          Step                        Area   (  % Chg)         WNS (Change)          TNS (Change)                Power   (  % Chg)        Runtime (s)        Comment                   
##>+-----------------------------------------------------------------------------------------------------------------------------------------------------------------------------------------------------+
##>EquationExtraction              START             3909884045 (       )      301.80 (        )          0 (        )                    0 (       )              
##> rewrite                        START             6360220095 ( +62.67)      284.10 (  -17.70)          0 (       0)                    0 (  +0.00)              (a,ar) Expr23_from --> Expr23_to
##>                                  END             9439120610 ( +48.41)      284.10 (   +0.00)          0 (       0)                    0 (  +0.00)           0  
##>                                  END             3909884045 (  +0.00)      301.80 (   +0.00)          0 (       0)                    0 (  +0.00)           0  
##>createMaxCarrySave              START             3909884045 (  +0.00)      301.80 (   +0.00)          0 (       0)                    0 (  +0.00)              
##> datapath_rewrite_one_def       START             3909884045 (  +0.00)      301.80 (   +0.00)          0 (       0)                    0 (  +0.00)              
##>  rewrite                       START             3909884045 (  +0.00)      301.80 (   +0.00)          0 (       0)                    0 (  +0.00)              (na,csaa) subt_c_with_select_version1 --> subt_c_with_select_version2
##>                                  END             4431912160 ( +13.35)      199.60 ( -102.20)          0 (       0)                    0 (  +0.00)           0  
##>                                  END             3909884045 (  +0.00)      301.80 (   +0.00)          0 (       0)                    0 (  +0.00)           0  
##> csa_opto                       START             3909884045 (  +0.00)      301.80 (   +0.00)          0 (       0)                    0 (  +0.00)              
##>                                  END             3909884045 (  +0.00)      301.80 (   +0.00)          0 (       0)                    0 (  +0.00)           0  
##>                                  END             3909884045 (  +0.00)      301.80 (   +0.00)          0 (       0)                    0 (  +0.00)           0  
##>canonicalize_by_names           START             3909884045 (  +0.00)      301.80 (   +0.00)          0 (       0)                    0 (  +0.00)              
##>                                  END             3909884045 (  +0.00)      301.80 (   +0.00)          0 (       0)                    0 (  +0.00)           0  
##>datapath_rewrite_post_csa_one_  START             3909884045 (  +0.00)      301.80 (   +0.00)          0 (       0)                    0 (  +0.00)              
##> rewrite                        START             3909884045 (  +0.00)      301.80 (   +0.00)          0 (       0)                    0 (  +0.00)              (na, greater_or_equal_from_uns --> greater_or_equal_to_uns
##>                                  END             5262895690 ( +34.60)      285.70 (  -16.10)          0 (       0)                    0 (  +0.00)           0  
##>                                  END             3909884045 (  +0.00)      301.80 (   +0.00)          0 (       0)                    0 (  +0.00)           0  
##>datapath_csa_factoring_one_gde  START             3909884045 (  +0.00)      301.80 (   +0.00)          0 (       0)                    0 (  +0.00)              
##>                                  END             3909884045 (  +0.00)      301.80 (   +0.00)          0 (       0)                    0 (  +0.00)           0  
##>dpopt_share_one_def             START             3909884045 (  +0.00)      301.80 (   +0.00)          0 (       0)                    0 (  +0.00)              
##>                                  END             3909884045 (  +0.00)      301.80 (   +0.00)          0 (       0)                    0 (  +0.00)           0  
##>datapath_rewrite_post_share     START             3909884045 (  +0.00)      301.80 (   +0.00)          0 (       0)                    0 (  +0.00)              
##>                                  END             3909884045 (  +0.00)      301.80 (   +0.00)          0 (       0)                    0 (  +0.00)           0  
##>dp_combine_const_mult_with_com  START             3909884045 (  +0.00)      301.80 (   +0.00)          0 (       0)                    0 (  +0.00)              
##>                                  END             3909884045 (  +0.00)      301.80 (   +0.00)          0 (       0)                    0 (  +0.00)           0  
##>dp_operator_level_decompositio  START             3909884045 (  +0.00)      301.80 (   +0.00)          0 (       0)                    0 (  +0.00)              
##>                                  END             3909884045 (  +0.00)      301.80 (   +0.00)          0 (       0)                    0 (  +0.00)           0  
##>selective_flatten_dp_config     START             3909884045 (  +0.00)      301.80 (   +0.00)          0 (       0)                    0 (  +0.00)              
##>                                  END             3909884045 (  +0.00)      301.80 (   +0.00)          0 (       0)                    0 (  +0.00)           0  
##>createMaxCarrySave              START             3909884045 (  +0.00)      301.80 (   +0.00)          0 (       0)                    0 (  +0.00)              
##> datapath_rewrite_one_def       START             3909884045 (  +0.00)      301.80 (   +0.00)          0 (       0)                    0 (  +0.00)              
##>  fast_cse_elim                 START             3909884045 (  +0.00)      301.80 (   +0.00)          0 (       0)                    0 (  +0.00)              
##>                                  END             3909884045 (  +0.00)      301.80 (   +0.00)          0 (       0)                    0 (  +0.00)           0  
##>  fast_cse_elim                 START             3909884045 (  +0.00)      301.80 (   +0.00)          0 (       0)                    0 (  +0.00)              
##>                                  END             3909884045 (  +0.00)      301.80 (   +0.00)          0 (       0)                    0 (  +0.00)           0  
##>                                  END             3909884045 (  +0.00)      301.80 (   +0.00)          0 (       0)                    0 (  +0.00)           0  
##> csa_opto                       START             3909884045 (  +0.00)      301.80 (   +0.00)          0 (       0)                    0 (  +0.00)              
##>                                  END             3909884045 (  +0.00)      301.80 (   +0.00)          0 (       0)                    0 (  +0.00)           0  
##>                                  END             3909884045 (  +0.00)      301.80 (   +0.00)          0 (       0)                    0 (  +0.00)           0  
##>context_based_simplify          START             3909884045 (  +0.00)      301.80 (   +0.00)          0 (       0)                    0 (  +0.00)              
##>                                  END             3675504075 (  -5.99)      301.80 (   +0.00)          0 (       0)                    0 (  +0.00)           0  
##>group_csa_final_adder_dp        START             3675504075 (  +0.00)      301.80 (   +0.00)          0 (       0)                    0 (  +0.00)              
##>                                  END             3675504075 (  +0.00)      301.80 (   +0.00)          0 (       0)                    0 (  +0.00)           0  
##>dpopt_flatten_critical_muxes_i  START             3675504075 (  +0.00)      301.80 (   +0.00)          0 (       0)                    0 (  +0.00)              
##>                                  END             3675504075 (  +0.00)      301.80 (   +0.00)          0 (       0)                    0 (  +0.00)           0  
##>create_score                    START             3675504075 (  +0.00)      301.80 (   +0.00)          0 (       0)                    0 (  +0.00)              
##>                                  END             3675504075 (  +0.00)      301.80 (   +0.00)          0 (       0)                    0 (  +0.00)           0  
##>+-----------------------------------------------------------------------------------------------------------------------------------------------------------------------------------------------------+
Committed config: CDN_DP_region_1_8_c7
Info    : Done implementing datapath configurations. [DPOPT-4]
        : Selected 'very_fast' configuration 7 for module 'CDN_DP_region_1_8_c7'.
          Optimizations applied to 'very_fast' configuration:
            rewriting(0), factoring(0), sharing(0), cmultcse(0), downsizing(0), speculation(0)
Info    : Implementing datapath configurations. [DPOPT-3]
        : Implementing datapath configurations for 'CDN_DP_region_1_6'
  CSAGen Prep Share:0 Re-Write:0 Speculation: 0

CDN_DP_region_1_6 level = 0 loads = 0 drivers = 0
CDN_DP_region_1_6_c0 in butterfly2x2: area: 3909884045 , DP = 2  Mux = 1  other = 1  sg = slow     
    wns: 0  norm_wns:  -1.0000 
    tns:  0
 skipped
CDN_DP_region_1_6_c1 in butterfly2x2: area: 3675504075 , DP = 2  Mux = 1  other = 1  sg = fast     
    wns: 0  norm_wns:  -1.0000 
    tns:  0
 is current best
CDN_DP_region_1_6_c2 in butterfly2x2: area: 3675504075 , DP = 2  Mux = 1  other = 1  sg = very_slow
    wns: 0  norm_wns:  -1.0000 
    tns:  0
 is current best
CDN_DP_region_1_6_c3 in butterfly2x2: area: 3675504075 , DP = 2  Mux = 1  other = 1  sg = very_fast
    wns: 0  norm_wns:  -1.0000 
    tns:  0
 is current best
CDN_DP_region_1_6_c4 in butterfly2x2: area: 3675504075 , DP = 2  Mux = 1  other = 1  sg = very_fast
    wns: 0  norm_wns:  -1.0000 
    tns:  0
 is current best
CDN_DP_region_1_6_c5 in butterfly2x2: area: 3675504075 , DP = 2  Mux = 1  other = 1  sg = very_fast
    wns: 0  norm_wns:  -1.0000 
    tns:  0
 is current best
CDN_DP_region_1_6_c6 in butterfly2x2: area: 3675504075 , DP = 2  Mux = 1  other = 1  sg = very_fast
    wns: 0  norm_wns:  -1.0000 
    tns:  0
 is current best
CDN_DP_region_1_6_c7 in butterfly2x2: area: 3675504075 , DP = 2  Mux = 1  other = 1  sg = very_fast
    wns: 0  norm_wns:  -1.0000 
    tns:  0
 is current best
Best config: CDN_DP_region_1_6_c7 in butterfly2x2: area: 3675504075 , DP = 2  Mux = 1  other = 1  sg = very_fast
    wns: 0  norm_wns:  -1.0000 
    tns:  0
  Smallest config area : 3675504075.  Fastest config wns;  0
##>+----------------------------------------------------------------------------------------------------------------------------------------------------------------+
##>Summary table of configs (Best config is CDN_DP_region_1_6_c7)
##>+----------------------------------------------------------------------------------------------------------------------------------------------------------------+
##>                     0                  1                  2                  3                  4                  5                  6                  7            
##>+----------------------------------------------------------------------------------------------------------------------------------------------------------------+
##>           Area       3909884045         3675504075         3675504075         3675504075         3675504075         3675504075         3675504075         3675504075  
##>            WNS          +301.80            +301.80            +301.80            +301.80            +301.80            +301.80            +301.80            +301.80  
##>            TNS                0                  0                  0                  0                  0                  0                  0                  0  
##>    Num Rewrite                0                  0                  0                  0                  0                  0                  0                  0  
##>      Num Share                0                  0                  0                  0                  0                  0                  0                  0  
##>  Num Speculate                0                  0                  0                  0                  0                  0                  0                  0  
##>         Num DP                2                  2                  2                  2                  2                  2                  2                  2  
##>        Num Mux                1                  1                  1                  1                  1                  1                  1                  1  
##>      Num other                1                  1                  1                  1                  1                  1                  1                  1  
##>     Runtime(s)                0                  0                  0                  0                  0                  0                  0                  0  
+----------------------------------------------------------------------------------------------------------------------------------------------------------------+
##>
##>
##>+-----------------------------------------------------------------------------------------------------------------------------------------------------------------------------------------------------+
##>Optimization Step DEBUG Table for config CDN_DP_region_1_6_c7
##>
##>                          Step                        Area   (  % Chg)         WNS (Change)          TNS (Change)                Power   (  % Chg)        Runtime (s)        Comment                   
##>+-----------------------------------------------------------------------------------------------------------------------------------------------------------------------------------------------------+
##>EquationExtraction              START             3909884045 (       )      301.80 (        )          0 (        )                    0 (       )              
##> rewrite                        START             6360220095 ( +62.67)      284.10 (  -17.70)          0 (       0)                    0 (  +0.00)              (a,ar) Expr24_from --> Expr24_to
##>                                  END             9439120610 ( +48.41)      284.10 (   +0.00)          0 (       0)                    0 (  +0.00)           0  
##>                                  END             3909884045 (  +0.00)      301.80 (   +0.00)          0 (       0)                    0 (  +0.00)           0  
##>createMaxCarrySave              START             3909884045 (  +0.00)      301.80 (   +0.00)          0 (       0)                    0 (  +0.00)              
##> datapath_rewrite_one_def       START             3909884045 (  +0.00)      301.80 (   +0.00)          0 (       0)                    0 (  +0.00)              
##>  rewrite                       START             3909884045 (  +0.00)      301.80 (   +0.00)          0 (       0)                    0 (  +0.00)              (na,csaa) subt_c_with_select_version1 --> subt_c_with_select_version2
##>                                  END             4431912160 ( +13.35)      199.60 ( -102.20)          0 (       0)                    0 (  +0.00)           0  
##>                                  END             3909884045 (  +0.00)      301.80 (   +0.00)          0 (       0)                    0 (  +0.00)           0  
##> csa_opto                       START             3909884045 (  +0.00)      301.80 (   +0.00)          0 (       0)                    0 (  +0.00)              
##>                                  END             3909884045 (  +0.00)      301.80 (   +0.00)          0 (       0)                    0 (  +0.00)           0  
##>                                  END             3909884045 (  +0.00)      301.80 (   +0.00)          0 (       0)                    0 (  +0.00)           0  
##>canonicalize_by_names           START             3909884045 (  +0.00)      301.80 (   +0.00)          0 (       0)                    0 (  +0.00)              
##>                                  END             3909884045 (  +0.00)      301.80 (   +0.00)          0 (       0)                    0 (  +0.00)           0  
##>datapath_rewrite_post_csa_one_  START             3909884045 (  +0.00)      301.80 (   +0.00)          0 (       0)                    0 (  +0.00)              
##> rewrite                        START             3909884045 (  +0.00)      301.80 (   +0.00)          0 (       0)                    0 (  +0.00)              (na, greater_or_equal_from_uns --> greater_or_equal_to_uns
##>                                  END             5262895690 ( +34.60)      285.70 (  -16.10)          0 (       0)                    0 (  +0.00)           0  
##>                                  END             3909884045 (  +0.00)      301.80 (   +0.00)          0 (       0)                    0 (  +0.00)           0  
##>datapath_csa_factoring_one_gde  START             3909884045 (  +0.00)      301.80 (   +0.00)          0 (       0)                    0 (  +0.00)              
##>                                  END             3909884045 (  +0.00)      301.80 (   +0.00)          0 (       0)                    0 (  +0.00)           0  
##>dpopt_share_one_def             START             3909884045 (  +0.00)      301.80 (   +0.00)          0 (       0)                    0 (  +0.00)              
##>                                  END             3909884045 (  +0.00)      301.80 (   +0.00)          0 (       0)                    0 (  +0.00)           0  
##>datapath_rewrite_post_share     START             3909884045 (  +0.00)      301.80 (   +0.00)          0 (       0)                    0 (  +0.00)              
##>                                  END             3909884045 (  +0.00)      301.80 (   +0.00)          0 (       0)                    0 (  +0.00)           0  
##>dp_combine_const_mult_with_com  START             3909884045 (  +0.00)      301.80 (   +0.00)          0 (       0)                    0 (  +0.00)              
##>                                  END             3909884045 (  +0.00)      301.80 (   +0.00)          0 (       0)                    0 (  +0.00)           0  
##>dp_operator_level_decompositio  START             3909884045 (  +0.00)      301.80 (   +0.00)          0 (       0)                    0 (  +0.00)              
##>                                  END             3909884045 (  +0.00)      301.80 (   +0.00)          0 (       0)                    0 (  +0.00)           0  
##>selective_flatten_dp_config     START             3909884045 (  +0.00)      301.80 (   +0.00)          0 (       0)                    0 (  +0.00)              
##>                                  END             3909884045 (  +0.00)      301.80 (   +0.00)          0 (       0)                    0 (  +0.00)           0  
##>createMaxCarrySave              START             3909884045 (  +0.00)      301.80 (   +0.00)          0 (       0)                    0 (  +0.00)              
##> datapath_rewrite_one_def       START             3909884045 (  +0.00)      301.80 (   +0.00)          0 (       0)                    0 (  +0.00)              
##>  fast_cse_elim                 START             3909884045 (  +0.00)      301.80 (   +0.00)          0 (       0)                    0 (  +0.00)              
##>                                  END             3909884045 (  +0.00)      301.80 (   +0.00)          0 (       0)                    0 (  +0.00)           0  
##>  fast_cse_elim                 START             3909884045 (  +0.00)      301.80 (   +0.00)          0 (       0)                    0 (  +0.00)              
##>                                  END             3909884045 (  +0.00)      301.80 (   +0.00)          0 (       0)                    0 (  +0.00)           0  
##>                                  END             3909884045 (  +0.00)      301.80 (   +0.00)          0 (       0)                    0 (  +0.00)           0  
##> csa_opto                       START             3909884045 (  +0.00)      301.80 (   +0.00)          0 (       0)                    0 (  +0.00)              
##>                                  END             3909884045 (  +0.00)      301.80 (   +0.00)          0 (       0)                    0 (  +0.00)           0  
##>                                  END             3909884045 (  +0.00)      301.80 (   +0.00)          0 (       0)                    0 (  +0.00)           0  
##>context_based_simplify          START             3909884045 (  +0.00)      301.80 (   +0.00)          0 (       0)                    0 (  +0.00)              
##>                                  END             3675504075 (  -5.99)      301.80 (   +0.00)          0 (       0)                    0 (  +0.00)           0  
##>group_csa_final_adder_dp        START             3675504075 (  +0.00)      301.80 (   +0.00)          0 (       0)                    0 (  +0.00)              
##>                                  END             3675504075 (  +0.00)      301.80 (   +0.00)          0 (       0)                    0 (  +0.00)           0  
##>dpopt_flatten_critical_muxes_i  START             3675504075 (  +0.00)      301.80 (   +0.00)          0 (       0)                    0 (  +0.00)              
##>                                  END             3675504075 (  +0.00)      301.80 (   +0.00)          0 (       0)                    0 (  +0.00)           0  
##>create_score                    START             3675504075 (  +0.00)      301.80 (   +0.00)          0 (       0)                    0 (  +0.00)              
##>                                  END             3675504075 (  +0.00)      301.80 (   +0.00)          0 (       0)                    0 (  +0.00)           0  
##>+-----------------------------------------------------------------------------------------------------------------------------------------------------------------------------------------------------+
Committed config: CDN_DP_region_1_6_c7
Info    : Done implementing datapath configurations. [DPOPT-4]
        : Selected 'very_fast' configuration 7 for module 'CDN_DP_region_1_6_c7'.
          Optimizations applied to 'very_fast' configuration:
            rewriting(0), factoring(0), sharing(0), cmultcse(0), downsizing(0), speculation(0)
Info    : Implementing datapath configurations. [DPOPT-3]
        : Implementing datapath configurations for 'CDN_DP_region_1_5'
  CSAGen Prep Share:0 Re-Write:0 Speculation: 0

CDN_DP_region_1_5 level = 0 loads = 0 drivers = 0
CDN_DP_region_1_5_c0 in butterfly2x2: area: 3909884045 , DP = 2  Mux = 1  other = 1  sg = slow     
    wns: 0  norm_wns:  -1.0000 
    tns:  0
 skipped
CDN_DP_region_1_5_c1 in butterfly2x2: area: 3675504075 , DP = 2  Mux = 1  other = 1  sg = fast     
    wns: 0  norm_wns:  -1.0000 
    tns:  0
 is current best
CDN_DP_region_1_5_c2 in butterfly2x2: area: 3675504075 , DP = 2  Mux = 1  other = 1  sg = very_slow
    wns: 0  norm_wns:  -1.0000 
    tns:  0
 is current best
CDN_DP_region_1_5_c3 in butterfly2x2: area: 3675504075 , DP = 2  Mux = 1  other = 1  sg = very_fast
    wns: 0  norm_wns:  -1.0000 
    tns:  0
 is current best
CDN_DP_region_1_5_c4 in butterfly2x2: area: 3675504075 , DP = 2  Mux = 1  other = 1  sg = very_fast
    wns: 0  norm_wns:  -1.0000 
    tns:  0
 is current best
CDN_DP_region_1_5_c5 in butterfly2x2: area: 3675504075 , DP = 2  Mux = 1  other = 1  sg = very_fast
    wns: 0  norm_wns:  -1.0000 
    tns:  0
 is current best
CDN_DP_region_1_5_c6 in butterfly2x2: area: 3675504075 , DP = 2  Mux = 1  other = 1  sg = very_fast
    wns: 0  norm_wns:  -1.0000 
    tns:  0
 is current best
CDN_DP_region_1_5_c7 in butterfly2x2: area: 3675504075 , DP = 2  Mux = 1  other = 1  sg = very_fast
    wns: 0  norm_wns:  -1.0000 
    tns:  0
 is current best
Best config: CDN_DP_region_1_5_c7 in butterfly2x2: area: 3675504075 , DP = 2  Mux = 1  other = 1  sg = very_fast
    wns: 0  norm_wns:  -1.0000 
    tns:  0
  Smallest config area : 3675504075.  Fastest config wns;  0
##>+----------------------------------------------------------------------------------------------------------------------------------------------------------------+
##>Summary table of configs (Best config is CDN_DP_region_1_5_c7)
##>+----------------------------------------------------------------------------------------------------------------------------------------------------------------+
##>                     0                  1                  2                  3                  4                  5                  6                  7            
##>+----------------------------------------------------------------------------------------------------------------------------------------------------------------+
##>           Area       3909884045         3675504075         3675504075         3675504075         3675504075         3675504075         3675504075         3675504075  
##>            WNS          +301.80            +301.80            +301.80            +301.80            +301.80            +301.80            +301.80            +301.80  
##>            TNS                0                  0                  0                  0                  0                  0                  0                  0  
##>    Num Rewrite                0                  0                  0                  0                  0                  0                  0                  0  
##>      Num Share                0                  0                  0                  0                  0                  0                  0                  0  
##>  Num Speculate                0                  0                  0                  0                  0                  0                  0                  0  
##>         Num DP                2                  2                  2                  2                  2                  2                  2                  2  
##>        Num Mux                1                  1                  1                  1                  1                  1                  1                  1  
##>      Num other                1                  1                  1                  1                  1                  1                  1                  1  
##>     Runtime(s)                0                  0                  0                  0                  0                  0                  0                  0  
+----------------------------------------------------------------------------------------------------------------------------------------------------------------+
##>
##>
##>+-----------------------------------------------------------------------------------------------------------------------------------------------------------------------------------------------------+
##>Optimization Step DEBUG Table for config CDN_DP_region_1_5_c7
##>
##>                          Step                        Area   (  % Chg)         WNS (Change)          TNS (Change)                Power   (  % Chg)        Runtime (s)        Comment                   
##>+-----------------------------------------------------------------------------------------------------------------------------------------------------------------------------------------------------+
##>EquationExtraction              START             3909884045 (       )      301.80 (        )          0 (        )                    0 (       )              
##> rewrite                        START             6360220095 ( +62.67)      284.10 (  -17.70)          0 (       0)                    0 (  +0.00)              (a,ar) Expr25_from --> Expr25_to
##>                                  END             9439120610 ( +48.41)      284.10 (   +0.00)          0 (       0)                    0 (  +0.00)           0  
##>                                  END             3909884045 (  +0.00)      301.80 (   +0.00)          0 (       0)                    0 (  +0.00)           0  
##>createMaxCarrySave              START             3909884045 (  +0.00)      301.80 (   +0.00)          0 (       0)                    0 (  +0.00)              
##> datapath_rewrite_one_def       START             3909884045 (  +0.00)      301.80 (   +0.00)          0 (       0)                    0 (  +0.00)              
##>  rewrite                       START             3909884045 (  +0.00)      301.80 (   +0.00)          0 (       0)                    0 (  +0.00)              (na,csaa) subt_c_with_select_version1 --> subt_c_with_select_version2
##>                                  END             4431912160 ( +13.35)      199.60 ( -102.20)          0 (       0)                    0 (  +0.00)           0  
##>                                  END             3909884045 (  +0.00)      301.80 (   +0.00)          0 (       0)                    0 (  +0.00)           0  
##> csa_opto                       START             3909884045 (  +0.00)      301.80 (   +0.00)          0 (       0)                    0 (  +0.00)              
##>                                  END             3909884045 (  +0.00)      301.80 (   +0.00)          0 (       0)                    0 (  +0.00)           0  
##>                                  END             3909884045 (  +0.00)      301.80 (   +0.00)          0 (       0)                    0 (  +0.00)           0  
##>canonicalize_by_names           START             3909884045 (  +0.00)      301.80 (   +0.00)          0 (       0)                    0 (  +0.00)              
##>                                  END             3909884045 (  +0.00)      301.80 (   +0.00)          0 (       0)                    0 (  +0.00)           0  
##>datapath_rewrite_post_csa_one_  START             3909884045 (  +0.00)      301.80 (   +0.00)          0 (       0)                    0 (  +0.00)              
##> rewrite                        START             3909884045 (  +0.00)      301.80 (   +0.00)          0 (       0)                    0 (  +0.00)              (na, greater_or_equal_from_uns --> greater_or_equal_to_uns
##>                                  END             5262895690 ( +34.60)      285.70 (  -16.10)          0 (       0)                    0 (  +0.00)           0  
##>                                  END             3909884045 (  +0.00)      301.80 (   +0.00)          0 (       0)                    0 (  +0.00)           0  
##>datapath_csa_factoring_one_gde  START             3909884045 (  +0.00)      301.80 (   +0.00)          0 (       0)                    0 (  +0.00)              
##>                                  END             3909884045 (  +0.00)      301.80 (   +0.00)          0 (       0)                    0 (  +0.00)           0  
##>dpopt_share_one_def             START             3909884045 (  +0.00)      301.80 (   +0.00)          0 (       0)                    0 (  +0.00)              
##>                                  END             3909884045 (  +0.00)      301.80 (   +0.00)          0 (       0)                    0 (  +0.00)           0  
##>datapath_rewrite_post_share     START             3909884045 (  +0.00)      301.80 (   +0.00)          0 (       0)                    0 (  +0.00)              
##>                                  END             3909884045 (  +0.00)      301.80 (   +0.00)          0 (       0)                    0 (  +0.00)           0  
##>dp_combine_const_mult_with_com  START             3909884045 (  +0.00)      301.80 (   +0.00)          0 (       0)                    0 (  +0.00)              
##>                                  END             3909884045 (  +0.00)      301.80 (   +0.00)          0 (       0)                    0 (  +0.00)           0  
##>dp_operator_level_decompositio  START             3909884045 (  +0.00)      301.80 (   +0.00)          0 (       0)                    0 (  +0.00)              
##>                                  END             3909884045 (  +0.00)      301.80 (   +0.00)          0 (       0)                    0 (  +0.00)           0  
##>selective_flatten_dp_config     START             3909884045 (  +0.00)      301.80 (   +0.00)          0 (       0)                    0 (  +0.00)              
##>                                  END             3909884045 (  +0.00)      301.80 (   +0.00)          0 (       0)                    0 (  +0.00)           0  
##>createMaxCarrySave              START             3909884045 (  +0.00)      301.80 (   +0.00)          0 (       0)                    0 (  +0.00)              
##> datapath_rewrite_one_def       START             3909884045 (  +0.00)      301.80 (   +0.00)          0 (       0)                    0 (  +0.00)              
##>  fast_cse_elim                 START             3909884045 (  +0.00)      301.80 (   +0.00)          0 (       0)                    0 (  +0.00)              
##>                                  END             3909884045 (  +0.00)      301.80 (   +0.00)          0 (       0)                    0 (  +0.00)           0  
##>  fast_cse_elim                 START             3909884045 (  +0.00)      301.80 (   +0.00)          0 (       0)                    0 (  +0.00)              
##>                                  END             3909884045 (  +0.00)      301.80 (   +0.00)          0 (       0)                    0 (  +0.00)           0  
##>                                  END             3909884045 (  +0.00)      301.80 (   +0.00)          0 (       0)                    0 (  +0.00)           0  
##> csa_opto                       START             3909884045 (  +0.00)      301.80 (   +0.00)          0 (       0)                    0 (  +0.00)              
##>                                  END             3909884045 (  +0.00)      301.80 (   +0.00)          0 (       0)                    0 (  +0.00)           0  
##>                                  END             3909884045 (  +0.00)      301.80 (   +0.00)          0 (       0)                    0 (  +0.00)           0  
##>context_based_simplify          START             3909884045 (  +0.00)      301.80 (   +0.00)          0 (       0)                    0 (  +0.00)              
##>                                  END             3675504075 (  -5.99)      301.80 (   +0.00)          0 (       0)                    0 (  +0.00)           0  
##>group_csa_final_adder_dp        START             3675504075 (  +0.00)      301.80 (   +0.00)          0 (       0)                    0 (  +0.00)              
##>                                  END             3675504075 (  +0.00)      301.80 (   +0.00)          0 (       0)                    0 (  +0.00)           0  
##>dpopt_flatten_critical_muxes_i  START             3675504075 (  +0.00)      301.80 (   +0.00)          0 (       0)                    0 (  +0.00)              
##>                                  END             3675504075 (  +0.00)      301.80 (   +0.00)          0 (       0)                    0 (  +0.00)           0  
##>create_score                    START             3675504075 (  +0.00)      301.80 (   +0.00)          0 (       0)                    0 (  +0.00)              
##>                                  END             3675504075 (  +0.00)      301.80 (   +0.00)          0 (       0)                    0 (  +0.00)           0  
##>+-----------------------------------------------------------------------------------------------------------------------------------------------------------------------------------------------------+
Committed config: CDN_DP_region_1_5_c7
Info    : Done implementing datapath configurations. [DPOPT-4]
        : Selected 'very_fast' configuration 7 for module 'CDN_DP_region_1_5_c7'.
          Optimizations applied to 'very_fast' configuration:
            rewriting(0), factoring(0), sharing(0), cmultcse(0), downsizing(0), speculation(0)
Info    : Implementing datapath configurations. [DPOPT-3]
        : Implementing datapath configurations for 'CDN_DP_region_1_3'
  CSAGen Prep Share:0 Re-Write:0 Speculation: 0

CDN_DP_region_1_3 level = 0 loads = 0 drivers = 0
CDN_DP_region_1_3_c0 in butterfly2x2: area: 3909884045 , DP = 2  Mux = 1  other = 1  sg = slow     
    wns: 0  norm_wns:  -1.0000 
    tns:  0
 skipped
CDN_DP_region_1_3_c1 in butterfly2x2: area: 3675504075 , DP = 2  Mux = 1  other = 1  sg = fast     
    wns: 0  norm_wns:  -1.0000 
    tns:  0
 is current best
CDN_DP_region_1_3_c2 in butterfly2x2: area: 3675504075 , DP = 2  Mux = 1  other = 1  sg = very_slow
    wns: 0  norm_wns:  -1.0000 
    tns:  0
 is current best
CDN_DP_region_1_3_c3 in butterfly2x2: area: 3675504075 , DP = 2  Mux = 1  other = 1  sg = very_fast
    wns: 0  norm_wns:  -1.0000 
    tns:  0
 is current best
CDN_DP_region_1_3_c4 in butterfly2x2: area: 3675504075 , DP = 2  Mux = 1  other = 1  sg = very_fast
    wns: 0  norm_wns:  -1.0000 
    tns:  0
 is current best
CDN_DP_region_1_3_c5 in butterfly2x2: area: 3675504075 , DP = 2  Mux = 1  other = 1  sg = very_fast
    wns: 0  norm_wns:  -1.0000 
    tns:  0
 is current best
CDN_DP_region_1_3_c6 in butterfly2x2: area: 3675504075 , DP = 2  Mux = 1  other = 1  sg = very_fast
    wns: 0  norm_wns:  -1.0000 
    tns:  0
 is current best
CDN_DP_region_1_3_c7 in butterfly2x2: area: 3675504075 , DP = 2  Mux = 1  other = 1  sg = very_fast
    wns: 0  norm_wns:  -1.0000 
    tns:  0
 is current best
Best config: CDN_DP_region_1_3_c7 in butterfly2x2: area: 3675504075 , DP = 2  Mux = 1  other = 1  sg = very_fast
    wns: 0  norm_wns:  -1.0000 
    tns:  0
  Smallest config area : 3675504075.  Fastest config wns;  0
##>+----------------------------------------------------------------------------------------------------------------------------------------------------------------+
##>Summary table of configs (Best config is CDN_DP_region_1_3_c7)
##>+----------------------------------------------------------------------------------------------------------------------------------------------------------------+
##>                     0                  1                  2                  3                  4                  5                  6                  7            
##>+----------------------------------------------------------------------------------------------------------------------------------------------------------------+
##>           Area       3909884045         3675504075         3675504075         3675504075         3675504075         3675504075         3675504075         3675504075  
##>            WNS          +301.80            +301.80            +301.80            +301.80            +301.80            +301.80            +301.80            +301.80  
##>            TNS                0                  0                  0                  0                  0                  0                  0                  0  
##>    Num Rewrite                0                  0                  0                  0                  0                  0                  0                  0  
##>      Num Share                0                  0                  0                  0                  0                  0                  0                  0  
##>  Num Speculate                0                  0                  0                  0                  0                  0                  0                  0  
##>         Num DP                2                  2                  2                  2                  2                  2                  2                  2  
##>        Num Mux                1                  1                  1                  1                  1                  1                  1                  1  
##>      Num other                1                  1                  1                  1                  1                  1                  1                  1  
##>     Runtime(s)                0                  0                  0                  0                  0                  0                  0                  0  
+----------------------------------------------------------------------------------------------------------------------------------------------------------------+
##>
##>
##>+-----------------------------------------------------------------------------------------------------------------------------------------------------------------------------------------------------+
##>Optimization Step DEBUG Table for config CDN_DP_region_1_3_c7
##>
##>                          Step                        Area   (  % Chg)         WNS (Change)          TNS (Change)                Power   (  % Chg)        Runtime (s)        Comment                   
##>+-----------------------------------------------------------------------------------------------------------------------------------------------------------------------------------------------------+
##>EquationExtraction              START             3909884045 (       )      301.80 (        )          0 (        )                    0 (       )              
##> rewrite                        START             6360220095 ( +62.67)      284.10 (  -17.70)          0 (       0)                    0 (  +0.00)              (a,ar) Expr26_from --> Expr26_to
##>                                  END             9439120610 ( +48.41)      284.10 (   +0.00)          0 (       0)                    0 (  +0.00)           0  
##>                                  END             3909884045 (  +0.00)      301.80 (   +0.00)          0 (       0)                    0 (  +0.00)           0  
##>createMaxCarrySave              START             3909884045 (  +0.00)      301.80 (   +0.00)          0 (       0)                    0 (  +0.00)              
##> datapath_rewrite_one_def       START             3909884045 (  +0.00)      301.80 (   +0.00)          0 (       0)                    0 (  +0.00)              
##>  rewrite                       START             3909884045 (  +0.00)      301.80 (   +0.00)          0 (       0)                    0 (  +0.00)              (na,csaa) subt_c_with_select_version1 --> subt_c_with_select_version2
##>                                  END             4431912160 ( +13.35)      199.60 ( -102.20)          0 (       0)                    0 (  +0.00)           0  
##>                                  END             3909884045 (  +0.00)      301.80 (   +0.00)          0 (       0)                    0 (  +0.00)           0  
##> csa_opto                       START             3909884045 (  +0.00)      301.80 (   +0.00)          0 (       0)                    0 (  +0.00)              
##>                                  END             3909884045 (  +0.00)      301.80 (   +0.00)          0 (       0)                    0 (  +0.00)           0  
##>                                  END             3909884045 (  +0.00)      301.80 (   +0.00)          0 (       0)                    0 (  +0.00)           0  
##>canonicalize_by_names           START             3909884045 (  +0.00)      301.80 (   +0.00)          0 (       0)                    0 (  +0.00)              
##>                                  END             3909884045 (  +0.00)      301.80 (   +0.00)          0 (       0)                    0 (  +0.00)           0  
##>datapath_rewrite_post_csa_one_  START             3909884045 (  +0.00)      301.80 (   +0.00)          0 (       0)                    0 (  +0.00)              
##> rewrite                        START             3909884045 (  +0.00)      301.80 (   +0.00)          0 (       0)                    0 (  +0.00)              (na, greater_or_equal_from_uns --> greater_or_equal_to_uns
##>                                  END             5262895690 ( +34.60)      285.70 (  -16.10)          0 (       0)                    0 (  +0.00)           0  
##>                                  END             3909884045 (  +0.00)      301.80 (   +0.00)          0 (       0)                    0 (  +0.00)           0  
##>datapath_csa_factoring_one_gde  START             3909884045 (  +0.00)      301.80 (   +0.00)          0 (       0)                    0 (  +0.00)              
##>                                  END             3909884045 (  +0.00)      301.80 (   +0.00)          0 (       0)                    0 (  +0.00)           0  
##>dpopt_share_one_def             START             3909884045 (  +0.00)      301.80 (   +0.00)          0 (       0)                    0 (  +0.00)              
##>                                  END             3909884045 (  +0.00)      301.80 (   +0.00)          0 (       0)                    0 (  +0.00)           0  
##>datapath_rewrite_post_share     START             3909884045 (  +0.00)      301.80 (   +0.00)          0 (       0)                    0 (  +0.00)              
##>                                  END             3909884045 (  +0.00)      301.80 (   +0.00)          0 (       0)                    0 (  +0.00)           0  
##>dp_combine_const_mult_with_com  START             3909884045 (  +0.00)      301.80 (   +0.00)          0 (       0)                    0 (  +0.00)              
##>                                  END             3909884045 (  +0.00)      301.80 (   +0.00)          0 (       0)                    0 (  +0.00)           0  
##>dp_operator_level_decompositio  START             3909884045 (  +0.00)      301.80 (   +0.00)          0 (       0)                    0 (  +0.00)              
##>                                  END             3909884045 (  +0.00)      301.80 (   +0.00)          0 (       0)                    0 (  +0.00)           0  
##>selective_flatten_dp_config     START             3909884045 (  +0.00)      301.80 (   +0.00)          0 (       0)                    0 (  +0.00)              
##>                                  END             3909884045 (  +0.00)      301.80 (   +0.00)          0 (       0)                    0 (  +0.00)           0  
##>createMaxCarrySave              START             3909884045 (  +0.00)      301.80 (   +0.00)          0 (       0)                    0 (  +0.00)              
##> datapath_rewrite_one_def       START             3909884045 (  +0.00)      301.80 (   +0.00)          0 (       0)                    0 (  +0.00)              
##>  fast_cse_elim                 START             3909884045 (  +0.00)      301.80 (   +0.00)          0 (       0)                    0 (  +0.00)              
##>                                  END             3909884045 (  +0.00)      301.80 (   +0.00)          0 (       0)                    0 (  +0.00)           0  
##>  fast_cse_elim                 START             3909884045 (  +0.00)      301.80 (   +0.00)          0 (       0)                    0 (  +0.00)              
##>                                  END             3909884045 (  +0.00)      301.80 (   +0.00)          0 (       0)                    0 (  +0.00)           0  
##>                                  END             3909884045 (  +0.00)      301.80 (   +0.00)          0 (       0)                    0 (  +0.00)           0  
##> csa_opto                       START             3909884045 (  +0.00)      301.80 (   +0.00)          0 (       0)                    0 (  +0.00)              
##>                                  END             3909884045 (  +0.00)      301.80 (   +0.00)          0 (       0)                    0 (  +0.00)           0  
##>                                  END             3909884045 (  +0.00)      301.80 (   +0.00)          0 (       0)                    0 (  +0.00)           0  
##>context_based_simplify          START             3909884045 (  +0.00)      301.80 (   +0.00)          0 (       0)                    0 (  +0.00)              
##>                                  END             3675504075 (  -5.99)      301.80 (   +0.00)          0 (       0)                    0 (  +0.00)           0  
##>group_csa_final_adder_dp        START             3675504075 (  +0.00)      301.80 (   +0.00)          0 (       0)                    0 (  +0.00)              
##>                                  END             3675504075 (  +0.00)      301.80 (   +0.00)          0 (       0)                    0 (  +0.00)           0  
##>dpopt_flatten_critical_muxes_i  START             3675504075 (  +0.00)      301.80 (   +0.00)          0 (       0)                    0 (  +0.00)              
##>                                  END             3675504075 (  +0.00)      301.80 (   +0.00)          0 (       0)                    0 (  +0.00)           0  
##>create_score                    START             3675504075 (  +0.00)      301.80 (   +0.00)          0 (       0)                    0 (  +0.00)              
##>                                  END             3675504075 (  +0.00)      301.80 (   +0.00)          0 (       0)                    0 (  +0.00)           0  
##>+-----------------------------------------------------------------------------------------------------------------------------------------------------------------------------------------------------+
Committed config: CDN_DP_region_1_3_c7
Info    : Done implementing datapath configurations. [DPOPT-4]
        : Selected 'very_fast' configuration 7 for module 'CDN_DP_region_1_3_c7'.
          Optimizations applied to 'very_fast' configuration:
            rewriting(0), factoring(0), sharing(0), cmultcse(0), downsizing(0), speculation(0)
Info    : Implementing datapath configurations. [DPOPT-3]
        : Implementing datapath configurations for 'CDN_DP_region_1_2'
  CSAGen Prep Share:0 Re-Write:0 Speculation: 0

CDN_DP_region_1_2 level = 0 loads = 0 drivers = 0
CDN_DP_region_1_2_c0 in butterfly2x2: area: 3909884045 , DP = 2  Mux = 1  other = 1  sg = slow     
    wns: 0  norm_wns:  -1.0000 
    tns:  0
 skipped
CDN_DP_region_1_2_c1 in butterfly2x2: area: 3675504075 , DP = 2  Mux = 1  other = 1  sg = fast     
    wns: 0  norm_wns:  -1.0000 
    tns:  0
 is current best
CDN_DP_region_1_2_c2 in butterfly2x2: area: 3675504075 , DP = 2  Mux = 1  other = 1  sg = very_slow
    wns: 0  norm_wns:  -1.0000 
    tns:  0
 is current best
CDN_DP_region_1_2_c3 in butterfly2x2: area: 3675504075 , DP = 2  Mux = 1  other = 1  sg = very_fast
    wns: 0  norm_wns:  -1.0000 
    tns:  0
 is current best
CDN_DP_region_1_2_c4 in butterfly2x2: area: 3675504075 , DP = 2  Mux = 1  other = 1  sg = very_fast
    wns: 0  norm_wns:  -1.0000 
    tns:  0
 is current best
CDN_DP_region_1_2_c5 in butterfly2x2: area: 3675504075 , DP = 2  Mux = 1  other = 1  sg = very_fast
    wns: 0  norm_wns:  -1.0000 
    tns:  0
 is current best
CDN_DP_region_1_2_c6 in butterfly2x2: area: 3675504075 , DP = 2  Mux = 1  other = 1  sg = very_fast
    wns: 0  norm_wns:  -1.0000 
    tns:  0
 is current best
CDN_DP_region_1_2_c7 in butterfly2x2: area: 3675504075 , DP = 2  Mux = 1  other = 1  sg = very_fast
    wns: 0  norm_wns:  -1.0000 
    tns:  0
 is current best
Best config: CDN_DP_region_1_2_c7 in butterfly2x2: area: 3675504075 , DP = 2  Mux = 1  other = 1  sg = very_fast
    wns: 0  norm_wns:  -1.0000 
    tns:  0
  Smallest config area : 3675504075.  Fastest config wns;  0
##>+----------------------------------------------------------------------------------------------------------------------------------------------------------------+
##>Summary table of configs (Best config is CDN_DP_region_1_2_c7)
##>+----------------------------------------------------------------------------------------------------------------------------------------------------------------+
##>                     0                  1                  2                  3                  4                  5                  6                  7            
##>+----------------------------------------------------------------------------------------------------------------------------------------------------------------+
##>           Area       3909884045         3675504075         3675504075         3675504075         3675504075         3675504075         3675504075         3675504075  
##>            WNS          +301.80            +301.80            +301.80            +301.80            +301.80            +301.80            +301.80            +301.80  
##>            TNS                0                  0                  0                  0                  0                  0                  0                  0  
##>    Num Rewrite                0                  0                  0                  0                  0                  0                  0                  0  
##>      Num Share                0                  0                  0                  0                  0                  0                  0                  0  
##>  Num Speculate                0                  0                  0                  0                  0                  0                  0                  0  
##>         Num DP                2                  2                  2                  2                  2                  2                  2                  2  
##>        Num Mux                1                  1                  1                  1                  1                  1                  1                  1  
##>      Num other                1                  1                  1                  1                  1                  1                  1                  1  
##>     Runtime(s)                0                  0                  0                  0                  0                  0                  0                  0  
+----------------------------------------------------------------------------------------------------------------------------------------------------------------+
##>
##>
##>+-----------------------------------------------------------------------------------------------------------------------------------------------------------------------------------------------------+
##>Optimization Step DEBUG Table for config CDN_DP_region_1_2_c7
##>
##>                          Step                        Area   (  % Chg)         WNS (Change)          TNS (Change)                Power   (  % Chg)        Runtime (s)        Comment                   
##>+-----------------------------------------------------------------------------------------------------------------------------------------------------------------------------------------------------+
##>EquationExtraction              START             3909884045 (       )      301.80 (        )          0 (        )                    0 (       )              
##> rewrite                        START             6360220095 ( +62.67)      284.10 (  -17.70)          0 (       0)                    0 (  +0.00)              (a,ar) Expr27_from --> Expr27_to
##>                                  END             9439120610 ( +48.41)      284.10 (   +0.00)          0 (       0)                    0 (  +0.00)           0  
##>                                  END             3909884045 (  +0.00)      301.80 (   +0.00)          0 (       0)                    0 (  +0.00)           0  
##>createMaxCarrySave              START             3909884045 (  +0.00)      301.80 (   +0.00)          0 (       0)                    0 (  +0.00)              
##> datapath_rewrite_one_def       START             3909884045 (  +0.00)      301.80 (   +0.00)          0 (       0)                    0 (  +0.00)              
##>  rewrite                       START             3909884045 (  +0.00)      301.80 (   +0.00)          0 (       0)                    0 (  +0.00)              (na,csaa) subt_c_with_select_version1 --> subt_c_with_select_version2
##>                                  END             4431912160 ( +13.35)      199.60 ( -102.20)          0 (       0)                    0 (  +0.00)           0  
##>                                  END             3909884045 (  +0.00)      301.80 (   +0.00)          0 (       0)                    0 (  +0.00)           0  
##> csa_opto                       START             3909884045 (  +0.00)      301.80 (   +0.00)          0 (       0)                    0 (  +0.00)              
##>                                  END             3909884045 (  +0.00)      301.80 (   +0.00)          0 (       0)                    0 (  +0.00)           0  
##>                                  END             3909884045 (  +0.00)      301.80 (   +0.00)          0 (       0)                    0 (  +0.00)           0  
##>canonicalize_by_names           START             3909884045 (  +0.00)      301.80 (   +0.00)          0 (       0)                    0 (  +0.00)              
##>                                  END             3909884045 (  +0.00)      301.80 (   +0.00)          0 (       0)                    0 (  +0.00)           0  
##>datapath_rewrite_post_csa_one_  START             3909884045 (  +0.00)      301.80 (   +0.00)          0 (       0)                    0 (  +0.00)              
##> rewrite                        START             3909884045 (  +0.00)      301.80 (   +0.00)          0 (       0)                    0 (  +0.00)              (na, greater_or_equal_from_uns --> greater_or_equal_to_uns
##>                                  END             5262895690 ( +34.60)      285.70 (  -16.10)          0 (       0)                    0 (  +0.00)           0  
##>                                  END             3909884045 (  +0.00)      301.80 (   +0.00)          0 (       0)                    0 (  +0.00)           0  
##>datapath_csa_factoring_one_gde  START             3909884045 (  +0.00)      301.80 (   +0.00)          0 (       0)                    0 (  +0.00)              
##>                                  END             3909884045 (  +0.00)      301.80 (   +0.00)          0 (       0)                    0 (  +0.00)           0  
##>dpopt_share_one_def             START             3909884045 (  +0.00)      301.80 (   +0.00)          0 (       0)                    0 (  +0.00)              
##>                                  END             3909884045 (  +0.00)      301.80 (   +0.00)          0 (       0)                    0 (  +0.00)           0  
##>datapath_rewrite_post_share     START             3909884045 (  +0.00)      301.80 (   +0.00)          0 (       0)                    0 (  +0.00)              
##>                                  END             3909884045 (  +0.00)      301.80 (   +0.00)          0 (       0)                    0 (  +0.00)           0  
##>dp_combine_const_mult_with_com  START             3909884045 (  +0.00)      301.80 (   +0.00)          0 (       0)                    0 (  +0.00)              
##>                                  END             3909884045 (  +0.00)      301.80 (   +0.00)          0 (       0)                    0 (  +0.00)           0  
##>dp_operator_level_decompositio  START             3909884045 (  +0.00)      301.80 (   +0.00)          0 (       0)                    0 (  +0.00)              
##>                                  END             3909884045 (  +0.00)      301.80 (   +0.00)          0 (       0)                    0 (  +0.00)           0  
##>selective_flatten_dp_config     START             3909884045 (  +0.00)      301.80 (   +0.00)          0 (       0)                    0 (  +0.00)              
##>                                  END             3909884045 (  +0.00)      301.80 (   +0.00)          0 (       0)                    0 (  +0.00)           0  
##>createMaxCarrySave              START             3909884045 (  +0.00)      301.80 (   +0.00)          0 (       0)                    0 (  +0.00)              
##> datapath_rewrite_one_def       START             3909884045 (  +0.00)      301.80 (   +0.00)          0 (       0)                    0 (  +0.00)              
##>  fast_cse_elim                 START             3909884045 (  +0.00)      301.80 (   +0.00)          0 (       0)                    0 (  +0.00)              
##>                                  END             3909884045 (  +0.00)      301.80 (   +0.00)          0 (       0)                    0 (  +0.00)           0  
##>  fast_cse_elim                 START             3909884045 (  +0.00)      301.80 (   +0.00)          0 (       0)                    0 (  +0.00)              
##>                                  END             3909884045 (  +0.00)      301.80 (   +0.00)          0 (       0)                    0 (  +0.00)           0  
##>                                  END             3909884045 (  +0.00)      301.80 (   +0.00)          0 (       0)                    0 (  +0.00)           0  
##> csa_opto                       START             3909884045 (  +0.00)      301.80 (   +0.00)          0 (       0)                    0 (  +0.00)              
##>                                  END             3909884045 (  +0.00)      301.80 (   +0.00)          0 (       0)                    0 (  +0.00)           0  
##>                                  END             3909884045 (  +0.00)      301.80 (   +0.00)          0 (       0)                    0 (  +0.00)           0  
##>context_based_simplify          START             3909884045 (  +0.00)      301.80 (   +0.00)          0 (       0)                    0 (  +0.00)              
##>                                  END             3675504075 (  -5.99)      301.80 (   +0.00)          0 (       0)                    0 (  +0.00)           0  
##>group_csa_final_adder_dp        START             3675504075 (  +0.00)      301.80 (   +0.00)          0 (       0)                    0 (  +0.00)              
##>                                  END             3675504075 (  +0.00)      301.80 (   +0.00)          0 (       0)                    0 (  +0.00)           0  
##>dpopt_flatten_critical_muxes_i  START             3675504075 (  +0.00)      301.80 (   +0.00)          0 (       0)                    0 (  +0.00)              
##>                                  END             3675504075 (  +0.00)      301.80 (   +0.00)          0 (       0)                    0 (  +0.00)           0  
##>create_score                    START             3675504075 (  +0.00)      301.80 (   +0.00)          0 (       0)                    0 (  +0.00)              
##>                                  END             3675504075 (  +0.00)      301.80 (   +0.00)          0 (       0)                    0 (  +0.00)           0  
##>+-----------------------------------------------------------------------------------------------------------------------------------------------------------------------------------------------------+
Committed config: CDN_DP_region_1_2_c7
Info    : Done implementing datapath configurations. [DPOPT-4]
        : Selected 'very_fast' configuration 7 for module 'CDN_DP_region_1_2_c7'.
          Optimizations applied to 'very_fast' configuration:
            rewriting(0), factoring(0), sharing(0), cmultcse(0), downsizing(0), speculation(0)
Info    : Implementing datapath configurations. [DPOPT-3]
        : Implementing datapath configurations for 'CDN_DP_region_1_1'
  CSAGen Prep Share:0 Re-Write:0 Speculation: 0

CDN_DP_region_1_1 level = 0 loads = 0 drivers = 0
CDN_DP_region_1_1_c0 in butterfly2x2: area: 3909884045 , DP = 2  Mux = 1  other = 1  sg = slow     
    wns: 0  norm_wns:  -1.0000 
    tns:  0
 skipped
CDN_DP_region_1_1_c1 in butterfly2x2: area: 3675504075 , DP = 2  Mux = 1  other = 1  sg = fast     
    wns: 0  norm_wns:  -1.0000 
    tns:  0
 is current best
CDN_DP_region_1_1_c2 in butterfly2x2: area: 3675504075 , DP = 2  Mux = 1  other = 1  sg = very_slow
    wns: 0  norm_wns:  -1.0000 
    tns:  0
 is current best
CDN_DP_region_1_1_c3 in butterfly2x2: area: 3675504075 , DP = 2  Mux = 1  other = 1  sg = very_fast
    wns: 0  norm_wns:  -1.0000 
    tns:  0
 is current best
CDN_DP_region_1_1_c4 in butterfly2x2: area: 3675504075 , DP = 2  Mux = 1  other = 1  sg = very_fast
    wns: 0  norm_wns:  -1.0000 
    tns:  0
 is current best
CDN_DP_region_1_1_c5 in butterfly2x2: area: 3675504075 , DP = 2  Mux = 1  other = 1  sg = very_fast
    wns: 0  norm_wns:  -1.0000 
    tns:  0
 is current best
CDN_DP_region_1_1_c6 in butterfly2x2: area: 3675504075 , DP = 2  Mux = 1  other = 1  sg = very_fast
    wns: 0  norm_wns:  -1.0000 
    tns:  0
 is current best
CDN_DP_region_1_1_c7 in butterfly2x2: area: 3675504075 , DP = 2  Mux = 1  other = 1  sg = very_fast
    wns: 0  norm_wns:  -1.0000 
    tns:  0
 is current best
Best config: CDN_DP_region_1_1_c7 in butterfly2x2: area: 3675504075 , DP = 2  Mux = 1  other = 1  sg = very_fast
    wns: 0  norm_wns:  -1.0000 
    tns:  0
  Smallest config area : 3675504075.  Fastest config wns;  0
##>+----------------------------------------------------------------------------------------------------------------------------------------------------------------+
##>Summary table of configs (Best config is CDN_DP_region_1_1_c7)
##>+----------------------------------------------------------------------------------------------------------------------------------------------------------------+
##>                     0                  1                  2                  3                  4                  5                  6                  7            
##>+----------------------------------------------------------------------------------------------------------------------------------------------------------------+
##>           Area       3909884045         3675504075         3675504075         3675504075         3675504075         3675504075         3675504075         3675504075  
##>            WNS          +301.80            +301.80            +301.80            +301.80            +301.80            +301.80            +301.80            +301.80  
##>            TNS                0                  0                  0                  0                  0                  0                  0                  0  
##>    Num Rewrite                0                  0                  0                  0                  0                  0                  0                  0  
##>      Num Share                0                  0                  0                  0                  0                  0                  0                  0  
##>  Num Speculate                0                  0                  0                  0                  0                  0                  0                  0  
##>         Num DP                2                  2                  2                  2                  2                  2                  2                  2  
##>        Num Mux                1                  1                  1                  1                  1                  1                  1                  1  
##>      Num other                1                  1                  1                  1                  1                  1                  1                  1  
##>     Runtime(s)                0                  0                  0                  0                  0                  0                  0                  0  
+----------------------------------------------------------------------------------------------------------------------------------------------------------------+
##>
##>
##>+-----------------------------------------------------------------------------------------------------------------------------------------------------------------------------------------------------+
##>Optimization Step DEBUG Table for config CDN_DP_region_1_1_c7
##>
##>                          Step                        Area   (  % Chg)         WNS (Change)          TNS (Change)                Power   (  % Chg)        Runtime (s)        Comment                   
##>+-----------------------------------------------------------------------------------------------------------------------------------------------------------------------------------------------------+
##>EquationExtraction              START             3909884045 (       )      301.80 (        )          0 (        )                    0 (       )              
##> rewrite                        START             6360220095 ( +62.67)      284.10 (  -17.70)          0 (       0)                    0 (  +0.00)              (a,ar) Expr28_from --> Expr28_to
##>                                  END             9439120610 ( +48.41)      284.10 (   +0.00)          0 (       0)                    0 (  +0.00)           0  
##>                                  END             3909884045 (  +0.00)      301.80 (   +0.00)          0 (       0)                    0 (  +0.00)           0  
##>createMaxCarrySave              START             3909884045 (  +0.00)      301.80 (   +0.00)          0 (       0)                    0 (  +0.00)              
##> datapath_rewrite_one_def       START             3909884045 (  +0.00)      301.80 (   +0.00)          0 (       0)                    0 (  +0.00)              
##>  rewrite                       START             3909884045 (  +0.00)      301.80 (   +0.00)          0 (       0)                    0 (  +0.00)              (na,csaa) subt_c_with_select_version1 --> subt_c_with_select_version2
##>                                  END             4431912160 ( +13.35)      199.60 ( -102.20)          0 (       0)                    0 (  +0.00)           0  
##>                                  END             3909884045 (  +0.00)      301.80 (   +0.00)          0 (       0)                    0 (  +0.00)           0  
##> csa_opto                       START             3909884045 (  +0.00)      301.80 (   +0.00)          0 (       0)                    0 (  +0.00)              
##>                                  END             3909884045 (  +0.00)      301.80 (   +0.00)          0 (       0)                    0 (  +0.00)           0  
##>                                  END             3909884045 (  +0.00)      301.80 (   +0.00)          0 (       0)                    0 (  +0.00)           0  
##>canonicalize_by_names           START             3909884045 (  +0.00)      301.80 (   +0.00)          0 (       0)                    0 (  +0.00)              
##>                                  END             3909884045 (  +0.00)      301.80 (   +0.00)          0 (       0)                    0 (  +0.00)           0  
##>datapath_rewrite_post_csa_one_  START             3909884045 (  +0.00)      301.80 (   +0.00)          0 (       0)                    0 (  +0.00)              
##> rewrite                        START             3909884045 (  +0.00)      301.80 (   +0.00)          0 (       0)                    0 (  +0.00)              (na, greater_or_equal_from_uns --> greater_or_equal_to_uns
##>                                  END             5262895690 ( +34.60)      285.70 (  -16.10)          0 (       0)                    0 (  +0.00)           0  
##>                                  END             3909884045 (  +0.00)      301.80 (   +0.00)          0 (       0)                    0 (  +0.00)           0  
##>datapath_csa_factoring_one_gde  START             3909884045 (  +0.00)      301.80 (   +0.00)          0 (       0)                    0 (  +0.00)              
##>                                  END             3909884045 (  +0.00)      301.80 (   +0.00)          0 (       0)                    0 (  +0.00)           0  
##>dpopt_share_one_def             START             3909884045 (  +0.00)      301.80 (   +0.00)          0 (       0)                    0 (  +0.00)              
##>                                  END             3909884045 (  +0.00)      301.80 (   +0.00)          0 (       0)                    0 (  +0.00)           0  
##>datapath_rewrite_post_share     START             3909884045 (  +0.00)      301.80 (   +0.00)          0 (       0)                    0 (  +0.00)              
##>                                  END             3909884045 (  +0.00)      301.80 (   +0.00)          0 (       0)                    0 (  +0.00)           0  
##>dp_combine_const_mult_with_com  START             3909884045 (  +0.00)      301.80 (   +0.00)          0 (       0)                    0 (  +0.00)              
##>                                  END             3909884045 (  +0.00)      301.80 (   +0.00)          0 (       0)                    0 (  +0.00)           0  
##>dp_operator_level_decompositio  START             3909884045 (  +0.00)      301.80 (   +0.00)          0 (       0)                    0 (  +0.00)              
##>                                  END             3909884045 (  +0.00)      301.80 (   +0.00)          0 (       0)                    0 (  +0.00)           0  
##>selective_flatten_dp_config     START             3909884045 (  +0.00)      301.80 (   +0.00)          0 (       0)                    0 (  +0.00)              
##>                                  END             3909884045 (  +0.00)      301.80 (   +0.00)          0 (       0)                    0 (  +0.00)           0  
##>createMaxCarrySave              START             3909884045 (  +0.00)      301.80 (   +0.00)          0 (       0)                    0 (  +0.00)              
##> datapath_rewrite_one_def       START             3909884045 (  +0.00)      301.80 (   +0.00)          0 (       0)                    0 (  +0.00)              
##>  fast_cse_elim                 START             3909884045 (  +0.00)      301.80 (   +0.00)          0 (       0)                    0 (  +0.00)              
##>                                  END             3909884045 (  +0.00)      301.80 (   +0.00)          0 (       0)                    0 (  +0.00)           0  
##>  fast_cse_elim                 START             3909884045 (  +0.00)      301.80 (   +0.00)          0 (       0)                    0 (  +0.00)              
##>                                  END             3909884045 (  +0.00)      301.80 (   +0.00)          0 (       0)                    0 (  +0.00)           0  
##>                                  END             3909884045 (  +0.00)      301.80 (   +0.00)          0 (       0)                    0 (  +0.00)           0  
##> csa_opto                       START             3909884045 (  +0.00)      301.80 (   +0.00)          0 (       0)                    0 (  +0.00)              
##>                                  END             3909884045 (  +0.00)      301.80 (   +0.00)          0 (       0)                    0 (  +0.00)           0  
##>                                  END             3909884045 (  +0.00)      301.80 (   +0.00)          0 (       0)                    0 (  +0.00)           0  
##>context_based_simplify          START             3909884045 (  +0.00)      301.80 (   +0.00)          0 (       0)                    0 (  +0.00)              
##>                                  END             3675504075 (  -5.99)      301.80 (   +0.00)          0 (       0)                    0 (  +0.00)           0  
##>group_csa_final_adder_dp        START             3675504075 (  +0.00)      301.80 (   +0.00)          0 (       0)                    0 (  +0.00)              
##>                                  END             3675504075 (  +0.00)      301.80 (   +0.00)          0 (       0)                    0 (  +0.00)           0  
##>dpopt_flatten_critical_muxes_i  START             3675504075 (  +0.00)      301.80 (   +0.00)          0 (       0)                    0 (  +0.00)              
##>                                  END             3675504075 (  +0.00)      301.80 (   +0.00)          0 (       0)                    0 (  +0.00)           0  
##>create_score                    START             3675504075 (  +0.00)      301.80 (   +0.00)          0 (       0)                    0 (  +0.00)              
##>                                  END             3675504075 (  +0.00)      301.80 (   +0.00)          0 (       0)                    0 (  +0.00)           0  
##>+-----------------------------------------------------------------------------------------------------------------------------------------------------------------------------------------------------+
Committed config: CDN_DP_region_1_1_c7
Info    : Done implementing datapath configurations. [DPOPT-4]
        : Selected 'very_fast' configuration 7 for module 'CDN_DP_region_1_1_c7'.
          Optimizations applied to 'very_fast' configuration:
            rewriting(0), factoring(0), sharing(0), cmultcse(0), downsizing(0), speculation(0)
Info    : Implementing datapath configurations. [DPOPT-3]
        : Implementing datapath configurations for 'CDN_DP_region_1_0'
  CSAGen Prep Share:0 Re-Write:0 Speculation: 0

CDN_DP_region_1_0 level = 0 loads = 0 drivers = 0
CDN_DP_region_1_0_c0 in butterfly2x2: area: 3909884045 , DP = 2  Mux = 1  other = 1  sg = slow     
    wns: 0  norm_wns:  -1.0000 
    tns:  0
 skipped
CDN_DP_region_1_0_c1 in butterfly2x2: area: 3675504075 , DP = 2  Mux = 1  other = 1  sg = fast     
    wns: 0  norm_wns:  -1.0000 
    tns:  0
 is current best
CDN_DP_region_1_0_c2 in butterfly2x2: area: 3675504075 , DP = 2  Mux = 1  other = 1  sg = very_slow
    wns: 0  norm_wns:  -1.0000 
    tns:  0
 is current best
CDN_DP_region_1_0_c3 in butterfly2x2: area: 3675504075 , DP = 2  Mux = 1  other = 1  sg = very_fast
    wns: 0  norm_wns:  -1.0000 
    tns:  0
 is current best
CDN_DP_region_1_0_c4 in butterfly2x2: area: 3675504075 , DP = 2  Mux = 1  other = 1  sg = very_fast
    wns: 0  norm_wns:  -1.0000 
    tns:  0
 is current best
CDN_DP_region_1_0_c5 in butterfly2x2: area: 3675504075 , DP = 2  Mux = 1  other = 1  sg = very_fast
    wns: 0  norm_wns:  -1.0000 
    tns:  0
 is current best
CDN_DP_region_1_0_c6 in butterfly2x2: area: 3675504075 , DP = 2  Mux = 1  other = 1  sg = very_fast
    wns: 0  norm_wns:  -1.0000 
    tns:  0
 is current best
CDN_DP_region_1_0_c7 in butterfly2x2: area: 3675504075 , DP = 2  Mux = 1  other = 1  sg = very_fast
    wns: 0  norm_wns:  -1.0000 
    tns:  0
 is current best
Best config: CDN_DP_region_1_0_c7 in butterfly2x2: area: 3675504075 , DP = 2  Mux = 1  other = 1  sg = very_fast
    wns: 0  norm_wns:  -1.0000 
    tns:  0
  Smallest config area : 3675504075.  Fastest config wns;  0
##>+----------------------------------------------------------------------------------------------------------------------------------------------------------------+
##>Summary table of configs (Best config is CDN_DP_region_1_0_c7)
##>+----------------------------------------------------------------------------------------------------------------------------------------------------------------+
##>                     0                  1                  2                  3                  4                  5                  6                  7            
##>+----------------------------------------------------------------------------------------------------------------------------------------------------------------+
##>           Area       3909884045         3675504075         3675504075         3675504075         3675504075         3675504075         3675504075         3675504075  
##>            WNS          +301.80            +301.80            +301.80            +301.80            +301.80            +301.80            +301.80            +301.80  
##>            TNS                0                  0                  0                  0                  0                  0                  0                  0  
##>    Num Rewrite                0                  0                  0                  0                  0                  0                  0                  0  
##>      Num Share                0                  0                  0                  0                  0                  0                  0                  0  
##>  Num Speculate                0                  0                  0                  0                  0                  0                  0                  0  
##>         Num DP                2                  2                  2                  2                  2                  2                  2                  2  
##>        Num Mux                1                  1                  1                  1                  1                  1                  1                  1  
##>      Num other                1                  1                  1                  1                  1                  1                  1                  1  
##>     Runtime(s)                0                  0                  0                  0                  0                  0                  0                  0  
+----------------------------------------------------------------------------------------------------------------------------------------------------------------+
##>
##>
##>+-----------------------------------------------------------------------------------------------------------------------------------------------------------------------------------------------------+
##>Optimization Step DEBUG Table for config CDN_DP_region_1_0_c7
##>
##>                          Step                        Area   (  % Chg)         WNS (Change)          TNS (Change)                Power   (  % Chg)        Runtime (s)        Comment                   
##>+-----------------------------------------------------------------------------------------------------------------------------------------------------------------------------------------------------+
##>EquationExtraction              START             3909884045 (       )      301.80 (        )          0 (        )                    0 (       )              
##> rewrite                        START             6360220095 ( +62.67)      284.10 (  -17.70)          0 (       0)                    0 (  +0.00)              (a,ar) Expr29_from --> Expr29_to
##>                                  END             9439120610 ( +48.41)      284.10 (   +0.00)          0 (       0)                    0 (  +0.00)           0  
##>                                  END             3909884045 (  +0.00)      301.80 (   +0.00)          0 (       0)                    0 (  +0.00)           0  
##>createMaxCarrySave              START             3909884045 (  +0.00)      301.80 (   +0.00)          0 (       0)                    0 (  +0.00)              
##> datapath_rewrite_one_def       START             3909884045 (  +0.00)      301.80 (   +0.00)          0 (       0)                    0 (  +0.00)              
##>  rewrite                       START             3909884045 (  +0.00)      301.80 (   +0.00)          0 (       0)                    0 (  +0.00)              (na,csaa) subt_c_with_select_version1 --> subt_c_with_select_version2
##>                                  END             4431912160 ( +13.35)      199.60 ( -102.20)          0 (       0)                    0 (  +0.00)           0  
##>                                  END             3909884045 (  +0.00)      301.80 (   +0.00)          0 (       0)                    0 (  +0.00)           0  
##> csa_opto                       START             3909884045 (  +0.00)      301.80 (   +0.00)          0 (       0)                    0 (  +0.00)              
##>                                  END             3909884045 (  +0.00)      301.80 (   +0.00)          0 (       0)                    0 (  +0.00)           0  
##>                                  END             3909884045 (  +0.00)      301.80 (   +0.00)          0 (       0)                    0 (  +0.00)           0  
##>canonicalize_by_names           START             3909884045 (  +0.00)      301.80 (   +0.00)          0 (       0)                    0 (  +0.00)              
##>                                  END             3909884045 (  +0.00)      301.80 (   +0.00)          0 (       0)                    0 (  +0.00)           0  
##>datapath_rewrite_post_csa_one_  START             3909884045 (  +0.00)      301.80 (   +0.00)          0 (       0)                    0 (  +0.00)              
##> rewrite                        START             3909884045 (  +0.00)      301.80 (   +0.00)          0 (       0)                    0 (  +0.00)              (na, greater_or_equal_from_uns --> greater_or_equal_to_uns
##>                                  END             5262895690 ( +34.60)      285.70 (  -16.10)          0 (       0)                    0 (  +0.00)           0  
##>                                  END             3909884045 (  +0.00)      301.80 (   +0.00)          0 (       0)                    0 (  +0.00)           0  
##>datapath_csa_factoring_one_gde  START             3909884045 (  +0.00)      301.80 (   +0.00)          0 (       0)                    0 (  +0.00)              
##>                                  END             3909884045 (  +0.00)      301.80 (   +0.00)          0 (       0)                    0 (  +0.00)           0  
##>dpopt_share_one_def             START             3909884045 (  +0.00)      301.80 (   +0.00)          0 (       0)                    0 (  +0.00)              
##>                                  END             3909884045 (  +0.00)      301.80 (   +0.00)          0 (       0)                    0 (  +0.00)           0  
##>datapath_rewrite_post_share     START             3909884045 (  +0.00)      301.80 (   +0.00)          0 (       0)                    0 (  +0.00)              
##>                                  END             3909884045 (  +0.00)      301.80 (   +0.00)          0 (       0)                    0 (  +0.00)           0  
##>dp_combine_const_mult_with_com  START             3909884045 (  +0.00)      301.80 (   +0.00)          0 (       0)                    0 (  +0.00)              
##>                                  END             3909884045 (  +0.00)      301.80 (   +0.00)          0 (       0)                    0 (  +0.00)           0  
##>dp_operator_level_decompositio  START             3909884045 (  +0.00)      301.80 (   +0.00)          0 (       0)                    0 (  +0.00)              
##>                                  END             3909884045 (  +0.00)      301.80 (   +0.00)          0 (       0)                    0 (  +0.00)           0  
##>selective_flatten_dp_config     START             3909884045 (  +0.00)      301.80 (   +0.00)          0 (       0)                    0 (  +0.00)              
##>                                  END             3909884045 (  +0.00)      301.80 (   +0.00)          0 (       0)                    0 (  +0.00)           0  
##>createMaxCarrySave              START             3909884045 (  +0.00)      301.80 (   +0.00)          0 (       0)                    0 (  +0.00)              
##> datapath_rewrite_one_def       START             3909884045 (  +0.00)      301.80 (   +0.00)          0 (       0)                    0 (  +0.00)              
##>  fast_cse_elim                 START             3909884045 (  +0.00)      301.80 (   +0.00)          0 (       0)                    0 (  +0.00)              
##>                                  END             3909884045 (  +0.00)      301.80 (   +0.00)          0 (       0)                    0 (  +0.00)           0  
##>  fast_cse_elim                 START             3909884045 (  +0.00)      301.80 (   +0.00)          0 (       0)                    0 (  +0.00)              
##>                                  END             3909884045 (  +0.00)      301.80 (   +0.00)          0 (       0)                    0 (  +0.00)           0  
##>                                  END             3909884045 (  +0.00)      301.80 (   +0.00)          0 (       0)                    0 (  +0.00)           0  
##> csa_opto                       START             3909884045 (  +0.00)      301.80 (   +0.00)          0 (       0)                    0 (  +0.00)              
##>                                  END             3909884045 (  +0.00)      301.80 (   +0.00)          0 (       0)                    0 (  +0.00)           0  
##>                                  END             3909884045 (  +0.00)      301.80 (   +0.00)          0 (       0)                    0 (  +0.00)           0  
##>context_based_simplify          START             3909884045 (  +0.00)      301.80 (   +0.00)          0 (       0)                    0 (  +0.00)              
##>                                  END             3675504075 (  -5.99)      301.80 (   +0.00)          0 (       0)                    0 (  +0.00)           0  
##>group_csa_final_adder_dp        START             3675504075 (  +0.00)      301.80 (   +0.00)          0 (       0)                    0 (  +0.00)              
##>                                  END             3675504075 (  +0.00)      301.80 (   +0.00)          0 (       0)                    0 (  +0.00)           0  
##>dpopt_flatten_critical_muxes_i  START             3675504075 (  +0.00)      301.80 (   +0.00)          0 (       0)                    0 (  +0.00)              
##>                                  END             3675504075 (  +0.00)      301.80 (   +0.00)          0 (       0)                    0 (  +0.00)           0  
##>create_score                    START             3675504075 (  +0.00)      301.80 (   +0.00)          0 (       0)                    0 (  +0.00)              
##>                                  END             3675504075 (  +0.00)      301.80 (   +0.00)          0 (       0)                    0 (  +0.00)           0  
##>+-----------------------------------------------------------------------------------------------------------------------------------------------------------------------------------------------------+
Committed config: CDN_DP_region_1_0_c7
Info    : Done implementing datapath configurations. [DPOPT-4]
        : Selected 'very_fast' configuration 7 for module 'CDN_DP_region_1_0_c7'.
          Optimizations applied to 'very_fast' configuration:
            rewriting(0), factoring(0), sharing(0), cmultcse(0), downsizing(0), speculation(0)
Info    : Implementing datapath configurations. [DPOPT-3]
        : Implementing datapath configurations for 'CDN_DP_region_1_10'
  CSAGen Prep Share:0 Re-Write:0 Speculation: 0

CDN_DP_region_1_10 level = 0 loads = 0 drivers = 0
CDN_DP_region_1_10_c0 in butterfly2x2: area: 2855174180 , DP = 1  Mux = 1  other = 2  sg = slow     
    wns: 0  norm_wns:  -1.0000 
    tns:  0
 skipped
CDN_DP_region_1_10_c1 in butterfly2x2: area: 2855174180 , DP = 1  Mux = 1  other = 2  sg = fast     
    wns: 0  norm_wns:  -1.0000 
    tns:  0
 is current best
CDN_DP_region_1_10_c2 in butterfly2x2: area: 2855174180 , DP = 1  Mux = 1  other = 2  sg = very_slow
    wns: 0  norm_wns:  -1.0000 
    tns:  0
 is current best
CDN_DP_region_1_10_c3 in butterfly2x2: area: 2855174180 , DP = 1  Mux = 1  other = 2  sg = very_fast
    wns: 0  norm_wns:  -1.0000 
    tns:  0
 is current best
CDN_DP_region_1_10_c4 in butterfly2x2: area: 2855174180 , DP = 1  Mux = 1  other = 2  sg = very_fast
    wns: 0  norm_wns:  -1.0000 
    tns:  0
 is current best
CDN_DP_region_1_10_c5 in butterfly2x2: area: 2855174180 , DP = 1  Mux = 1  other = 2  sg = very_fast
    wns: 0  norm_wns:  -1.0000 
    tns:  0
 is current best
CDN_DP_region_1_10_c6 in butterfly2x2: area: 2855174180 , DP = 1  Mux = 1  other = 2  sg = very_fast
    wns: 0  norm_wns:  -1.0000 
    tns:  0
 is current best
CDN_DP_region_1_10_c7 in butterfly2x2: area: 2855174180 , DP = 1  Mux = 1  other = 2  sg = very_fast
    wns: 0  norm_wns:  -1.0000 
    tns:  0
 is current best
Best config: CDN_DP_region_1_10_c7 in butterfly2x2: area: 2855174180 , DP = 1  Mux = 1  other = 2  sg = very_fast
    wns: 0  norm_wns:  -1.0000 
    tns:  0
  Smallest config area : 2855174180.  Fastest config wns;  0
##>+----------------------------------------------------------------------------------------------------------------------------------------------------------------+
##>Summary table of configs (Best config is CDN_DP_region_1_10_c7)
##>+----------------------------------------------------------------------------------------------------------------------------------------------------------------+
##>                     0                  1                  2                  3                  4                  5                  6                  7            
##>+----------------------------------------------------------------------------------------------------------------------------------------------------------------+
##>           Area       2855174180         2855174180         2855174180         2855174180         2855174180         2855174180         2855174180         2855174180  
##>            WNS          +306.40            +306.40            +306.40            +306.40            +306.40            +306.40            +306.40            +306.40  
##>            TNS                0                  0                  0                  0                  0                  0                  0                  0  
##>    Num Rewrite                0                  0                  0                  0                  0                  0                  0                  0  
##>      Num Share                0                  0                  0                  0                  0                  0                  0                  0  
##>  Num Speculate                0                  0                  0                  0                  0                  0                  0                  0  
##>         Num DP                1                  1                  1                  1                  1                  1                  1                  1  
##>        Num Mux                1                  1                  1                  1                  1                  1                  1                  1  
##>      Num other                2                  2                  2                  2                  2                  2                  2                  2  
##>     Runtime(s)                0                  0                  0                  0                  0                  0                  0                  0  
+----------------------------------------------------------------------------------------------------------------------------------------------------------------+
##>
##>
##>+-----------------------------------------------------------------------------------------------------------------------------------------------------------------------------------------------------+
##>Optimization Step DEBUG Table for config CDN_DP_region_1_10_c7
##>
##>                          Step                        Area   (  % Chg)         WNS (Change)          TNS (Change)                Power   (  % Chg)        Runtime (s)        Comment                   
##>+-----------------------------------------------------------------------------------------------------------------------------------------------------------------------------------------------------+
##>EquationExtraction              START             2855174180 (       )      306.40 (        )          0 (        )                    0 (       )              
##> rewrite                        START             5124398435 ( +79.48)      298.60 (   -7.80)          0 (       0)                    0 (  +0.00)              (a,ar) Expr30_from --> Expr30_to
##>                                  END            13657960070 (+166.53)      298.60 (   +0.00)          0 (       0)                    0 (  +0.00)           0  
##>                                  END             2855174180 (  +0.00)      306.40 (   +0.00)          0 (       0)                    0 (  +0.00)           0  
##>createMaxCarrySave              START             2855174180 (  +0.00)      306.40 (   +0.00)          0 (       0)                    0 (  +0.00)              
##> datapath_rewrite_one_def       START             2855174180 (  +0.00)      306.40 (   +0.00)          0 (       0)                    0 (  +0.00)              
##>                                  END             2855174180 (  +0.00)      306.40 (   +0.00)          0 (       0)                    0 (  +0.00)           0  
##> csa_opto                       START             2855174180 (  +0.00)      306.40 (   +0.00)          0 (       0)                    0 (  +0.00)              
##>                                  END             2855174180 (  +0.00)      306.40 (   +0.00)          0 (       0)                    0 (  +0.00)           0  
##>                                  END             2855174180 (  +0.00)      306.40 (   +0.00)          0 (       0)                    0 (  +0.00)           0  
##>canonicalize_by_names           START             2855174180 (  +0.00)      306.40 (   +0.00)          0 (       0)                    0 (  +0.00)              
##>                                  END             2855174180 (  +0.00)      306.40 (   +0.00)          0 (       0)                    0 (  +0.00)           0  
##>datapath_rewrite_post_csa_one_  START             2855174180 (  +0.00)      306.40 (   +0.00)          0 (       0)                    0 (  +0.00)              
##>                                  END             2855174180 (  +0.00)      306.40 (   +0.00)          0 (       0)                    0 (  +0.00)           0  
##>datapath_csa_factoring_one_gde  START             2855174180 (  +0.00)      306.40 (   +0.00)          0 (       0)                    0 (  +0.00)              
##>                                  END             2855174180 (  +0.00)      306.40 (   +0.00)          0 (       0)                    0 (  +0.00)           0  
##>dpopt_share_one_def             START             2855174180 (  +0.00)      306.40 (   +0.00)          0 (       0)                    0 (  +0.00)              
##>                                  END             2855174180 (  +0.00)      306.40 (   +0.00)          0 (       0)                    0 (  +0.00)           0  
##>datapath_rewrite_post_share     START             2855174180 (  +0.00)      306.40 (   +0.00)          0 (       0)                    0 (  +0.00)              
##>                                  END             2855174180 (  +0.00)      306.40 (   +0.00)          0 (       0)                    0 (  +0.00)           0  
##>dp_combine_const_mult_with_com  START             2855174180 (  +0.00)      306.40 (   +0.00)          0 (       0)                    0 (  +0.00)              
##>                                  END             2855174180 (  +0.00)      306.40 (   +0.00)          0 (       0)                    0 (  +0.00)           0  
##>dp_operator_level_decompositio  START             2855174180 (  +0.00)      306.40 (   +0.00)          0 (       0)                    0 (  +0.00)              
##>                                  END             2855174180 (  +0.00)      306.40 (   +0.00)          0 (       0)                    0 (  +0.00)           0  
##>selective_flatten_dp_config     START             2855174180 (  +0.00)      306.40 (   +0.00)          0 (       0)                    0 (  +0.00)              
##>                                  END             2855174180 (  +0.00)      306.40 (   +0.00)          0 (       0)                    0 (  +0.00)           0  
##>createMaxCarrySave              START             2855174180 (  +0.00)      306.40 (   +0.00)          0 (       0)                    0 (  +0.00)              
##> datapath_rewrite_one_def       START             2855174180 (  +0.00)      306.40 (   +0.00)          0 (       0)                    0 (  +0.00)              
##>  fast_cse_elim                 START             2855174180 (  +0.00)      306.40 (   +0.00)          0 (       0)                    0 (  +0.00)              
##>                                  END             2855174180 (  +0.00)      306.40 (   +0.00)          0 (       0)                    0 (  +0.00)           0  
##>  fast_cse_elim                 START             2855174180 (  +0.00)      306.40 (   +0.00)          0 (       0)                    0 (  +0.00)              
##>                                  END             2855174180 (  +0.00)      306.40 (   +0.00)          0 (       0)                    0 (  +0.00)           0  
##>                                  END             2855174180 (  +0.00)      306.40 (   +0.00)          0 (       0)                    0 (  +0.00)           0  
##> csa_opto                       START             2855174180 (  +0.00)      306.40 (   +0.00)          0 (       0)                    0 (  +0.00)              
##>                                  END             2855174180 (  +0.00)      306.40 (   +0.00)          0 (       0)                    0 (  +0.00)           0  
##>                                  END             2855174180 (  +0.00)      306.40 (   +0.00)          0 (       0)                    0 (  +0.00)           0  
##>context_based_simplify          START             2855174180 (  +0.00)      306.40 (   +0.00)          0 (       0)                    0 (  +0.00)              
##>                                  END             2855174180 (  +0.00)      306.40 (   +0.00)          0 (       0)                    0 (  +0.00)           0  
##>group_csa_final_adder_dp        START             2855174180 (  +0.00)      306.40 (   +0.00)          0 (       0)                    0 (  +0.00)              
##>                                  END             2855174180 (  +0.00)      306.40 (   +0.00)          0 (       0)                    0 (  +0.00)           0  
##>dpopt_flatten_critical_muxes_i  START             2855174180 (  +0.00)      306.40 (   +0.00)          0 (       0)                    0 (  +0.00)              
##>                                  END             2855174180 (  +0.00)      306.40 (   +0.00)          0 (       0)                    0 (  +0.00)           0  
##>create_score                    START             2855174180 (  +0.00)      306.40 (   +0.00)          0 (       0)                    0 (  +0.00)              
##>                                  END             2855174180 (  +0.00)      306.40 (   +0.00)          0 (       0)                    0 (  +0.00)           0  
##>+-----------------------------------------------------------------------------------------------------------------------------------------------------------------------------------------------------+
Committed config: CDN_DP_region_1_10_c7
Info    : Done implementing datapath configurations. [DPOPT-4]
        : Selected 'very_fast' configuration 7 for module 'CDN_DP_region_1_10_c7'.
          Optimizations applied to 'very_fast' configuration:
            rewriting(0), factoring(0), sharing(0), cmultcse(0), downsizing(0), speculation(0)
Info    : Implementing datapath configurations. [DPOPT-3]
        : Implementing datapath configurations for 'CDN_DP_region_1_7'
  CSAGen Prep Share:0 Re-Write:0 Speculation: 0

CDN_DP_region_1_7 level = 0 loads = 0 drivers = 0
CDN_DP_region_1_7_c0 in butterfly2x2: area: 2855174180 , DP = 1  Mux = 1  other = 2  sg = slow     
    wns: 0  norm_wns:  -1.0000 
    tns:  0
 skipped
CDN_DP_region_1_7_c1 in butterfly2x2: area: 2855174180 , DP = 1  Mux = 1  other = 2  sg = fast     
    wns: 0  norm_wns:  -1.0000 
    tns:  0
 is current best
CDN_DP_region_1_7_c2 in butterfly2x2: area: 2855174180 , DP = 1  Mux = 1  other = 2  sg = very_slow
    wns: 0  norm_wns:  -1.0000 
    tns:  0
 is current best
CDN_DP_region_1_7_c3 in butterfly2x2: area: 2855174180 , DP = 1  Mux = 1  other = 2  sg = very_fast
    wns: 0  norm_wns:  -1.0000 
    tns:  0
 is current best
CDN_DP_region_1_7_c4 in butterfly2x2: area: 2855174180 , DP = 1  Mux = 1  other = 2  sg = very_fast
    wns: 0  norm_wns:  -1.0000 
    tns:  0
 is current best
CDN_DP_region_1_7_c5 in butterfly2x2: area: 2855174180 , DP = 1  Mux = 1  other = 2  sg = very_fast
    wns: 0  norm_wns:  -1.0000 
    tns:  0
 is current best
CDN_DP_region_1_7_c6 in butterfly2x2: area: 2855174180 , DP = 1  Mux = 1  other = 2  sg = very_fast
    wns: 0  norm_wns:  -1.0000 
    tns:  0
 is current best
CDN_DP_region_1_7_c7 in butterfly2x2: area: 2855174180 , DP = 1  Mux = 1  other = 2  sg = very_fast
    wns: 0  norm_wns:  -1.0000 
    tns:  0
 is current best
Best config: CDN_DP_region_1_7_c7 in butterfly2x2: area: 2855174180 , DP = 1  Mux = 1  other = 2  sg = very_fast
    wns: 0  norm_wns:  -1.0000 
    tns:  0
  Smallest config area : 2855174180.  Fastest config wns;  0
##>+----------------------------------------------------------------------------------------------------------------------------------------------------------------+
##>Summary table of configs (Best config is CDN_DP_region_1_7_c7)
##>+----------------------------------------------------------------------------------------------------------------------------------------------------------------+
##>                     0                  1                  2                  3                  4                  5                  6                  7            
##>+----------------------------------------------------------------------------------------------------------------------------------------------------------------+
##>           Area       2855174180         2855174180         2855174180         2855174180         2855174180         2855174180         2855174180         2855174180  
##>            WNS          +306.40            +306.40            +306.40            +306.40            +306.40            +306.40            +306.40            +306.40  
##>            TNS                0                  0                  0                  0                  0                  0                  0                  0  
##>    Num Rewrite                0                  0                  0                  0                  0                  0                  0                  0  
##>      Num Share                0                  0                  0                  0                  0                  0                  0                  0  
##>  Num Speculate                0                  0                  0                  0                  0                  0                  0                  0  
##>         Num DP                1                  1                  1                  1                  1                  1                  1                  1  
##>        Num Mux                1                  1                  1                  1                  1                  1                  1                  1  
##>      Num other                2                  2                  2                  2                  2                  2                  2                  2  
##>     Runtime(s)                0                  0                  0                  0                  0                  0                  0                  0  
+----------------------------------------------------------------------------------------------------------------------------------------------------------------+
##>
##>
##>+-----------------------------------------------------------------------------------------------------------------------------------------------------------------------------------------------------+
##>Optimization Step DEBUG Table for config CDN_DP_region_1_7_c7
##>
##>                          Step                        Area   (  % Chg)         WNS (Change)          TNS (Change)                Power   (  % Chg)        Runtime (s)        Comment                   
##>+-----------------------------------------------------------------------------------------------------------------------------------------------------------------------------------------------------+
##>EquationExtraction              START             2855174180 (       )      306.40 (        )          0 (        )                    0 (       )              
##> rewrite                        START             5124398435 ( +79.48)      298.60 (   -7.80)          0 (       0)                    0 (  +0.00)              (a,ar) Expr31_from --> Expr31_to
##>                                  END            13657960070 (+166.53)      298.60 (   +0.00)          0 (       0)                    0 (  +0.00)           0  
##>                                  END             2855174180 (  +0.00)      306.40 (   +0.00)          0 (       0)                    0 (  +0.00)           0  
##>createMaxCarrySave              START             2855174180 (  +0.00)      306.40 (   +0.00)          0 (       0)                    0 (  +0.00)              
##> datapath_rewrite_one_def       START             2855174180 (  +0.00)      306.40 (   +0.00)          0 (       0)                    0 (  +0.00)              
##>                                  END             2855174180 (  +0.00)      306.40 (   +0.00)          0 (       0)                    0 (  +0.00)           0  
##> csa_opto                       START             2855174180 (  +0.00)      306.40 (   +0.00)          0 (       0)                    0 (  +0.00)              
##>                                  END             2855174180 (  +0.00)      306.40 (   +0.00)          0 (       0)                    0 (  +0.00)           0  
##>                                  END             2855174180 (  +0.00)      306.40 (   +0.00)          0 (       0)                    0 (  +0.00)           0  
##>canonicalize_by_names           START             2855174180 (  +0.00)      306.40 (   +0.00)          0 (       0)                    0 (  +0.00)              
##>                                  END             2855174180 (  +0.00)      306.40 (   +0.00)          0 (       0)                    0 (  +0.00)           0  
##>datapath_rewrite_post_csa_one_  START             2855174180 (  +0.00)      306.40 (   +0.00)          0 (       0)                    0 (  +0.00)              
##>                                  END             2855174180 (  +0.00)      306.40 (   +0.00)          0 (       0)                    0 (  +0.00)           0  
##>datapath_csa_factoring_one_gde  START             2855174180 (  +0.00)      306.40 (   +0.00)          0 (       0)                    0 (  +0.00)              
##>                                  END             2855174180 (  +0.00)      306.40 (   +0.00)          0 (       0)                    0 (  +0.00)           0  
##>dpopt_share_one_def             START             2855174180 (  +0.00)      306.40 (   +0.00)          0 (       0)                    0 (  +0.00)              
##>                                  END             2855174180 (  +0.00)      306.40 (   +0.00)          0 (       0)                    0 (  +0.00)           0  
##>datapath_rewrite_post_share     START             2855174180 (  +0.00)      306.40 (   +0.00)          0 (       0)                    0 (  +0.00)              
##>                                  END             2855174180 (  +0.00)      306.40 (   +0.00)          0 (       0)                    0 (  +0.00)           0  
##>dp_combine_const_mult_with_com  START             2855174180 (  +0.00)      306.40 (   +0.00)          0 (       0)                    0 (  +0.00)              
##>                                  END             2855174180 (  +0.00)      306.40 (   +0.00)          0 (       0)                    0 (  +0.00)           0  
##>dp_operator_level_decompositio  START             2855174180 (  +0.00)      306.40 (   +0.00)          0 (       0)                    0 (  +0.00)              
##>                                  END             2855174180 (  +0.00)      306.40 (   +0.00)          0 (       0)                    0 (  +0.00)           0  
##>selective_flatten_dp_config     START             2855174180 (  +0.00)      306.40 (   +0.00)          0 (       0)                    0 (  +0.00)              
##>                                  END             2855174180 (  +0.00)      306.40 (   +0.00)          0 (       0)                    0 (  +0.00)           0  
##>createMaxCarrySave              START             2855174180 (  +0.00)      306.40 (   +0.00)          0 (       0)                    0 (  +0.00)              
##> datapath_rewrite_one_def       START             2855174180 (  +0.00)      306.40 (   +0.00)          0 (       0)                    0 (  +0.00)              
##>  fast_cse_elim                 START             2855174180 (  +0.00)      306.40 (   +0.00)          0 (       0)                    0 (  +0.00)              
##>                                  END             2855174180 (  +0.00)      306.40 (   +0.00)          0 (       0)                    0 (  +0.00)           0  
##>  fast_cse_elim                 START             2855174180 (  +0.00)      306.40 (   +0.00)          0 (       0)                    0 (  +0.00)              
##>                                  END             2855174180 (  +0.00)      306.40 (   +0.00)          0 (       0)                    0 (  +0.00)           0  
##>                                  END             2855174180 (  +0.00)      306.40 (   +0.00)          0 (       0)                    0 (  +0.00)           0  
##> csa_opto                       START             2855174180 (  +0.00)      306.40 (   +0.00)          0 (       0)                    0 (  +0.00)              
##>                                  END             2855174180 (  +0.00)      306.40 (   +0.00)          0 (       0)                    0 (  +0.00)           0  
##>                                  END             2855174180 (  +0.00)      306.40 (   +0.00)          0 (       0)                    0 (  +0.00)           0  
##>context_based_simplify          START             2855174180 (  +0.00)      306.40 (   +0.00)          0 (       0)                    0 (  +0.00)              
##>                                  END             2855174180 (  +0.00)      306.40 (   +0.00)          0 (       0)                    0 (  +0.00)           0  
##>group_csa_final_adder_dp        START             2855174180 (  +0.00)      306.40 (   +0.00)          0 (       0)                    0 (  +0.00)              
##>                                  END             2855174180 (  +0.00)      306.40 (   +0.00)          0 (       0)                    0 (  +0.00)           0  
##>dpopt_flatten_critical_muxes_i  START             2855174180 (  +0.00)      306.40 (   +0.00)          0 (       0)                    0 (  +0.00)              
##>                                  END             2855174180 (  +0.00)      306.40 (   +0.00)          0 (       0)                    0 (  +0.00)           0  
##>create_score                    START             2855174180 (  +0.00)      306.40 (   +0.00)          0 (       0)                    0 (  +0.00)              
##>                                  END             2855174180 (  +0.00)      306.40 (   +0.00)          0 (       0)                    0 (  +0.00)           0  
##>+-----------------------------------------------------------------------------------------------------------------------------------------------------------------------------------------------------+
Committed config: CDN_DP_region_1_7_c7
Info    : Done implementing datapath configurations. [DPOPT-4]
        : Selected 'very_fast' configuration 7 for module 'CDN_DP_region_1_7_c7'.
          Optimizations applied to 'very_fast' configuration:
            rewriting(0), factoring(0), sharing(0), cmultcse(0), downsizing(0), speculation(0)
Info:  Ungrouped 0 dp-cluster instances.  0 cluster instances were left intact, to aid verification.
Info    : Deleting instances not driving any primary outputs. [GLO-34]
        : Deleting 18 sequential instances.

==========================
 Sanity Check for POST-DATAPATH 
==========================
     DPOPT_INTERNAL_HIER check : PASS
 Components naming style check : PASS
==========================

Info    : Done optimizing datapath logic. [DPOPT-2]
        : Done optimizing datapath logic in 'butterfly2x2'.
Number of big hc bmuxes after = 0
Starting bit-level redundancy removal [v1.0] (stage: post_rtlopt, startdef: butterfly2x2, recur: true)
Bit-level redundancy removal for def butterfly2x2 (round= 0, cands= 38, i/o= 63/30)
Bit-level redundancy removal for def butterfly2x2 (round= 1, cands= 38, i/o= 63/30)
Completed bit-level redundancy removal (accepts: 0, rejects: 0, runtime: 1.153s)
Starting logic reduction [v1.0] (stage: post_rtlopt, startdef: butterfly2x2, recur: true)
Completed logic reduction (accepts: 0, rejects: 0, runtime: 0.000s)
Starting mux data reorder optimization [v1.0] (stage: post_rtlopt, startdef: butterfly2x2, recur: true)
Completed mux data reorder optimization (accepts: 0, rejects: 0, runtime: 0.000s)
Starting timing based select reordering [v1.0] (stage: post_rtlopt, startdef: butterfly2x2, recur: true)
Completed timing based select reordering (accepts: 0, rejects: 0, runtime: 1.176s)

Stage: post_rtlopt
----------------------------------------------------------------
| Transform                  | Accepts | Rejects | Runtime (s) | 
----------------------------------------------------------------
| hlo_redundancy_removal_bit |       0 |       0 |        1.15 | 
| hlo_logic_reduction        |       0 |       0 |        0.00 | 
| hlo_mux_reorder            |       0 |       0 |        0.00 | 
| hlo_timing_reorder         |       0 |       0 |        1.18 | 
----------------------------------------------------------------
Info    : Deleting instances not driving any primary outputs. [GLO-34]
        : Deleting 9 sequential instances.
Running post blast mux optimization. Please follow up with Cadence support if runtime issues are seen with this optimization.
Starting mux speculation [v1.0] (stage: post_muxopt, startdef: butterfly2x2, recur: true)
Starting speculation optimization
Completed speculation optimization (accepts:0)
Completed mux speculation (accepts: 0, rejects: 0, runtime: 1.254s)
Starting timing based select reordering [v1.0] (stage: post_muxopt, startdef: butterfly2x2, recur: true)
Completed timing based select reordering (accepts: 0, rejects: 0, runtime: 1.094s)

Stage: post_muxopt
--------------------------------------------------------
| Transform          | Accepts | Rejects | Runtime (s) | 
--------------------------------------------------------
| hlo_speculation    |       0 |       0 |        1.25 | 
| hlo_timing_reorder |       0 |       0 |        1.09 | 
--------------------------------------------------------
==================================
Stage : to_generic 
==================================
  =================
   Message Summary
  =================
---------------------------------------------------------------------------
|    Id    |  Sev  |Count|                  Message Text                  |
---------------------------------------------------------------------------
|CDFG-250  |Info   |    3|Processing multi-dimensional arrays.            |
|CDFG-372  |Info   |   32|Bitwidth mismatch in assignment.                |
|          |       |     |Review and make sure the mismatch is            |
|          |       |     | intentional. Genus can possibly issue bitwidth |
|          |       |     | mismatch warning for explicit assignments      |
|          |       |     | present in RTL as-well-as for implicit         |
|          |       |     | assignments inferred by the tool. For example, |
|          |       |     | in case of enum declaration without value, the |
|          |       |     | tool will implicitly assign value to the enum  |
|          |       |     | variables. It also issues the warning for any  |
|          |       |     | bitwidth mismatch that appears in this implicit|
|          |       |     | assignment.                                    |
|CDFG-373  |Info   |    6|Sign mismatch in assignment.                    |
|CDFG-428  |Warning|    1|In legacy_ui mode, Genus creates a blackbox as  |
|          |       |     | description for a module is not found. Black   |
|          |       |     | boxes represent unresolved references in the   |
|          |       |     | design and are usually not expected. Another   |
|          |       |     | possible reason is, some libraries are not read|
|          |       |     | and the tool could not get the content for some|
|          |       |     | macros or lib_cells.                           |
|          |       |     |Check the kind of module a black box is. If it  |
|          |       |     | is a lib_cell or a macro, check why the        |
|          |       |     | corresponding .lib was not read in. This could |
|          |       |     | be either due to a missing or faulty file or   |
|          |       |     | due to an incomplete init_lib_search_path      |
|          |       |     | attribute value making restricting access to   |
|          |       |     | the missing file. If it is a module of your    |
|          |       |     | design, verify whether the path to this module |
|          |       |     | is a part of the files you read or else check  |
|          |       |     | that the init_hdl_search_path attribute is not |
|          |       |     | missing some paths.                            |
|CDFG-567  |Info   |    4|Instantiating Subdesign.                        |
|CDFG-738  |Info   |    4|Common subexpression eliminated.                |
|CDFG-739  |Info   |    4|Common subexpression kept.                      |
|CWD-19    |Info   | 1206|An implementation was inferred.                 |
|DPOPT-1   |Info   |    1|Optimizing datapath logic.                      |
|DPOPT-2   |Info   |    1|Done optimizing datapath logic.                 |
|DPOPT-3   |Info   |   16|Implementing datapath configurations.           |
|DPOPT-4   |Info   |   16|Done implementing datapath configurations.      |
|DPOPT-6   |Info   |    1|Pre-processed datapath logic.                   |
|DPOPT-10  |Info   |    8|Optimized a mux chain.                          |
|ELAB-1    |Info   |    1|Elaborating Design.                             |
|ELAB-2    |Info   |    1|Elaborating Subdesign.                          |
|ELAB-3    |Info   |    1|Done Elaborating Design.                        |
|GB-6      |Info   |   12|A datapath component has been ungrouped.        |
|GLO-12    |Info   |    4|Replacing a flip-flop with a logic constant 0.  |
|          |       |     |To prevent this optimization, set the           |
|          |       |     | 'optimize_constant_0_flops' root attribute to  |
|          |       |     | 'false' or 'optimize_constant_0_seq' instance  |
|          |       |     | attribute to 'false'. You can also see the     |
|          |       |     | complete list of deleted sequential with       |
|          |       |     | command 'report sequential -deleted'           |
|          |       |     | (on Reason 'constant0').                       |
|GLO-34    |Info   |    4|Deleting instances not driving any primary      |
|          |       |     | outputs.                                       |
|          |       |     |Optimizations such as constant propagation or   |
|          |       |     | redundancy removal could change the connections|
|          |       |     | so a hierarchical instance does not drive any  |
|          |       |     | primary outputs anymore. To see the list of    |
|          |       |     | deleted hierarchical instances, set the        |
|          |       |     | 'information_level' attribute to 2 or above. If|
|          |       |     | the message is truncated set the message       |
|          |       |     | attribute 'truncate' to false to see the       |
|          |       |     | complete list. To prevent this optimization,   |
|          |       |     | set the 'delete_unloaded_insts' root/subdesign |
|          |       |     | attribute to 'false' or 'preserve' instance    |
|          |       |     | attribute to 'true'.                           |
|GLO-42    |Info   |   51|Equivalent sequential instances have been       |
|          |       |     | merged.                                        |
|          |       |     |To prevent merging of sequential instances, set |
|          |       |     | the 'optimize_merge_flops' and                 |
|          |       |     | 'optimize_merge_latches' root attributes to    |
|          |       |     | 'false' or the 'optimize_merge_seq' instance   |
|          |       |     | attribute to 'false'.                          |
|GLO-51    |Info   |    4|Hierarchical instance automatically ungrouped.  |
|          |       |     |Hierarchical instances can be automatically     |
|          |       |     | ungrouped to allow for better area or timing   |
|          |       |     | optimization. To prevent this ungroup, set the |
|          |       |     | root-level attribute 'auto_ungroup' to 'none'. |
|          |       |     | You can also prevent individual ungroup with   |
|          |       |     | setting the attribute 'ungroup_ok' of instances|
|          |       |     | or modules to 'false'.                         |
|GLO-61    |Warning|  516|Ungrouping the instance/module as 'false' cannot|
|          |       |     | be set on tool_generated hierarchies.          |
|          |       |     |Kindly check the script whether the ungroup_ok  |
|          |       |     | is set to false. Alternately it can be set to  |
|          |       |     | 'strict_no' to disable ungrouping but this can |
|          |       |     | impact PPA.                                    |
|GLO-62    |Info   |   82|On tool_generated instance/module 'strict_no' is|
|          |       |     | set.                                           |
|          |       |     |This shall only be used for special purposes    |
|          |       |     | like formal verification.                      |
|LBR-155   |Info   |    4|Mismatch in unateness between 'timing_sense'    |
|          |       |     | attribute and the function.                    |
|          |       |     |The 'timing_sense' attribute will be respected. |
|LBR-162   |Info   |   34|Both 'pos_unate' and 'neg_unate' timing_sense   |
|          |       |     | arcs have been processed.                      |
|          |       |     |Setting the 'timing_sense' to non_unate.        |
|LBR-412   |Info   |   10|Created nominal operating condition.            |
|          |       |     |The nominal operating condition is represented, |
|          |       |     | either by the nominal PVT values specified in  |
|          |       |     | the library source                             |
|          |       |     | (via nom_process,nom_voltage and nom_temperatur|
|          |       |     | e respectively)                                |
|          |       |     | , or by the default PVT values (1.0,1.0,1.0).  |
|PHYS-12   |Warning|    4|The variant range of wire parameters is too     |
|          |       |     | large. An example of wire parameters are, a    |
|          |       |     | WIDTH for layer, PITCH for layer, MINSPACING   |
|          |       |     | for layers, etc.                               |
|          |       |     |Check the consistency of the parameters, and see|
|          |       |     | if you can ignore this message or you're using |
|          |       |     | different LEF file with wrong parameters.      |
|PHYS-13   |Warning|    4|The value of the wire parameter is too big.     |
|          |       |     |Check the consistency of the specified wire     |
|          |       |     | parameter.                                     |
|PHYS-14   |Warning|    4|The value of the wire parameter is too small.   |
|          |       |     |Check the consistency of the specified wire     |
|          |       |     | parameter.                                     |
|PHYS-15   |Warning|   30|Missing wire parameter.                         |
|          |       |     |Check the wire parameter in LEF technology      |
|          |       |     | files.                                         |
|PHYS-106  |Warning|    1|Site already defined before, duplicated site    |
|          |       |     | will be ignored.                               |
|PHYS-129  |Info   |    9|Via with no resistance will have a value of     |
|          |       |     | '0.0' assigned for resistance value.           |
|          |       |     |If this is the expected behavior, this message  |
|          |       |     | can be ignored.                                |
|PHYS-279  |Warning|   20|Physical cell not defined in library.           |
|          |       |     |Ensure that the proper library files are        |
|          |       |     | available and have been imported.              |
|PHYS-752  |Info   |    1|Partition Based Synthesis execution skipped.    |
|RTLOPT-30 |Info   |    3|Accepted resource sharing opportunity.          |
|RTLOPT-40 |Info   |    6|Transformed datapath macro.                     |
|RTLOPT-55 |Warning|  516|Inferred datapath logic has changed and cannot  |
|          |       |     | be considered for datapath optimizations.      |
|          |       |     |For best results, ensure this command is issued |
|          |       |     | after syn_map, when all datapath optimizations |
|          |       |     | have finished.                                 |
|SYNTH-1   |Info   |    1|Synthesizing.                                   |
|TIM-1000  |Info   |    1|Multimode clock gating check is disabled.       |
|TUI-273   |Warning|    1|Black-boxes are represented as unresolved       |
|          |       |     | references in the design.                      |
|          |       |     |Run check_design to get all unresolved instance.|
|          |       |     | To resolve the reference, either load a        |
|          |       |     | technology library containing the cell by      |
|          |       |     | appending to the 'library' attribute, or read  |
|          |       |     | in the hdl file containing the module before   |
|          |       |     | performing elaboration. As the design is       |
|          |       |     | incomplete, synthesis results may not          |
|          |       |     | correspond to the entire design.               |
|VLOGPT-37 |Warning|   22|Ignoring unsynthesizable construct.             |
|          |       |     |For example, the following constructs will be   |
|          |       |     | ignored:
    - initial block
    - final block
|
|          |       |     | - program block
    - property block
    -     |
|          |       |     | sequence block
    - covergroup
    - checker  |
|          |       |     | block
    - gate drive strength
    - system   |
|          |       |     | task enable
    - reg declaration with initial |
|          |       |     | value
    - specify block.                     |
|VLOGPT-506|Warning|    1|Unused attribute.                               |
---------------------------------------------------------------------------
	1344	 CDN_PAS_CONNECTED_MUXi
Ungrouping: CDN_PAS_CONNECTED_MUXi count=7258 ratio=1.0
Current PLE settings:

Aspect ratio        : 1.000
Shrink factor       : 1.000
Scale of res/length : 1.000
Scale of cap/length : 1.000
Net derating factor : 1.000
Thermal factor      : 1.000
Via Resistance      : 0.000 ohm (from default)
Site size           : 1.224 um (from lef [tech+cell])

                                   Capacitance  
  Layer                             / Length         Data source:
Name        Direction Utilization  (pF/micron)       default value
------------------------------------------------
<default>       U         n/a         0.000250  

** = DEFAULT cap per unit length is used for timing analysis

                                    Resistance   
  Layer                              / Length         Data source:
Name        Direction Utilization  (ohm/micron)       default value
-------------------------------------------------
<default>       U         n/a               0.0  

** = DEFAULT res per unit length is used for timing analysis

                                        Area       
  Layer                               / Length          Data source:
Name        Direction Utilization     (micron)          lef_library
---------------------------------------------------
M1              V         0.00         0.072000    
M2              H         1.00         0.072000    
M3              V         1.00         0.072000    
M4              H         1.00         0.096000    
M5              V         1.00         0.096000    
M6              H         1.00         0.128000    
M7              V         1.00         0.128000    
M8              H         1.00         0.160000    
M9              V         1.00         0.160000    
Pad             H         1.00         8.000000 ** 

** = 'Pad' is dropped because its width (8) is too large (threshold 2)

Mapper: Libraries have:
	domain _default_: 334 combo usable cells and 46 sequential usable cells
Info    : Attempting to launch a super-threading server. [ST-120]
        : Attempting to Launch server 1 of 8.
        : The tool is entering super-threading mode and is launching a CPU server process.  This is enabled by the root attribute 'super_thread_servers' or 'auto_super_thread'.
Info    : Connection established with super-threading server. [ST-110]
        : The server 'localhost_1_0' is forked process '738939' on this host.
        : The tool is entering super-threading mode and has established a connection with a CPU server process.  This is enabled by the root attributes 'super_thread_servers' or 'auto_super_thread'.
Info    : Connection established with super-threading server. [ST-110]
        : The server 'localhost_1_1' is forked process '738941' on this host.
Info    : Connection established with super-threading server. [ST-110]
        : The server 'localhost_1_2' is forked process '738943' on this host.
Info    : Connection established with super-threading server. [ST-110]
        : The server 'localhost_1_3' is forked process '738945' on this host.
Info    : Connection established with super-threading server. [ST-110]
        : The server 'localhost_1_4' is forked process '738947' on this host.
Info    : Connection established with super-threading server. [ST-110]
        : The server 'localhost_1_5' is forked process '738950' on this host.
Info    : Connection established with super-threading server. [ST-110]
        : The server 'localhost_1_6' is forked process '738953' on this host.
Info    : Connection established with super-threading server. [ST-110]
        : The server 'localhost_1_7' is forked process '738955' on this host.
Multi-threaded Virtual Mapping    (8 threads per ST process, 8 of 80 CPUs usable)
        Distributing super-thread jobs: cb_part_679
          Sending 'cb_part_679' to server 'localhost_1_1'...
            Sent 'cb_part_679' to server 'localhost_1_1'.
          Received 'cb_part_679' from server 'localhost_1_1'. (9412 ms elapsed)
Normal Structuring mode def=cb_part_679
        Distributing super-thread jobs: cb_part_695 cb_part_685 cb_part_691 cb_oseq_678
          Sending 'cb_part_695' to server 'localhost_1_1'...
            Sent 'cb_part_695' to server 'localhost_1_1'.
          Sending 'cb_part_685' to server 'localhost_1_7'...
            Sent 'cb_part_685' to server 'localhost_1_7'.
          Sending 'cb_part_691' to server 'localhost_1_2'...
            Sent 'cb_part_691' to server 'localhost_1_2'.
          Sending 'cb_oseq_678' to server 'localhost_1_6'...
            Sent 'cb_oseq_678' to server 'localhost_1_6'.
          Received 'cb_oseq_678' from server 'localhost_1_6'. (2506 ms elapsed)
          Received 'cb_part_685' from server 'localhost_1_7'. (2842 ms elapsed)
          Received 'cb_part_691' from server 'localhost_1_2'. (2948 ms elapsed)
          Received 'cb_part_695' from server 'localhost_1_1'. (9976 ms elapsed)
Normal Structuring mode def=cb_part_695
Working on Hinst: CDN_PAS_SKIP_FFC_0i
[gig_analyze] should_ungroup = 0
[gig_analyze] should_ungroup = 0
[gig_analyze] should_ungroup = 0
[gig_analyze] should_ungroup = 0
[gig_analyze] should_ungroup = 0
[gig_analyze] should_ungroup = 0

INFO: Identified hierarchy for CAS: hinst:iopt_partition/CDN_PAS_SKIP_FFC_0i

Normal Structuring mode def=cb_part_685
Normal Structuring mode def=cb_part_691
Normal Structuring mode def=cb_oseq_678
Working on Hinst: CDN_PAS_SKIP_FFC_0i
[gig_analyze] should_ungroup = 0
[gig_analyze] should_ungroup = 0
[gig_analyze] should_ungroup = 0
[gig_analyze] should_ungroup = 0
[gig_analyze] should_ungroup = 0
[gig_analyze] should_ungroup = 0

INFO: Identified hierarchy for CAS: hinst:iopt_partition/CDN_PAS_SKIP_FFC_0i

        Distributing super-thread jobs: WALLACE_CSA_DUMMY_OP922_group_5549 cb_part_699 cb_part_707 cb_part_703 cb_oseq_690 cb_oseq_684
          Sending 'WALLACE_CSA_DUMMY_OP922_group_5549' to server 'localhost_1_1'...
            Sent 'WALLACE_CSA_DUMMY_OP922_group_5549' to server 'localhost_1_1'.
          Sending 'cb_part_699' to server 'localhost_1_7'...
            Sent 'cb_part_699' to server 'localhost_1_7'.
          Sending 'cb_part_707' to server 'localhost_1_2'...
            Sent 'cb_part_707' to server 'localhost_1_2'.
          Sending 'cb_part_703' to server 'localhost_1_6'...
            Sent 'cb_part_703' to server 'localhost_1_6'.
          Sending 'cb_oseq_690' to server 'localhost_1_0'...
            Sent 'cb_oseq_690' to server 'localhost_1_0'.
          Sending 'cb_oseq_684' to server 'localhost_1_3'...
            Sent 'cb_oseq_684' to server 'localhost_1_3'.
          Received 'WALLACE_CSA_DUMMY_OP922_group_5549' from server 'localhost_1_1'. (860 ms elapsed)
Normal Structuring mode def=WALLACE_CSA_DUMMY_OP922_group_5549
          Received 'cb_part_703' from server 'localhost_1_6'. (950 ms elapsed)
          Received 'cb_part_699' from server 'localhost_1_7'. (1056 ms elapsed)
Normal Structuring mode def=cb_part_699
Working on Hinst: CDN_PAS_SKIP_FFC_0i
[gig_analyze] should_ungroup = 0
[gig_analyze] should_ungroup = 0
[gig_analyze] should_ungroup = 0
[gig_analyze] should_ungroup = 0
[gig_analyze] should_ungroup = 0
[gig_analyze] should_ungroup = 0

INFO: Identified hierarchy for CAS: hinst:iopt_partition/CDN_PAS_SKIP_FFC_0i

          Received 'cb_part_707' from server 'localhost_1_2'. (1144 ms elapsed)
Normal Structuring mode def=cb_part_707
Working on Hinst: CDN_PAS_SKIP_FFC_0i
[gig_analyze] should_ungroup = 0
[gig_analyze] should_ungroup = 0
[gig_analyze] should_ungroup = 0
[gig_analyze] should_ungroup = 0
[gig_analyze] should_ungroup = 0
[gig_analyze] should_ungroup = 0

INFO: Identified hierarchy for CAS: hinst:iopt_partition/CDN_PAS_SKIP_FFC_0i

Normal Structuring mode def=cb_part_703
Working on Hinst: CDN_PAS_SKIP_FFC_0i
[gig_analyze] should_ungroup = 0
[gig_analyze] should_ungroup = 0
[gig_analyze] should_ungroup = 0
[gig_analyze] should_ungroup = 0
[gig_analyze] should_ungroup = 0
[gig_analyze] should_ungroup = 0

INFO: Identified hierarchy for CAS: hinst:iopt_partition/CDN_PAS_SKIP_FFC_0i

          Received 'cb_oseq_690' from server 'localhost_1_0'. (2364 ms elapsed)
Normal Structuring mode def=cb_oseq_690
Working on Hinst: CDN_PAS_SKIP_FFC_0i
[gig_analyze] should_ungroup = 0
[gig_analyze] should_ungroup = 0
[gig_analyze] should_ungroup = 0
[gig_analyze] should_ungroup = 0
[gig_analyze] should_ungroup = 0
[gig_analyze] should_ungroup = 0

INFO: Identified hierarchy for CAS: hinst:iopt_partition/CDN_PAS_SKIP_FFC_0i

          Received 'cb_oseq_684' from server 'localhost_1_3'. (2458 ms elapsed)
Normal Structuring mode def=cb_oseq_684
Working on Hinst: CDN_PAS_SKIP_FFC_0i
[gig_analyze] should_ungroup = 0
[gig_analyze] should_ungroup = 0
[gig_analyze] should_ungroup = 0
[gig_analyze] should_ungroup = 0
[gig_analyze] should_ungroup = 0
[gig_analyze] should_ungroup = 0

INFO: Identified hierarchy for CAS: hinst:iopt_partition/CDN_PAS_SKIP_FFC_0i

        Distributing super-thread jobs: WALLACE_CSA_DUMMY_OP926_group_5547 WALLACE_CSA_DUMMY_OP924_group_5548 add_unsigned_3
          Sending 'WALLACE_CSA_DUMMY_OP926_group_5547' to server 'localhost_1_1'...
            Sent 'WALLACE_CSA_DUMMY_OP926_group_5547' to server 'localhost_1_1'.
          Sending 'WALLACE_CSA_DUMMY_OP924_group_5548' to server 'localhost_1_7'...
            Sent 'WALLACE_CSA_DUMMY_OP924_group_5548' to server 'localhost_1_7'.
          Sending 'add_unsigned_3' to server 'localhost_1_2'...
            Sent 'add_unsigned_3' to server 'localhost_1_2'.
          Received 'add_unsigned_3' from server 'localhost_1_2'. (220 ms elapsed)
          Received 'WALLACE_CSA_DUMMY_OP926_group_5547' from server 'localhost_1_1'. (815 ms elapsed)
Normal Structuring mode def=WALLACE_CSA_DUMMY_OP926_group_5547
          Received 'WALLACE_CSA_DUMMY_OP924_group_5548' from server 'localhost_1_7'. (865 ms elapsed)
Normal Structuring mode def=WALLACE_CSA_DUMMY_OP924_group_5548
Normal Structuring mode def=add_unsigned_3
        Distributing super-thread jobs: cb_part_708
          Sending 'cb_part_708' to server 'localhost_1_1'...
            Sent 'cb_part_708' to server 'localhost_1_1'.
          Received 'cb_part_708' from server 'localhost_1_1'. (36284 ms elapsed)
Normal Structuring mode def=cb_part_708
Working on Hinst: CDN_PAS_SKIP_FFC_0i
[gig_analyze] should_ungroup = 0
[gig_analyze] should_ungroup = 0
[gig_analyze] should_ungroup = 0
[gig_analyze] should_ungroup = 0
[gig_analyze] should_ungroup = 0
[gig_analyze] should_ungroup = 0

INFO: Identified hierarchy for CAS: hinst:iopt_partition/CDN_PAS_SKIP_FFC_0i

        Distributing super-thread jobs: mult_unsigned_6030 cb_oseq
          Sending 'mult_unsigned_6030' to server 'localhost_1_1'...
            Sent 'mult_unsigned_6030' to server 'localhost_1_1'.
          Sending 'cb_oseq' to server 'localhost_1_7'...
            Sent 'cb_oseq' to server 'localhost_1_7'.
          Received 'cb_oseq' from server 'localhost_1_7'. (1831 ms elapsed)
          Received 'mult_unsigned_6030' from server 'localhost_1_1'. (8592 ms elapsed)
Normal Structuring mode def=mult_unsigned_6030
Normal Structuring mode def=cb_oseq
Working on Hinst: CDN_PAS_SKIP_FFC_0i
[gig_analyze] should_ungroup = 0
[gig_analyze] should_ungroup = 0
[gig_analyze] should_ungroup = 0
[gig_analyze] should_ungroup = 0
[gig_analyze] should_ungroup = 0
[gig_analyze] should_ungroup = 0

INFO: Identified hierarchy for CAS: hinst:iopt_partition/CDN_PAS_SKIP_FFC_0i

        Distributing super-thread jobs: WALLACE_CSA_DUMMY_OP_group_5550
          Sending 'WALLACE_CSA_DUMMY_OP_group_5550' to server 'localhost_1_1'...
            Sent 'WALLACE_CSA_DUMMY_OP_group_5550' to server 'localhost_1_1'.
          Received 'WALLACE_CSA_DUMMY_OP_group_5550' from server 'localhost_1_1'. (787 ms elapsed)
Normal Structuring mode def=WALLACE_CSA_DUMMY_OP_group_5550
Normal Structuring mode def=cb_part
        Distributing super-thread jobs: cb_seq
          Sending 'cb_seq' to server 'localhost_1_1'...
            Sent 'cb_seq' to server 'localhost_1_1'.
          Received 'cb_seq' from server 'localhost_1_1'. (701 ms elapsed)
Normal Structuring mode def=cb_seq_673
Normal Structuring mode def=cb_part_705
Normal Structuring mode def=cb_seq_683
Normal Structuring mode def=cb_part_697
Normal Structuring mode def=cb_seq_689
Normal Structuring mode def=cb_part_693
Normal Structuring mode def=cb_seq_677
Normal Structuring mode def=cb_part_701
Normal Structuring mode def=cb_seq
==================================
Stage : first_condense 
==================================
  =================
   Message Summary
  =================
---------------------------------------------------------------------------
|  Id  |Sev |Count|                     Message Text                      |
---------------------------------------------------------------------------
|GB-6  |Info|   40|A datapath component has been ungrouped.               |
|GLO-62|Info|    1|On tool_generated instance/module 'strict_no' is set.  |
|      |    |     |This shall only be used for special purposes like      |
|      |    |     | formal verification.                                  |
|ST-110|Info|    8|Connection established with super-threading server.    |
|      |    |     |The tool is entering super-threading mode and has      |
|      |    |     | established a connection with a CPU server process.   |
|      |    |     | This is enabled by the root attributes                |
|      |    |     | 'super_thread_servers' or 'auto_super_thread'.        |
|ST-120|Info|    1|Attempting to launch a super-threading server.         |
|      |    |     |The tool is entering super-threading mode and is       |
|      |    |     | launching a CPU server process.  This is enabled by   |
|      |    |     | the root attribute 'super_thread_servers' or          |
|      |    |     | 'auto_super_thread'.                                  |
|ST-128|Info|    2|Super thread servers are launched successfully.        |
---------------------------------------------------------------------------
 
Global mapping target info
==========================
Cost Group 'clk' target slack:    16 ps
Target path end-point (Pin: BF1_1_barrett_datai_reg[44]/d)


+-----------+------------------------------+-----+----------------------+---------------------------+
|   Host    |           Machine            | CPU | Physical Memory (MB) | Peak Physical Memory (MB) |
+-----------+------------------------------+-----+----------------------+---------------------------+
| localhost | engr-r940s01.engr.uidaho.edu |  8  |        2115.8        |          2191.3           |
+-----------+------------------------------+-----+----------------------+---------------------------+

+---------------+----------------------+---------------------------+
|    Server     | Physical Memory (MB) | Peak Physical Memory (MB) |
+---------------+----------------------+---------------------------+
| localhost_1_0 |    1605.5 [1] [3]    |        [1] [2] [3]        |
| localhost_1_3 |      199.1 [4]       |          [4] [2]          |
| localhost_1_6 |      200.3 [4]       |          [4] [2]          |
| localhost_1_4 |      168.5 [4]       |          [4] [2]          |
| localhost_1_5 |      168.5 [4]       |          [4] [2]          |
| localhost_1_1 |      251.7 [4]       |          [4] [2]          |
| localhost_1_2 |      206.4 [4]       |          [4] [2]          |
| localhost_1_7 |      211.7 [4]       |          [4] [2]          |
+---------------+----------------------+---------------------------+
[1] Memory is included in main process.
[2] Peak physical memory is not available for forked background servers.
[3] Memory of child processes is included.
[4] Memory is included in parent localhost_1_0.


State Retention Synthesis Status
================================

Category                        Flops   Percentage
--------------------------------------------------
Total instances                  2361        100.0
Excluded from State Retention    2361        100.0
    - Will not convert           2361        100.0
      - Preserved                   0          0.0
      - Power intent excluded    2361        100.0
    - Could not convert             0          0.0
      - Scan type                   0          0.0
      - No suitable cell            0          0.0
State Retention instances           0          0.0
--------------------------------------------------

Info    : Using '2' number of super-threading servers using the attribute 'super_thread_servers' could have
          saved '15' more seconds during global map.
Starting post first-condense unobservable FF removal
Detecting unobservable FF's ... (design is not uniquified)
Detected 0 unobservable FF's cputime(detection/total) = 0.249 /0.518 seconds
Unobservable FF redundancy removal succeeded.
Done post first-condense unobservable FF removal (3.00 cpu seconds) (2.00 elapsed cpu seconds)
Advanced structuring report (syn_gen):
--------------------------------------------------------------------------------------------------------------
|                              | Graph                | Opt. Graph           | Result          |             | 
|------------------------------+----------------------+----------------------+-----------------+-------------|
| Name                 | Tag   | #nodes | #and | #lvl | #nodes | #and | #lvl | Acc | Time      | Netlist ID  | 
--------------------------------------------------------------------------------------------------------------
| cb_part_708          | FCOPT |  12053 | 1612 |   45 |  11476 | 1035 |   25 | Y   |     14.92 | cb_part_708 | 
| cb_part_695          | FCOPT |   6234 |  581 |   32 |   6083 |  430 |   25 | Y   |      4.00 | cb_part_695 | 
| cb_part_679          | FCOPT |   5991 |  599 |   34 |   5836 |  444 |   25 | Y   |      3.82 | cb_part_679 | 
--------------------------------------------------------------------------------------------------------------
Number of LFLHs filtered from table: 10
Runtime accepts/rejects/total =    25.75 /     7.15 /    32.90
Accepts/rejects/total = 5 / 8 / 13
Sum of reduced nodes/levels = 961 / 34
PBS_Generic_Opt-Post - Elapsed_Time 368, CPU_Time 299.005412
stamp 'PBS_Generic_Opt-Post' being created for table 'pbs_debug'

  Total Time (Wall) |  Stage Time (Wall)  |   % (Wall)   |    Date - Time     |  Memory   | Stage
--------------------+---------------------+--------------+--------------------+-----------+----------------------
 00:01:00(00:00:38) |  00:00:00(00:00:00) |   0.0(  0.0) |   11:09:51 (Aug11) |  995.0 MB | PBS_Generic-Start
--------------------+---------------------+--------------+--------------------+-----------+----------------------
 00:06:02(00:06:50) |  00:05:02(00:06:12) | 100.0(100.0) |   11:16:03 (Aug11) |   1.65 GB | PBS_Generic_Opt-Post
--------------------+---------------------+--------------+--------------------+-----------+----------------------
Number of threads: 8 * 1   (id: pbs_debug, time_info v1.57)
Info: (*N*) indicates data that was populated from previously saved time_info database
Info: CPU time includes time of parent + longest thread
PBS_Generic-Postgen HBO Optimizations - Elapsed_Time 0, CPU_Time 1.0
stamp 'PBS_Generic-Postgen HBO Optimizations' being created for table 'pbs_debug'

  Total Time (Wall) |  Stage Time (Wall)  |   % (Wall)   |    Date - Time     |  Memory   | Stage
--------------------+---------------------+--------------+--------------------+-----------+----------------------
 00:01:00(00:00:38) |  00:00:00(00:00:00) |   0.0(  0.0) |   11:09:51 (Aug11) |  995.0 MB | PBS_Generic-Start
--------------------+---------------------+--------------+--------------------+-----------+----------------------
 00:06:02(00:06:50) |  00:05:02(00:06:12) |  99.7(100.0) |   11:16:03 (Aug11) |   1.65 GB | PBS_Generic_Opt-Post
--------------------+---------------------+--------------+--------------------+-----------+----------------------
 00:06:03(00:06:50) |  00:00:01(00:00:00) |   0.3(  0.0) |   11:16:03 (Aug11) |   1.65 GB | PBS_Generic-Postgen HBO Optimizations
--------------------+---------------------+--------------+--------------------+-----------+----------------------
Number of threads: 8 * 1   (id: pbs_debug, time_info v1.57)
Info: (*N*) indicates data that was populated from previously saved time_info database
Info: CPU time includes time of parent + longest thread
Starting post syn_generic ultra-effort Boolean optimization
Redundancy removal succeeded.
Done post syn_generic ultra-effort Boolean optimization (2.00 cpu seconds) (1.00 elapsed cpu seconds)
Info    : Done synthesizing. [SYNTH-2]
        : Done synthesizing 'butterfly2x2' to generic gates.
##>=================== Cadence Confidential (Generic-Logical) ===================
##>=================== Cadence Confidential (Generic-Logical) ===================
      flow.cputime  flow.realtime  timing.setup.tns  timing.setup.wns  snapshot
UM:*                                                                   syn_gen
@file(genus_asap7_v2.tcl) 72: stamp "syn_generic DONE"
===== [2026-08-11_11:16:08] syn_generic DONE
@file(genus_asap7_v2.tcl) 73: write_db $OUTDIR/${DESIGN}_p${PERIOD}_generic.db
Finished exporting design database to file '/home/alco9414/pqc/hqc/asic/asap7/out/bf2x2_base_p573/butterfly2x2_p573_generic.db' for 'butterfly2x2' (command execution time mm:ss cpu = 00:03, real = 00:04).
@file(genus_asap7_v2.tcl) 75: stamp "syn_map START"
===== [2026-08-11_11:16:12] syn_map START
@file(genus_asap7_v2.tcl) 76: syn_map
#----------------------------------------------------------------------------------------
# Root attributes for category: opt
#----------------------------------------------------------------------------------------
# Feature                           | Attribute                    | Value            
#----------------------------------------------------------------------------------------
# Avoid tied inputs                 | avoid_tied_inputs            | false (default)  
# Allow floating outputs            | opt_allow_floating_outputs   | false (default)  
# Power optimization effort         | design_power_effort          | none (default)   
# Do not use qbar sequential pins   | dont_use_qbar_seq_pins       | false (default)  
#----------------------------------------------------------------------------------------

##Generic Timing Info: typical gate delay   22.2 ps   std_slew:    4.2 ps   std_load:  1.0 fF  for library domain _default_
Mapping ChipWare ICG instances in butterfly2x2
Found 0 unmapped ChipWare ICG instances
Mapped 0 of 0 ChipWare ICG instances
Current PLE settings:

Aspect ratio        : 1.000
Shrink factor       : 1.000
Scale of res/length : 1.000
Scale of cap/length : 1.000
Net derating factor : 1.000
Thermal factor      : 1.000
Via Resistance      : 0.000 ohm (from default)
Site size           : 1.224 um (from lef [tech+cell])

                                   Capacitance  
  Layer                             / Length         Data source:
Name        Direction Utilization  (pF/micron)       default value
------------------------------------------------
<default>       U         n/a         0.000250  

** = DEFAULT cap per unit length is used for timing analysis

                                    Resistance   
  Layer                              / Length         Data source:
Name        Direction Utilization  (ohm/micron)       default value
-------------------------------------------------
<default>       U         n/a               0.0  

** = DEFAULT res per unit length is used for timing analysis

                                        Area       
  Layer                               / Length          Data source:
Name        Direction Utilization     (micron)          lef_library
---------------------------------------------------
M1              V         0.00         0.072000    
M2              H         1.00         0.072000    
M3              V         1.00         0.072000    
M4              H         1.00         0.096000    
M5              V         1.00         0.096000    
M6              H         1.00         0.128000    
M7              V         1.00         0.128000    
M8              H         1.00         0.160000    
M9              V         1.00         0.160000    
Pad             H         1.00         8.000000 ** 

** = 'Pad' is dropped because its width (8) is too large (threshold 2)

Info    : Mapping. [SYNTH-4]
        : Mapping 'butterfly2x2' using 'high' effort.
Mapper: Libraries have:
	domain _default_: 334 combo usable cells and 46 sequential usable cells
PBS_TechMap-Start - Elapsed_Time 0, CPU_Time 0.0
stamp 'PBS_TechMap-Start' being created for table 'pbs_debug'

  Total Time (Wall) |  Stage Time (Wall)  |   % (Wall)   |    Date - Time     |  Memory   | Stage
--------------------+---------------------+--------------+--------------------+-----------+----------------------
 00:01:00(00:00:38) |  00:00:00(00:00:00) |   0.0(  0.0) |   11:09:51 (Aug11) |  995.0 MB | PBS_Generic-Start
--------------------+---------------------+--------------+--------------------+-----------+----------------------
 00:06:02(00:06:50) |  00:05:02(00:06:12) |  96.8( 97.6) |   11:16:03 (Aug11) |   1.65 GB | PBS_Generic_Opt-Post
--------------------+---------------------+--------------+--------------------+-----------+----------------------
 00:06:03(00:06:50) |  00:00:01(00:00:00) |   0.3(  0.0) |   11:16:03 (Aug11) |   1.65 GB | PBS_Generic-Postgen HBO Optimizations
--------------------+---------------------+--------------+--------------------+-----------+----------------------
 00:06:12(00:06:59) |  00:00:09(00:00:09) |   2.9(  2.4) |   11:16:12 (Aug11) |   1.66 GB | PBS_TechMap-Start
--------------------+---------------------+--------------+--------------------+-----------+----------------------
Number of threads: 8 * 1   (id: pbs_debug, time_info v1.57)
Info: (*N*) indicates data that was populated from previously saved time_info database
Info: CPU time includes time of parent + longest thread
PBS_TechMap-Premap HBO Optimizations - Elapsed_Time 1, CPU_Time 0.0
stamp 'PBS_TechMap-Premap HBO Optimizations' being created for table 'pbs_debug'

  Total Time (Wall) |  Stage Time (Wall)  |   % (Wall)   |    Date - Time     |  Memory   | Stage
--------------------+---------------------+--------------+--------------------+-----------+----------------------
 00:01:00(00:00:38) |  00:00:00(00:00:00) |   0.0(  0.0) |   11:09:51 (Aug11) |  995.0 MB | PBS_Generic-Start
--------------------+---------------------+--------------+--------------------+-----------+----------------------
 00:06:02(00:06:50) |  00:05:02(00:06:12) |  96.8( 97.4) |   11:16:03 (Aug11) |   1.65 GB | PBS_Generic_Opt-Post
--------------------+---------------------+--------------+--------------------+-----------+----------------------
 00:06:03(00:06:50) |  00:00:01(00:00:00) |   0.3(  0.0) |   11:16:03 (Aug11) |   1.65 GB | PBS_Generic-Postgen HBO Optimizations
--------------------+---------------------+--------------+--------------------+-----------+----------------------
 00:06:12(00:06:59) |  00:00:09(00:00:09) |   2.9(  2.4) |   11:16:12 (Aug11) |   1.66 GB | PBS_TechMap-Start
--------------------+---------------------+--------------+--------------------+-----------+----------------------
 00:06:12(00:07:00) |  00:00:00(00:00:01) |   0.0(  0.3) |   11:16:13 (Aug11) |   1.66 GB | PBS_TechMap-Premap HBO Optimizations
--------------------+---------------------+--------------+--------------------+-----------+----------------------
Number of threads: 8 * 1   (id: pbs_debug, time_info v1.57)
Info: (*N*) indicates data that was populated from previously saved time_info database
Info: CPU time includes time of parent + longest thread
Info    : Partition Based Synthesis execution skipped. [PHYS-752]
        : Design size is less than the partition size '100000' for distributed mapping optimization to kick in.
Current PLE settings:

Aspect ratio        : 1.000
Shrink factor       : 1.000
Scale of res/length : 1.000
Scale of cap/length : 1.000
Net derating factor : 1.000
Thermal factor      : 1.000
Via Resistance      : 0.000 ohm (from default)
Site size           : 1.224 um (from lef [tech+cell])

                                   Capacitance  
  Layer                             / Length         Data source:
Name        Direction Utilization  (pF/micron)       default value
------------------------------------------------
<default>       U         n/a         0.000250  

** = DEFAULT cap per unit length is used for timing analysis

                                    Resistance   
  Layer                              / Length         Data source:
Name        Direction Utilization  (ohm/micron)       default value
-------------------------------------------------
<default>       U         n/a               0.0  

** = DEFAULT res per unit length is used for timing analysis

                                        Area       
  Layer                               / Length          Data source:
Name        Direction Utilization     (micron)          lef_library
---------------------------------------------------
M1              V         0.00         0.072000    
M2              H         1.00         0.072000    
M3              V         1.00         0.072000    
M4              H         1.00         0.096000    
M5              V         1.00         0.096000    
M6              H         1.00         0.128000    
M7              V         1.00         0.128000    
M8              H         1.00         0.160000    
M9              V         1.00         0.160000    
Pad             H         1.00         8.000000 ** 

** = 'Pad' is dropped because its width (8) is too large (threshold 2)

Mapper: Libraries have:
	domain _default_: 334 combo usable cells and 46 sequential usable cells
Info    : Attempting to launch a super-threading server. [ST-120]
        : Attempting to Launch server 1 of 8.
Info    : Connection established with super-threading server. [ST-110]
        : The server 'localhost_2_0' is forked process '739872' on this host.
Info    : Connection established with super-threading server. [ST-110]
        : The server 'localhost_2_1' is forked process '739878' on this host.
Info    : Connection established with super-threading server. [ST-110]
        : The server 'localhost_2_2' is forked process '739880' on this host.
Info    : Connection established with super-threading server. [ST-110]
        : The server 'localhost_2_3' is forked process '739882' on this host.
Info    : Connection established with super-threading server. [ST-110]
        : The server 'localhost_2_4' is forked process '739884' on this host.
Info    : Connection established with super-threading server. [ST-110]
        : The server 'localhost_2_5' is forked process '739886' on this host.
Info    : Connection established with super-threading server. [ST-110]
        : The server 'localhost_2_6' is forked process '739888' on this host.
Info    : Connection established with super-threading server. [ST-110]
        : The server 'localhost_2_7' is forked process '739892' on this host.
Multi-threaded Virtual Mapping    (8 threads per ST process, 8 of 80 CPUs usable)
        Distributing super-thread jobs: cb_part_999
          Sending 'cb_part_999' to server 'localhost_2_4'...
            Sent 'cb_part_999' to server 'localhost_2_4'.
          Received 'cb_part_999' from server 'localhost_2_4'. (26812 ms elapsed)
Normal Structuring mode def=cb_part_999
Working on Hinst: CDN_PAS_SKIP_FFC_0i
[gig_analyze] should_ungroup = 0
[gig_analyze] should_ungroup = 0
[gig_analyze] should_ungroup = 0
[gig_analyze] should_ungroup = 0
[gig_analyze] should_ungroup = 0
[gig_analyze] should_ungroup = 0

INFO: Identified hierarchy for CAS: hinst:iopt_partition/CDN_PAS_SKIP_FFC_0i

Working on Hinst: CDN_PAS_SKIP_FFC_1i
[gig_analyze] should_ungroup = 0
[gig_analyze] should_ungroup = 0
[gig_analyze] should_ungroup = 0
[gig_analyze] should_ungroup = 0
[gig_analyze] should_ungroup = 0
[gig_analyze] should_ungroup = 0

INFO: Identified hierarchy for CAS: hinst:iopt_partition/CDN_PAS_SKIP_FFC_1i

Working on Hinst: CDN_PAS_SKIP_FFC_2i
[gig_analyze] should_ungroup = 0
[gig_analyze] should_ungroup = 0
[gig_analyze] should_ungroup = 0
[gig_analyze] should_ungroup = 0
[gig_analyze] should_ungroup = 0
[gig_analyze] should_ungroup = 0

INFO: Identified hierarchy for CAS: hinst:iopt_partition/CDN_PAS_SKIP_FFC_2i

        Distributing super-thread jobs: cb_part_1007 cb_part_1003 add_unsigned_3_552
          Sending 'cb_part_1007' to server 'localhost_2_4'...
            Sent 'cb_part_1007' to server 'localhost_2_4'.
          Sending 'cb_part_1003' to server 'localhost_2_6'...
            Sent 'cb_part_1003' to server 'localhost_2_6'.
          Sending 'add_unsigned_3_552' to server 'localhost_2_3'...
            Sent 'add_unsigned_3_552' to server 'localhost_2_3'.
          Received 'add_unsigned_3_552' from server 'localhost_2_3'. (220 ms elapsed)
          Received 'cb_part_1007' from server 'localhost_2_4'. (5652 ms elapsed)
Normal Structuring mode def=cb_part_1007
Working on Hinst: CDN_PAS_CONNECTED_FFCi95
[gig_analyze] should_ungroup = 0
[gig_analyze] should_ungroup = 0
[gig_analyze] should_ungroup = 0
[gig_analyze] should_ungroup = 0
[gig_analyze] should_ungroup = 0
[gig_analyze] should_ungroup = 0

INFO: Identified hierarchy for CAS: hinst:iopt_partition/CDN_PAS_CONNECTED_FFCi95

Working on Hinst: CDN_PAS_SKIP_FFC_0i
[gig_analyze] should_ungroup = 1
Ungrouping hinst:hinst:iopt_partition/CDN_PAS_SKIP_FFC_0i
Working on Hinst: CDN_PAS_SKIP_FFC_1i
[gig_analyze] should_ungroup = 0
[gig_analyze] should_ungroup = 0
[gig_analyze] should_ungroup = 0
[gig_analyze] should_ungroup = 0
[gig_analyze] should_ungroup = 0
[gig_analyze] should_ungroup = 0

INFO: Identified hierarchy for CAS: hinst:iopt_partition/CDN_PAS_SKIP_FFC_1i

Working on Hinst: CDN_PAS_SKIP_FFC_2i
[gig_analyze] should_ungroup = 0
[gig_analyze] should_ungroup = 0
[gig_analyze] should_ungroup = 0
[gig_analyze] should_ungroup = 0
[gig_analyze] should_ungroup = 0
[gig_analyze] should_ungroup = 0

INFO: Identified hierarchy for CAS: hinst:iopt_partition/CDN_PAS_SKIP_FFC_2i

          Received 'cb_part_1003' from server 'localhost_2_6'. (6045 ms elapsed)
Normal Structuring mode def=cb_part_1003
Working on Hinst: CDN_PAS_CONNECTED_FFCi95
[gig_analyze] should_ungroup = 0
[gig_analyze] should_ungroup = 0
[gig_analyze] should_ungroup = 0
[gig_analyze] should_ungroup = 0
[gig_analyze] should_ungroup = 0
[gig_analyze] should_ungroup = 0

INFO: Identified hierarchy for CAS: hinst:iopt_partition/CDN_PAS_CONNECTED_FFCi95

Working on Hinst: CDN_PAS_SKIP_FFC_0i
[gig_analyze] should_ungroup = 1
Ungrouping hinst:hinst:iopt_partition/CDN_PAS_SKIP_FFC_0i
Working on Hinst: CDN_PAS_SKIP_FFC_1i
[gig_analyze] should_ungroup = 0
[gig_analyze] should_ungroup = 0
[gig_analyze] should_ungroup = 0
[gig_analyze] should_ungroup = 0
[gig_analyze] should_ungroup = 0
[gig_analyze] should_ungroup = 0

INFO: Identified hierarchy for CAS: hinst:iopt_partition/CDN_PAS_SKIP_FFC_1i

Working on Hinst: CDN_PAS_SKIP_FFC_2i
[gig_analyze] should_ungroup = 0
[gig_analyze] should_ungroup = 0
[gig_analyze] should_ungroup = 0
[gig_analyze] should_ungroup = 0
[gig_analyze] should_ungroup = 0
[gig_analyze] should_ungroup = 0

INFO: Identified hierarchy for CAS: hinst:iopt_partition/CDN_PAS_SKIP_FFC_2i

Normal Structuring mode def=add_unsigned_3_552
        Distributing super-thread jobs: add_unsigned_3 add_unsigned_3_553
          Sending 'add_unsigned_3' to server 'localhost_2_4'...
            Sent 'add_unsigned_3' to server 'localhost_2_4'.
          Sending 'add_unsigned_3_553' to server 'localhost_2_6'...
            Sent 'add_unsigned_3_553' to server 'localhost_2_6'.
          Received 'add_unsigned_3' from server 'localhost_2_4'. (129 ms elapsed)
Normal Structuring mode def=add_unsigned_3
          Received 'add_unsigned_3_553' from server 'localhost_2_6'. (179 ms elapsed)
Normal Structuring mode def=add_unsigned_3_553
        Distributing super-thread jobs: cb_part_1008
          Sending 'cb_part_1008' to server 'localhost_2_4'...
            Sent 'cb_part_1008' to server 'localhost_2_4'.
          Received 'cb_part_1008' from server 'localhost_2_4'. (32349 ms elapsed)
Normal Structuring mode def=cb_part_1008
	192	 CDN_PAS_CONNECTED_FFCi594
	283	 CDN_PAS_CONNECTED_FFCi595
Working on Hinst: CDN_PAS_SKIP_FFC_0i
[gig_analyze] should_ungroup = 0
[gig_analyze] should_ungroup = 0
[gig_analyze] should_ungroup = 0
[gig_analyze] should_ungroup = 0
[gig_analyze] should_ungroup = 0
[gig_analyze] should_ungroup = 0

INFO: Identified hierarchy for CAS: hinst:iopt_partition/CDN_PAS_SKIP_FFC_0i

Working on Hinst: CDN_PAS_SKIP_FFC_1i
[gig_analyze] should_ungroup = 0
[gig_analyze] should_ungroup = 0
[gig_analyze] should_ungroup = 0
[gig_analyze] should_ungroup = 0
[gig_analyze] should_ungroup = 0
[gig_analyze] should_ungroup = 0

INFO: Identified hierarchy for CAS: hinst:iopt_partition/CDN_PAS_SKIP_FFC_1i

Working on Hinst: CDN_PAS_SKIP_FFC_2i
[gig_analyze] should_ungroup = 0
[gig_analyze] should_ungroup = 0
[gig_analyze] should_ungroup = 0
[gig_analyze] should_ungroup = 0
[gig_analyze] should_ungroup = 0
[gig_analyze] should_ungroup = 0

INFO: Identified hierarchy for CAS: hinst:iopt_partition/CDN_PAS_SKIP_FFC_2i

Working on Hinst: CDN_PAS_SKIP_FFC_3i
[gig_analyze] should_ungroup = 0
[gig_analyze] should_ungroup = 0
[gig_analyze] should_ungroup = 0
[gig_analyze] should_ungroup = 0
[gig_analyze] should_ungroup = 0
[gig_analyze] should_ungroup = 0

INFO: Identified hierarchy for CAS: hinst:iopt_partition/CDN_PAS_SKIP_FFC_3i

Working on Hinst: CDN_PAS_SKIP_FFC_4i
[gig_analyze] should_ungroup = 0
[gig_analyze] should_ungroup = 0
[gig_analyze] should_ungroup = 0
[gig_analyze] should_ungroup = 0
[gig_analyze] should_ungroup = 0
[gig_analyze] should_ungroup = 0

INFO: Identified hierarchy for CAS: hinst:iopt_partition/CDN_PAS_SKIP_FFC_4i

Working on Hinst: CDN_PAS_SKIP_FFC_5i
[gig_analyze] should_ungroup = 0
[gig_analyze] should_ungroup = 0
[gig_analyze] should_ungroup = 0
[gig_analyze] should_ungroup = 0
[gig_analyze] should_ungroup = 0
[gig_analyze] should_ungroup = 0

INFO: Identified hierarchy for CAS: hinst:iopt_partition/CDN_PAS_SKIP_FFC_5i

        Distributing super-thread jobs: mult_unsigned_6030 WALLACE_CSA_DUMMY_OP922_group_5549 WALLACE_CSA_DUMMY_OP924_group_5548 WALLACE_CSA_DUMMY_OP926_group_5547 add_unsigned_3_551
          Sending 'mult_unsigned_6030' to server 'localhost_2_4'...
            Sent 'mult_unsigned_6030' to server 'localhost_2_4'.
          Sending 'WALLACE_CSA_DUMMY_OP922_group_5549' to server 'localhost_2_6'...
            Sent 'WALLACE_CSA_DUMMY_OP922_group_5549' to server 'localhost_2_6'.
          Sending 'WALLACE_CSA_DUMMY_OP924_group_5548' to server 'localhost_2_3'...
            Sent 'WALLACE_CSA_DUMMY_OP924_group_5548' to server 'localhost_2_3'.
          Sending 'WALLACE_CSA_DUMMY_OP926_group_5547' to server 'localhost_2_5'...
            Sent 'WALLACE_CSA_DUMMY_OP926_group_5547' to server 'localhost_2_5'.
          Sending 'add_unsigned_3_551' to server 'localhost_2_0'...
            Sent 'add_unsigned_3_551' to server 'localhost_2_0'.
          Received 'WALLACE_CSA_DUMMY_OP922_group_5549' from server 'localhost_2_6'. (309 ms elapsed)
          Received 'WALLACE_CSA_DUMMY_OP926_group_5547' from server 'localhost_2_5'. (365 ms elapsed)
          Received 'WALLACE_CSA_DUMMY_OP924_group_5548' from server 'localhost_2_3'. (433 ms elapsed)
          Received 'add_unsigned_3_551' from server 'localhost_2_0'. (599 ms elapsed)
          Received 'mult_unsigned_6030' from server 'localhost_2_4'. (2395 ms elapsed)
Normal Structuring mode def=mult_unsigned_6030
Normal Structuring mode def=WALLACE_CSA_DUMMY_OP922_group_5549
Normal Structuring mode def=WALLACE_CSA_DUMMY_OP924_group_5548
Normal Structuring mode def=WALLACE_CSA_DUMMY_OP926_group_5547
Normal Structuring mode def=add_unsigned_3_551
        Distributing super-thread jobs: cb_part_995
          Sending 'cb_part_995' to server 'localhost_2_4'...
            Sent 'cb_part_995' to server 'localhost_2_4'.
          Received 'cb_part_995' from server 'localhost_2_4'. (1263 ms elapsed)
Normal Structuring mode def=cb_part_995
Working on Hinst: CDN_PAS_CONNECTED_FFCi27
[gig_analyze] should_ungroup = 0
[gig_analyze] should_ungroup = 0
[gig_analyze] should_ungroup = 0
[gig_analyze] should_ungroup = 0
[gig_analyze] should_ungroup = 0
[gig_analyze] should_ungroup = 0

INFO: Identified hierarchy for CAS: hinst:iopt_partition/CDN_PAS_CONNECTED_FFCi27

Working on Hinst: CDN_PAS_SKIP_FFC_0i
[gig_analyze] should_ungroup = 0
[gig_analyze] should_ungroup = 0
[gig_analyze] should_ungroup = 0
[gig_analyze] should_ungroup = 0
[gig_analyze] should_ungroup = 0
[gig_analyze] should_ungroup = 0

INFO: Identified hierarchy for CAS: hinst:iopt_partition/CDN_PAS_SKIP_FFC_0i

        Distributing super-thread jobs: WALLACE_CSA_DUMMY_OP_group_5550
          Sending 'WALLACE_CSA_DUMMY_OP_group_5550' to server 'localhost_2_4'...
            Sent 'WALLACE_CSA_DUMMY_OP_group_5550' to server 'localhost_2_4'.
          Received 'WALLACE_CSA_DUMMY_OP_group_5550' from server 'localhost_2_4'. (292 ms elapsed)
Normal Structuring mode def=WALLACE_CSA_DUMMY_OP_group_5550
        Distributing super-thread jobs: cb_seq
          Sending 'cb_seq' to server 'localhost_2_4'...
            Sent 'cb_seq' to server 'localhost_2_4'.
          Received 'cb_seq' from server 'localhost_2_4'. (173262 ms elapsed)
Normal Structuring mode def=cb_part_1005
Normal Structuring mode def=cb_part_1001
Normal Structuring mode def=cb_part
Normal Structuring mode def=cb_part_997
Normal Structuring mode def=cb_seq
	496	 CDN_PAS_CONNECTED_FFCi500
Working on Hinst: CDN_PAS_SKIP_FFC_0i
[gig_analyze] should_ungroup = 0
[gig_analyze] should_ungroup = 0
[gig_analyze] should_ungroup = 0
[gig_analyze] should_ungroup = 0
[gig_analyze] should_ungroup = 0
[gig_analyze] should_ungroup = 1
Ungrouping hinst:hinst:iopt_partition/CDN_PAS_SKIP_FFC_0i
 
Global mapping target info
==========================
Cost Group 'clk' target slack:    10 ps
Target path end-point (Pin: BF1_1_barrett_datai_reg[45]/d)

Multi-threaded Technology Mapping (8 threads per ST process, 8 of 80 CPUs usable)
        Distributing super-thread jobs: cb_seq
          Sending 'cb_seq' to server 'localhost_2_4'...
            Sent 'cb_seq' to server 'localhost_2_4'.
          Received 'cb_seq' from server 'localhost_2_4'. (34381 ms elapsed)
Normal Structuring mode def=cb_seq
	504	 CDN_PAS_CONNECTED_FFCi504
Working on Hinst: CDN_PAS_SKIP_FFC_0i
[gig_analyze] should_ungroup = 0
[gig_analyze] should_ungroup = 0
[gig_analyze] should_ungroup = 0
[gig_analyze] should_ungroup = 0
[gig_analyze] should_ungroup = 0
[gig_analyze] should_ungroup = 0

INFO: Identified hierarchy for CAS: hinst:iopt_partition/CDN_PAS_SKIP_FFC_0i

Normal Structuring mode def=cb_part_1001
Normal Structuring mode def=cb_part_997
Normal Structuring mode def=cb_part_1005
Normal Structuring mode def=cb_part
        Distributing super-thread jobs: WALLACE_CSA_DUMMY_OP_group_5550
          Sending 'WALLACE_CSA_DUMMY_OP_group_5550' to server 'localhost_2_4'...
            Sent 'WALLACE_CSA_DUMMY_OP_group_5550' to server 'localhost_2_4'.
          Received 'WALLACE_CSA_DUMMY_OP_group_5550' from server 'localhost_2_4'. (3534 ms elapsed)
Normal Structuring mode def=WALLACE_CSA_DUMMY_OP_group_5550
Normal Structuring mode def=WALLACE_CSA_DUMMY_OP_group
Normal Structuring mode def=WALLACE_CSA_DUMMY_OP_group
Normal Structuring mode def=WALLACE_CSA_DUMMY_OP_group
        Distributing super-thread jobs: cb_part_995
          Sending 'cb_part_995' to server 'localhost_2_4'...
            Sent 'cb_part_995' to server 'localhost_2_4'.
          Received 'cb_part_995' from server 'localhost_2_4'. (1214 ms elapsed)
Normal Structuring mode def=cb_part_995
Working on Hinst: CDN_PAS_CONNECTED_FFCi27
[gig_analyze] should_ungroup = 0
[gig_analyze] should_ungroup = 0
[gig_analyze] should_ungroup = 0
[gig_analyze] should_ungroup = 0
[gig_analyze] should_ungroup = 0
[gig_analyze] should_ungroup = 0

INFO: Identified hierarchy for CAS: hinst:iopt_partition/CDN_PAS_CONNECTED_FFCi27

Working on Hinst: CDN_PAS_SKIP_FFC_0i
[gig_analyze] should_ungroup = 0
[gig_analyze] should_ungroup = 0
[gig_analyze] should_ungroup = 0
[gig_analyze] should_ungroup = 0
[gig_analyze] should_ungroup = 0
[gig_analyze] should_ungroup = 0

INFO: Identified hierarchy for CAS: hinst:iopt_partition/CDN_PAS_SKIP_FFC_0i

        Distributing super-thread jobs: mult_unsigned_6030 WALLACE_CSA_DUMMY_OP926_group_5547 WALLACE_CSA_DUMMY_OP922_group_5549 WALLACE_CSA_DUMMY_OP924_group_5548 add_unsigned_3_551
          Sending 'mult_unsigned_6030' to server 'localhost_2_4'...
            Sent 'mult_unsigned_6030' to server 'localhost_2_4'.
          Sending 'WALLACE_CSA_DUMMY_OP926_group_5547' to server 'localhost_2_6'...
            Sent 'WALLACE_CSA_DUMMY_OP926_group_5547' to server 'localhost_2_6'.
          Sending 'WALLACE_CSA_DUMMY_OP922_group_5549' to server 'localhost_2_3'...
            Sent 'WALLACE_CSA_DUMMY_OP922_group_5549' to server 'localhost_2_3'.
          Sending 'WALLACE_CSA_DUMMY_OP924_group_5548' to server 'localhost_2_5'...
            Sent 'WALLACE_CSA_DUMMY_OP924_group_5548' to server 'localhost_2_5'.
          Sending 'add_unsigned_3_551' to server 'localhost_2_0'...
            Sent 'add_unsigned_3_551' to server 'localhost_2_0'.
          Received 'WALLACE_CSA_DUMMY_OP926_group_5547' from server 'localhost_2_6'. (6112 ms elapsed)
          Received 'WALLACE_CSA_DUMMY_OP922_group_5549' from server 'localhost_2_3'. (6211 ms elapsed)
          Received 'WALLACE_CSA_DUMMY_OP924_group_5548' from server 'localhost_2_5'. (8051 ms elapsed)
          Received 'add_unsigned_3_551' from server 'localhost_2_0'. (13148 ms elapsed)
          Received 'mult_unsigned_6030' from server 'localhost_2_4'. (42040 ms elapsed)
Normal Structuring mode def=mult_unsigned_6030
Normal Structuring mode def=mult_unsigned
Normal Structuring mode def=mult_unsigned
Normal Structuring mode def=mult_unsigned
Normal Structuring mode def=WALLACE_CSA_DUMMY_OP926_group_5547
Normal Structuring mode def=WALLACE_CSA_DUMMY_OP926_group
Normal Structuring mode def=WALLACE_CSA_DUMMY_OP926_group
Normal Structuring mode def=WALLACE_CSA_DUMMY_OP926_group
Normal Structuring mode def=WALLACE_CSA_DUMMY_OP922_group_5549
Normal Structuring mode def=WALLACE_CSA_DUMMY_OP922_group
Normal Structuring mode def=WALLACE_CSA_DUMMY_OP922_group
Normal Structuring mode def=WALLACE_CSA_DUMMY_OP922_group
Normal Structuring mode def=WALLACE_CSA_DUMMY_OP924_group_5548
Normal Structuring mode def=WALLACE_CSA_DUMMY_OP924_group
Normal Structuring mode def=WALLACE_CSA_DUMMY_OP924_group
Normal Structuring mode def=WALLACE_CSA_DUMMY_OP924_group
Normal Structuring mode def=add_unsigned_3_551
Normal Structuring mode def=add_unsigned
Normal Structuring mode def=add_unsigned
        Distributing super-thread jobs: cb_part_1008
          Sending 'cb_part_1008' to server 'localhost_2_4'...
            Sent 'cb_part_1008' to server 'localhost_2_4'.
          Received 'cb_part_1008' from server 'localhost_2_4'. (51465 ms elapsed)
Normal Structuring mode def=cb_part_1008
	307	 CDN_PAS_CONNECTED_FFCi596
	192	 CDN_PAS_CONNECTED_FFCi597
Working on Hinst: CDN_PAS_CONNECTED_FFCi603
[gig_analyze] should_ungroup = 0
[gig_analyze] should_ungroup = 0
[gig_analyze] should_ungroup = 0
[gig_analyze] should_ungroup = 0
[gig_analyze] should_ungroup = 0
[gig_analyze] should_ungroup = 0

INFO: Identified hierarchy for CAS: hinst:iopt_partition/CDN_PAS_CONNECTED_FFCi603

Working on Hinst: CDN_PAS_SKIP_FFC_0i
[gig_analyze] should_ungroup = 0
[gig_analyze] should_ungroup = 0
[gig_analyze] should_ungroup = 0
[gig_analyze] should_ungroup = 0
[gig_analyze] should_ungroup = 0
[gig_analyze] should_ungroup = 0

INFO: Identified hierarchy for CAS: hinst:iopt_partition/CDN_PAS_SKIP_FFC_0i

Working on Hinst: CDN_PAS_SKIP_FFC_1i
[gig_analyze] should_ungroup = 0
[gig_analyze] should_ungroup = 0
[gig_analyze] should_ungroup = 0
[gig_analyze] should_ungroup = 0
[gig_analyze] should_ungroup = 0
[gig_analyze] should_ungroup = 0

INFO: Identified hierarchy for CAS: hinst:iopt_partition/CDN_PAS_SKIP_FFC_1i

Working on Hinst: CDN_PAS_SKIP_FFC_2i
[gig_analyze] should_ungroup = 0
[gig_analyze] should_ungroup = 0
[gig_analyze] should_ungroup = 0
[gig_analyze] should_ungroup = 0
[gig_analyze] should_ungroup = 0
[gig_analyze] should_ungroup = 1
Ungrouping hinst:hinst:iopt_partition/CDN_PAS_SKIP_FFC_2i
Working on Hinst: CDN_PAS_SKIP_FFC_3i
[gig_analyze] should_ungroup = 0
[gig_analyze] should_ungroup = 0
[gig_analyze] should_ungroup = 0
[gig_analyze] should_ungroup = 0
[gig_analyze] should_ungroup = 0
[gig_analyze] should_ungroup = 1
Ungrouping hinst:hinst:iopt_partition/CDN_PAS_SKIP_FFC_3i
Working on Hinst: CDN_PAS_SKIP_FFC_4i
[gig_analyze] should_ungroup = 0
[gig_analyze] should_ungroup = 0
[gig_analyze] should_ungroup = 0
[gig_analyze] should_ungroup = 0
[gig_analyze] should_ungroup = 0
[gig_analyze] should_ungroup = 1
Ungrouping hinst:hinst:iopt_partition/CDN_PAS_SKIP_FFC_4i
        Distributing super-thread jobs: add_unsigned_3 add_unsigned_3_553
          Sending 'add_unsigned_3' to server 'localhost_2_4'...
            Sent 'add_unsigned_3' to server 'localhost_2_4'.
          Sending 'add_unsigned_3_553' to server 'localhost_2_6'...
            Sent 'add_unsigned_3_553' to server 'localhost_2_6'.
          Received 'add_unsigned_3' from server 'localhost_2_4'. (8547 ms elapsed)
Normal Structuring mode def=add_unsigned_3
Normal Structuring mode def=add_unsigned
Normal Structuring mode def=add_unsigned
          Received 'add_unsigned_3_553' from server 'localhost_2_6'. (8611 ms elapsed)
Normal Structuring mode def=add_unsigned_3_553
Normal Structuring mode def=add_unsigned
Normal Structuring mode def=add_unsigned
        Distributing super-thread jobs: cb_part_1003 cb_part_1007 add_unsigned_3_552
          Sending 'cb_part_1003' to server 'localhost_2_4'...
            Sent 'cb_part_1003' to server 'localhost_2_4'.
          Sending 'cb_part_1007' to server 'localhost_2_6'...
            Sent 'cb_part_1007' to server 'localhost_2_6'.
          Sending 'add_unsigned_3_552' to server 'localhost_2_3'...
            Sent 'add_unsigned_3_552' to server 'localhost_2_3'.
          Received 'add_unsigned_3_552' from server 'localhost_2_3'. (9441 ms elapsed)
          Received 'cb_part_1003' from server 'localhost_2_4'. (10321 ms elapsed)
Normal Structuring mode def=cb_part_1003
Working on Hinst: CDN_PAS_CONNECTED_FFCi94
[gig_analyze] should_ungroup = 0
[gig_analyze] should_ungroup = 0
[gig_analyze] should_ungroup = 0
[gig_analyze] should_ungroup = 0
[gig_analyze] should_ungroup = 0
[gig_analyze] should_ungroup = 0

INFO: Identified hierarchy for CAS: hinst:iopt_partition/CDN_PAS_CONNECTED_FFCi94

Working on Hinst: CDN_PAS_SKIP_FFC_0i
[gig_analyze] should_ungroup = 0
[gig_analyze] should_ungroup = 0
[gig_analyze] should_ungroup = 0
[gig_analyze] should_ungroup = 0
[gig_analyze] should_ungroup = 0
[gig_analyze] should_ungroup = 0

INFO: Identified hierarchy for CAS: hinst:iopt_partition/CDN_PAS_SKIP_FFC_0i

Working on Hinst: CDN_PAS_SKIP_FFC_1i
[gig_analyze] should_ungroup = 0
[gig_analyze] should_ungroup = 0
[gig_analyze] should_ungroup = 0
[gig_analyze] should_ungroup = 0
[gig_analyze] should_ungroup = 0
[gig_analyze] should_ungroup = 0

INFO: Identified hierarchy for CAS: hinst:iopt_partition/CDN_PAS_SKIP_FFC_1i

          Received 'cb_part_1007' from server 'localhost_2_6'. (10326 ms elapsed)
Normal Structuring mode def=cb_part_1007
Working on Hinst: CDN_PAS_CONNECTED_FFCi94
[gig_analyze] should_ungroup = 0
[gig_analyze] should_ungroup = 0
[gig_analyze] should_ungroup = 0
[gig_analyze] should_ungroup = 0
[gig_analyze] should_ungroup = 0
[gig_analyze] should_ungroup = 0

INFO: Identified hierarchy for CAS: hinst:iopt_partition/CDN_PAS_CONNECTED_FFCi94

Working on Hinst: CDN_PAS_SKIP_FFC_0i
[gig_analyze] should_ungroup = 0
[gig_analyze] should_ungroup = 0
[gig_analyze] should_ungroup = 0
[gig_analyze] should_ungroup = 0
[gig_analyze] should_ungroup = 0
[gig_analyze] should_ungroup = 0

INFO: Identified hierarchy for CAS: hinst:iopt_partition/CDN_PAS_SKIP_FFC_0i

Working on Hinst: CDN_PAS_SKIP_FFC_1i
[gig_analyze] should_ungroup = 0
[gig_analyze] should_ungroup = 0
[gig_analyze] should_ungroup = 0
[gig_analyze] should_ungroup = 0
[gig_analyze] should_ungroup = 0
[gig_analyze] should_ungroup = 0

INFO: Identified hierarchy for CAS: hinst:iopt_partition/CDN_PAS_SKIP_FFC_1i

Normal Structuring mode def=add_unsigned_3_552
Normal Structuring mode def=add_unsigned
Normal Structuring mode def=add_unsigned
        Distributing super-thread jobs: cb_part_999
          Sending 'cb_part_999' to server 'localhost_2_4'...
            Sent 'cb_part_999' to server 'localhost_2_4'.
          Received 'cb_part_999' from server 'localhost_2_4'. (25007 ms elapsed)
Normal Structuring mode def=cb_part_999
Working on Hinst: CDN_PAS_SKIP_FFC_0i
[gig_analyze] should_ungroup = 0
[gig_analyze] should_ungroup = 0
[gig_analyze] should_ungroup = 0
[gig_analyze] should_ungroup = 0
[gig_analyze] should_ungroup = 0
[gig_analyze] should_ungroup = 0

INFO: Identified hierarchy for CAS: hinst:iopt_partition/CDN_PAS_SKIP_FFC_0i

Working on Hinst: CDN_PAS_SKIP_FFC_1i
[gig_analyze] should_ungroup = 0
[gig_analyze] should_ungroup = 0
[gig_analyze] should_ungroup = 0
[gig_analyze] should_ungroup = 0
[gig_analyze] should_ungroup = 0
[gig_analyze] should_ungroup = 0

INFO: Identified hierarchy for CAS: hinst:iopt_partition/CDN_PAS_SKIP_FFC_1i

Working on Hinst: CDN_PAS_SKIP_FFC_2i
[gig_analyze] should_ungroup = 0
[gig_analyze] should_ungroup = 0
[gig_analyze] should_ungroup = 0
[gig_analyze] should_ungroup = 0
[gig_analyze] should_ungroup = 0
[gig_analyze] should_ungroup = 0

INFO: Identified hierarchy for CAS: hinst:iopt_partition/CDN_PAS_SKIP_FFC_2i

 
Global mapping status
=====================
                                   Group   
                                  Tot Wrst 
                           Total  Weighted 
Operation                   Area   Slacks  
 global_map                59488      -48 
            Worst cost_group: clk, WNS: -48.1
            Path: BF1_1_modei_reg[2]/CLK --> BF2_1_aj4_reg[23]/D

    Cost Group            Target    Slack    Diff.  Constr.
-----------------------------------------------------------
           clk                10      -48     -10%      573 

 
Global incremental target info
==============================
Cost Group 'clk' target slack:   -48 ps
Target path end-point (Pin: BF1_2_ajlen5_reg[19]/D (DFFHQNx2_ASAP7_75t_SL/D))

              Distributing super-thread jobs: cb_seq
                Sending 'cb_seq' to server 'localhost_2_4'...
                  Sent 'cb_seq' to server 'localhost_2_4'.
                Received 'cb_seq' from server 'localhost_2_4'. (3240 ms elapsed)
              Distributing super-thread jobs: mult_unsigned_6030 mult_unsigned_6030_992 mult_unsigned_6030_991 mult_unsigned_6030_993 WALLACE_CSA_DUMMY_OP_group_5550 WALLACE_CSA_DUMMY_OP926_group_5547 WALLACE_CSA_DUMMY_OP924_group_5548 WALLACE_CSA_DUMMY_OP922_group_5549
                Sending 'mult_unsigned_6030' to server 'localhost_2_4'...
                  Sent 'mult_unsigned_6030' to server 'localhost_2_4'.
                Sending 'mult_unsigned_6030_992' to server 'localhost_2_6'...
                  Sent 'mult_unsigned_6030_992' to server 'localhost_2_6'.
                Sending 'mult_unsigned_6030_991' to server 'localhost_2_3'...
                  Sent 'mult_unsigned_6030_991' to server 'localhost_2_3'.
                Sending 'mult_unsigned_6030_993' to server 'localhost_2_5'...
                  Sent 'mult_unsigned_6030_993' to server 'localhost_2_5'.
                Sending 'WALLACE_CSA_DUMMY_OP_group_5550' to server 'localhost_2_0'...
                  Sent 'WALLACE_CSA_DUMMY_OP_group_5550' to server 'localhost_2_0'.
                Sending 'WALLACE_CSA_DUMMY_OP926_group_5547' to server 'localhost_2_2'...
                  Sent 'WALLACE_CSA_DUMMY_OP926_group_5547' to server 'localhost_2_2'.
                Sending 'WALLACE_CSA_DUMMY_OP924_group_5548' to server 'localhost_2_1'...
                  Sent 'WALLACE_CSA_DUMMY_OP924_group_5548' to server 'localhost_2_1'.
                Sending 'WALLACE_CSA_DUMMY_OP922_group_5549' to server 'localhost_2_7'...
                  Sent 'WALLACE_CSA_DUMMY_OP922_group_5549' to server 'localhost_2_7'.
                Received 'WALLACE_CSA_DUMMY_OP_group_5550' from server 'localhost_2_0'. (374 ms elapsed)
                Received 'WALLACE_CSA_DUMMY_OP922_group_5549' from server 'localhost_2_7'. (365 ms elapsed)
                Received 'WALLACE_CSA_DUMMY_OP924_group_5548' from server 'localhost_2_1'. (402 ms elapsed)
                Received 'WALLACE_CSA_DUMMY_OP926_group_5547' from server 'localhost_2_2'. (719 ms elapsed)
                Received 'mult_unsigned_6030_992' from server 'localhost_2_6'. (10119 ms elapsed)
                Received 'mult_unsigned_6030' from server 'localhost_2_4'. (10481 ms elapsed)
                Received 'mult_unsigned_6030_991' from server 'localhost_2_3'. (10978 ms elapsed)
                Received 'mult_unsigned_6030_993' from server 'localhost_2_5'. (10873 ms elapsed)
              Distributing super-thread jobs: cb_part_1008
                Sending 'cb_part_1008' to server 'localhost_2_4'...
                  Sent 'cb_part_1008' to server 'localhost_2_4'.
                Received 'cb_part_1008' from server 'localhost_2_4'. (8419 ms elapsed)
              Distributing super-thread jobs: cb_part_1003 cb_part_1007
                Sending 'cb_part_1003' to server 'localhost_2_4'...
                  Sent 'cb_part_1003' to server 'localhost_2_4'.
                Sending 'cb_part_1007' to server 'localhost_2_6'...
                  Sent 'cb_part_1007' to server 'localhost_2_6'.
                Received 'cb_part_1003' from server 'localhost_2_4'. (602 ms elapsed)
                Received 'cb_part_1007' from server 'localhost_2_6'. (784 ms elapsed)
              Distributing super-thread jobs: cb_part_999
                Sending 'cb_part_999' to server 'localhost_2_4'...
                  Sent 'cb_part_999' to server 'localhost_2_4'.
                Received 'cb_part_999' from server 'localhost_2_4'. (2579 ms elapsed)
==================================
Stage : global_incr_map 
==================================
  =================
   Message Summary
  =================
---------------------------------------------------------------------------
|   Id   |Sev |Count|                    Message Text                     |
---------------------------------------------------------------------------
|PA-7    |Info|   18|Resetting power analysis results.                    |
|        |    |     |All computed switching activities are removed.       |
|PHYS-752|Info|    1|Partition Based Synthesis execution skipped.         |
|ST-110  |Info|    8|Connection established with super-threading server.  |
|        |    |     |The tool is entering super-threading mode and has    |
|        |    |     | established a connection with a CPU server process. |
|        |    |     | This is enabled by the root attributes              |
|        |    |     | 'super_thread_servers' or 'auto_super_thread'.      |
|ST-112  |Info|    8|A super-threading server has been shut down normally.|
|        |    |     |A super-threaded optimization is complete and a CPU  |
|        |    |     | server was successfully shut down.                  |
|ST-120  |Info|    1|Attempting to launch a super-threading server.       |
|        |    |     |The tool is entering super-threading mode and is     |
|        |    |     | launching a CPU server process.  This is enabled by |
|        |    |     | the root attribute 'super_thread_servers' or        |
|        |    |     | 'auto_super_thread'.                                |
|ST-128  |Info|    2|Super thread servers are launched successfully.      |
|SYNTH-2 |Info|    1|Done synthesizing.                                   |
|SYNTH-4 |Info|    1|Mapping.                                             |
---------------------------------------------------------------------------
 
Global incremental optimization status
======================================
                                   Group   
                                  Tot Wrst 
                           Total  Weighted 
Operation                   Area   Slacks  
 global_incr               54358      -48 
            Worst cost_group: clk, WNS: -48.4
            Path: BF1_1_modei_reg[1]/CLK --> BF2_2_aj4_reg[23]/D

    Cost Group            Target    Slack    Diff.  Constr.
-----------------------------------------------------------
           clk               -48      -48      +0%      573 


+-----------+------------------------------+-----+----------------------+---------------------------+
|   Host    |           Machine            | CPU | Physical Memory (MB) | Peak Physical Memory (MB) |
+-----------+------------------------------+-----+----------------------+---------------------------+
| localhost | engr-r940s01.engr.uidaho.edu |  8  |        2323.0        |          2323.0           |
+-----------+------------------------------+-----+----------------------+---------------------------+

+---------------+----------------------+---------------------------+
|    Server     | Physical Memory (MB) | Peak Physical Memory (MB) |
+---------------+----------------------+---------------------------+
| localhost_2_7 |      187.4 [1]       |          [1] [2]          |
| localhost_2_0 |    1734.6 [3] [4]    |        [3] [2] [4]        |
| localhost_2_2 |      189.9 [1]       |          [1] [2]          |
| localhost_2_3 |      227.5 [1]       |          [1] [2]          |
| localhost_2_6 |      223.2 [1]       |          [1] [2]          |
| localhost_2_1 |      187.4 [1]       |          [1] [2]          |
| localhost_2_5 |      209.7 [1]       |          [1] [2]          |
| localhost_2_4 |      289.5 [1]       |          [1] [2]          |
+---------------+----------------------+---------------------------+
[1] Memory is included in parent localhost_2_0.
[2] Peak physical memory is not available for forked background servers.
[3] Memory is included in main process.
[4] Memory of child processes is included.


State Retention Synthesis Status
================================

Category                        Flops   Percentage
--------------------------------------------------
Total instances                  2361        100.0
Excluded from State Retention    2361        100.0
    - Will not convert           2361        100.0
      - Preserved                   0          0.0
      - Power intent excluded    2361        100.0
    - Could not convert             0          0.0
      - Scan type                   0          0.0
      - No suitable cell            0          0.0
State Retention instances           0          0.0
--------------------------------------------------

INFO: skipping constant propagation
PBS_Techmap-Global Mapping - Elapsed_Time 480, CPU_Time 455.0294549999999
stamp 'PBS_Techmap-Global Mapping' being created for table 'pbs_debug'

  Total Time (Wall) |  Stage Time (Wall)  |   % (Wall)   |    Date - Time     |  Memory   | Stage
--------------------+---------------------+--------------+--------------------+-----------+----------------------
 00:01:00(00:00:38) |  00:00:00(00:00:00) |   0.0(  0.0) |   11:09:51 (Aug11) |  995.0 MB | PBS_Generic-Start
--------------------+---------------------+--------------+--------------------+-----------+----------------------
 00:06:02(00:06:50) |  00:05:02(00:06:12) |  39.5( 43.2) |   11:16:03 (Aug11) |   1.65 GB | PBS_Generic_Opt-Post
--------------------+---------------------+--------------+--------------------+-----------+----------------------
 00:06:03(00:06:50) |  00:00:01(00:00:00) |   0.1(  0.0) |   11:16:03 (Aug11) |   1.65 GB | PBS_Generic-Postgen HBO Optimizations
--------------------+---------------------+--------------+--------------------+-----------+----------------------
 00:06:12(00:06:59) |  00:00:09(00:00:09) |   1.2(  1.0) |   11:16:12 (Aug11) |   1.66 GB | PBS_TechMap-Start
--------------------+---------------------+--------------+--------------------+-----------+----------------------
 00:06:12(00:07:00) |  00:00:00(00:00:01) |   0.0(  0.1) |   11:16:13 (Aug11) |   1.66 GB | PBS_TechMap-Premap HBO Optimizations
--------------------+---------------------+--------------+--------------------+-----------+----------------------
 00:13:48(00:15:00) |  00:07:35(00:08:00) |  59.2( 55.7) |   11:24:13 (Aug11) |   1.70 GB | PBS_Techmap-Global Mapping
--------------------+---------------------+--------------+--------------------+-----------+----------------------
Number of threads: 8 * 1   (id: pbs_debug, time_info v1.57)
Info: (*N*) indicates data that was populated from previously saved time_info database
Info: CPU time includes time of parent + longest thread
Advanced structuring report (syn_map):
---------------------------------------------------------------------------------------------------------------------------------
|                              | Graph                | Opt. Graph           | Result           |                               | 
|------------------------------+----------------------+----------------------+------------------+-------------------------------|
| Name                 | Tag   | #nodes | #and | #lvl | #nodes | #and | #lvl | Acc | Time       | Netlist ID                    | 
---------------------------------------------------------------------------------------------------------------------------------
| cb_seq               | CONDE |   9880 | 4592 |   43 |   9377 | 4089 |   36 | Y   |     119.15 | cb_seq                        | 
| cb_part_1008         | CONDE |  15404 | 1140 |   49 |  15284 | 1020 |   21 | Y   |      19.61 |                               |
| cb_part_999          | CONDE |   6657 |  587 |   60 |   6702 |  632 |    8 | N   |      17.57 | cb_part_999                   | 
| cb_part_1003         | CONDE |   3112 |  230 |   22 |   3068 |  186 |   22 | Y   |       3.17 | cb_part_1003                  | 
| cb_part_1007         | CONDE |   3112 |  230 |   22 |   3068 |  186 |   22 | Y   |       2.87 | cb_part_1007                  | 
---------------------------------------------------------------------------------------------------------------------------------
Number of LFLHs filtered from table: 24
Runtime accepts/rejects/total =   144.80 /    18.29 /   163.09
Accepts/rejects/total = 4 / 2 / 6
Sum of reduced nodes/levels = 711 / 35
---------------------------------------------------------------------------------------------------------------------------------
|                              | Graph                | Opt. Graph           | Result           |                               | 
|------------------------------+----------------------+----------------------+------------------+-------------------------------|
| Name                 | Tag   | #nodes | #and | #lvl | #nodes | #and | #lvl | Acc | Time       | Netlist ID                    | 
---------------------------------------------------------------------------------------------------------------------------------
| cb_seq               | REIFI |  17099 |  258 |   47 |  17183 |  342 |    6 | N   |      23.89 | cb_seq                        | 
| cb_part_1008         | REIFI |  15097 | 1376 |   40 |  15033 | 1312 |    9 | Y   |      34.24 | cb_part_1008                  | 
| cb_part_999          | REIFI |   6799 |  565 |   45 |   6855 |  621 |    8 | N   |      16.09 |                               |
| cb_part_1003         | REIFI |   3241 |  195 |   21 |   3256 |  210 |    7 | N   |       6.78 |                               |
| cb_part_1007         | REIFI |   3241 |  195 |   21 |   3256 |  210 |    7 | N   |       6.76 | cb_part_1007                  | 
---------------------------------------------------------------------------------------------------------------------------------
Number of LFLHs filtered from table: 24
Runtime accepts/rejects/total =    34.24 /    56.14 /    90.38
Accepts/rejects/total = 1 / 9 / 10
Sum of reduced nodes/levels = 64 / 31
Info    : Value not written to the user hierarchy file. [CFM-420]
        : Port 'hport:butterfly2x2/BF1_1_REDUCER/X4' of instance 'hinst:butterfly2x2/BF1_1_REDUCER' is not written to 'fv/butterfly2x2/fv_map.user_hier.json' because it does not have an HDL name.
Info    : Value not written to the user hierarchy file. [CFM-420]
        : Port 'hport:butterfly2x2/BF1_1_REDUCER/X5[45]' of instance 'hinst:butterfly2x2/BF1_1_REDUCER' is not written to 'fv/butterfly2x2/fv_map.user_hier.json' because it does not have an HDL name.
Info    : Value not written to the user hierarchy file. [CFM-420]
        : Port 'hport:butterfly2x2/BF1_1_REDUCER/X5[44]' of instance 'hinst:butterfly2x2/BF1_1_REDUCER' is not written to 'fv/butterfly2x2/fv_map.user_hier.json' because it does not have an HDL name.
Info    : Value not written to the user hierarchy file. [CFM-420]
        : Port 'hport:butterfly2x2/BF1_1_REDUCER/X5[43]' of instance 'hinst:butterfly2x2/BF1_1_REDUCER' is not written to 'fv/butterfly2x2/fv_map.user_hier.json' because it does not have an HDL name.
Info    : Value not written to the user hierarchy file. [CFM-420]
        : Port 'hport:butterfly2x2/BF1_1_REDUCER/X5[42]' of instance 'hinst:butterfly2x2/BF1_1_REDUCER' is not written to 'fv/butterfly2x2/fv_map.user_hier.json' because it does not have an HDL name.
Info    : Value not written to the user hierarchy file. [CFM-420]
        : Port 'hport:butterfly2x2/BF1_1_REDUCER/X5[41]' of instance 'hinst:butterfly2x2/BF1_1_REDUCER' is not written to 'fv/butterfly2x2/fv_map.user_hier.json' because it does not have an HDL name.
Info    : Value not written to the user hierarchy file. [CFM-420]
        : Port 'hport:butterfly2x2/BF1_1_REDUCER/X5[40]' of instance 'hinst:butterfly2x2/BF1_1_REDUCER' is not written to 'fv/butterfly2x2/fv_map.user_hier.json' because it does not have an HDL name.
Info    : Value not written to the user hierarchy file. [CFM-420]
        : Port 'hport:butterfly2x2/BF1_1_REDUCER/X5[39]' of instance 'hinst:butterfly2x2/BF1_1_REDUCER' is not written to 'fv/butterfly2x2/fv_map.user_hier.json' because it does not have an HDL name.
Info    : Value not written to the user hierarchy file. [CFM-420]
        : Port 'hport:butterfly2x2/BF1_1_REDUCER/X5[38]' of instance 'hinst:butterfly2x2/BF1_1_REDUCER' is not written to 'fv/butterfly2x2/fv_map.user_hier.json' because it does not have an HDL name.
Info    : Value not written to the user hierarchy file. [CFM-420]
        : Port 'hport:butterfly2x2/BF1_1_REDUCER/X5[37]' of instance 'hinst:butterfly2x2/BF1_1_REDUCER' is not written to 'fv/butterfly2x2/fv_map.user_hier.json' because it does not have an HDL name.
Info    : Value not written to the user hierarchy file. [CFM-420]
        : Port 'hport:butterfly2x2/BF1_1_REDUCER/X5[36]' of instance 'hinst:butterfly2x2/BF1_1_REDUCER' is not written to 'fv/butterfly2x2/fv_map.user_hier.json' because it does not have an HDL name.
Info    : Value not written to the user hierarchy file. [CFM-420]
        : Port 'hport:butterfly2x2/BF1_1_REDUCER/X5[35]' of instance 'hinst:butterfly2x2/BF1_1_REDUCER' is not written to 'fv/butterfly2x2/fv_map.user_hier.json' because it does not have an HDL name.
Info    : Value not written to the user hierarchy file. [CFM-420]
        : Port 'hport:butterfly2x2/BF1_1_REDUCER/X5[34]' of instance 'hinst:butterfly2x2/BF1_1_REDUCER' is not written to 'fv/butterfly2x2/fv_map.user_hier.json' because it does not have an HDL name.
Info    : Value not written to the user hierarchy file. [CFM-420]
        : Port 'hport:butterfly2x2/BF1_1_REDUCER/X5[33]' of instance 'hinst:butterfly2x2/BF1_1_REDUCER' is not written to 'fv/butterfly2x2/fv_map.user_hier.json' because it does not have an HDL name.
Info    : Value not written to the user hierarchy file. [CFM-420]
        : Port 'hport:butterfly2x2/BF1_1_REDUCER/X5[32]' of instance 'hinst:butterfly2x2/BF1_1_REDUCER' is not written to 'fv/butterfly2x2/fv_map.user_hier.json' because it does not have an HDL name.
Info    : Value not written to the user hierarchy file. [CFM-420]
        : Port 'hport:butterfly2x2/BF1_1_REDUCER/X5[31]' of instance 'hinst:butterfly2x2/BF1_1_REDUCER' is not written to 'fv/butterfly2x2/fv_map.user_hier.json' because it does not have an HDL name.
Info    : Value not written to the user hierarchy file. [CFM-420]
        : Port 'hport:butterfly2x2/BF1_1_REDUCER/X5[30]' of instance 'hinst:butterfly2x2/BF1_1_REDUCER' is not written to 'fv/butterfly2x2/fv_map.user_hier.json' because it does not have an HDL name.
Info    : Value not written to the user hierarchy file. [CFM-420]
        : Port 'hport:butterfly2x2/BF1_1_REDUCER/X5[29]' of instance 'hinst:butterfly2x2/BF1_1_REDUCER' is not written to 'fv/butterfly2x2/fv_map.user_hier.json' because it does not have an HDL name.
Info    : Value not written to the user hierarchy file. [CFM-420]
        : Port 'hport:butterfly2x2/BF1_1_REDUCER/X5[28]' of instance 'hinst:butterfly2x2/BF1_1_REDUCER' is not written to 'fv/butterfly2x2/fv_map.user_hier.json' because it does not have an HDL name.
Info    : Value not written to the user hierarchy file. [CFM-420]
        : Port 'hport:butterfly2x2/BF1_1_REDUCER/X5[27]' of instance 'hinst:butterfly2x2/BF1_1_REDUCER' is not written to 'fv/butterfly2x2/fv_map.user_hier.json' because it does not have an HDL name.
Warning : Maximum message print count reached. [MESG-11]
        : Maximum print count of '20' reached for message 'CFM-420'.
Info    : Wrote formal verification information. [CFM-5]
        : Wrote 'fv/butterfly2x2/fv_map.fv.json' for netlist 'fv/butterfly2x2/fv_map.v.gz'.
Info    : Wrote dofile. [CFM-1]
        : Dofile is 'fv/butterfly2x2/rtl_to_fv_map.do'.
        : RTL names flow is enabled.
PBS_TechMap-Datapath Postmap Operations - Elapsed_Time 14, CPU_Time 13.714259000000084
stamp 'PBS_TechMap-Datapath Postmap Operations' being created for table 'pbs_debug'

  Total Time (Wall) |  Stage Time (Wall)  |   % (Wall)   |    Date - Time     |  Memory   | Stage
--------------------+---------------------+--------------+--------------------+-----------+----------------------
 00:01:00(00:00:38) |  00:00:00(00:00:00) |   0.0(  0.0) |   11:09:51 (Aug11) |  995.0 MB | PBS_Generic-Start
--------------------+---------------------+--------------+--------------------+-----------+----------------------
 00:06:02(00:06:50) |  00:05:02(00:06:12) |  38.8( 42.5) |   11:16:03 (Aug11) |   1.65 GB | PBS_Generic_Opt-Post
--------------------+---------------------+--------------+--------------------+-----------+----------------------
 00:06:03(00:06:50) |  00:00:01(00:00:00) |   0.1(  0.0) |   11:16:03 (Aug11) |   1.65 GB | PBS_Generic-Postgen HBO Optimizations
--------------------+---------------------+--------------+--------------------+-----------+----------------------
 00:06:12(00:06:59) |  00:00:09(00:00:09) |   1.2(  1.0) |   11:16:12 (Aug11) |   1.66 GB | PBS_TechMap-Start
--------------------+---------------------+--------------+--------------------+-----------+----------------------
 00:06:12(00:07:00) |  00:00:00(00:00:01) |   0.0(  0.1) |   11:16:13 (Aug11) |   1.66 GB | PBS_TechMap-Premap HBO Optimizations
--------------------+---------------------+--------------+--------------------+-----------+----------------------
 00:13:48(00:15:00) |  00:07:35(00:08:00) |  58.2( 54.8) |   11:24:13 (Aug11) |   1.70 GB | PBS_Techmap-Global Mapping
--------------------+---------------------+--------------+--------------------+-----------+----------------------
 00:14:01(00:15:14) |  00:00:13(00:00:14) |   1.8(  1.6) |   11:24:27 (Aug11) |   1.68 GB | PBS_TechMap-Datapath Postmap Operations
--------------------+---------------------+--------------+--------------------+-----------+----------------------
Number of threads: 8 * 1   (id: pbs_debug, time_info v1.57)
Info: (*N*) indicates data that was populated from previously saved time_info database
Info: CPU time includes time of parent + longest thread
PBS_TechMap-Postmap HBO Optimizations - Elapsed_Time 0, CPU_Time 0.7240959999999177
stamp 'PBS_TechMap-Postmap HBO Optimizations' being created for table 'pbs_debug'

  Total Time (Wall) |  Stage Time (Wall)  |   % (Wall)   |    Date - Time     |  Memory   | Stage
--------------------+---------------------+--------------+--------------------+-----------+----------------------
 00:01:00(00:00:38) |  00:00:00(00:00:00) |   0.0(  0.0) |   11:09:51 (Aug11) |  995.0 MB | PBS_Generic-Start
--------------------+---------------------+--------------+--------------------+-----------+----------------------
 00:06:02(00:06:50) |  00:05:02(00:06:12) |  38.7( 42.5) |   11:16:03 (Aug11) |   1.65 GB | PBS_Generic_Opt-Post
--------------------+---------------------+--------------+--------------------+-----------+----------------------
 00:06:03(00:06:50) |  00:00:01(00:00:00) |   0.1(  0.0) |   11:16:03 (Aug11) |   1.65 GB | PBS_Generic-Postgen HBO Optimizations
--------------------+---------------------+--------------+--------------------+-----------+----------------------
 00:06:12(00:06:59) |  00:00:09(00:00:09) |   1.2(  1.0) |   11:16:12 (Aug11) |   1.66 GB | PBS_TechMap-Start
--------------------+---------------------+--------------+--------------------+-----------+----------------------
 00:06:12(00:07:00) |  00:00:00(00:00:01) |   0.0(  0.1) |   11:16:13 (Aug11) |   1.66 GB | PBS_TechMap-Premap HBO Optimizations
--------------------+---------------------+--------------+--------------------+-----------+----------------------
 00:13:48(00:15:00) |  00:07:35(00:08:00) |  58.2( 54.8) |   11:24:13 (Aug11) |   1.70 GB | PBS_Techmap-Global Mapping
--------------------+---------------------+--------------+--------------------+-----------+----------------------
 00:14:01(00:15:14) |  00:00:13(00:00:14) |   1.8(  1.6) |   11:24:27 (Aug11) |   1.68 GB | PBS_TechMap-Datapath Postmap Operations
--------------------+---------------------+--------------+--------------------+-----------+----------------------
 00:14:02(00:15:14) |  00:00:00(00:00:00) |   0.1(  0.0) |   11:24:27 (Aug11) |   1.68 GB | PBS_TechMap-Postmap HBO Optimizations
--------------------+---------------------+--------------+--------------------+-----------+----------------------
Number of threads: 8 * 1   (id: pbs_debug, time_info v1.57)
Info: (*N*) indicates data that was populated from previously saved time_info database
Info: CPU time includes time of parent + longest thread
 Doing ConstProp on design:butterfly2x2 ... 

Time taken by ConstProp Step: 00:00:02
PBS_TechMap-Postmap Clock Gating - Elapsed_Time 2, CPU_Time 2.0
stamp 'PBS_TechMap-Postmap Clock Gating' being created for table 'pbs_debug'

  Total Time (Wall) |  Stage Time (Wall)  |   % (Wall)   |    Date - Time     |  Memory   | Stage
--------------------+---------------------+--------------+--------------------+-----------+----------------------
 00:01:00(00:00:38) |  00:00:00(00:00:00) |   0.0(  0.0) |   11:09:51 (Aug11) |  995.0 MB | PBS_Generic-Start
--------------------+---------------------+--------------+--------------------+-----------+----------------------
 00:06:02(00:06:50) |  00:05:02(00:06:12) |  38.6( 42.4) |   11:16:03 (Aug11) |   1.65 GB | PBS_Generic_Opt-Post
--------------------+---------------------+--------------+--------------------+-----------+----------------------
 00:06:03(00:06:50) |  00:00:01(00:00:00) |   0.1(  0.0) |   11:16:03 (Aug11) |   1.65 GB | PBS_Generic-Postgen HBO Optimizations
--------------------+---------------------+--------------+--------------------+-----------+----------------------
 00:06:12(00:06:59) |  00:00:09(00:00:09) |   1.1(  1.0) |   11:16:12 (Aug11) |   1.66 GB | PBS_TechMap-Start
--------------------+---------------------+--------------+--------------------+-----------+----------------------
 00:06:12(00:07:00) |  00:00:00(00:00:01) |   0.0(  0.1) |   11:16:13 (Aug11) |   1.66 GB | PBS_TechMap-Premap HBO Optimizations
--------------------+---------------------+--------------+--------------------+-----------+----------------------
 00:13:48(00:15:00) |  00:07:35(00:08:00) |  58.0( 54.7) |   11:24:13 (Aug11) |   1.70 GB | PBS_Techmap-Global Mapping
--------------------+---------------------+--------------+--------------------+-----------+----------------------
 00:14:01(00:15:14) |  00:00:13(00:00:14) |   1.7(  1.6) |   11:24:27 (Aug11) |   1.68 GB | PBS_TechMap-Datapath Postmap Operations
--------------------+---------------------+--------------+--------------------+-----------+----------------------
 00:14:02(00:15:14) |  00:00:00(00:00:00) |   0.1(  0.0) |   11:24:27 (Aug11) |   1.68 GB | PBS_TechMap-Postmap HBO Optimizations
--------------------+---------------------+--------------+--------------------+-----------+----------------------
 00:14:04(00:15:16) |  00:00:02(00:00:02) |   0.3(  0.2) |   11:24:29 (Aug11) |   1.69 GB | PBS_TechMap-Postmap Clock Gating
--------------------+---------------------+--------------+--------------------+-----------+----------------------
Number of threads: 8 * 1   (id: pbs_debug, time_info v1.57)
Info: (*N*) indicates data that was populated from previously saved time_info database
Info: CPU time includes time of parent + longest thread
-------------------------------------------------------------------------------
 hi_fo_buf                 54419      -48     -6544         0        0
            Worst cost_group: clk, WNS: -48.4
            Path: BF1_1_modei_reg[1]/CLK --> BF2_2_aj4_reg[23]/D

           Trick     Calls     Accepts   Attempts    Time(secs) 
-----------------------------------------------------------
       hi_fo_buf         2  (        2 /        2 )  0.18

 
Incremental optimization status
===============================
                                   Group   
                                  Tot Wrst     Total - - DRC Totals - -
                           Total  Weighted      Neg      Max       Max 
Operation                   Area   Slacks      Slack    Trans      Cap 
 init_delay                54419      -48     -6544         0        0
            Worst cost_group: clk, WNS: -48.4
            Path: BF1_1_modei_reg[1]/CLK --> BF2_2_aj4_reg[23]/D
 incr_delay                54677      -36     -6010         0        0
            Worst cost_group: clk, WNS: -36.9
            Path: BF1_1_modei_reg[2]/CLK --> BF1_1_barrett_datai_reg[45]/D
 incr_delay                55106      -34     -5657         0        0
            Worst cost_group: clk, WNS: -34.8
            Path: BF1_1_modei_reg[2]/CLK --> BF2_2_barrett_datai_reg[30]/D
 incr_delay                55109      -34     -5655         0        0
            Worst cost_group: clk, WNS: -34.8
            Path: BF1_1_modei_reg[2]/CLK --> BF1_2_barrett_datai_reg[43]/D

           Trick     Calls     Accepts   Attempts    Time(secs) 
-----------------------------------------------------------
       crit_upsz       886  (      286 /      296 )  3.37
    plc_bal_star         0  (        0 /        0 )  0.00
     drc_buftimb         0  (        0 /        0 )  0.00
          plc_st       110  (        0 /        0 )  0.00
    plc_st_fence       110  (        0 /        0 )  0.00
        plc_star       110  (        0 /        0 )  0.00
      plc_laf_st       110  (        0 /        0 )  0.00
 plc_laf_st_fence       110  (        0 /        0 )  0.00
     drc_buftims         0  (        0 /        0 )  0.00
            fopt       897  (      173 /      186 )  3.98
   plc_laf_lo_st       108  (        0 /        0 )  0.00
       plc_lo_st       108  (        0 /        0 )  0.00
        mb_split       108  (        0 /        0 )  0.00

 
Local TNS optimization status
=============================
                                   Group   
                                  Tot Wrst     Total - - DRC Totals - -
                           Total  Weighted      Neg      Max       Max 
Operation                   Area   Slacks      Slack    Trans      Cap 
 init_tns                  55109      -34     -5655         0        0
            Worst cost_group: clk, WNS: -34.8
            Path: BF1_1_modei_reg[2]/CLK --> BF1_2_barrett_datai_reg[43]/D
 incr_tns                  55228      -34     -3254         0        0
            Worst cost_group: clk, WNS: -34.6
            Path: BF1_1_modei_reg[2]/CLK --> BF1_1_barrett_datai_reg[44]/D
 incr_tns                  55228      -34     -3254         0        0
            Worst cost_group: clk, WNS: -34.6
            Path: BF1_1_modei_reg[2]/CLK --> BF1_1_barrett_datai_reg[44]/D

           Trick     Calls     Accepts   Attempts    Time(secs) 
-----------------------------------------------------------
    plc_bal_star         0  (        0 /        0 )  0.00
     drc_buftimb         0  (        0 /        0 )  0.00
     drc_buftims         0  (        0 /        0 )  0.00
       crit_upsz      1895  (      340 /      653 )  5.21
   plc_laf_lo_st      1555  (        0 /        0 )  0.00
       plc_lo_st      1555  (        0 /        0 )  0.00
            fopt      1555  (        0 /        1 )  0.62
       crit_dnsz      3072  (      215 /      737 )  8.42
             dup      1340  (        0 /        0 )  1.03
        setup_dn      1340  (       30 /       34 )  0.45
        mb_split      1310  (        0 /        0 )  0.01

PBS_TechMap-Postmap Cleanup - Elapsed_Time 25, CPU_Time 26.38700199999994
stamp 'PBS_TechMap-Postmap Cleanup' being created for table 'pbs_debug'

  Total Time (Wall) |  Stage Time (Wall)  |   % (Wall)   |    Date - Time     |  Memory   | Stage
--------------------+---------------------+--------------+--------------------+-----------+----------------------
 00:01:00(00:00:38) |  00:00:00(00:00:00) |   0.0(  0.0) |   11:09:51 (Aug11) |  995.0 MB | PBS_Generic-Start
--------------------+---------------------+--------------+--------------------+-----------+----------------------
 00:06:02(00:06:50) |  00:05:02(00:06:12) |  37.4( 41.2) |   11:16:03 (Aug11) |   1.65 GB | PBS_Generic_Opt-Post
--------------------+---------------------+--------------+--------------------+-----------+----------------------
 00:06:03(00:06:50) |  00:00:01(00:00:00) |   0.1(  0.0) |   11:16:03 (Aug11) |   1.65 GB | PBS_Generic-Postgen HBO Optimizations
--------------------+---------------------+--------------+--------------------+-----------+----------------------
 00:06:12(00:06:59) |  00:00:09(00:00:09) |   1.1(  1.0) |   11:16:12 (Aug11) |   1.66 GB | PBS_TechMap-Start
--------------------+---------------------+--------------+--------------------+-----------+----------------------
 00:06:12(00:07:00) |  00:00:00(00:00:01) |   0.0(  0.1) |   11:16:13 (Aug11) |   1.66 GB | PBS_TechMap-Premap HBO Optimizations
--------------------+---------------------+--------------+--------------------+-----------+----------------------
 00:13:48(00:15:00) |  00:07:35(00:08:00) |  56.1( 53.2) |   11:24:13 (Aug11) |   1.70 GB | PBS_Techmap-Global Mapping
--------------------+---------------------+--------------+--------------------+-----------+----------------------
 00:14:01(00:15:14) |  00:00:13(00:00:14) |   1.7(  1.6) |   11:24:27 (Aug11) |   1.68 GB | PBS_TechMap-Datapath Postmap Operations
--------------------+---------------------+--------------+--------------------+-----------+----------------------
 00:14:02(00:15:14) |  00:00:00(00:00:00) |   0.1(  0.0) |   11:24:27 (Aug11) |   1.68 GB | PBS_TechMap-Postmap HBO Optimizations
--------------------+---------------------+--------------+--------------------+-----------+----------------------
 00:14:04(00:15:16) |  00:00:02(00:00:02) |   0.2(  0.2) |   11:24:29 (Aug11) |   1.69 GB | PBS_TechMap-Postmap Clock Gating
--------------------+---------------------+--------------+--------------------+-----------+----------------------
 00:14:30(00:15:41) |  00:00:26(00:00:25) |   3.3(  2.8) |   11:24:54 (Aug11) |   1.69 GB | PBS_TechMap-Postmap Cleanup
--------------------+---------------------+--------------+--------------------+-----------+----------------------
Number of threads: 8 * 1   (id: pbs_debug, time_info v1.57)
Info: (*N*) indicates data that was populated from previously saved time_info database
Info: CPU time includes time of parent + longest thread
PBS_Techmap-Post_MBCI - Elapsed_Time 0, CPU_Time 0.0
stamp 'PBS_Techmap-Post_MBCI' being created for table 'pbs_debug'

  Total Time (Wall) |  Stage Time (Wall)  |   % (Wall)   |    Date - Time     |  Memory   | Stage
--------------------+---------------------+--------------+--------------------+-----------+----------------------
 00:01:00(00:00:38) |  00:00:00(00:00:00) |   0.0(  0.0) |   11:09:51 (Aug11) |  995.0 MB | PBS_Generic-Start
--------------------+---------------------+--------------+--------------------+-----------+----------------------
 00:06:02(00:06:50) |  00:05:02(00:06:12) |  37.4( 41.2) |   11:16:03 (Aug11) |   1.65 GB | PBS_Generic_Opt-Post
--------------------+---------------------+--------------+--------------------+-----------+----------------------
 00:06:03(00:06:50) |  00:00:01(00:00:00) |   0.1(  0.0) |   11:16:03 (Aug11) |   1.65 GB | PBS_Generic-Postgen HBO Optimizations
--------------------+---------------------+--------------+--------------------+-----------+----------------------
 00:06:12(00:06:59) |  00:00:09(00:00:09) |   1.1(  1.0) |   11:16:12 (Aug11) |   1.66 GB | PBS_TechMap-Start
--------------------+---------------------+--------------+--------------------+-----------+----------------------
 00:06:12(00:07:00) |  00:00:00(00:00:01) |   0.0(  0.1) |   11:16:13 (Aug11) |   1.66 GB | PBS_TechMap-Premap HBO Optimizations
--------------------+---------------------+--------------+--------------------+-----------+----------------------
 00:13:48(00:15:00) |  00:07:35(00:08:00) |  56.1( 53.2) |   11:24:13 (Aug11) |   1.70 GB | PBS_Techmap-Global Mapping
--------------------+---------------------+--------------+--------------------+-----------+----------------------
 00:14:01(00:15:14) |  00:00:13(00:00:14) |   1.7(  1.6) |   11:24:27 (Aug11) |   1.68 GB | PBS_TechMap-Datapath Postmap Operations
--------------------+---------------------+--------------+--------------------+-----------+----------------------
 00:14:02(00:15:14) |  00:00:00(00:00:00) |   0.1(  0.0) |   11:24:27 (Aug11) |   1.68 GB | PBS_TechMap-Postmap HBO Optimizations
--------------------+---------------------+--------------+--------------------+-----------+----------------------
 00:14:04(00:15:16) |  00:00:02(00:00:02) |   0.2(  0.2) |   11:24:29 (Aug11) |   1.69 GB | PBS_TechMap-Postmap Clock Gating
--------------------+---------------------+--------------+--------------------+-----------+----------------------
 00:14:30(00:15:41) |  00:00:26(00:00:25) |   3.3(  2.8) |   11:24:54 (Aug11) |   1.69 GB | PBS_TechMap-Postmap Cleanup
--------------------+---------------------+--------------+--------------------+-----------+----------------------
 00:14:30(00:15:41) |  00:00:00(00:00:00) |   0.0(  0.0) |   11:24:54 (Aug11) |   1.69 GB | PBS_Techmap-Post_MBCI
--------------------+---------------------+--------------+--------------------+-----------+----------------------
Number of threads: 8 * 1   (id: pbs_debug, time_info v1.57)
Info: (*N*) indicates data that was populated from previously saved time_info database
Info: CPU time includes time of parent + longest thread
##>=================== Cadence Confidential (Mapping-Logical) ===================
##>Main Thread Summary:
##>----------------------------------------------------------------------------------------
##>STEP                           Elapsed       WNS       TNS     Insts      Area    Memory
##>----------------------------------------------------------------------------------------
##>M:Initial                            0         -         -     34744     54450      1658
##>M:Early Clock Gating                 0         -         -         -         -         -
##>M:Pre Cleanup                        0         -         -     34744     54450      1658
##>M:Setup                              0         -         -         -         -         -
##>M:Launch ST                          0         -         -         -         -         -
##>M:Design Partition                   0         -         -         -         -         -
##>M:Create Partition Netlists          0         -         -         -         -         -
##>M:Init Power                         0         -         -         -         -         -
##>M:Budgeting                          0         -         -         -         -         -
##>M:Derenv-DB                          0         -         -         -         -         -
##>M:Debug Outputs                      0         -         -         -         -         -
##>M:ST loading                         0         -         -         -         -         -
##>M:Distributed                        0         -         -         -         -         -
##>M:Timer                              0         -         -         -         -         -
##>M:Assembly                           0         -         -         -         -         -
##>M:DFT                                0         -         -         -         -         -
##>M:DP Operations                     14         -         -     18548     39116      1684
##>M:Const Prop                         0       -48      6544     18548     39116      1684
##>M:Cleanup                           25       -34      3254     18857     39832      1690
##>M:MBCI                               0         -         -     18857     39832      1690
##>M:PostGen Opt                        0         -         -         -         -         -
##>M:Const Gate Removal                 0         -         -         -         -         -
##>M:Early Clock Gating Cleanup         0         -         -         -         -         -
##>M:Misc                             483
##>----------------------------------------------------------------------------------------
##>Total Elapsed                      522
##>========================================================================================
Info    : Done mapping. [SYNTH-5]
        : Done mapping 'butterfly2x2'.
      flow.cputime  flow.realtime  timing.setup.tns  timing.setup.wns  snapshot
UM:*                                                                   syn_map
@file(genus_asap7_v2.tcl) 77: stamp "syn_map DONE"
===== [2026-08-11_11:24:56] syn_map DONE
@file(genus_asap7_v2.tcl) 78: write_db $OUTDIR/${DESIGN}_p${PERIOD}_mapped.db
Finished exporting design database to file '/home/alco9414/pqc/hqc/asic/asap7/out/bf2x2_base_p573/butterfly2x2_p573_mapped.db' for 'butterfly2x2' (command execution time mm:ss cpu = 00:02, real = 00:03).
@file(genus_asap7_v2.tcl) 79: report timing -nworst 20 > $OUTDIR/${DESIGN}_p${PERIOD}_timing_mapped.rpt
@file(genus_asap7_v2.tcl) 80: report area > $OUTDIR/${DESIGN}_p${PERIOD}_area_mapped.rpt
@file(genus_asap7_v2.tcl) 82: stamp "syn_opt START"
===== [2026-08-11_11:25:00] syn_opt START
@file(genus_asap7_v2.tcl) 83: syn_opt
Warning : The selected flow setting will be removed in a future release. [SYNTH-33]
        : The use of 'syn_opt' for logical only optimization will be obsolete in a future release.
	Transition to 'syn_opt -logical' or 'syn_opt -spatial'.

        : Contact Cadence support to understand current flows.
Current PLE settings:

Aspect ratio        : 1.000
Shrink factor       : 1.000
Scale of res/length : 1.000
Scale of cap/length : 1.000
Net derating factor : 1.000
Thermal factor      : 1.000
Via Resistance      : 0.000 ohm (from default)
Site size           : 1.224 um (from lef [tech+cell])

                                   Capacitance  
  Layer                             / Length         Data source:
Name        Direction Utilization  (pF/micron)       default value
------------------------------------------------
<default>       U         n/a         0.000250  

** = DEFAULT cap per unit length is used for timing analysis

                                    Resistance   
  Layer                              / Length         Data source:
Name        Direction Utilization  (ohm/micron)       default value
-------------------------------------------------
<default>       U         n/a               0.0  

** = DEFAULT res per unit length is used for timing analysis

                                        Area       
  Layer                               / Length          Data source:
Name        Direction Utilization     (micron)          lef_library
---------------------------------------------------
M1              V         0.00         0.072000    
M2              H         1.00         0.072000    
M3              V         1.00         0.072000    
M4              H         1.00         0.096000    
M5              V         1.00         0.096000    
M6              H         1.00         0.128000    
M7              V         1.00         0.128000    
M8              H         1.00         0.160000    
M9              V         1.00         0.160000    
Pad             H         1.00         8.000000 ** 

** = 'Pad' is dropped because its width (8) is too large (threshold 2)

Info    : Incrementally optimizing. [SYNTH-7]
        : Incrementally optimizing 'butterfly2x2' using 'high' effort.
 
Incremental optimization status
===============================
                                   Group   
                                  Tot Wrst     Total - - DRC Totals - -
                           Total  Weighted      Neg      Max       Max 
Operation                   Area   Slacks      Slack    Trans      Cap 
 init_iopt                 55228      -34     -3254         0        0
            Worst cost_group: clk, WNS: -34.6
            Path: BF1_1_modei_reg[2]/CLK --> BF1_1_barrett_datai_reg[44]/D
-------------------------------------------------------------------------------
 const_prop                55228      -34     -3254         0        0
            Worst cost_group: clk, WNS: -34.6
            Path: BF1_1_modei_reg[2]/CLK --> BF1_1_barrett_datai_reg[44]/D
 simp_cc_inputs            55201      -34     -3254         0        0
            Worst cost_group: clk, WNS: -34.6
            Path: BF1_1_modei_reg[2]/CLK --> BF1_1_barrett_datai_reg[44]/D
-------------------------------------------------------------------------------
 hi_fo_buf                 55201      -34     -3254         0        0
            Worst cost_group: clk, WNS: -34.6
            Path: BF1_1_modei_reg[2]/CLK --> BF1_1_barrett_datai_reg[44]/D

           Trick     Calls     Accepts   Attempts    Time(secs) 
-----------------------------------------------------------
       hi_fo_buf         0  (        0 /        0 )  0.00

 
Incremental optimization status
===============================
                                   Group   
                                  Tot Wrst     Total - - DRC Totals - -
                           Total  Weighted      Neg      Max       Max 
Operation                   Area   Slacks      Slack    Trans      Cap 
 init_delay                55201      -34     -3254         0        0
            Worst cost_group: clk, WNS: -34.6
            Path: BF1_1_modei_reg[2]/CLK --> BF1_1_barrett_datai_reg[44]/D
 incr_delay                55517      -31     -3495         0        0
            Worst cost_group: clk, WNS: -31.8
            Path: BF1_1_modei_reg[2]/CLK --> BF1_2_barrett_datai_reg[31]/D
 incr_delay                55658      -31     -3439         0        0
            Worst cost_group: clk, WNS: -31.0
            Path: BF1_1_modei_reg[2]/CLK --> BF2_2_barrett_datai_reg[42]/D
 incr_delay                56003      -29     -3292         0        0
            Worst cost_group: clk, WNS: -29.4
            Path: BF1_1_modei_reg[2]/CLK --> BF1_2_barrett_datai_reg[31]/D
 incr_delay                56149      -28     -3270         0        0
            Worst cost_group: clk, WNS: -28.9
            Path: BF1_1_modei_reg[2]/CLK --> BF1_2_barrett_datai_reg[31]/D
 incr_delay                56256      -28     -3213         0        0
            Worst cost_group: clk, WNS: -28.1
            Path: BF1_1_modei_reg[0]/CLK --> BF2_1_barrett_datai_reg[44]/D
 incr_delay                56333      -27     -3171         0        0
            Worst cost_group: clk, WNS: -27.7
            Path: BF1_1_modei_reg[2]/CLK --> BF1_1_barrett_datai_reg[43]/D
 incr_delay                56360      -27     -3150         0        0
            Worst cost_group: clk, WNS: -27.4
            Path: BF1_1_modei_reg[2]/CLK --> BF1_1_barrett_datai_reg[44]/D
 incr_delay                56449      -27     -3057         0        0
            Worst cost_group: clk, WNS: -27.0
            Path: BF1_1_modei_reg[2]/CLK --> BF2_1_barrett_datai_reg[31]/D
 incr_delay                56622      -26     -3009         0        0
            Worst cost_group: clk, WNS: -26.6
            Path: BF1_1_modei_reg[2]/CLK --> BF1_2_barrett_datai_reg[44]/D
 incr_delay                56622      -26     -3007         0        0
            Worst cost_group: clk, WNS: -26.6
            Path: BF1_1_modei_reg[2]/CLK --> BF1_1_barrett_datai_reg[44]/D

           Trick     Calls     Accepts   Attempts    Time(secs) 
-----------------------------------------------------------
        crit_msz      1470  (      473 /      623 )  12.97
       crit_upsz       774  (       91 /       95 )  1.67
       crit_slew       510  (       23 /       42 )  1.12
        setup_dn       356  (        0 /        0 )  0.06
    plc_bal_star         0  (        0 /        0 )  0.00
     drc_buftimb         0  (        0 /        0 )  0.00
          plc_st       356  (        0 /        0 )  0.00
    plc_st_fence       356  (        0 /        0 )  0.00
        plc_star       356  (        0 /        0 )  0.00
      plc_laf_st       356  (        0 /        0 )  0.00
 plc_laf_st_fence       356  (        0 /        0 )  0.00
     drc_buftims         0  (        0 /        0 )  0.00
   plc_laf_lo_st       356  (        0 /        0 )  0.00
       plc_lo_st       356  (        0 /        0 )  0.00
            fopt       356  (        0 /       10 )  2.86
       crit_swap       347  (        3 /        3 )  0.78
       mux2_swap       329  (        0 /        0 )  0.00
       crit_dnsz      1167  (        8 /        9 )  2.32
       load_swap       358  (        0 /        0 )  0.91
            fopt      1170  (       99 /      142 )  6.29
        setup_dn       398  (        0 /        0 )  0.04
       load_isol      1029  (      176 /      184 )  11.58
       load_isol       313  (        0 /        0 )  1.64
        move_for       490  (        5 /        5 )  0.97
        move_for       398  (        0 /        0 )  0.47
          rem_bi       398  (        0 /       11 )  0.91
         offload       398  (        0 /        0 )  0.67
          rem_bi       398  (        0 /       33 )  2.64
         offload       398  (        0 /        0 )  2.37
           phase       398  (        0 /        0 )  0.00
        in_phase       398  (        0 /        0 )  0.00
       merge_bit       483  (        1 /        2 )  0.17
     merge_idrvr       426  (        0 /        0 )  0.00
     merge_iload       426  (        0 /        0 )  0.00
    merge_idload       426  (        0 /        0 )  0.00
      merge_drvr       426  (        0 /        2 )  0.54
      merge_load       426  (        0 /        1 )  0.50
          decomp       426  (        0 /        0 )  3.51
        p_decomp       426  (        0 /        0 )  1.63
        levelize       528  (        7 /       65 )  1.32
        mb_split       461  (        0 /        0 )  0.00
             dup      1070  (       66 /       69 )  6.12
      mux_retime       484  (        0 /        0 )  0.00
         buf2inv       484  (        0 /        0 )  0.00
             exp        88  (        9 /       20 )  0.86
       gate_deco       222  (        2 /        2 )  3.46
       gcomp_tim       202  (        3 /        3 )  1.24
  inv_pair_2_buf      1013  (        0 /        0 )  0.00

 incr_delay                56641      -26     -3000         0        0
            Worst cost_group: clk, WNS: -26.5
            Path: BF1_1_modei_reg[2]/CLK --> BF1_1_barrett_datai_reg[42]/D
 incr_delay                56729      -26     -2956         0        0
            Worst cost_group: clk, WNS: -26.3
            Path: BF1_1_modei_reg[2]/CLK --> BF1_2_barrett_datai_reg[42]/D
 incr_delay                56731      -26     -2951         0        0
            Worst cost_group: clk, WNS: -26.3
            Path: BF1_1_modei_reg[2]/CLK --> BF1_1_barrett_datai_reg[42]/D
 incr_delay                56849      -25     -2942         0        0
            Worst cost_group: clk, WNS: -25.8
            Path: BF1_1_modei_reg[2]/CLK --> BF1_2_barrett_datai_reg[44]/D
 incr_delay                56886      -25     -2932         0        0
            Worst cost_group: clk, WNS: -25.7
            Path: BF1_1_modei_reg[2]/CLK --> BF1_2_barrett_datai_reg[42]/D
 incr_delay                57009      -25     -2912         0        0
            Worst cost_group: clk, WNS: -25.3
            Path: BF1_1_modei_reg[1]/CLK --> BF1_1_barrett_datai_reg[43]/D
 incr_delay                57458      -23     -2689         0        0
            Worst cost_group: clk, WNS: -23.0
            Path: BF1_1_modei_reg[2]/CLK --> BF2_1_barrett_datai_reg[41]/D
 incr_delay                57503      -22     -2618         0        0
            Worst cost_group: clk, WNS: -22.8
            Path: BF1_1_modei_reg[2]/CLK --> BF2_1_barrett_datai_reg[41]/D
 incr_delay                57516      -22     -2618         0        0
            Worst cost_group: clk, WNS: -22.8
            Path: BF1_1_modei_reg[1]/CLK --> BF2_1_barrett_datai_reg[35]/D
 incr_delay                57582      -22     -2524         0        0
            Worst cost_group: clk, WNS: -22.2
            Path: BF1_1_modei_reg[1]/CLK --> BF1_2_barrett_datai_reg[45]/D
 incr_delay                57589      -22     -2524         0        0
            Worst cost_group: clk, WNS: -22.1
            Path: BF1_1_modei_reg[1]/CLK --> BF2_2_barrett_datai_reg[41]/D
 incr_delay                57593      -22     -2517         0        0
            Worst cost_group: clk, WNS: -22.0
            Path: BF1_1_modei_reg[2]/CLK --> BF1_2_barrett_datai_reg[42]/D
 incr_delay                57592      -22     -2511         0        0
            Worst cost_group: clk, WNS: -22.0
            Path: BF1_1_modei_reg[2]/CLK --> BF1_2_barrett_datai_reg[42]/D
 incr_delay                57663      -21     -2476         0        0
            Worst cost_group: clk, WNS: -21.8
            Path: BF1_1_modei_reg[1]/CLK --> BF1_2_barrett_datai_reg[42]/D
 incr_delay                57704      -21     -2467         0        0
            Worst cost_group: clk, WNS: -21.7
            Path: BF1_1_modei_reg[1]/CLK --> BF1_2_barrett_datai_reg[42]/D
 incr_delay                57743      -21     -2471         0        0
            Worst cost_group: clk, WNS: -21.4
            Path: BF1_1_modei_reg[2]/CLK --> BF1_1_barrett_datai_reg[41]/D
 incr_delay                57766      -21     -2442         0        0
            Worst cost_group: clk, WNS: -21.3
            Path: BF1_1_modei_reg[1]/CLK --> BF1_2_barrett_datai_reg[42]/D
 incr_delay                57796      -21     -2433         0        0
            Worst cost_group: clk, WNS: -21.1
            Path: BF1_1_modei_reg[2]/CLK --> BF2_1_barrett_datai_reg[41]/D
 incr_delay                57839      -20     -2322         0        0
            Worst cost_group: clk, WNS: -20.7
            Path: BF1_1_modei_reg[2]/CLK --> BF2_1_barrett_datai_reg[44]/D
 incr_delay                57851      -20     -2321         0        0
            Worst cost_group: clk, WNS: -20.7
            Path: BF1_1_modei_reg[1]/CLK --> BF1_1_barrett_datai_reg[41]/D
 incr_delay                57869      -20     -2313         0        0
            Worst cost_group: clk, WNS: -20.6
            Path: BF1_1_modei_reg[2]/CLK --> BF1_1_barrett_datai_reg[43]/D
 incr_delay                57869      -20     -2313         0        0
            Worst cost_group: clk, WNS: -20.6
            Path: BF1_1_modei_reg[2]/CLK --> BF1_1_barrett_datai_reg[43]/D
 incr_delay                57899      -20     -2308         0        0
            Worst cost_group: clk, WNS: -20.5
            Path: BF1_1_modei_reg[1]/CLK --> BF2_1_barrett_datai_reg[44]/D
 incr_delay                57905      -20     -2307         0        0
            Worst cost_group: clk, WNS: -20.5
            Path: BF1_1_modei_reg[2]/CLK --> BF2_1_barrett_datai_reg[29]/D
 incr_delay                57917      -20     -2296         0        0
            Worst cost_group: clk, WNS: -20.3
            Path: BF1_1_modei_reg[2]/CLK --> BF2_2_barrett_datai_reg[40]/D
 incr_delay                57940      -20     -2249         0        0
            Worst cost_group: clk, WNS: -20.2
            Path: BF1_1_modei_reg[2]/CLK --> BF2_1_barrett_datai_reg[45]/D
 incr_delay                57973      -20     -2236         0        0
            Worst cost_group: clk, WNS: -20.1
            Path: BF1_1_modei_reg[1]/CLK --> BF2_2_barrett_datai_reg[41]/D
 incr_delay                57972      -20     -2235         0        0
            Worst cost_group: clk, WNS: -20.1
            Path: BF1_1_modei_reg[1]/CLK --> BF2_2_barrett_datai_reg[41]/D
 incr_delay                57973      -20     -2233         0        0
            Worst cost_group: clk, WNS: -20.1
            Path: BF1_1_modei_reg[2]/CLK --> BF1_2_barrett_datai_reg[42]/D
 incr_delay                58039      -19     -2195         0        0
            Worst cost_group: clk, WNS: -19.3
            Path: BF1_1_modei_reg[1]/CLK --> BF1_2_barrett_datai_reg[42]/D
 incr_delay                58131      -19     -2187         0        0
            Worst cost_group: clk, WNS: -19.2
            Path: BF1_1_modei_reg[2]/CLK --> BF1_2_barrett_datai_reg[44]/D
 incr_delay                58134      -19     -2179         0        0
            Worst cost_group: clk, WNS: -19.1
            Path: BF1_1_modei_reg[2]/CLK --> BF2_1_barrett_datai_reg[44]/D
 incr_delay                58143      -19     -2172         0        0
            Worst cost_group: clk, WNS: -19.0
            Path: BF1_1_modei_reg[1]/CLK --> BF1_2_barrett_datai_reg[44]/D
 incr_delay                58193      -18     -2146         0        0
            Worst cost_group: clk, WNS: -18.7
            Path: BF1_1_modei_reg[2]/CLK --> BF2_1_barrett_datai_reg[44]/D
 incr_delay                58198      -18     -2144         0        0
            Worst cost_group: clk, WNS: -18.7
            Path: BF1_1_modei_reg[2]/CLK --> BF1_2_barrett_datai_reg[42]/D
 incr_delay                58200      -18     -2143         0        0
            Worst cost_group: clk, WNS: -18.7
            Path: BF1_1_modei_reg[1]/CLK --> BF1_1_barrett_datai_reg[45]/D
 incr_delay                58198      -18     -2143         0        0
            Worst cost_group: clk, WNS: -18.7
            Path: BF1_1_modei_reg[1]/CLK --> BF1_1_barrett_datai_reg[45]/D
 incr_delay                58228      -18     -2102         0        0
            Worst cost_group: clk, WNS: -18.5
            Path: BF1_1_modei_reg[2]/CLK --> BF2_1_barrett_datai_reg[45]/D
 incr_delay                58237      -18     -2072         0        0
            Worst cost_group: clk, WNS: -18.3
            Path: BF1_1_modei_reg[2]/CLK --> BF1_2_barrett_datai_reg[42]/D
 incr_delay                58242      -18     -2072         0        0
            Worst cost_group: clk, WNS: -18.2
            Path: BF1_1_modei_reg[1]/CLK --> BF2_1_barrett_datai_reg[45]/D
 incr_delay                58244      -18     -2072         0        0
            Worst cost_group: clk, WNS: -18.2
            Path: BF1_1_modei_reg[2]/CLK --> BF2_1_barrett_datai_reg[45]/D
 incr_delay                58324      -18     -2053         0        0
            Worst cost_group: clk, WNS: -18.0
            Path: BF1_1_modei_reg[2]/CLK --> BF1_1_barrett_datai_reg[44]/D
 incr_delay                58324      -18     -2052         0        0
            Worst cost_group: clk, WNS: -18.0
            Path: BF1_1_modei_reg[2]/CLK --> BF1_1_barrett_datai_reg[44]/D
 incr_delay                58324      -18     -2052         0        0
            Worst cost_group: clk, WNS: -18.0
            Path: BF1_1_modei_reg[2]/CLK --> BF1_1_barrett_datai_reg[45]/D
 incr_delay                58335      -17     -2048         0        0
            Worst cost_group: clk, WNS: -17.9
            Path: BF1_1_modei_reg[1]/CLK --> BF2_1_barrett_datai_reg[44]/D
 incr_delay                58335      -17     -2048         0        0
            Worst cost_group: clk, WNS: -17.9
            Path: BF1_1_modei_reg[1]/CLK --> BF2_1_barrett_datai_reg[45]/D
 incr_delay                58407      -17     -1999         0        0
            Worst cost_group: clk, WNS: -17.5
            Path: BF1_1_modei_reg[2]/CLK --> BF2_1_barrett_datai_reg[30]/D
 incr_delay                58409      -17     -1994         0        0
            Worst cost_group: clk, WNS: -17.5
            Path: BF1_1_modei_reg[2]/CLK --> BF1_1_barrett_datai_reg[41]/D
 incr_delay                58411      -17     -1996         0        0
            Worst cost_group: clk, WNS: -17.5
            Path: BF1_1_modei_reg[2]/CLK --> BF1_1_barrett_datai_reg[44]/D
 incr_delay                58457      -17     -2009         0        0
            Worst cost_group: clk, WNS: -17.2
            Path: BF1_1_modei_reg[2]/CLK --> BF1_2_barrett_datai_reg[42]/D
 incr_delay                58457      -17     -2008         0        0
            Worst cost_group: clk, WNS: -17.2
            Path: BF1_1_modei_reg[1]/CLK --> BF1_2_barrett_datai_reg[29]/D
 incr_delay                58464      -17     -2007         0        0
            Worst cost_group: clk, WNS: -17.2
            Path: BF1_1_modei_reg[2]/CLK --> BF1_1_barrett_datai_reg[44]/D
 incr_delay                58477      -17     -2000         0        0
            Worst cost_group: clk, WNS: -17.1
            Path: BF1_1_modei_reg[2]/CLK --> BF1_2_barrett_datai_reg[42]/D
 incr_delay                58513      -16     -1977         0        0
            Worst cost_group: clk, WNS: -16.9
            Path: BF1_1_modei_reg[1]/CLK --> BF1_2_barrett_datai_reg[42]/D
 incr_delay                58537      -16     -1938         0        0
            Worst cost_group: clk, WNS: -16.7
            Path: BF1_1_modei_reg[1]/CLK --> BF1_2_barrett_datai_reg[42]/D

           Trick     Calls     Accepts   Attempts    Time(secs) 
-----------------------------------------------------------
         crr_220       172  (       14 /      164 )  50.28
        crr_glob       287  (       12 /       14 )  2.13
         crr_200       399  (       90 /      390 )  21.53
        crr_glob       671  (       80 /       90 )  2.03
         crr_300       305  (       59 /      291 )  23.10
        crr_glob       589  (       54 /       59 )  1.86
         crr_400       154  (       11 /      141 )  13.75
        crr_glob       384  (        9 /       11 )  0.83
         crr_111       437  (      132 /      432 )  62.46
        crr_glob       621  (       93 /      132 )  5.00
         crr_210       268  (       36 /      256 )  43.44
        crr_glob       461  (       24 /       36 )  2.33
         crr_110       431  (      120 /      420 )  42.02
        crr_glob       564  (       82 /      120 )  3.61
         crr_101       616  (      293 /      593 )  39.28
        crr_glob      1017  (      266 /      293 )  5.23
         crr_201       356  (      100 /      348 )  33.33
        crr_glob       608  (       89 /      100 )  2.86
         crr_211       141  (        4 /      133 )  32.24
        crr_glob       270  (        3 /        4 )  1.27
        crit_msz      1493  (      311 /      457 )  10.43
       crit_upsz      1141  (      110 /      117 )  2.29
       crit_slew       457  (        3 /       13 )  0.64
        setup_dn       884  (        7 /        7 )  0.23
    plc_bal_star         0  (        0 /        0 )  0.00
     drc_buftimb         0  (        0 /        0 )  0.00
          plc_st       411  (        0 /        0 )  0.00
    plc_st_fence       411  (        0 /        0 )  0.00
        plc_star       411  (        0 /        0 )  0.00
      plc_laf_st       411  (        0 /        0 )  0.00
 plc_laf_st_fence       411  (        0 /        0 )  0.00
     drc_buftims         0  (        0 /        0 )  0.00
       plc_lo_st       411  (        0 /        0 )  0.00
            fopt      1304  (       54 /      103 )  9.28
       crit_swap       466  (        4 /        5 )  1.09
       mux2_swap       440  (        0 /        0 )  0.00
       crit_dnsz       894  (        3 /        3 )  1.71
       load_swap       465  (        3 /        3 )  0.98
            fopt      1304  (       54 /      103 )  9.28
        setup_dn       884  (        7 /        7 )  0.23
       load_isol      1391  (       51 /       52 )  10.68
       load_isol      1391  (       51 /       52 )  10.68
        move_for      1284  (        9 /       10 )  1.75
        move_for      1284  (        9 /       10 )  1.75
          rem_bi      1176  (        1 /       54 )  4.79
         offload      1168  (        1 /        1 )  3.26
          rem_bi      1176  (        1 /       54 )  4.79
         offload      1168  (        1 /        1 )  3.26
       merge_bit       635  (        2 /        2 )  0.15
     merge_idrvr       577  (        0 /        0 )  0.00
     merge_iload       577  (        0 /        0 )  0.00
    merge_idload       577  (        0 /        0 )  0.00
      merge_drvr       577  (        0 /        5 )  0.80
      merge_load       577  (        0 /        5 )  0.81
           phase       577  (        0 /        0 )  0.00
          decomp       577  (        0 /        0 )  5.21
        p_decomp       577  (        0 /        0 )  2.21
        levelize       630  (        9 /       71 )  1.33
        mb_split       550  (        0 /        0 )  0.00
        in_phase       550  (        0 /        0 )  0.00
             dup       861  (       35 /       41 )  4.43
      mux_retime       550  (        0 /        0 )  0.00
         buf2inv       550  (        0 /        0 )  0.00
             exp       101  (        8 /       25 )  1.05
       gate_deco       196  (        1 /        1 )  3.04
       gcomp_tim       247  (        2 /        6 )  1.45
  inv_pair_2_buf      1187  (        0 /        0 )  0.01
 init_drc                  58537      -16     -1938         0        0
            Worst cost_group: clk, WNS: -16.7
            Path: BF1_1_modei_reg[1]/CLK --> BF1_2_barrett_datai_reg[42]/D

           Trick     Calls     Accepts   Attempts    Time(secs) 
-----------------------------------------------------------
          plc_st         0  (        0 /        0 )  0.00
        plc_star         0  (        0 /        0 )  0.00
        drc_bufs         0  (        0 /        0 )  0.00
        drc_fopt         0  (        0 /        0 )  0.00
        drc_bufb         0  (        0 /        0 )  0.00
      simple_buf         0  (        0 /        0 )  0.00
             dup         0  (        0 /        0 )  0.00
       crit_dnsz         0  (        0 /        0 )  0.00
       crit_upsz         0  (        0 /        0 )  0.00
       crit_slew         0  (        0 /        0 )  0.00


           Trick     Calls     Accepts   Attempts    Time(secs) 
-----------------------------------------------------------
          plc_st         0  (        0 /        0 )  0.00
        plc_star         0  (        0 /        0 )  0.00
      drc_buf_sp         0  (        0 /        0 )  0.00
        drc_bufs         0  (        0 /        0 )  0.00
        drc_fopt         0  (        0 /        0 )  0.00
        drc_bufb         0  (        0 /        0 )  0.00
      simple_buf         0  (        0 /        0 )  0.00
             dup         0  (        0 /        0 )  0.00
       crit_dnsz         0  (        0 /        0 )  0.00
       crit_upsz         0  (        0 /        0 )  0.00


           Trick     Calls     Accepts   Attempts    Time(secs) 
-----------------------------------------------------------
          plc_st         0  (        0 /        0 )  0.00
        plc_star         0  (        0 /        0 )  0.00
      drc_buf_sp         0  (        0 /        0 )  0.00
        drc_bufs         0  (        0 /        0 )  0.00
        drc_fopt         0  (        0 /        0 )  0.00
        drc_bufb         0  (        0 /        0 )  0.00
             dup         0  (        0 /        0 )  0.00
       crit_dnsz         0  (        0 /        0 )  0.00
       crit_upsz         0  (        0 /        0 )  0.00

 init_tns                  58537      -16     -1938         0        0
            Worst cost_group: clk, WNS: -16.7
            Path: BF1_1_modei_reg[1]/CLK --> BF1_2_barrett_datai_reg[42]/D
 incr_tns                  58705      -16      -953         0        0
            Worst cost_group: clk, WNS: -16.6
            Path: BF1_1_modei_reg[2]/CLK --> BF1_2_barrett_datai_reg[42]/D
 incr_tns                  58705      -16      -953         0        0
            Worst cost_group: clk, WNS: -16.6
            Path: BF1_1_modei_reg[2]/CLK --> BF1_2_barrett_datai_reg[42]/D

           Trick     Calls     Accepts   Attempts    Time(secs) 
-----------------------------------------------------------
            fopt      1231  (        6 /       31 )  1.69
    plc_bal_star         0  (        0 /        0 )  0.00
     drc_buftimb         0  (        0 /        0 )  0.00
     drc_buftims         0  (        0 /        0 )  0.00
        crit_msz      1225  (      289 /      572 )  7.28
       crit_upsz       936  (       28 /      157 )  1.62
   plc_laf_lo_st       908  (        0 /        0 )  0.00
       plc_lo_st       908  (        0 /        0 )  0.00
       crit_swap       908  (       19 /      125 )  3.39
       mux2_swap       889  (        0 /        0 )  0.00
       crit_dnsz      1884  (       40 /      250 )  4.54
       load_swap       849  (        0 /      151 )  1.99
            fopt       849  (       26 /      106 )  2.28
        setup_dn       823  (        4 /        4 )  0.22
       load_isol       819  (       14 /       73 )  7.83
       load_isol       805  (        0 /        1 )  2.13
        move_for       805  (        2 /       15 )  1.53
        move_for       803  (        1 /        8 )  0.93
          rem_bi       802  (        0 /        0 )  0.28
         offload       802  (        0 /        1 )  0.46
          rem_bi       802  (        6 /        7 )  1.01
         offload       796  (        0 /        4 )  3.39
       merge_bit       838  (       10 /       13 )  0.17
     merge_idrvr       790  (        0 /        0 )  0.00
     merge_iload       790  (        0 /        0 )  0.00
    merge_idload       790  (        0 /        0 )  0.00
      merge_drvr       790  (        0 /        1 )  0.74
      merge_load       790  (        0 /        1 )  0.72
           phase       790  (        0 /        0 )  0.00
          decomp       790  (        0 /        1 )  6.15
        p_decomp       790  (        0 /        0 )  3.40
        levelize       790  (        2 /       12 )  0.63
        mb_split       788  (        0 /        0 )  0.01
             dup       788  (       15 /       50 )  3.56
      mux_retime       773  (        0 /        0 )  0.00
       crr_local       773  (       71 /      241 )  50.87
         buf2inv       702  (        0 /        0 )  0.00

 init_area                 58705      -16      -953         0        0
            Worst cost_group: clk, WNS: -16.6
            Path: BF1_1_modei_reg[2]/CLK --> BF1_2_barrett_datai_reg[42]/D
 undup                     58645      -16      -953         0        0
            Worst cost_group: clk, WNS: -16.6
            Path: BF1_1_modei_reg[2]/CLK --> BF1_2_barrett_datai_reg[42]/D
 rem_buf                   57766      -16      -949         0        0
            Worst cost_group: clk, WNS: -16.6
            Path: BF1_1_modei_reg[2]/CLK --> BF2_1_barrett_datai_reg[42]/D
 rem_inv                   57627      -16      -949         0        0
            Worst cost_group: clk, WNS: -16.6
            Path: BF1_1_modei_reg[2]/CLK --> BF2_1_barrett_datai_reg[42]/D
 merge_bi                  57315      -16      -946         0        0
            Worst cost_group: clk, WNS: -16.6
            Path: BF1_1_modei_reg[1]/CLK --> BF2_1_barrett_datai_reg[42]/D
 merge_bi                  57312      -16      -946         0        0
            Worst cost_group: clk, WNS: -16.6
            Path: BF1_1_modei_reg[1]/CLK --> BF2_1_barrett_datai_reg[42]/D
 merge_bi                  57296      -16      -946         0        0
            Worst cost_group: clk, WNS: -16.6
            Path: BF1_1_modei_reg[1]/CLK --> BF2_1_barrett_datai_reg[42]/D
 seq_res_area              57290      -16      -946         0        0
            Worst cost_group: clk, WNS: -16.6
            Path: BF1_1_modei_reg[1]/CLK --> BF2_1_barrett_datai_reg[42]/D
 io_phase                  57147      -16      -945         0        0
            Worst cost_group: clk, WNS: -16.6
            Path: BF1_1_modei_reg[1]/CLK --> BF2_1_barrett_datai_reg[42]/D
 gate_comp                 56896      -16      -945         0        0
            Worst cost_group: clk, WNS: -16.6
            Path: BF1_1_modei_reg[1]/CLK --> BF2_1_barrett_datai_reg[42]/D
 gcomp_mog                 56866      -16      -945         0        0
            Worst cost_group: clk, WNS: -16.6
            Path: BF1_1_modei_reg[1]/CLK --> BF2_1_barrett_datai_reg[42]/D
 glob_area                 56643      -16      -940         0        0
            Worst cost_group: clk, WNS: -16.6
            Path: BF1_1_modei_reg[1]/CLK --> BF2_1_barrett_datai_reg[42]/D
 area_down                 56277      -16     -1089         0        0
            Worst cost_group: clk, WNS: -16.4
            Path: BF1_1_modei_reg[2]/CLK --> BF2_1_barrett_datai_reg[42]/D
 rem_buf                   56128      -16     -1089         0        0
            Worst cost_group: clk, WNS: -16.4
            Path: BF1_1_modei_reg[2]/CLK --> BF2_1_barrett_datai_reg[42]/D
 rem_inv                   56100      -16     -1089         0        0
            Worst cost_group: clk, WNS: -16.4
            Path: BF1_1_modei_reg[2]/CLK --> BF2_1_barrett_datai_reg[42]/D
 merge_bi                  56082      -16     -1089         0        0
            Worst cost_group: clk, WNS: -16.4
            Path: BF1_1_modei_reg[2]/CLK --> BF2_1_barrett_datai_reg[42]/D

           Trick     Calls     Accepts   Attempts    Time(secs) 
-----------------------------------------------------------
           undup        77  (       19 /       35 )  0.66
         rem_buf      1180  (      487 /      592 )  5.07
         rem_inv       250  (       96 /      134 )  3.21
        merge_bi       431  (      257 /      326 )  3.38
      rem_inv_qb       453  (        0 /        0 )  0.01
    seq_res_area        34  (        4 /        9 )  14.18
        io_phase       329  (      109 /      127 )  1.61
       gate_comp      1036  (      115 /      133 )  6.95
       gcomp_mog       429  (       18 /       19 )  4.63
       glob_area        60  (       58 /       60 )  8.01
       area_down      1517  (      493 /      571 )  23.26
      size_n_buf         1  (        0 /        0 )  0.15
  gate_deco_area         0  (        0 /        0 )  0.02
         rem_buf       680  (       94 /      167 )  3.00
         rem_inv       126  (       15 /       34 )  1.24
        merge_bi       162  (       18 /       56 )  1.47
      rem_inv_qb       453  (        0 /        0 )  0.01

 
Incremental optimization status
===============================
                                   Group   
                                  Tot Wrst     Total - - DRC Totals - -
                           Total  Weighted      Neg      Max       Max 
Operation                   Area   Slacks      Slack    Trans      Cap 
 init_delay                56082      -16     -1089         0        0
            Worst cost_group: clk, WNS: -16.4
            Path: BF1_1_modei_reg[2]/CLK --> BF2_1_barrett_datai_reg[42]/D
 incr_delay                56116      -16     -1088         0        0
            Worst cost_group: clk, WNS: -16.4
            Path: BF1_1_modei_reg[2]/CLK --> BF1_2_barrett_datai_reg[42]/D
 incr_delay                56118      -16     -1088         0        0
            Worst cost_group: clk, WNS: -16.4
            Path: BF1_1_modei_reg[1]/CLK --> BF1_2_barrett_datai_reg[42]/D
 incr_delay                56236      -12     -1057         0        0
            Worst cost_group: clk, WNS: -12.2
            Path: BF1_1_modei_reg[2]/CLK --> BF1_2_barrett_datai_reg[45]/D
 incr_delay                56311      -11     -1026         0        0
            Worst cost_group: clk, WNS: -11.7
            Path: BF1_1_modei_reg[2]/CLK --> BF1_1_barrett_datai_reg[41]/D
 incr_delay                56319      -11     -1026         0        0
            Worst cost_group: clk, WNS: -11.6
            Path: BF1_1_modei_reg[1]/CLK --> BF2_1_barrett_datai_reg[33]/D
 incr_delay                56314      -11     -1022         0        0
            Worst cost_group: clk, WNS: -11.6
            Path: BF1_1_modei_reg[2]/CLK --> BF1_2_barrett_datai_reg[45]/D
 incr_delay                56404      -10     -1039         0        0
            Worst cost_group: clk, WNS: -10.6
            Path: BF1_1_modei_reg[2]/CLK --> BF2_2_barrett_datai_reg[44]/D
 incr_delay                56430      -10     -1021         0        0
            Worst cost_group: clk, WNS: -10.4
            Path: BF1_1_modei_reg[2]/CLK --> BF1_2_barrett_datai_reg[45]/D
 incr_delay                56508      -10      -959         0        0
            Worst cost_group: clk, WNS: -10.0
            Path: BF1_1_modei_reg[2]/CLK --> BF1_2_barrett_datai_reg[45]/D
 incr_delay                56507      -10      -959         0        0
            Worst cost_group: clk, WNS: -10.0
            Path: BF1_1_modei_reg[2]/CLK --> BF1_2_barrett_datai_reg[45]/D
 incr_delay                56511       -9      -889         0        0
            Worst cost_group: clk, WNS: -9.9
            Path: BF1_1_modei_reg[2]/CLK --> BF2_2_barrett_datai_reg[44]/D
 incr_delay                56575       -9      -859         0        0
            Worst cost_group: clk, WNS: -9.4
            Path: BF1_1_modei_reg[2]/CLK --> BF2_2_barrett_datai_reg[44]/D
 incr_delay                56576       -9      -859         0        0
            Worst cost_group: clk, WNS: -9.4
            Path: BF1_1_modei_reg[2]/CLK --> BF2_2_barrett_datai_reg[44]/D
 incr_delay                56631       -9      -815         0        0
            Worst cost_group: clk, WNS: -9.0
            Path: BF1_1_modei_reg[1]/CLK --> BF2_1_barrett_datai_reg[33]/D
 incr_delay                56636       -8      -811         0        0
            Worst cost_group: clk, WNS: -8.9
            Path: BF1_1_modei_reg[2]/CLK --> BF2_2_barrett_datai_reg[42]/D
 incr_delay                56644       -8      -808         0        0
            Worst cost_group: clk, WNS: -8.9
            Path: BF1_1_modei_reg[1]/CLK --> BF1_2_barrett_datai_reg[45]/D
 incr_delay                56647       -8      -807         0        0
            Worst cost_group: clk, WNS: -8.8
            Path: BF1_1_modei_reg[2]/CLK --> BF2_2_barrett_datai_reg[44]/D
 incr_delay                56648       -8      -806         0        0
            Worst cost_group: clk, WNS: -8.8
            Path: BF1_1_modei_reg[2]/CLK --> BF2_2_barrett_datai_reg[42]/D
 incr_delay                56671       -8      -793         0        0
            Worst cost_group: clk, WNS: -8.5
            Path: BF1_1_modei_reg[2]/CLK --> BF2_2_barrett_datai_reg[44]/D
 incr_delay                56669       -8      -793         0        0
            Worst cost_group: clk, WNS: -8.5
            Path: BF1_1_modei_reg[2]/CLK --> BF2_2_barrett_datai_reg[44]/D
 incr_delay                56675       -8      -791         0        0
            Worst cost_group: clk, WNS: -8.5
            Path: BF1_1_modei_reg[2]/CLK --> BF2_1_barrett_datai_reg[38]/D
 incr_delay                56704       -8      -746         0        0
            Worst cost_group: clk, WNS: -8.3
            Path: BF1_1_modei_reg[1]/CLK --> BF2_1_barrett_datai_reg[44]/D
 incr_delay                56732       -7      -714         0        0
            Worst cost_group: clk, WNS: -7.7
            Path: BF1_1_modei_reg[2]/CLK --> BF2_2_barrett_datai_reg[42]/D
 incr_delay                56813       -7      -696         0        0
            Worst cost_group: clk, WNS: -7.4
            Path: BF1_1_modei_reg[2]/CLK --> BF2_1_barrett_datai_reg[44]/D
 incr_delay                56817       -7      -693         0        0
            Worst cost_group: clk, WNS: -7.4
            Path: BF1_1_modei_reg[1]/CLK --> BF2_1_barrett_datai_reg[34]/D
 incr_delay                56818       -7      -692         0        0
            Worst cost_group: clk, WNS: -7.3
            Path: BF1_1_modei_reg[2]/CLK --> BF2_2_barrett_datai_reg[44]/D
 incr_delay                56833       -7      -685         0        0
            Worst cost_group: clk, WNS: -7.2
            Path: BF1_1_modei_reg[1]/CLK --> BF2_1_barrett_datai_reg[44]/D
 incr_delay                56842       -7      -682         0        0
            Worst cost_group: clk, WNS: -7.2
            Path: BF1_1_modei_reg[1]/CLK --> BF1_1_barrett_datai_reg[44]/D
 incr_delay                56877       -7      -650         0        0
            Worst cost_group: clk, WNS: -7.0
            Path: BF1_1_modei_reg[2]/CLK --> BF2_1_barrett_datai_reg[44]/D
 incr_delay                56879       -7      -650         0        0
            Worst cost_group: clk, WNS: -7.0
            Path: BF1_1_modei_reg[2]/CLK --> BF2_1_barrett_datai_reg[44]/D
 incr_delay                56894       -6      -643         0        0
            Worst cost_group: clk, WNS: -6.9
            Path: BF1_1_modei_reg[2]/CLK --> BF2_1_barrett_datai_reg[44]/D
 incr_delay                56945       -6      -584         0        0
            Worst cost_group: clk, WNS: -6.6
            Path: BF1_1_modei_reg[2]/CLK --> BF2_1_barrett_datai_reg[34]/D
 incr_delay                56996       -6      -562         0        0
            Worst cost_group: clk, WNS: -6.5
            Path: BF1_1_modei_reg[1]/CLK --> BF1_2_barrett_datai_reg[45]/D
 incr_delay                56997       -6      -561         0        0
            Worst cost_group: clk, WNS: -6.5
            Path: BF1_1_modei_reg[1]/CLK --> BF1_1_barrett_datai_reg[34]/D
 incr_delay                56998       -6      -561         0        0
            Worst cost_group: clk, WNS: -6.5
            Path: BF1_1_modei_reg[1]/CLK --> BF1_1_barrett_datai_reg[34]/D
 incr_delay                57026       -6      -552         0        0
            Worst cost_group: clk, WNS: -6.3
            Path: BF1_1_modei_reg[1]/CLK --> BF2_1_barrett_datai_reg[44]/D
 incr_delay                57032       -6      -549         0        0
            Worst cost_group: clk, WNS: -6.3
            Path: BF1_1_modei_reg[2]/CLK --> BF1_2_barrett_datai_reg[45]/D
 incr_delay                57032       -6      -548         0        0
            Worst cost_group: clk, WNS: -6.3
            Path: BF1_1_modei_reg[2]/CLK --> BF1_2_barrett_datai_reg[45]/D
 incr_delay                57034       -6      -546         0        0
            Worst cost_group: clk, WNS: -6.2
            Path: BF1_1_modei_reg[1]/CLK --> BF2_2_barrett_datai_reg[44]/D
 incr_delay                57043       -6      -543         0        0
            Worst cost_group: clk, WNS: -6.2
            Path: BF1_1_modei_reg[2]/CLK --> BF2_2_barrett_datai_reg[42]/D

           Trick     Calls     Accepts   Attempts    Time(secs) 
-----------------------------------------------------------
         crr_220       144  (        8 /      133 )  38.79
        crr_glob       269  (        4 /        8 )  1.68
         crr_200       319  (       45 /      303 )  15.61
        crr_glob       586  (       39 /       45 )  1.41
         crr_300       278  (       56 /      264 )  18.38
        crr_glob       564  (       52 /       56 )  1.62
         crr_400       121  (        5 /      107 )  8.85
        crr_glob       314  (        4 /        5 )  0.56
         crr_111       394  (       88 /      388 )  47.84
        crr_glob       581  (       68 /       88 )  3.59
         crr_210       232  (       19 /      218 )  30.10
        crr_glob       411  (       15 /       19 )  1.52
         crr_110       382  (       62 /      362 )  30.22
        crr_glob       497  (       38 /       62 )  2.45
         crr_101       469  (      131 /      431 )  26.30
        crr_glob       649  (      106 /      131 )  2.95
         crr_201       124  (        9 /      116 )  9.02
        crr_glob       243  (        3 /        9 )  0.67
         crr_211       129  (        6 /      121 )  23.54
        crr_glob       228  (        5 /        6 )  1.16
        crit_msz      1273  (      195 /      290 )  7.96
       crit_upsz      1112  (       86 /      107 )  4.45
       crit_slew       626  (       13 /       20 )  0.87
        setup_dn      1065  (        2 /        2 )  0.18
    plc_bal_star         0  (        0 /        0 )  0.00
     drc_buftimb         0  (        0 /        0 )  0.00
          plc_st       530  (        0 /        0 )  0.00
    plc_st_fence       530  (        0 /        0 )  0.00
        plc_star       530  (        0 /        0 )  0.00
      plc_laf_st       530  (        0 /        0 )  0.00
 plc_laf_st_fence       530  (        0 /        0 )  0.00
     drc_buftims         0  (        0 /        0 )  0.00
       plc_lo_st       530  (        0 /        0 )  0.00
            fopt      1316  (       32 /       85 )  7.56
       crit_swap       561  (        3 /        3 )  1.27
       mux2_swap       530  (        0 /        0 )  0.00
       crit_dnsz       900  (        0 /        0 )  1.84
       load_swap       533  (        4 /        4 )  1.14
            fopt      1316  (       32 /       85 )  7.56
        setup_dn      1065  (        2 /        2 )  0.18
       load_isol      1415  (       35 /       36 )  11.21
       load_isol      1415  (       35 /       36 )  11.21
        move_for      1185  (        6 /       11 )  2.01
        move_for      1185  (        6 /       11 )  2.01
          rem_bi      1126  (        0 /       48 )  4.49
         offload      1126  (        0 /        0 )  2.85
          rem_bi      1126  (        0 /       48 )  4.49
         offload      1126  (        0 /        0 )  2.85
       merge_bit       640  (        1 /        1 )  0.16
     merge_idrvr       563  (        0 /        0 )  0.00
     merge_iload       563  (        0 /        0 )  0.00
    merge_idload       563  (        0 /        0 )  0.00
      merge_drvr       563  (        0 /        6 )  0.90
      merge_load       563  (        0 /        6 )  0.93
           phase       563  (        0 /        0 )  0.00
          decomp       563  (        0 /        0 )  4.67
        p_decomp       563  (        0 /        0 )  1.89
        levelize       598  (        3 /       77 )  1.38
        mb_split       561  (        0 /        0 )  0.00
        in_phase       561  (        0 /        0 )  0.00
             dup       738  (       22 /       24 )  4.02
      mux_retime       565  (        0 /        0 )  0.00
         buf2inv       565  (        0 /        0 )  0.00
             exp       127  (        3 /       19 )  0.89
       gate_deco       170  (        0 /        0 )  2.73
       gcomp_tim       232  (        0 /        0 )  1.31
  inv_pair_2_buf      1718  (        0 /        0 )  0.01
 init_drc                  57043       -6      -543         0        0
            Worst cost_group: clk, WNS: -6.2
            Path: BF1_1_modei_reg[2]/CLK --> BF2_2_barrett_datai_reg[42]/D

           Trick     Calls     Accepts   Attempts    Time(secs) 
-----------------------------------------------------------
          plc_st         0  (        0 /        0 )  0.00
        plc_star         0  (        0 /        0 )  0.00
        drc_bufs         0  (        0 /        0 )  0.00
        drc_fopt         0  (        0 /        0 )  0.00
        drc_bufb         0  (        0 /        0 )  0.00
      simple_buf         0  (        0 /        0 )  0.00
             dup         0  (        0 /        0 )  0.00
       crit_dnsz         0  (        0 /        0 )  0.00
       crit_upsz         0  (        0 /        0 )  0.00
       crit_slew         0  (        0 /        0 )  0.00


           Trick     Calls     Accepts   Attempts    Time(secs) 
-----------------------------------------------------------
          plc_st         0  (        0 /        0 )  0.00
        plc_star         0  (        0 /        0 )  0.00
        drc_bufs         0  (        0 /        0 )  0.00
        drc_fopt         0  (        0 /        0 )  0.00
        drc_bufb         0  (        0 /        0 )  0.00
      simple_buf         0  (        0 /        0 )  0.00
             dup         0  (        0 /        0 )  0.00
       crit_dnsz         0  (        0 /        0 )  0.00
       crit_upsz         0  (        0 /        0 )  0.00


           Trick     Calls     Accepts   Attempts    Time(secs) 
-----------------------------------------------------------
          plc_st         0  (        0 /        0 )  0.00
        plc_star         0  (        0 /        0 )  0.00
        drc_bufs         0  (        0 /        0 )  0.00
        drc_fopt         0  (        0 /        0 )  0.00
        drc_bufb         0  (        0 /        0 )  0.00
             dup         0  (        0 /        0 )  0.00
       crit_dnsz         0  (        0 /        0 )  0.00
       crit_upsz         0  (        0 /        0 )  0.00

 init_tns                  57043       -6      -543         0        0
            Worst cost_group: clk, WNS: -6.2
            Path: BF1_1_modei_reg[2]/CLK --> BF2_2_barrett_datai_reg[42]/D
 incr_tns                  57138       -6      -316         0        0
            Worst cost_group: clk, WNS: -6.1
            Path: BF1_1_modei_reg[1]/CLK --> BF2_2_barrett_datai_reg[44]/D
 incr_tns                  57138       -6      -316         0        0
            Worst cost_group: clk, WNS: -6.1
            Path: BF1_1_modei_reg[1]/CLK --> BF2_2_barrett_datai_reg[44]/D

           Trick     Calls     Accepts   Attempts    Time(secs) 
-----------------------------------------------------------
            fopt       377  (        0 /        8 )  0.59
    plc_bal_star         0  (        0 /        0 )  0.00
     drc_buftimb         0  (        0 /        0 )  0.00
     drc_buftims         0  (        0 /        0 )  0.00
        crit_msz       377  (       83 /      160 )  2.19
       crit_upsz       294  (        8 /       46 )  1.18
   plc_laf_lo_st       286  (        0 /        0 )  0.00
       plc_lo_st       286  (        0 /        0 )  0.00
       crit_swap       286  (        2 /       29 )  0.95
       mux2_swap       284  (        0 /        0 )  0.00
       crit_dnsz       732  (       20 /      103 )  1.81
       load_swap       264  (        0 /       61 )  0.82
            fopt       264  (        2 /       31 )  0.92
        setup_dn       262  (        0 /        0 )  0.02
       load_isol       262  (        4 /       30 )  2.60
       load_isol       258  (        0 /        0 )  0.66
        move_for       258  (        1 /        5 )  0.53
        move_for       257  (        0 /        1 )  0.32
          rem_bi       257  (        0 /        0 )  0.14
         offload       257  (        0 /        0 )  0.28
          rem_bi       257  (        1 /        2 )  0.37
         offload       256  (        0 /        2 )  1.02
       merge_bit       277  (        2 /        2 )  0.09
     merge_idrvr       255  (        0 /        0 )  0.00
     merge_iload       255  (        0 /        0 )  0.00
    merge_idload       255  (        0 /        0 )  0.01
      merge_drvr       255  (        0 /        0 )  0.26
      merge_load       255  (        0 /        0 )  0.24
           phase       255  (        0 /        0 )  0.00
          decomp       255  (        0 /        0 )  1.88
        p_decomp       255  (        0 /        0 )  1.15
        levelize       255  (        0 /        1 )  0.22
        mb_split       255  (        0 /        0 )  0.01
             dup       255  (        6 /       20 )  1.46
      mux_retime       249  (        0 /        0 )  0.00
       crr_local       249  (       10 /       75 )  15.68
         buf2inv       239  (        0 /        0 )  0.00

 init_area                 57138       -6      -316         0        0
            Worst cost_group: clk, WNS: -6.1
            Path: BF1_1_modei_reg[1]/CLK --> BF2_2_barrett_datai_reg[44]/D
 undup                     57080       -6      -316         0        0
            Worst cost_group: clk, WNS: -6.1
            Path: BF1_1_modei_reg[1]/CLK --> BF2_2_barrett_datai_reg[44]/D
 rem_buf                   56870       -6      -316         0        0
            Worst cost_group: clk, WNS: -6.1
            Path: BF1_1_modei_reg[1]/CLK --> BF2_2_barrett_datai_reg[44]/D
 rem_inv                   56821       -6      -316         0        0
            Worst cost_group: clk, WNS: -6.1
            Path: BF1_1_modei_reg[1]/CLK --> BF2_2_barrett_datai_reg[44]/D
 merge_bi                  56760       -6      -316         0        0
            Worst cost_group: clk, WNS: -6.1
            Path: BF1_1_modei_reg[1]/CLK --> BF2_2_barrett_datai_reg[44]/D
 merge_bi                  56756       -6      -316         0        0
            Worst cost_group: clk, WNS: -6.1
            Path: BF1_1_modei_reg[1]/CLK --> BF2_2_barrett_datai_reg[44]/D
 io_phase                  56661       -6      -316         0        0
            Worst cost_group: clk, WNS: -6.1
            Path: BF1_1_modei_reg[1]/CLK --> BF2_2_barrett_datai_reg[44]/D
 gate_comp                 56586       -6      -316         0        0
            Worst cost_group: clk, WNS: -6.1
            Path: BF1_1_modei_reg[1]/CLK --> BF2_2_barrett_datai_reg[44]/D
 gcomp_mog                 56575       -6      -316         0        0
            Worst cost_group: clk, WNS: -6.1
            Path: BF1_1_modei_reg[1]/CLK --> BF2_2_barrett_datai_reg[44]/D
 glob_area                 56432       -6      -315         0        0
            Worst cost_group: clk, WNS: -6.1
            Path: BF1_1_modei_reg[1]/CLK --> BF2_2_barrett_datai_reg[44]/D
 area_down                 56199       -6      -313         0        0
            Worst cost_group: clk, WNS: -6.1
            Path: BF1_1_modei_reg[1]/CLK --> BF2_2_barrett_datai_reg[44]/D

           Trick     Calls     Accepts   Attempts    Time(secs) 
-----------------------------------------------------------
           undup        71  (       19 /       35 )  0.66
         rem_buf       785  (      130 /      156 )  2.88
         rem_inv       137  (       30 /       42 )  1.12
        merge_bi       182  (       47 /       71 )  1.42
      rem_inv_qb       453  (        0 /        0 )  0.01
        io_phase       276  (       59 /       75 )  1.26
       gate_comp       942  (       34 /       50 )  6.16
       gcomp_mog       374  (        4 /        4 )  4.18
       glob_area        59  (       56 /       59 )  7.01
       area_down      1472  (      322 /      370 )  22.11
      size_n_buf         1  (        0 /        0 )  0.14
  gate_deco_area         0  (        0 /        0 )  0.00

 
Incremental optimization status
===============================
                                   Group   
                                  Tot Wrst     Total - - DRC Totals - -
                           Total  Weighted      Neg      Max       Max 
Operation                   Area   Slacks      Slack    Trans      Cap 
 init_delay                56199       -6      -313         0        0
            Worst cost_group: clk, WNS: -6.1
            Path: BF1_1_modei_reg[1]/CLK --> BF2_2_barrett_datai_reg[44]/D
 incr_delay                56205       -6      -315         0        0
            Worst cost_group: clk, WNS: -6.0
            Path: BF1_1_modei_reg[2]/CLK --> BF2_2_barrett_datai_reg[42]/D
 incr_delay                56207       -5      -311         0        0
            Worst cost_group: clk, WNS: -5.9
            Path: BF1_1_modei_reg[2]/CLK --> BF2_2_barrett_datai_reg[42]/D
 incr_delay                56207       -5      -311         0        0
            Worst cost_group: clk, WNS: -5.9
            Path: BF1_1_modei_reg[2]/CLK --> BF2_2_barrett_datai_reg[42]/D

           Trick     Calls     Accepts   Attempts    Time(secs) 
-----------------------------------------------------------
        crit_msz       213  (        9 /       30 )  1.33
       crit_upsz       327  (       17 /       23 )  1.21
       crit_slew       224  (        0 /       19 )  0.50
        setup_dn       224  (        0 /        0 )  0.05
    plc_bal_star         0  (        0 /        0 )  0.00
     drc_buftimb         0  (        0 /        0 )  0.00
          plc_st       224  (        0 /        0 )  0.00
    plc_st_fence       224  (        0 /        0 )  0.00
        plc_star       224  (        0 /        0 )  0.00
      plc_laf_st       224  (        0 /        0 )  0.00
 plc_laf_st_fence       224  (        0 /        0 )  0.00
     drc_buftims         0  (        0 /        0 )  0.00
   plc_laf_lo_st       224  (        0 /        0 )  0.00
       plc_lo_st       224  (        0 /        0 )  0.00
            fopt       224  (        0 /        0 )  0.01
       crit_swap       224  (        0 /        0 )  0.39
       mux2_swap       224  (        0 /        0 )  0.00
       crit_dnsz       606  (        2 /        2 )  1.20
       load_swap       224  (        0 /        0 )  0.41
            fopt       224  (        0 /        8 )  0.61
        setup_dn       224  (        0 /        0 )  0.03
       load_isol       224  (        0 /        0 )  2.31
       load_isol       224  (        0 /        0 )  1.00
        move_for       224  (        0 /        0 )  0.15
        move_for       224  (        0 /        0 )  0.20
          rem_bi       224  (        0 /        0 )  0.00
         offload       224  (        0 /        0 )  0.00
          rem_bi       224  (        0 /        8 )  0.79
         offload       224  (        0 /        0 )  0.54
           phase       224  (        0 /        0 )  0.00
        in_phase       224  (        0 /        0 )  0.00
       merge_bit       237  (        0 /        0 )  0.04
     merge_idrvr       224  (        0 /        0 )  0.00
     merge_iload       224  (        0 /        0 )  0.00
    merge_idload       224  (        0 /        0 )  0.00
      merge_drvr       224  (        0 /        0 )  0.26
      merge_load       224  (        0 /        0 )  0.26
          decomp       224  (        0 /        0 )  1.93
        p_decomp       224  (        0 /        0 )  0.80
        levelize       267  (        2 /       35 )  0.62
        mb_split       224  (        0 /        0 )  0.00
             dup       249  (        1 /        1 )  1.26
      mux_retime       224  (        0 /        0 )  0.00
         buf2inv       224  (        0 /        0 )  0.00
             exp         8  (        0 /        1 )  0.01
       gate_deco        64  (        0 /        0 )  0.94
       gcomp_tim        65  (        0 /        0 )  0.35
  inv_pair_2_buf       560  (        0 /        0 )  0.00

 init_drc                  56207       -5      -311         0        0
            Worst cost_group: clk, WNS: -5.9
            Path: BF1_1_modei_reg[2]/CLK --> BF2_2_barrett_datai_reg[42]/D

           Trick     Calls     Accepts   Attempts    Time(secs) 
-----------------------------------------------------------
          plc_st         0  (        0 /        0 )  0.00
        plc_star         0  (        0 /        0 )  0.00
        drc_bufs         0  (        0 /        0 )  0.00
        drc_fopt         0  (        0 /        0 )  0.00
        drc_bufb         0  (        0 /        0 )  0.00
      simple_buf         0  (        0 /        0 )  0.00
             dup         0  (        0 /        0 )  0.00
       crit_dnsz         0  (        0 /        0 )  0.00
       crit_upsz         0  (        0 /        0 )  0.00
       crit_slew         0  (        0 /        0 )  0.00


           Trick     Calls     Accepts   Attempts    Time(secs) 
-----------------------------------------------------------
          plc_st         0  (        0 /        0 )  0.00
        plc_star         0  (        0 /        0 )  0.00
        drc_bufs         0  (        0 /        0 )  0.00
        drc_fopt         0  (        0 /        0 )  0.00
        drc_bufb         0  (        0 /        0 )  0.00
      simple_buf         0  (        0 /        0 )  0.00
             dup         0  (        0 /        0 )  0.00
       crit_dnsz         0  (        0 /        0 )  0.00
       crit_upsz         0  (        0 /        0 )  0.00


           Trick     Calls     Accepts   Attempts    Time(secs) 
-----------------------------------------------------------
          plc_st         0  (        0 /        0 )  0.00
        plc_star         0  (        0 /        0 )  0.00
        drc_bufs         0  (        0 /        0 )  0.00
        drc_fopt         0  (        0 /        0 )  0.00
        drc_bufb         0  (        0 /        0 )  0.00
             dup         0  (        0 /        0 )  0.00
       crit_dnsz         0  (        0 /        0 )  0.00
       crit_upsz         0  (        0 /        0 )  0.00

==================================
Stage : incr_opt 
==================================
  =================
   Message Summary
  =================
---------------------------------------------------------------------------
|   Id   |  Sev  |Count|                   Message Text                   |
---------------------------------------------------------------------------
|CFM-1   |Info   |    1|Wrote dofile.                                     |
|CFM-5   |Info   |    1|Wrote formal verification information.            |
|CFM-420 |Info   |  396|Value not written to the user hierarchy file.     |
|GLO-51  |Info   |    4|Hierarchical instance automatically ungrouped.    |
|        |       |     |Hierarchical instances can be automatically       |
|        |       |     | ungrouped to allow for better area or timing     |
|        |       |     | optimization. To prevent this ungroup, set the   |
|        |       |     | root-level attribute 'auto_ungroup' to 'none'.   |
|        |       |     | You can also prevent individual ungroup with     |
|        |       |     | setting the attribute 'ungroup_ok' of instances  |
|        |       |     | or modules to 'false'.                           |
|PA-7    |Info   |    4|Resetting power analysis results.                 |
|        |       |     |All computed switching activities are removed.    |
|ST-112  |Info   |    8|A super-threading server has been shut down       |
|        |       |     | normally.                                        |
|        |       |     |A super-threaded optimization is complete and a   |
|        |       |     | CPU server was successfully shut down.           |
|SYNTH-5 |Info   |    1|Done mapping.                                     |
|SYNTH-7 |Info   |    1|Incrementally optimizing.                         |
|SYNTH-33|Warning|    1|The selected flow setting will be removed in a    |
|        |       |     | future release.                                  |
|        |       |     |Contact Cadence support to understand current     |
|        |       |     | flows.                                           |
---------------------------------------------------------------------------
Info    : Done incrementally optimizing. [SYNTH-8]
        : Done incrementally optimizing 'butterfly2x2'.
      flow.cputime  flow.realtime  timing.setup.tns  timing.setup.wns  snapshot
UM:*                                                                   syn_opt
@file(genus_asap7_v2.tcl) 84: stamp "syn_opt DONE"
===== [2026-08-11_11:44:11] syn_opt DONE
@file(genus_asap7_v2.tcl) 86: write_hdl > $OUTDIR/${DESIGN}_p${PERIOD}_netlist.v
@file(genus_asap7_v2.tcl) 87: write_db $OUTDIR/${DESIGN}_p${PERIOD}_final.db
Finished exporting design database to file '/home/alco9414/pqc/hqc/asic/asap7/out/bf2x2_base_p573/butterfly2x2_p573_final.db' for 'butterfly2x2' (command execution time mm:ss cpu = 00:02, real = 00:02).
@file(genus_asap7_v2.tcl) 88: report timing -nworst 20 > $OUTDIR/${DESIGN}_p${PERIOD}_timing.rpt
@file(genus_asap7_v2.tcl) 89: report area   > $OUTDIR/${DESIGN}_p${PERIOD}_area.rpt
@file(genus_asap7_v2.tcl) 90: report gates  > $OUTDIR/${DESIGN}_p${PERIOD}_gates.rpt
ENABLED NEW REPORT GATE CMD






@file(genus_asap7_v2.tcl) 91: report power  > $OUTDIR/${DESIGN}_p${PERIOD}_power.rpt
Info    : Joules engine is used. [RPT-16]
        : Joules engine is being used for the command report_power.
Info   : ACTP-0001 [ACTPInfo] Activity propagation started for stim#0 netlist
       : butterfly2x2
Info   : ACTP-0009 [ACTPInfo] Activity Propagation Progress Report :   0%   1%   2%   3%   4%   5%   6%   7%   8%   9%  10%  11%  12%  13%  14%  15%  16%  17%  18%  19%  20%  21%  22%  23%  24%  25%  26%  27%  28%  29%  30%  31%  32%  33%  34%  35%  36%  37%  38%  39%  40%  41%  42%  43%  44%  45%  46%  47%  48%  49%  50%  51%  52%  53%  54%  55%  56%  57%  58%  59%  60%  61%  62%  63%  64%  65%  66%  67%  68%  69%  70%  71%  72%  73%  74%  75%  76%  77%  78%  79%  80%  81%  82%  83%  84%  85%  86%  87%  88%  89%  90%  91%  92%  93%  94%  95%  96%  97%  98%  99% 100%
Info   : ACTP-0001 Activity propagation ended for stim#0
Info   : PWRA-0001 [PwrInfo] compute_power effective options 
       : -mode : vectorless
       : -skip_propagation : 1
       : -use_clock_freq : stim
       : -fromGenus : 1
Info   : ACTP-0001 Timing initialization started
Info   : ACTP-0001 Timing initialization ended
Info   : PWRA-0002 [PwrInfo] Skipping activity propagation due to -skip_ap
       : option....
Info   : PWRA-0002 Started 'vectorless' power computation.
Info   : PWRA-0009 [PwrInfo] Power Computation Progress Report :   0%   1%   2%   3%   4%   5%   6%   7%   8%   9%  10%  11%  12%  13%  14%  15%  16%  17%  18%  19%  20%  21%  22%  23%  24%  25%  26%  27%  28%  29%  30%  31%  32%  33%  34%  35%  36%  37%  38%  39%  40%  41%  42%  43%  44%  45%  46%  47%  48%  49%  50%  51%  52%  53%  54%  55%  56%  57%  58%  59%  60%  61%  62%  63%  64%  65%  66%  67%  68%  69%  70%  71%  72%  73%  74%  75%  76%  77%  78%  79%  80%  81%  82%  83%  84%  85%  86%  87%  88%  89%  90%  91%  92%  93%  94%  95%  96%  97%  98%  99% 100%
Info   : PWRA-0002 Finished power computation.
Info   : PWRA-0007 [PwrInfo] Completed successfully.
       : Info=6, Warn=0, Error=0, Fatal=0
Output file: /home/alco9414/pqc/hqc/asic/asap7/out/bf2x2_base_p573/butterfly2x2_p573_power.rpt
@file(genus_asap7_v2.tcl) 92: stamp "ALL DONE"
===== [2026-08-11_11:44:17] ALL DONE
@file(genus_asap7_v2.tcl) 93: puts "ASAP7_RUN_DONE"
ASAP7_RUN_DONE
@file(genus_asap7_v2.tcl) 94: exit

Lic Summary:
[11:44:17.261611] Cdslmd servers: ece-cadence-lic
[11:44:17.261640] Feature usage summary:
[11:44:17.261641] Genus_Synthesis  
/home/alco9414/pqc/hqc/asic/asap7/run_bf2x2_base_p573/.st_launch_engr-r940s01.engr.uidaho.edu_737606
Normal exit.
