Copyright 1986-2022 Xilinx, Inc. All Rights Reserved. Copyright 2022-2025 Advanced Micro Devices, Inc. All Rights Reserved.
---------------------------------------------------------------------------------------------------------------------------------------------
| Tool Version : Vivado v.2025.2 (lin64) Build 6299465 Fri Nov 14 12:34:56 MST 2025
| Date         : Mon Jun 22 18:04:09 2026
| Host         : MSI running 64-bit Ubuntu 26.04 LTS
| Command      : report_timing -max_paths 20 -sort_by slack -file ./synth_out/paths/coeff_decomposer_default_top20.rpt
| Design       : coeff_decomposer
| Device       : 7a200t-fbg676
| Speed File   : -1  PRODUCTION 1.23 2018-06-13
| Design State : Synthesized
---------------------------------------------------------------------------------------------------------------------------------------------

Timing Report

Slack (VIOLATED) :        -1.247ns  (required time - arrival time)
  Source:                 a1_0_reg[0]/C
                            (rising edge-triggered cell FDRE clocked by clk  {rise@0.000ns fall@2.500ns period=5.000ns})
  Destination:            a0_1_reg[54]/D
                            (rising edge-triggered cell FDRE clocked by clk  {rise@0.000ns fall@2.500ns period=5.000ns})
  Path Group:             clk
  Path Type:              Setup (Max at Slow Process Corner)
  Requirement:            5.000ns  (clk rise@5.000ns - clk rise@0.000ns)
  Data Path Delay:        6.272ns  (logic 3.878ns (61.830%)  route 2.394ns (38.170%))
  Logic Levels:           13  (CARRY4=12 LUT5=1)
  Clock Path Skew:        -0.049ns (DCD - SCD + CPR)
    Destination Clock Delay (DCD):    0.924ns = ( 5.924 - 5.000 ) 
    Source Clock Delay      (SCD):    0.973ns
    Clock Pessimism Removal (CPR):    0.000ns
  Clock Uncertainty:      0.035ns  ((TSJ^2 + TIJ^2)^1/2 + DJ) / 2 + PE
    Total System Jitter     (TSJ):    0.071ns
    Total Input Jitter      (TIJ):    0.000ns
    Discrete Jitter          (DJ):    0.000ns
    Phase Error              (PE):    0.000ns

    Location             Delay type                Incr(ns)  Path(ns)    Netlist Resource(s)
  -------------------------------------------------------------------    -------------------
                         (clock clk rise edge)        0.000     0.000 r  
                                                      0.000     0.000 r  clk (IN)
                         net (fo=175, unset)          0.973     0.973    clk
                         FDRE                                         r  a1_0_reg[0]/C
  -------------------------------------------------------------------    -------------------
                         FDRE (Prop_fdre_C_Q)         0.456     1.429 r  a1_0_reg[0]/Q
                         net (fo=17, unplaced)        0.720     2.149    a0_142_in[17]
                         CARRY4 (Prop_carry4_S[1]_CO[3])
                                                      0.828     2.977 r  a0_1_reg[12]_i_6/CO[3]
                         net (fo=1, unplaced)         0.009     2.986    a0_1_reg[12]_i_6_n_0
                         CARRY4 (Prop_carry4_CI_CO[3])
                                                      0.117     3.103 r  a0_1_reg[20]_i_6/CO[3]
                         net (fo=5, unplaced)         0.848     3.951    a0_1_reg[20]_i_6_n_0
                         CARRY4 (Prop_carry4_CYINIT_CO[3])
                                                      0.595     4.546 r  a0_1_reg[24]_i_8/CO[3]
                         net (fo=1, unplaced)         0.009     4.555    a0_1_reg[24]_i_8_n_0
                         CARRY4 (Prop_carry4_CI_CO[3])
                                                      0.117     4.672 r  a0_1_reg[55]_i_7/CO[3]
                         net (fo=61, unplaced)        0.808     5.480    a0_1_reg[55]_i_7_n_0
                         LUT5 (Prop_lut5_I0_O)        0.150     5.630 r  a0_1[28]_i_5/O
                         net (fo=1, unplaced)         0.000     5.630    a0_1[28]_i_5_n_0
                         CARRY4 (Prop_carry4_DI[0]_CO[3])
                                                      0.576     6.206 r  a0_1_reg[28]_i_1/CO[3]
                         net (fo=1, unplaced)         0.000     6.206    a0_1_reg[28]_i_1_n_0
                         CARRY4 (Prop_carry4_CI_CO[3])
                                                      0.117     6.323 r  a0_1_reg[32]_i_1/CO[3]
                         net (fo=1, unplaced)         0.000     6.323    a0_1_reg[32]_i_1_n_0
                         CARRY4 (Prop_carry4_CI_CO[3])
                                                      0.117     6.440 r  a0_1_reg[36]_i_1/CO[3]
                         net (fo=1, unplaced)         0.000     6.440    a0_1_reg[36]_i_1_n_0
                         CARRY4 (Prop_carry4_CI_CO[3])
                                                      0.117     6.557 r  a0_1_reg[40]_i_1/CO[3]
                         net (fo=1, unplaced)         0.000     6.557    a0_1_reg[40]_i_1_n_0
                         CARRY4 (Prop_carry4_CI_CO[3])
                                                      0.117     6.674 r  a0_1_reg[44]_i_1/CO[3]
                         net (fo=1, unplaced)         0.000     6.674    a0_1_reg[44]_i_1_n_0
                         CARRY4 (Prop_carry4_CI_CO[3])
                                                      0.117     6.791 r  a0_1_reg[48]_i_1/CO[3]
                         net (fo=1, unplaced)         0.000     6.791    a0_1_reg[48]_i_1_n_0
                         CARRY4 (Prop_carry4_CI_CO[3])
                                                      0.117     6.908 r  a0_1_reg[52]_i_1/CO[3]
                         net (fo=1, unplaced)         0.000     6.908    a0_1_reg[52]_i_1_n_0
                         CARRY4 (Prop_carry4_CI_O[1])
                                                      0.337     7.245 r  a0_1_reg[55]_i_1/O[1]
                         net (fo=1, unplaced)         0.000     7.245    a0_1[54]
                         FDRE                                         r  a0_1_reg[54]/D
  -------------------------------------------------------------------    -------------------

                         (clock clk rise edge)        5.000     5.000 r  
                                                      0.000     5.000 r  clk (IN)
                         net (fo=175, unset)          0.924     5.924    clk
                         FDRE                                         r  a0_1_reg[54]/C
                         clock pessimism              0.000     5.924    
                         clock uncertainty           -0.035     5.889    
                         FDRE (Setup_fdre_C_D)        0.109     5.998    a0_1_reg[54]
  -------------------------------------------------------------------
                         required time                          5.998    
                         arrival time                          -7.245    
  -------------------------------------------------------------------
                         slack                                 -1.247    

Slack (VIOLATED) :        -1.218ns  (required time - arrival time)
  Source:                 a0_1_reg[0]/C
                            (rising edge-triggered cell FDRE clocked by clk  {rise@0.000ns fall@2.500ns period=5.000ns})
  Destination:            a0_2_reg[55]/D
                            (rising edge-triggered cell FDRE clocked by clk  {rise@0.000ns fall@2.500ns period=5.000ns})
  Path Group:             clk
  Path Type:              Setup (Max at Slow Process Corner)
  Requirement:            5.000ns  (clk rise@5.000ns - clk rise@0.000ns)
  Data Path Delay:        6.243ns  (logic 4.954ns (79.353%)  route 1.289ns (20.647%))
  Logic Levels:           24  (CARRY4=22 LUT1=1 LUT2=1)
  Clock Path Skew:        -0.049ns (DCD - SCD + CPR)
    Destination Clock Delay (DCD):    0.924ns = ( 5.924 - 5.000 ) 
    Source Clock Delay      (SCD):    0.973ns
    Clock Pessimism Removal (CPR):    0.000ns
  Clock Uncertainty:      0.035ns  ((TSJ^2 + TIJ^2)^1/2 + DJ) / 2 + PE
    Total System Jitter     (TSJ):    0.071ns
    Total Input Jitter      (TIJ):    0.000ns
    Discrete Jitter          (DJ):    0.000ns
    Phase Error              (PE):    0.000ns

    Location             Delay type                Incr(ns)  Path(ns)    Netlist Resource(s)
  -------------------------------------------------------------------    -------------------
                         (clock clk rise edge)        0.000     0.000 r  
                                                      0.000     0.000 r  clk (IN)
                         net (fo=175, unset)          0.973     0.973    clk
                         FDRE                                         r  a0_1_reg[0]/C
  -------------------------------------------------------------------    -------------------
                         FDRE (Prop_fdre_C_Q)         0.456     1.429 f  a0_1_reg[0]/Q
                         net (fo=3, unplaced)         0.329     1.758    a0_1_reg_n_0_[0]
                         LUT1 (Prop_lut1_I0_O)        0.295     2.053 r  a0_2[3]_i_42/O
                         net (fo=1, unplaced)         0.333     2.386    a0_2[3]_i_42_n_0
                         CARRY4 (Prop_carry4_CYINIT_CO[3])
                                                      0.595     2.981 r  a0_2_reg[3]_i_37/CO[3]
                         net (fo=1, unplaced)         0.009     2.990    a0_2_reg[3]_i_37_n_0
                         CARRY4 (Prop_carry4_CI_CO[3])
                                                      0.117     3.107 r  a0_2_reg[3]_i_32/CO[3]
                         net (fo=1, unplaced)         0.000     3.107    a0_2_reg[3]_i_32_n_0
                         CARRY4 (Prop_carry4_CI_CO[3])
                                                      0.117     3.224 r  a0_2_reg[3]_i_27/CO[3]
                         net (fo=1, unplaced)         0.000     3.224    a0_2_reg[3]_i_27_n_0
                         CARRY4 (Prop_carry4_CI_CO[3])
                                                      0.117     3.341 r  a0_2_reg[3]_i_22/CO[3]
                         net (fo=1, unplaced)         0.000     3.341    a0_2_reg[3]_i_22_n_0
                         CARRY4 (Prop_carry4_CI_CO[3])
                                                      0.117     3.458 r  a0_2_reg[3]_i_17/CO[3]
                         net (fo=1, unplaced)         0.000     3.458    a0_2_reg[3]_i_17_n_0
                         CARRY4 (Prop_carry4_CI_CO[3])
                                                      0.117     3.575 r  a0_2_reg[3]_i_12/CO[3]
                         net (fo=1, unplaced)         0.000     3.575    a0_2_reg[3]_i_12_n_0
                         CARRY4 (Prop_carry4_CI_CO[3])
                                                      0.117     3.692 r  a0_2_reg[3]_i_7/CO[3]
                         net (fo=1, unplaced)         0.000     3.692    a0_2_reg[3]_i_7_n_0
                         CARRY4 (Prop_carry4_CI_CO[3])
                                                      0.117     3.809 r  a0_2_reg[3]_i_6/CO[3]
                         net (fo=1, unplaced)         0.000     3.809    a0_2_reg[3]_i_6_n_0
                         CARRY4 (Prop_carry4_CI_CO[3])
                                                      0.117     3.926 r  a0_2_reg[15]_i_12/CO[3]
                         net (fo=1, unplaced)         0.000     3.926    a0_2_reg[15]_i_12_n_0
                         CARRY4 (Prop_carry4_CI_CO[3])
                                                      0.117     4.043 r  a0_2_reg[15]_i_7/CO[3]
                         net (fo=1, unplaced)         0.000     4.043    a0_2_reg[15]_i_7_n_0
                         CARRY4 (Prop_carry4_CI_CO[3])
                                                      0.117     4.160 r  a0_2_reg[15]_i_6/CO[3]
                         net (fo=1, unplaced)         0.000     4.160    a0_2_reg[15]_i_6_n_0
                         CARRY4 (Prop_carry4_CI_CO[3])
                                                      0.117     4.277 r  a0_2_reg[19]_i_6/CO[3]
                         net (fo=1, unplaced)         0.000     4.277    a0_2_reg[19]_i_6_n_0
                         CARRY4 (Prop_carry4_CI_O[3])
                                                      0.331     4.608 r  a0_2_reg[23]_i_7/O[3]
                         net (fo=1, unplaced)         0.618     5.226    sub_val1[52]
                         LUT2 (Prop_lut2_I1_O)        0.307     5.533 r  a0_2[23]_i_4/O
                         net (fo=1, unplaced)         0.000     5.533    a0_2[23]_i_4_n_0
                         CARRY4 (Prop_carry4_S[1]_CO[3])
                                                      0.533     6.066 r  a0_2_reg[23]_i_1/CO[3]
                         net (fo=1, unplaced)         0.000     6.066    a0_2_reg[23]_i_1_n_0
                         CARRY4 (Prop_carry4_CI_CO[3])
                                                      0.117     6.183 r  a0_2_reg[55]_i_32/CO[3]
                         net (fo=1, unplaced)         0.000     6.183    a0_2_reg[55]_i_32_n_0
                         CARRY4 (Prop_carry4_CI_CO[3])
                                                      0.117     6.300 r  a0_2_reg[55]_i_27/CO[3]
                         net (fo=1, unplaced)         0.000     6.300    a0_2_reg[55]_i_27_n_0
                         CARRY4 (Prop_carry4_CI_CO[3])
                                                      0.117     6.417 r  a0_2_reg[55]_i_22/CO[3]
                         net (fo=1, unplaced)         0.000     6.417    a0_2_reg[55]_i_22_n_0
                         CARRY4 (Prop_carry4_CI_CO[3])
                                                      0.117     6.534 r  a0_2_reg[55]_i_17/CO[3]
                         net (fo=1, unplaced)         0.000     6.534    a0_2_reg[55]_i_17_n_0
                         CARRY4 (Prop_carry4_CI_CO[3])
                                                      0.117     6.651 r  a0_2_reg[55]_i_12/CO[3]
                         net (fo=1, unplaced)         0.000     6.651    a0_2_reg[55]_i_12_n_0
                         CARRY4 (Prop_carry4_CI_CO[3])
                                                      0.117     6.768 r  a0_2_reg[55]_i_7/CO[3]
                         net (fo=1, unplaced)         0.000     6.768    a0_2_reg[55]_i_7_n_0
                         CARRY4 (Prop_carry4_CI_CO[3])
                                                      0.117     6.885 r  a0_2_reg[55]_i_2/CO[3]
                         net (fo=1, unplaced)         0.000     6.885    a0_2_reg[55]_i_2_n_0
                         CARRY4 (Prop_carry4_CI_O[3])
                                                      0.331     7.216 r  a0_2_reg[55]_i_1/O[3]
                         net (fo=1, unplaced)         0.000     7.216    a0_20[55]
                         FDRE                                         r  a0_2_reg[55]/D
  -------------------------------------------------------------------    -------------------

                         (clock clk rise edge)        5.000     5.000 r  
                                                      0.000     5.000 r  clk (IN)
                         net (fo=175, unset)          0.924     5.924    clk
                         FDRE                                         r  a0_2_reg[55]/C
                         clock pessimism              0.000     5.924    
                         clock uncertainty           -0.035     5.889    
                         FDRE (Setup_fdre_C_D)        0.109     5.998    a0_2_reg[55]
  -------------------------------------------------------------------
                         required time                          5.998    
                         arrival time                          -7.216    
  -------------------------------------------------------------------
                         slack                                 -1.218    

Slack (VIOLATED) :        -1.196ns  (required time - arrival time)
  Source:                 di_buffer_reg[2]/C
                            (rising edge-triggered cell FDRE clocked by clk  {rise@0.000ns fall@2.500ns period=5.000ns})
  Destination:            a1_0_reg[2]/D
                            (rising edge-triggered cell FDRE clocked by clk  {rise@0.000ns fall@2.500ns period=5.000ns})
  Path Group:             clk
  Path Type:              Setup (Max at Slow Process Corner)
  Requirement:            5.000ns  (clk rise@5.000ns - clk rise@0.000ns)
  Data Path Delay:        6.141ns  (logic 1.487ns (24.214%)  route 4.654ns (75.786%))
  Logic Levels:           7  (LUT5=3 LUT6=4)
  Clock Path Skew:        -0.049ns (DCD - SCD + CPR)
    Destination Clock Delay (DCD):    0.924ns = ( 5.924 - 5.000 ) 
    Source Clock Delay      (SCD):    0.973ns
    Clock Pessimism Removal (CPR):    0.000ns
  Clock Uncertainty:      0.035ns  ((TSJ^2 + TIJ^2)^1/2 + DJ) / 2 + PE
    Total System Jitter     (TSJ):    0.071ns
    Total Input Jitter      (TIJ):    0.000ns
    Discrete Jitter          (DJ):    0.000ns
    Phase Error              (PE):    0.000ns

    Location             Delay type                Incr(ns)  Path(ns)    Netlist Resource(s)
  -------------------------------------------------------------------    -------------------
                         (clock clk rise edge)        0.000     0.000 r  
                                                      0.000     0.000 r  clk (IN)
                         net (fo=175, unset)          0.973     0.973    clk
                         FDRE                                         r  di_buffer_reg[2]/C
  -------------------------------------------------------------------    -------------------
                         FDRE (Prop_fdre_C_Q)         0.456     1.429 f  di_buffer_reg[2]/Q
                         net (fo=3, unplaced)         0.983     2.412    di_buffer[2]
                         LUT6 (Prop_lut6_I0_O)        0.295     2.707 r  a1_0[5]_i_9/O
                         net (fo=4, unplaced)         0.473     3.180    a1_0[5]_i_9_n_0
                         LUT6 (Prop_lut6_I2_O)        0.124     3.304 r  a1_0[4]_i_6/O
                         net (fo=19, unplaced)        0.508     3.812    a1_0[4]_i_6_n_0
                         LUT5 (Prop_lut5_I2_O)        0.116     3.928 r  a1_0[4]_i_5/O
                         net (fo=1, unplaced)         0.449     4.377    a1_0[4]_i_5_n_0
                         LUT6 (Prop_lut6_I2_O)        0.124     4.501 r  a1_0[4]_i_4/O
                         net (fo=3, unplaced)         0.920     5.421    a1_0[4]_i_4_n_0
                         LUT5 (Prop_lut5_I0_O)        0.124     5.545 r  a1_0[2]_i_5/O
                         net (fo=1, unplaced)         0.902     6.447    a1_0[2]_i_5_n_0
                         LUT6 (Prop_lut6_I1_O)        0.124     6.571 r  a1_0[2]_i_2/O
                         net (fo=1, unplaced)         0.419     6.990    a1_0[2]_i_2_n_0
                         LUT5 (Prop_lut5_I2_O)        0.124     7.114 r  a1_0[2]_i_1/O
                         net (fo=1, unplaced)         0.000     7.114    map1_out[2]
                         FDRE                                         r  a1_0_reg[2]/D
  -------------------------------------------------------------------    -------------------

                         (clock clk rise edge)        5.000     5.000 r  
                                                      0.000     5.000 r  clk (IN)
                         net (fo=175, unset)          0.924     5.924    clk
                         FDRE                                         r  a1_0_reg[2]/C
                         clock pessimism              0.000     5.924    
                         clock uncertainty           -0.035     5.889    
                         FDRE (Setup_fdre_C_D)        0.029     5.918    a1_0_reg[2]
  -------------------------------------------------------------------
                         required time                          5.918    
                         arrival time                          -7.114    
  -------------------------------------------------------------------
                         slack                                 -1.196    

Slack (VIOLATED) :        -1.166ns  (required time - arrival time)
  Source:                 a1_0_reg[0]/C
                            (rising edge-triggered cell FDRE clocked by clk  {rise@0.000ns fall@2.500ns period=5.000ns})
  Destination:            a0_1_reg[55]/D
                            (rising edge-triggered cell FDRE clocked by clk  {rise@0.000ns fall@2.500ns period=5.000ns})
  Path Group:             clk
  Path Type:              Setup (Max at Slow Process Corner)
  Requirement:            5.000ns  (clk rise@5.000ns - clk rise@0.000ns)
  Data Path Delay:        6.191ns  (logic 3.797ns (61.331%)  route 2.394ns (38.669%))
  Logic Levels:           13  (CARRY4=12 LUT5=1)
  Clock Path Skew:        -0.049ns (DCD - SCD + CPR)
    Destination Clock Delay (DCD):    0.924ns = ( 5.924 - 5.000 ) 
    Source Clock Delay      (SCD):    0.973ns
    Clock Pessimism Removal (CPR):    0.000ns
  Clock Uncertainty:      0.035ns  ((TSJ^2 + TIJ^2)^1/2 + DJ) / 2 + PE
    Total System Jitter     (TSJ):    0.071ns
    Total Input Jitter      (TIJ):    0.000ns
    Discrete Jitter          (DJ):    0.000ns
    Phase Error              (PE):    0.000ns

    Location             Delay type                Incr(ns)  Path(ns)    Netlist Resource(s)
  -------------------------------------------------------------------    -------------------
                         (clock clk rise edge)        0.000     0.000 r  
                                                      0.000     0.000 r  clk (IN)
                         net (fo=175, unset)          0.973     0.973    clk
                         FDRE                                         r  a1_0_reg[0]/C
  -------------------------------------------------------------------    -------------------
                         FDRE (Prop_fdre_C_Q)         0.456     1.429 r  a1_0_reg[0]/Q
                         net (fo=17, unplaced)        0.720     2.149    a0_142_in[17]
                         CARRY4 (Prop_carry4_S[1]_CO[3])
                                                      0.828     2.977 r  a0_1_reg[12]_i_6/CO[3]
                         net (fo=1, unplaced)         0.009     2.986    a0_1_reg[12]_i_6_n_0
                         CARRY4 (Prop_carry4_CI_CO[3])
                                                      0.117     3.103 r  a0_1_reg[20]_i_6/CO[3]
                         net (fo=5, unplaced)         0.848     3.951    a0_1_reg[20]_i_6_n_0
                         CARRY4 (Prop_carry4_CYINIT_CO[3])
                                                      0.595     4.546 r  a0_1_reg[24]_i_8/CO[3]
                         net (fo=1, unplaced)         0.009     4.555    a0_1_reg[24]_i_8_n_0
                         CARRY4 (Prop_carry4_CI_CO[3])
                                                      0.117     4.672 r  a0_1_reg[55]_i_7/CO[3]
                         net (fo=61, unplaced)        0.808     5.480    a0_1_reg[55]_i_7_n_0
                         LUT5 (Prop_lut5_I0_O)        0.150     5.630 r  a0_1[28]_i_5/O
                         net (fo=1, unplaced)         0.000     5.630    a0_1[28]_i_5_n_0
                         CARRY4 (Prop_carry4_DI[0]_CO[3])
                                                      0.576     6.206 r  a0_1_reg[28]_i_1/CO[3]
                         net (fo=1, unplaced)         0.000     6.206    a0_1_reg[28]_i_1_n_0
                         CARRY4 (Prop_carry4_CI_CO[3])
                                                      0.117     6.323 r  a0_1_reg[32]_i_1/CO[3]
                         net (fo=1, unplaced)         0.000     6.323    a0_1_reg[32]_i_1_n_0
                         CARRY4 (Prop_carry4_CI_CO[3])
                                                      0.117     6.440 r  a0_1_reg[36]_i_1/CO[3]
                         net (fo=1, unplaced)         0.000     6.440    a0_1_reg[36]_i_1_n_0
                         CARRY4 (Prop_carry4_CI_CO[3])
                                                      0.117     6.557 r  a0_1_reg[40]_i_1/CO[3]
                         net (fo=1, unplaced)         0.000     6.557    a0_1_reg[40]_i_1_n_0
                         CARRY4 (Prop_carry4_CI_CO[3])
                                                      0.117     6.674 r  a0_1_reg[44]_i_1/CO[3]
                         net (fo=1, unplaced)         0.000     6.674    a0_1_reg[44]_i_1_n_0
                         CARRY4 (Prop_carry4_CI_CO[3])
                                                      0.117     6.791 r  a0_1_reg[48]_i_1/CO[3]
                         net (fo=1, unplaced)         0.000     6.791    a0_1_reg[48]_i_1_n_0
                         CARRY4 (Prop_carry4_CI_CO[3])
                                                      0.117     6.908 r  a0_1_reg[52]_i_1/CO[3]
                         net (fo=1, unplaced)         0.000     6.908    a0_1_reg[52]_i_1_n_0
                         CARRY4 (Prop_carry4_CI_O[2])
                                                      0.256     7.164 r  a0_1_reg[55]_i_1/O[2]
                         net (fo=1, unplaced)         0.000     7.164    a0_1[55]
                         FDRE                                         r  a0_1_reg[55]/D
  -------------------------------------------------------------------    -------------------

                         (clock clk rise edge)        5.000     5.000 r  
                                                      0.000     5.000 r  clk (IN)
                         net (fo=175, unset)          0.924     5.924    clk
                         FDRE                                         r  a0_1_reg[55]/C
                         clock pessimism              0.000     5.924    
                         clock uncertainty           -0.035     5.889    
                         FDRE (Setup_fdre_C_D)        0.109     5.998    a0_1_reg[55]
  -------------------------------------------------------------------
                         required time                          5.998    
                         arrival time                          -7.164    
  -------------------------------------------------------------------
                         slack                                 -1.166    

Slack (VIOLATED) :        -1.142ns  (required time - arrival time)
  Source:                 a1_0_reg[0]/C
                            (rising edge-triggered cell FDRE clocked by clk  {rise@0.000ns fall@2.500ns period=5.000ns})
  Destination:            a0_1_reg[53]/D
                            (rising edge-triggered cell FDRE clocked by clk  {rise@0.000ns fall@2.500ns period=5.000ns})
  Path Group:             clk
  Path Type:              Setup (Max at Slow Process Corner)
  Requirement:            5.000ns  (clk rise@5.000ns - clk rise@0.000ns)
  Data Path Delay:        6.167ns  (logic 3.773ns (61.180%)  route 2.394ns (38.820%))
  Logic Levels:           13  (CARRY4=12 LUT5=1)
  Clock Path Skew:        -0.049ns (DCD - SCD + CPR)
    Destination Clock Delay (DCD):    0.924ns = ( 5.924 - 5.000 ) 
    Source Clock Delay      (SCD):    0.973ns
    Clock Pessimism Removal (CPR):    0.000ns
  Clock Uncertainty:      0.035ns  ((TSJ^2 + TIJ^2)^1/2 + DJ) / 2 + PE
    Total System Jitter     (TSJ):    0.071ns
    Total Input Jitter      (TIJ):    0.000ns
    Discrete Jitter          (DJ):    0.000ns
    Phase Error              (PE):    0.000ns

    Location             Delay type                Incr(ns)  Path(ns)    Netlist Resource(s)
  -------------------------------------------------------------------    -------------------
                         (clock clk rise edge)        0.000     0.000 r  
                                                      0.000     0.000 r  clk (IN)
                         net (fo=175, unset)          0.973     0.973    clk
                         FDRE                                         r  a1_0_reg[0]/C
  -------------------------------------------------------------------    -------------------
                         FDRE (Prop_fdre_C_Q)         0.456     1.429 r  a1_0_reg[0]/Q
                         net (fo=17, unplaced)        0.720     2.149    a0_142_in[17]
                         CARRY4 (Prop_carry4_S[1]_CO[3])
                                                      0.828     2.977 r  a0_1_reg[12]_i_6/CO[3]
                         net (fo=1, unplaced)         0.009     2.986    a0_1_reg[12]_i_6_n_0
                         CARRY4 (Prop_carry4_CI_CO[3])
                                                      0.117     3.103 r  a0_1_reg[20]_i_6/CO[3]
                         net (fo=5, unplaced)         0.848     3.951    a0_1_reg[20]_i_6_n_0
                         CARRY4 (Prop_carry4_CYINIT_CO[3])
                                                      0.595     4.546 r  a0_1_reg[24]_i_8/CO[3]
                         net (fo=1, unplaced)         0.009     4.555    a0_1_reg[24]_i_8_n_0
                         CARRY4 (Prop_carry4_CI_CO[3])
                                                      0.117     4.672 r  a0_1_reg[55]_i_7/CO[3]
                         net (fo=61, unplaced)        0.808     5.480    a0_1_reg[55]_i_7_n_0
                         LUT5 (Prop_lut5_I0_O)        0.150     5.630 r  a0_1[28]_i_5/O
                         net (fo=1, unplaced)         0.000     5.630    a0_1[28]_i_5_n_0
                         CARRY4 (Prop_carry4_DI[0]_CO[3])
                                                      0.576     6.206 r  a0_1_reg[28]_i_1/CO[3]
                         net (fo=1, unplaced)         0.000     6.206    a0_1_reg[28]_i_1_n_0
                         CARRY4 (Prop_carry4_CI_CO[3])
                                                      0.117     6.323 r  a0_1_reg[32]_i_1/CO[3]
                         net (fo=1, unplaced)         0.000     6.323    a0_1_reg[32]_i_1_n_0
                         CARRY4 (Prop_carry4_CI_CO[3])
                                                      0.117     6.440 r  a0_1_reg[36]_i_1/CO[3]
                         net (fo=1, unplaced)         0.000     6.440    a0_1_reg[36]_i_1_n_0
                         CARRY4 (Prop_carry4_CI_CO[3])
                                                      0.117     6.557 r  a0_1_reg[40]_i_1/CO[3]
                         net (fo=1, unplaced)         0.000     6.557    a0_1_reg[40]_i_1_n_0
                         CARRY4 (Prop_carry4_CI_CO[3])
                                                      0.117     6.674 r  a0_1_reg[44]_i_1/CO[3]
                         net (fo=1, unplaced)         0.000     6.674    a0_1_reg[44]_i_1_n_0
                         CARRY4 (Prop_carry4_CI_CO[3])
                                                      0.117     6.791 r  a0_1_reg[48]_i_1/CO[3]
                         net (fo=1, unplaced)         0.000     6.791    a0_1_reg[48]_i_1_n_0
                         CARRY4 (Prop_carry4_CI_CO[3])
                                                      0.117     6.908 r  a0_1_reg[52]_i_1/CO[3]
                         net (fo=1, unplaced)         0.000     6.908    a0_1_reg[52]_i_1_n_0
                         CARRY4 (Prop_carry4_CI_O[0])
                                                      0.232     7.140 r  a0_1_reg[55]_i_1/O[0]
                         net (fo=1, unplaced)         0.000     7.140    a0_1[53]
                         FDRE                                         r  a0_1_reg[53]/D
  -------------------------------------------------------------------    -------------------

                         (clock clk rise edge)        5.000     5.000 r  
                                                      0.000     5.000 r  clk (IN)
                         net (fo=175, unset)          0.924     5.924    clk
                         FDRE                                         r  a0_1_reg[53]/C
                         clock pessimism              0.000     5.924    
                         clock uncertainty           -0.035     5.889    
                         FDRE (Setup_fdre_C_D)        0.109     5.998    a0_1_reg[53]
  -------------------------------------------------------------------
                         required time                          5.998    
                         arrival time                          -7.140    
  -------------------------------------------------------------------
                         slack                                 -1.142    

Slack (VIOLATED) :        -1.130ns  (required time - arrival time)
  Source:                 a1_0_reg[0]/C
                            (rising edge-triggered cell FDRE clocked by clk  {rise@0.000ns fall@2.500ns period=5.000ns})
  Destination:            a0_1_reg[50]/D
                            (rising edge-triggered cell FDRE clocked by clk  {rise@0.000ns fall@2.500ns period=5.000ns})
  Path Group:             clk
  Path Type:              Setup (Max at Slow Process Corner)
  Requirement:            5.000ns  (clk rise@5.000ns - clk rise@0.000ns)
  Data Path Delay:        6.155ns  (logic 3.761ns (61.105%)  route 2.394ns (38.895%))
  Logic Levels:           12  (CARRY4=11 LUT5=1)
  Clock Path Skew:        -0.049ns (DCD - SCD + CPR)
    Destination Clock Delay (DCD):    0.924ns = ( 5.924 - 5.000 ) 
    Source Clock Delay      (SCD):    0.973ns
    Clock Pessimism Removal (CPR):    0.000ns
  Clock Uncertainty:      0.035ns  ((TSJ^2 + TIJ^2)^1/2 + DJ) / 2 + PE
    Total System Jitter     (TSJ):    0.071ns
    Total Input Jitter      (TIJ):    0.000ns
    Discrete Jitter          (DJ):    0.000ns
    Phase Error              (PE):    0.000ns

    Location             Delay type                Incr(ns)  Path(ns)    Netlist Resource(s)
  -------------------------------------------------------------------    -------------------
                         (clock clk rise edge)        0.000     0.000 r  
                                                      0.000     0.000 r  clk (IN)
                         net (fo=175, unset)          0.973     0.973    clk
                         FDRE                                         r  a1_0_reg[0]/C
  -------------------------------------------------------------------    -------------------
                         FDRE (Prop_fdre_C_Q)         0.456     1.429 r  a1_0_reg[0]/Q
                         net (fo=17, unplaced)        0.720     2.149    a0_142_in[17]
                         CARRY4 (Prop_carry4_S[1]_CO[3])
                                                      0.828     2.977 r  a0_1_reg[12]_i_6/CO[3]
                         net (fo=1, unplaced)         0.009     2.986    a0_1_reg[12]_i_6_n_0
                         CARRY4 (Prop_carry4_CI_CO[3])
                                                      0.117     3.103 r  a0_1_reg[20]_i_6/CO[3]
                         net (fo=5, unplaced)         0.848     3.951    a0_1_reg[20]_i_6_n_0
                         CARRY4 (Prop_carry4_CYINIT_CO[3])
                                                      0.595     4.546 r  a0_1_reg[24]_i_8/CO[3]
                         net (fo=1, unplaced)         0.009     4.555    a0_1_reg[24]_i_8_n_0
                         CARRY4 (Prop_carry4_CI_CO[3])
                                                      0.117     4.672 r  a0_1_reg[55]_i_7/CO[3]
                         net (fo=61, unplaced)        0.808     5.480    a0_1_reg[55]_i_7_n_0
                         LUT5 (Prop_lut5_I0_O)        0.150     5.630 r  a0_1[28]_i_5/O
                         net (fo=1, unplaced)         0.000     5.630    a0_1[28]_i_5_n_0
                         CARRY4 (Prop_carry4_DI[0]_CO[3])
                                                      0.576     6.206 r  a0_1_reg[28]_i_1/CO[3]
                         net (fo=1, unplaced)         0.000     6.206    a0_1_reg[28]_i_1_n_0
                         CARRY4 (Prop_carry4_CI_CO[3])
                                                      0.117     6.323 r  a0_1_reg[32]_i_1/CO[3]
                         net (fo=1, unplaced)         0.000     6.323    a0_1_reg[32]_i_1_n_0
                         CARRY4 (Prop_carry4_CI_CO[3])
                                                      0.117     6.440 r  a0_1_reg[36]_i_1/CO[3]
                         net (fo=1, unplaced)         0.000     6.440    a0_1_reg[36]_i_1_n_0
                         CARRY4 (Prop_carry4_CI_CO[3])
                                                      0.117     6.557 r  a0_1_reg[40]_i_1/CO[3]
                         net (fo=1, unplaced)         0.000     6.557    a0_1_reg[40]_i_1_n_0
                         CARRY4 (Prop_carry4_CI_CO[3])
                                                      0.117     6.674 r  a0_1_reg[44]_i_1/CO[3]
                         net (fo=1, unplaced)         0.000     6.674    a0_1_reg[44]_i_1_n_0
                         CARRY4 (Prop_carry4_CI_CO[3])
                                                      0.117     6.791 r  a0_1_reg[48]_i_1/CO[3]
                         net (fo=1, unplaced)         0.000     6.791    a0_1_reg[48]_i_1_n_0
                         CARRY4 (Prop_carry4_CI_O[1])
                                                      0.337     7.128 r  a0_1_reg[52]_i_1/O[1]
                         net (fo=1, unplaced)         0.000     7.128    a0_1[50]
                         FDRE                                         r  a0_1_reg[50]/D
  -------------------------------------------------------------------    -------------------

                         (clock clk rise edge)        5.000     5.000 r  
                                                      0.000     5.000 r  clk (IN)
                         net (fo=175, unset)          0.924     5.924    clk
                         FDRE                                         r  a0_1_reg[50]/C
                         clock pessimism              0.000     5.924    
                         clock uncertainty           -0.035     5.889    
                         FDRE (Setup_fdre_C_D)        0.109     5.998    a0_1_reg[50]
  -------------------------------------------------------------------
                         required time                          5.998    
                         arrival time                          -7.128    
  -------------------------------------------------------------------
                         slack                                 -1.130    

Slack (VIOLATED) :        -1.124ns  (required time - arrival time)
  Source:                 a1_0_reg[0]/C
                            (rising edge-triggered cell FDRE clocked by clk  {rise@0.000ns fall@2.500ns period=5.000ns})
  Destination:            a0_1_reg[52]/D
                            (rising edge-triggered cell FDRE clocked by clk  {rise@0.000ns fall@2.500ns period=5.000ns})
  Path Group:             clk
  Path Type:              Setup (Max at Slow Process Corner)
  Requirement:            5.000ns  (clk rise@5.000ns - clk rise@0.000ns)
  Data Path Delay:        6.149ns  (logic 3.755ns (61.067%)  route 2.394ns (38.933%))
  Logic Levels:           12  (CARRY4=11 LUT5=1)
  Clock Path Skew:        -0.049ns (DCD - SCD + CPR)
    Destination Clock Delay (DCD):    0.924ns = ( 5.924 - 5.000 ) 
    Source Clock Delay      (SCD):    0.973ns
    Clock Pessimism Removal (CPR):    0.000ns
  Clock Uncertainty:      0.035ns  ((TSJ^2 + TIJ^2)^1/2 + DJ) / 2 + PE
    Total System Jitter     (TSJ):    0.071ns
    Total Input Jitter      (TIJ):    0.000ns
    Discrete Jitter          (DJ):    0.000ns
    Phase Error              (PE):    0.000ns

    Location             Delay type                Incr(ns)  Path(ns)    Netlist Resource(s)
  -------------------------------------------------------------------    -------------------
                         (clock clk rise edge)        0.000     0.000 r  
                                                      0.000     0.000 r  clk (IN)
                         net (fo=175, unset)          0.973     0.973    clk
                         FDRE                                         r  a1_0_reg[0]/C
  -------------------------------------------------------------------    -------------------
                         FDRE (Prop_fdre_C_Q)         0.456     1.429 r  a1_0_reg[0]/Q
                         net (fo=17, unplaced)        0.720     2.149    a0_142_in[17]
                         CARRY4 (Prop_carry4_S[1]_CO[3])
                                                      0.828     2.977 r  a0_1_reg[12]_i_6/CO[3]
                         net (fo=1, unplaced)         0.009     2.986    a0_1_reg[12]_i_6_n_0
                         CARRY4 (Prop_carry4_CI_CO[3])
                                                      0.117     3.103 r  a0_1_reg[20]_i_6/CO[3]
                         net (fo=5, unplaced)         0.848     3.951    a0_1_reg[20]_i_6_n_0
                         CARRY4 (Prop_carry4_CYINIT_CO[3])
                                                      0.595     4.546 r  a0_1_reg[24]_i_8/CO[3]
                         net (fo=1, unplaced)         0.009     4.555    a0_1_reg[24]_i_8_n_0
                         CARRY4 (Prop_carry4_CI_CO[3])
                                                      0.117     4.672 r  a0_1_reg[55]_i_7/CO[3]
                         net (fo=61, unplaced)        0.808     5.480    a0_1_reg[55]_i_7_n_0
                         LUT5 (Prop_lut5_I0_O)        0.150     5.630 r  a0_1[28]_i_5/O
                         net (fo=1, unplaced)         0.000     5.630    a0_1[28]_i_5_n_0
                         CARRY4 (Prop_carry4_DI[0]_CO[3])
                                                      0.576     6.206 r  a0_1_reg[28]_i_1/CO[3]
                         net (fo=1, unplaced)         0.000     6.206    a0_1_reg[28]_i_1_n_0
                         CARRY4 (Prop_carry4_CI_CO[3])
                                                      0.117     6.323 r  a0_1_reg[32]_i_1/CO[3]
                         net (fo=1, unplaced)         0.000     6.323    a0_1_reg[32]_i_1_n_0
                         CARRY4 (Prop_carry4_CI_CO[3])
                                                      0.117     6.440 r  a0_1_reg[36]_i_1/CO[3]
                         net (fo=1, unplaced)         0.000     6.440    a0_1_reg[36]_i_1_n_0
                         CARRY4 (Prop_carry4_CI_CO[3])
                                                      0.117     6.557 r  a0_1_reg[40]_i_1/CO[3]
                         net (fo=1, unplaced)         0.000     6.557    a0_1_reg[40]_i_1_n_0
                         CARRY4 (Prop_carry4_CI_CO[3])
                                                      0.117     6.674 r  a0_1_reg[44]_i_1/CO[3]
                         net (fo=1, unplaced)         0.000     6.674    a0_1_reg[44]_i_1_n_0
                         CARRY4 (Prop_carry4_CI_CO[3])
                                                      0.117     6.791 r  a0_1_reg[48]_i_1/CO[3]
                         net (fo=1, unplaced)         0.000     6.791    a0_1_reg[48]_i_1_n_0
                         CARRY4 (Prop_carry4_CI_O[3])
                                                      0.331     7.122 r  a0_1_reg[52]_i_1/O[3]
                         net (fo=1, unplaced)         0.000     7.122    a0_1[52]
                         FDRE                                         r  a0_1_reg[52]/D
  -------------------------------------------------------------------    -------------------

                         (clock clk rise edge)        5.000     5.000 r  
                                                      0.000     5.000 r  clk (IN)
                         net (fo=175, unset)          0.924     5.924    clk
                         FDRE                                         r  a0_1_reg[52]/C
                         clock pessimism              0.000     5.924    
                         clock uncertainty           -0.035     5.889    
                         FDRE (Setup_fdre_C_D)        0.109     5.998    a0_1_reg[52]
  -------------------------------------------------------------------
                         required time                          5.998    
                         arrival time                          -7.122    
  -------------------------------------------------------------------
                         slack                                 -1.124    

Slack (VIOLATED) :        -1.049ns  (required time - arrival time)
  Source:                 a1_0_reg[0]/C
                            (rising edge-triggered cell FDRE clocked by clk  {rise@0.000ns fall@2.500ns period=5.000ns})
  Destination:            a0_1_reg[51]/D
                            (rising edge-triggered cell FDRE clocked by clk  {rise@0.000ns fall@2.500ns period=5.000ns})
  Path Group:             clk
  Path Type:              Setup (Max at Slow Process Corner)
  Requirement:            5.000ns  (clk rise@5.000ns - clk rise@0.000ns)
  Data Path Delay:        6.074ns  (logic 3.680ns (60.586%)  route 2.394ns (39.414%))
  Logic Levels:           12  (CARRY4=11 LUT5=1)
  Clock Path Skew:        -0.049ns (DCD - SCD + CPR)
    Destination Clock Delay (DCD):    0.924ns = ( 5.924 - 5.000 ) 
    Source Clock Delay      (SCD):    0.973ns
    Clock Pessimism Removal (CPR):    0.000ns
  Clock Uncertainty:      0.035ns  ((TSJ^2 + TIJ^2)^1/2 + DJ) / 2 + PE
    Total System Jitter     (TSJ):    0.071ns
    Total Input Jitter      (TIJ):    0.000ns
    Discrete Jitter          (DJ):    0.000ns
    Phase Error              (PE):    0.000ns

    Location             Delay type                Incr(ns)  Path(ns)    Netlist Resource(s)
  -------------------------------------------------------------------    -------------------
                         (clock clk rise edge)        0.000     0.000 r  
                                                      0.000     0.000 r  clk (IN)
                         net (fo=175, unset)          0.973     0.973    clk
                         FDRE                                         r  a1_0_reg[0]/C
  -------------------------------------------------------------------    -------------------
                         FDRE (Prop_fdre_C_Q)         0.456     1.429 r  a1_0_reg[0]/Q
                         net (fo=17, unplaced)        0.720     2.149    a0_142_in[17]
                         CARRY4 (Prop_carry4_S[1]_CO[3])
                                                      0.828     2.977 r  a0_1_reg[12]_i_6/CO[3]
                         net (fo=1, unplaced)         0.009     2.986    a0_1_reg[12]_i_6_n_0
                         CARRY4 (Prop_carry4_CI_CO[3])
                                                      0.117     3.103 r  a0_1_reg[20]_i_6/CO[3]
                         net (fo=5, unplaced)         0.848     3.951    a0_1_reg[20]_i_6_n_0
                         CARRY4 (Prop_carry4_CYINIT_CO[3])
                                                      0.595     4.546 r  a0_1_reg[24]_i_8/CO[3]
                         net (fo=1, unplaced)         0.009     4.555    a0_1_reg[24]_i_8_n_0
                         CARRY4 (Prop_carry4_CI_CO[3])
                                                      0.117     4.672 r  a0_1_reg[55]_i_7/CO[3]
                         net (fo=61, unplaced)        0.808     5.480    a0_1_reg[55]_i_7_n_0
                         LUT5 (Prop_lut5_I0_O)        0.150     5.630 r  a0_1[28]_i_5/O
                         net (fo=1, unplaced)         0.000     5.630    a0_1[28]_i_5_n_0
                         CARRY4 (Prop_carry4_DI[0]_CO[3])
                                                      0.576     6.206 r  a0_1_reg[28]_i_1/CO[3]
                         net (fo=1, unplaced)         0.000     6.206    a0_1_reg[28]_i_1_n_0
                         CARRY4 (Prop_carry4_CI_CO[3])
                                                      0.117     6.323 r  a0_1_reg[32]_i_1/CO[3]
                         net (fo=1, unplaced)         0.000     6.323    a0_1_reg[32]_i_1_n_0
                         CARRY4 (Prop_carry4_CI_CO[3])
                                                      0.117     6.440 r  a0_1_reg[36]_i_1/CO[3]
                         net (fo=1, unplaced)         0.000     6.440    a0_1_reg[36]_i_1_n_0
                         CARRY4 (Prop_carry4_CI_CO[3])
                                                      0.117     6.557 r  a0_1_reg[40]_i_1/CO[3]
                         net (fo=1, unplaced)         0.000     6.557    a0_1_reg[40]_i_1_n_0
                         CARRY4 (Prop_carry4_CI_CO[3])
                                                      0.117     6.674 r  a0_1_reg[44]_i_1/CO[3]
                         net (fo=1, unplaced)         0.000     6.674    a0_1_reg[44]_i_1_n_0
                         CARRY4 (Prop_carry4_CI_CO[3])
                                                      0.117     6.791 r  a0_1_reg[48]_i_1/CO[3]
                         net (fo=1, unplaced)         0.000     6.791    a0_1_reg[48]_i_1_n_0
                         CARRY4 (Prop_carry4_CI_O[2])
                                                      0.256     7.047 r  a0_1_reg[52]_i_1/O[2]
                         net (fo=1, unplaced)         0.000     7.047    a0_1[51]
                         FDRE                                         r  a0_1_reg[51]/D
  -------------------------------------------------------------------    -------------------

                         (clock clk rise edge)        5.000     5.000 r  
                                                      0.000     5.000 r  clk (IN)
                         net (fo=175, unset)          0.924     5.924    clk
                         FDRE                                         r  a0_1_reg[51]/C
                         clock pessimism              0.000     5.924    
                         clock uncertainty           -0.035     5.889    
                         FDRE (Setup_fdre_C_D)        0.109     5.998    a0_1_reg[51]
  -------------------------------------------------------------------
                         required time                          5.998    
                         arrival time                          -7.047    
  -------------------------------------------------------------------
                         slack                                 -1.049    

Slack (VIOLATED) :        -1.025ns  (required time - arrival time)
  Source:                 a1_0_reg[0]/C
                            (rising edge-triggered cell FDRE clocked by clk  {rise@0.000ns fall@2.500ns period=5.000ns})
  Destination:            a0_1_reg[49]/D
                            (rising edge-triggered cell FDRE clocked by clk  {rise@0.000ns fall@2.500ns period=5.000ns})
  Path Group:             clk
  Path Type:              Setup (Max at Slow Process Corner)
  Requirement:            5.000ns  (clk rise@5.000ns - clk rise@0.000ns)
  Data Path Delay:        6.050ns  (logic 3.656ns (60.430%)  route 2.394ns (39.570%))
  Logic Levels:           12  (CARRY4=11 LUT5=1)
  Clock Path Skew:        -0.049ns (DCD - SCD + CPR)
    Destination Clock Delay (DCD):    0.924ns = ( 5.924 - 5.000 ) 
    Source Clock Delay      (SCD):    0.973ns
    Clock Pessimism Removal (CPR):    0.000ns
  Clock Uncertainty:      0.035ns  ((TSJ^2 + TIJ^2)^1/2 + DJ) / 2 + PE
    Total System Jitter     (TSJ):    0.071ns
    Total Input Jitter      (TIJ):    0.000ns
    Discrete Jitter          (DJ):    0.000ns
    Phase Error              (PE):    0.000ns

    Location             Delay type                Incr(ns)  Path(ns)    Netlist Resource(s)
  -------------------------------------------------------------------    -------------------
                         (clock clk rise edge)        0.000     0.000 r  
                                                      0.000     0.000 r  clk (IN)
                         net (fo=175, unset)          0.973     0.973    clk
                         FDRE                                         r  a1_0_reg[0]/C
  -------------------------------------------------------------------    -------------------
                         FDRE (Prop_fdre_C_Q)         0.456     1.429 r  a1_0_reg[0]/Q
                         net (fo=17, unplaced)        0.720     2.149    a0_142_in[17]
                         CARRY4 (Prop_carry4_S[1]_CO[3])
                                                      0.828     2.977 r  a0_1_reg[12]_i_6/CO[3]
                         net (fo=1, unplaced)         0.009     2.986    a0_1_reg[12]_i_6_n_0
                         CARRY4 (Prop_carry4_CI_CO[3])
                                                      0.117     3.103 r  a0_1_reg[20]_i_6/CO[3]
                         net (fo=5, unplaced)         0.848     3.951    a0_1_reg[20]_i_6_n_0
                         CARRY4 (Prop_carry4_CYINIT_CO[3])
                                                      0.595     4.546 r  a0_1_reg[24]_i_8/CO[3]
                         net (fo=1, unplaced)         0.009     4.555    a0_1_reg[24]_i_8_n_0
                         CARRY4 (Prop_carry4_CI_CO[3])
                                                      0.117     4.672 r  a0_1_reg[55]_i_7/CO[3]
                         net (fo=61, unplaced)        0.808     5.480    a0_1_reg[55]_i_7_n_0
                         LUT5 (Prop_lut5_I0_O)        0.150     5.630 r  a0_1[28]_i_5/O
                         net (fo=1, unplaced)         0.000     5.630    a0_1[28]_i_5_n_0
                         CARRY4 (Prop_carry4_DI[0]_CO[3])
                                                      0.576     6.206 r  a0_1_reg[28]_i_1/CO[3]
                         net (fo=1, unplaced)         0.000     6.206    a0_1_reg[28]_i_1_n_0
                         CARRY4 (Prop_carry4_CI_CO[3])
                                                      0.117     6.323 r  a0_1_reg[32]_i_1/CO[3]
                         net (fo=1, unplaced)         0.000     6.323    a0_1_reg[32]_i_1_n_0
                         CARRY4 (Prop_carry4_CI_CO[3])
                                                      0.117     6.440 r  a0_1_reg[36]_i_1/CO[3]
                         net (fo=1, unplaced)         0.000     6.440    a0_1_reg[36]_i_1_n_0
                         CARRY4 (Prop_carry4_CI_CO[3])
                                                      0.117     6.557 r  a0_1_reg[40]_i_1/CO[3]
                         net (fo=1, unplaced)         0.000     6.557    a0_1_reg[40]_i_1_n_0
                         CARRY4 (Prop_carry4_CI_CO[3])
                                                      0.117     6.674 r  a0_1_reg[44]_i_1/CO[3]
                         net (fo=1, unplaced)         0.000     6.674    a0_1_reg[44]_i_1_n_0
                         CARRY4 (Prop_carry4_CI_CO[3])
                                                      0.117     6.791 r  a0_1_reg[48]_i_1/CO[3]
                         net (fo=1, unplaced)         0.000     6.791    a0_1_reg[48]_i_1_n_0
                         CARRY4 (Prop_carry4_CI_O[0])
                                                      0.232     7.023 r  a0_1_reg[52]_i_1/O[0]
                         net (fo=1, unplaced)         0.000     7.023    a0_1[49]
                         FDRE                                         r  a0_1_reg[49]/D
  -------------------------------------------------------------------    -------------------

                         (clock clk rise edge)        5.000     5.000 r  
                                                      0.000     5.000 r  clk (IN)
                         net (fo=175, unset)          0.924     5.924    clk
                         FDRE                                         r  a0_1_reg[49]/C
                         clock pessimism              0.000     5.924    
                         clock uncertainty           -0.035     5.889    
                         FDRE (Setup_fdre_C_D)        0.109     5.998    a0_1_reg[49]
  -------------------------------------------------------------------
                         required time                          5.998    
                         arrival time                          -7.023    
  -------------------------------------------------------------------
                         slack                                 -1.025    

Slack (VIOLATED) :        -1.023ns  (required time - arrival time)
  Source:                 di_buffer_reg[2]/C
                            (rising edge-triggered cell FDRE clocked by clk  {rise@0.000ns fall@2.500ns period=5.000ns})
  Destination:            a1_0_reg[0]/D
                            (rising edge-triggered cell FDRE clocked by clk  {rise@0.000ns fall@2.500ns period=5.000ns})
  Path Group:             clk
  Path Type:              Setup (Max at Slow Process Corner)
  Requirement:            5.000ns  (clk rise@5.000ns - clk rise@0.000ns)
  Data Path Delay:        5.968ns  (logic 1.911ns (32.021%)  route 4.057ns (67.979%))
  Logic Levels:           8  (LUT5=1 LUT6=5 MUXF7=1 MUXF8=1)
  Clock Path Skew:        -0.049ns (DCD - SCD + CPR)
    Destination Clock Delay (DCD):    0.924ns = ( 5.924 - 5.000 ) 
    Source Clock Delay      (SCD):    0.973ns
    Clock Pessimism Removal (CPR):    0.000ns
  Clock Uncertainty:      0.035ns  ((TSJ^2 + TIJ^2)^1/2 + DJ) / 2 + PE
    Total System Jitter     (TSJ):    0.071ns
    Total Input Jitter      (TIJ):    0.000ns
    Discrete Jitter          (DJ):    0.000ns
    Phase Error              (PE):    0.000ns

    Location             Delay type                Incr(ns)  Path(ns)    Netlist Resource(s)
  -------------------------------------------------------------------    -------------------
                         (clock clk rise edge)        0.000     0.000 r  
                                                      0.000     0.000 r  clk (IN)
                         net (fo=175, unset)          0.973     0.973    clk
                         FDRE                                         r  di_buffer_reg[2]/C
  -------------------------------------------------------------------    -------------------
                         FDRE (Prop_fdre_C_Q)         0.456     1.429 r  di_buffer_reg[2]/Q
                         net (fo=3, unplaced)         0.983     2.412    di_buffer[2]
                         LUT6 (Prop_lut6_I0_O)        0.295     2.707 r  a1_0[5]_i_10/O
                         net (fo=5, unplaced)         0.477     3.184    a1_0[5]_i_10_n_0
                         LUT6 (Prop_lut6_I2_O)        0.124     3.308 r  a1_0[5]_i_8/O
                         net (fo=29, unplaced)        0.518     3.826    a1_0[5]_i_8_n_0
                         LUT6 (Prop_lut6_I2_O)        0.124     3.950 r  a1_0[0]_i_58/O
                         net (fo=2, unplaced)         0.913     4.863    a1_0[0]_i_58_n_0
                         LUT6 (Prop_lut6_I0_O)        0.124     4.987 r  a1_0[0]_i_29/O
                         net (fo=1, unplaced)         0.000     4.987    a1_0[0]_i_29_n_0
                         MUXF7 (Prop_muxf7_I1_O)      0.247     5.234 r  a1_0_reg[0]_i_12/O
                         net (fo=1, unplaced)         0.000     5.234    a1_0_reg[0]_i_12_n_0
                         MUXF8 (Prop_muxf8_I0_O)      0.098     5.332 r  a1_0_reg[0]_i_4/O
                         net (fo=1, unplaced)         0.717     6.049    a1_0_reg[0]_i_4_n_0
                         LUT6 (Prop_lut6_I0_O)        0.319     6.368 r  a1_0[0]_i_2/O
                         net (fo=1, unplaced)         0.449     6.817    a1_0[0]_i_2_n_0
                         LUT5 (Prop_lut5_I2_O)        0.124     6.941 r  a1_0[0]_i_1/O
                         net (fo=1, unplaced)         0.000     6.941    map1_out[0]
                         FDRE                                         r  a1_0_reg[0]/D
  -------------------------------------------------------------------    -------------------

                         (clock clk rise edge)        5.000     5.000 r  
                                                      0.000     5.000 r  clk (IN)
                         net (fo=175, unset)          0.924     5.924    clk
                         FDRE                                         r  a1_0_reg[0]/C
                         clock pessimism              0.000     5.924    
                         clock uncertainty           -0.035     5.889    
                         FDRE (Setup_fdre_C_D)        0.029     5.918    a1_0_reg[0]
  -------------------------------------------------------------------
                         required time                          5.918    
                         arrival time                          -6.941    
  -------------------------------------------------------------------
                         slack                                 -1.023    

Slack (VIOLATED) :        -1.013ns  (required time - arrival time)
  Source:                 a1_0_reg[0]/C
                            (rising edge-triggered cell FDRE clocked by clk  {rise@0.000ns fall@2.500ns period=5.000ns})
  Destination:            a0_1_reg[46]/D
                            (rising edge-triggered cell FDRE clocked by clk  {rise@0.000ns fall@2.500ns period=5.000ns})
  Path Group:             clk
  Path Type:              Setup (Max at Slow Process Corner)
  Requirement:            5.000ns  (clk rise@5.000ns - clk rise@0.000ns)
  Data Path Delay:        6.038ns  (logic 3.644ns (60.351%)  route 2.394ns (39.649%))
  Logic Levels:           11  (CARRY4=10 LUT5=1)
  Clock Path Skew:        -0.049ns (DCD - SCD + CPR)
    Destination Clock Delay (DCD):    0.924ns = ( 5.924 - 5.000 ) 
    Source Clock Delay      (SCD):    0.973ns
    Clock Pessimism Removal (CPR):    0.000ns
  Clock Uncertainty:      0.035ns  ((TSJ^2 + TIJ^2)^1/2 + DJ) / 2 + PE
    Total System Jitter     (TSJ):    0.071ns
    Total Input Jitter      (TIJ):    0.000ns
    Discrete Jitter          (DJ):    0.000ns
    Phase Error              (PE):    0.000ns

    Location             Delay type                Incr(ns)  Path(ns)    Netlist Resource(s)
  -------------------------------------------------------------------    -------------------
                         (clock clk rise edge)        0.000     0.000 r  
                                                      0.000     0.000 r  clk (IN)
                         net (fo=175, unset)          0.973     0.973    clk
                         FDRE                                         r  a1_0_reg[0]/C
  -------------------------------------------------------------------    -------------------
                         FDRE (Prop_fdre_C_Q)         0.456     1.429 r  a1_0_reg[0]/Q
                         net (fo=17, unplaced)        0.720     2.149    a0_142_in[17]
                         CARRY4 (Prop_carry4_S[1]_CO[3])
                                                      0.828     2.977 r  a0_1_reg[12]_i_6/CO[3]
                         net (fo=1, unplaced)         0.009     2.986    a0_1_reg[12]_i_6_n_0
                         CARRY4 (Prop_carry4_CI_CO[3])
                                                      0.117     3.103 r  a0_1_reg[20]_i_6/CO[3]
                         net (fo=5, unplaced)         0.848     3.951    a0_1_reg[20]_i_6_n_0
                         CARRY4 (Prop_carry4_CYINIT_CO[3])
                                                      0.595     4.546 r  a0_1_reg[24]_i_8/CO[3]
                         net (fo=1, unplaced)         0.009     4.555    a0_1_reg[24]_i_8_n_0
                         CARRY4 (Prop_carry4_CI_CO[3])
                                                      0.117     4.672 r  a0_1_reg[55]_i_7/CO[3]
                         net (fo=61, unplaced)        0.808     5.480    a0_1_reg[55]_i_7_n_0
                         LUT5 (Prop_lut5_I0_O)        0.150     5.630 r  a0_1[28]_i_5/O
                         net (fo=1, unplaced)         0.000     5.630    a0_1[28]_i_5_n_0
                         CARRY4 (Prop_carry4_DI[0]_CO[3])
                                                      0.576     6.206 r  a0_1_reg[28]_i_1/CO[3]
                         net (fo=1, unplaced)         0.000     6.206    a0_1_reg[28]_i_1_n_0
                         CARRY4 (Prop_carry4_CI_CO[3])
                                                      0.117     6.323 r  a0_1_reg[32]_i_1/CO[3]
                         net (fo=1, unplaced)         0.000     6.323    a0_1_reg[32]_i_1_n_0
                         CARRY4 (Prop_carry4_CI_CO[3])
                                                      0.117     6.440 r  a0_1_reg[36]_i_1/CO[3]
                         net (fo=1, unplaced)         0.000     6.440    a0_1_reg[36]_i_1_n_0
                         CARRY4 (Prop_carry4_CI_CO[3])
                                                      0.117     6.557 r  a0_1_reg[40]_i_1/CO[3]
                         net (fo=1, unplaced)         0.000     6.557    a0_1_reg[40]_i_1_n_0
                         CARRY4 (Prop_carry4_CI_CO[3])
                                                      0.117     6.674 r  a0_1_reg[44]_i_1/CO[3]
                         net (fo=1, unplaced)         0.000     6.674    a0_1_reg[44]_i_1_n_0
                         CARRY4 (Prop_carry4_CI_O[1])
                                                      0.337     7.011 r  a0_1_reg[48]_i_1/O[1]
                         net (fo=1, unplaced)         0.000     7.011    a0_1[46]
                         FDRE                                         r  a0_1_reg[46]/D
  -------------------------------------------------------------------    -------------------

                         (clock clk rise edge)        5.000     5.000 r  
                                                      0.000     5.000 r  clk (IN)
                         net (fo=175, unset)          0.924     5.924    clk
                         FDRE                                         r  a0_1_reg[46]/C
                         clock pessimism              0.000     5.924    
                         clock uncertainty           -0.035     5.889    
                         FDRE (Setup_fdre_C_D)        0.109     5.998    a0_1_reg[46]
  -------------------------------------------------------------------
                         required time                          5.998    
                         arrival time                          -7.011    
  -------------------------------------------------------------------
                         slack                                 -1.013    

Slack (VIOLATED) :        -1.007ns  (required time - arrival time)
  Source:                 a1_0_reg[0]/C
                            (rising edge-triggered cell FDRE clocked by clk  {rise@0.000ns fall@2.500ns period=5.000ns})
  Destination:            a0_1_reg[48]/D
                            (rising edge-triggered cell FDRE clocked by clk  {rise@0.000ns fall@2.500ns period=5.000ns})
  Path Group:             clk
  Path Type:              Setup (Max at Slow Process Corner)
  Requirement:            5.000ns  (clk rise@5.000ns - clk rise@0.000ns)
  Data Path Delay:        6.032ns  (logic 3.638ns (60.312%)  route 2.394ns (39.688%))
  Logic Levels:           11  (CARRY4=10 LUT5=1)
  Clock Path Skew:        -0.049ns (DCD - SCD + CPR)
    Destination Clock Delay (DCD):    0.924ns = ( 5.924 - 5.000 ) 
    Source Clock Delay      (SCD):    0.973ns
    Clock Pessimism Removal (CPR):    0.000ns
  Clock Uncertainty:      0.035ns  ((TSJ^2 + TIJ^2)^1/2 + DJ) / 2 + PE
    Total System Jitter     (TSJ):    0.071ns
    Total Input Jitter      (TIJ):    0.000ns
    Discrete Jitter          (DJ):    0.000ns
    Phase Error              (PE):    0.000ns

    Location             Delay type                Incr(ns)  Path(ns)    Netlist Resource(s)
  -------------------------------------------------------------------    -------------------
                         (clock clk rise edge)        0.000     0.000 r  
                                                      0.000     0.000 r  clk (IN)
                         net (fo=175, unset)          0.973     0.973    clk
                         FDRE                                         r  a1_0_reg[0]/C
  -------------------------------------------------------------------    -------------------
                         FDRE (Prop_fdre_C_Q)         0.456     1.429 r  a1_0_reg[0]/Q
                         net (fo=17, unplaced)        0.720     2.149    a0_142_in[17]
                         CARRY4 (Prop_carry4_S[1]_CO[3])
                                                      0.828     2.977 r  a0_1_reg[12]_i_6/CO[3]
                         net (fo=1, unplaced)         0.009     2.986    a0_1_reg[12]_i_6_n_0
                         CARRY4 (Prop_carry4_CI_CO[3])
                                                      0.117     3.103 r  a0_1_reg[20]_i_6/CO[3]
                         net (fo=5, unplaced)         0.848     3.951    a0_1_reg[20]_i_6_n_0
                         CARRY4 (Prop_carry4_CYINIT_CO[3])
                                                      0.595     4.546 r  a0_1_reg[24]_i_8/CO[3]
                         net (fo=1, unplaced)         0.009     4.555    a0_1_reg[24]_i_8_n_0
                         CARRY4 (Prop_carry4_CI_CO[3])
                                                      0.117     4.672 r  a0_1_reg[55]_i_7/CO[3]
                         net (fo=61, unplaced)        0.808     5.480    a0_1_reg[55]_i_7_n_0
                         LUT5 (Prop_lut5_I0_O)        0.150     5.630 r  a0_1[28]_i_5/O
                         net (fo=1, unplaced)         0.000     5.630    a0_1[28]_i_5_n_0
                         CARRY4 (Prop_carry4_DI[0]_CO[3])
                                                      0.576     6.206 r  a0_1_reg[28]_i_1/CO[3]
                         net (fo=1, unplaced)         0.000     6.206    a0_1_reg[28]_i_1_n_0
                         CARRY4 (Prop_carry4_CI_CO[3])
                                                      0.117     6.323 r  a0_1_reg[32]_i_1/CO[3]
                         net (fo=1, unplaced)         0.000     6.323    a0_1_reg[32]_i_1_n_0
                         CARRY4 (Prop_carry4_CI_CO[3])
                                                      0.117     6.440 r  a0_1_reg[36]_i_1/CO[3]
                         net (fo=1, unplaced)         0.000     6.440    a0_1_reg[36]_i_1_n_0
                         CARRY4 (Prop_carry4_CI_CO[3])
                                                      0.117     6.557 r  a0_1_reg[40]_i_1/CO[3]
                         net (fo=1, unplaced)         0.000     6.557    a0_1_reg[40]_i_1_n_0
                         CARRY4 (Prop_carry4_CI_CO[3])
                                                      0.117     6.674 r  a0_1_reg[44]_i_1/CO[3]
                         net (fo=1, unplaced)         0.000     6.674    a0_1_reg[44]_i_1_n_0
                         CARRY4 (Prop_carry4_CI_O[3])
                                                      0.331     7.005 r  a0_1_reg[48]_i_1/O[3]
                         net (fo=1, unplaced)         0.000     7.005    a0_1[48]
                         FDRE                                         r  a0_1_reg[48]/D
  -------------------------------------------------------------------    -------------------

                         (clock clk rise edge)        5.000     5.000 r  
                                                      0.000     5.000 r  clk (IN)
                         net (fo=175, unset)          0.924     5.924    clk
                         FDRE                                         r  a0_1_reg[48]/C
                         clock pessimism              0.000     5.924    
                         clock uncertainty           -0.035     5.889    
                         FDRE (Setup_fdre_C_D)        0.109     5.998    a0_1_reg[48]
  -------------------------------------------------------------------
                         required time                          5.998    
                         arrival time                          -7.005    
  -------------------------------------------------------------------
                         slack                                 -1.007    

Slack (VIOLATED) :        -0.932ns  (required time - arrival time)
  Source:                 a1_0_reg[0]/C
                            (rising edge-triggered cell FDRE clocked by clk  {rise@0.000ns fall@2.500ns period=5.000ns})
  Destination:            a0_1_reg[47]/D
                            (rising edge-triggered cell FDRE clocked by clk  {rise@0.000ns fall@2.500ns period=5.000ns})
  Path Group:             clk
  Path Type:              Setup (Max at Slow Process Corner)
  Requirement:            5.000ns  (clk rise@5.000ns - clk rise@0.000ns)
  Data Path Delay:        5.957ns  (logic 3.563ns (59.812%)  route 2.394ns (40.188%))
  Logic Levels:           11  (CARRY4=10 LUT5=1)
  Clock Path Skew:        -0.049ns (DCD - SCD + CPR)
    Destination Clock Delay (DCD):    0.924ns = ( 5.924 - 5.000 ) 
    Source Clock Delay      (SCD):    0.973ns
    Clock Pessimism Removal (CPR):    0.000ns
  Clock Uncertainty:      0.035ns  ((TSJ^2 + TIJ^2)^1/2 + DJ) / 2 + PE
    Total System Jitter     (TSJ):    0.071ns
    Total Input Jitter      (TIJ):    0.000ns
    Discrete Jitter          (DJ):    0.000ns
    Phase Error              (PE):    0.000ns

    Location             Delay type                Incr(ns)  Path(ns)    Netlist Resource(s)
  -------------------------------------------------------------------    -------------------
                         (clock clk rise edge)        0.000     0.000 r  
                                                      0.000     0.000 r  clk (IN)
                         net (fo=175, unset)          0.973     0.973    clk
                         FDRE                                         r  a1_0_reg[0]/C
  -------------------------------------------------------------------    -------------------
                         FDRE (Prop_fdre_C_Q)         0.456     1.429 r  a1_0_reg[0]/Q
                         net (fo=17, unplaced)        0.720     2.149    a0_142_in[17]
                         CARRY4 (Prop_carry4_S[1]_CO[3])
                                                      0.828     2.977 r  a0_1_reg[12]_i_6/CO[3]
                         net (fo=1, unplaced)         0.009     2.986    a0_1_reg[12]_i_6_n_0
                         CARRY4 (Prop_carry4_CI_CO[3])
                                                      0.117     3.103 r  a0_1_reg[20]_i_6/CO[3]
                         net (fo=5, unplaced)         0.848     3.951    a0_1_reg[20]_i_6_n_0
                         CARRY4 (Prop_carry4_CYINIT_CO[3])
                                                      0.595     4.546 r  a0_1_reg[24]_i_8/CO[3]
                         net (fo=1, unplaced)         0.009     4.555    a0_1_reg[24]_i_8_n_0
                         CARRY4 (Prop_carry4_CI_CO[3])
                                                      0.117     4.672 r  a0_1_reg[55]_i_7/CO[3]
                         net (fo=61, unplaced)        0.808     5.480    a0_1_reg[55]_i_7_n_0
                         LUT5 (Prop_lut5_I0_O)        0.150     5.630 r  a0_1[28]_i_5/O
                         net (fo=1, unplaced)         0.000     5.630    a0_1[28]_i_5_n_0
                         CARRY4 (Prop_carry4_DI[0]_CO[3])
                                                      0.576     6.206 r  a0_1_reg[28]_i_1/CO[3]
                         net (fo=1, unplaced)         0.000     6.206    a0_1_reg[28]_i_1_n_0
                         CARRY4 (Prop_carry4_CI_CO[3])
                                                      0.117     6.323 r  a0_1_reg[32]_i_1/CO[3]
                         net (fo=1, unplaced)         0.000     6.323    a0_1_reg[32]_i_1_n_0
                         CARRY4 (Prop_carry4_CI_CO[3])
                                                      0.117     6.440 r  a0_1_reg[36]_i_1/CO[3]
                         net (fo=1, unplaced)         0.000     6.440    a0_1_reg[36]_i_1_n_0
                         CARRY4 (Prop_carry4_CI_CO[3])
                                                      0.117     6.557 r  a0_1_reg[40]_i_1/CO[3]
                         net (fo=1, unplaced)         0.000     6.557    a0_1_reg[40]_i_1_n_0
                         CARRY4 (Prop_carry4_CI_CO[3])
                                                      0.117     6.674 r  a0_1_reg[44]_i_1/CO[3]
                         net (fo=1, unplaced)         0.000     6.674    a0_1_reg[44]_i_1_n_0
                         CARRY4 (Prop_carry4_CI_O[2])
                                                      0.256     6.930 r  a0_1_reg[48]_i_1/O[2]
                         net (fo=1, unplaced)         0.000     6.930    a0_1[47]
                         FDRE                                         r  a0_1_reg[47]/D
  -------------------------------------------------------------------    -------------------

                         (clock clk rise edge)        5.000     5.000 r  
                                                      0.000     5.000 r  clk (IN)
                         net (fo=175, unset)          0.924     5.924    clk
                         FDRE                                         r  a0_1_reg[47]/C
                         clock pessimism              0.000     5.924    
                         clock uncertainty           -0.035     5.889    
                         FDRE (Setup_fdre_C_D)        0.109     5.998    a0_1_reg[47]
  -------------------------------------------------------------------
                         required time                          5.998    
                         arrival time                          -6.930    
  -------------------------------------------------------------------
                         slack                                 -0.932    

Slack (VIOLATED) :        -0.908ns  (required time - arrival time)
  Source:                 a1_0_reg[0]/C
                            (rising edge-triggered cell FDRE clocked by clk  {rise@0.000ns fall@2.500ns period=5.000ns})
  Destination:            a0_1_reg[45]/D
                            (rising edge-triggered cell FDRE clocked by clk  {rise@0.000ns fall@2.500ns period=5.000ns})
  Path Group:             clk
  Path Type:              Setup (Max at Slow Process Corner)
  Requirement:            5.000ns  (clk rise@5.000ns - clk rise@0.000ns)
  Data Path Delay:        5.933ns  (logic 3.539ns (59.649%)  route 2.394ns (40.351%))
  Logic Levels:           11  (CARRY4=10 LUT5=1)
  Clock Path Skew:        -0.049ns (DCD - SCD + CPR)
    Destination Clock Delay (DCD):    0.924ns = ( 5.924 - 5.000 ) 
    Source Clock Delay      (SCD):    0.973ns
    Clock Pessimism Removal (CPR):    0.000ns
  Clock Uncertainty:      0.035ns  ((TSJ^2 + TIJ^2)^1/2 + DJ) / 2 + PE
    Total System Jitter     (TSJ):    0.071ns
    Total Input Jitter      (TIJ):    0.000ns
    Discrete Jitter          (DJ):    0.000ns
    Phase Error              (PE):    0.000ns

    Location             Delay type                Incr(ns)  Path(ns)    Netlist Resource(s)
  -------------------------------------------------------------------    -------------------
                         (clock clk rise edge)        0.000     0.000 r  
                                                      0.000     0.000 r  clk (IN)
                         net (fo=175, unset)          0.973     0.973    clk
                         FDRE                                         r  a1_0_reg[0]/C
  -------------------------------------------------------------------    -------------------
                         FDRE (Prop_fdre_C_Q)         0.456     1.429 r  a1_0_reg[0]/Q
                         net (fo=17, unplaced)        0.720     2.149    a0_142_in[17]
                         CARRY4 (Prop_carry4_S[1]_CO[3])
                                                      0.828     2.977 r  a0_1_reg[12]_i_6/CO[3]
                         net (fo=1, unplaced)         0.009     2.986    a0_1_reg[12]_i_6_n_0
                         CARRY4 (Prop_carry4_CI_CO[3])
                                                      0.117     3.103 r  a0_1_reg[20]_i_6/CO[3]
                         net (fo=5, unplaced)         0.848     3.951    a0_1_reg[20]_i_6_n_0
                         CARRY4 (Prop_carry4_CYINIT_CO[3])
                                                      0.595     4.546 r  a0_1_reg[24]_i_8/CO[3]
                         net (fo=1, unplaced)         0.009     4.555    a0_1_reg[24]_i_8_n_0
                         CARRY4 (Prop_carry4_CI_CO[3])
                                                      0.117     4.672 r  a0_1_reg[55]_i_7/CO[3]
                         net (fo=61, unplaced)        0.808     5.480    a0_1_reg[55]_i_7_n_0
                         LUT5 (Prop_lut5_I0_O)        0.150     5.630 r  a0_1[28]_i_5/O
                         net (fo=1, unplaced)         0.000     5.630    a0_1[28]_i_5_n_0
                         CARRY4 (Prop_carry4_DI[0]_CO[3])
                                                      0.576     6.206 r  a0_1_reg[28]_i_1/CO[3]
                         net (fo=1, unplaced)         0.000     6.206    a0_1_reg[28]_i_1_n_0
                         CARRY4 (Prop_carry4_CI_CO[3])
                                                      0.117     6.323 r  a0_1_reg[32]_i_1/CO[3]
                         net (fo=1, unplaced)         0.000     6.323    a0_1_reg[32]_i_1_n_0
                         CARRY4 (Prop_carry4_CI_CO[3])
                                                      0.117     6.440 r  a0_1_reg[36]_i_1/CO[3]
                         net (fo=1, unplaced)         0.000     6.440    a0_1_reg[36]_i_1_n_0
                         CARRY4 (Prop_carry4_CI_CO[3])
                                                      0.117     6.557 r  a0_1_reg[40]_i_1/CO[3]
                         net (fo=1, unplaced)         0.000     6.557    a0_1_reg[40]_i_1_n_0
                         CARRY4 (Prop_carry4_CI_CO[3])
                                                      0.117     6.674 r  a0_1_reg[44]_i_1/CO[3]
                         net (fo=1, unplaced)         0.000     6.674    a0_1_reg[44]_i_1_n_0
                         CARRY4 (Prop_carry4_CI_O[0])
                                                      0.232     6.906 r  a0_1_reg[48]_i_1/O[0]
                         net (fo=1, unplaced)         0.000     6.906    a0_1[45]
                         FDRE                                         r  a0_1_reg[45]/D
  -------------------------------------------------------------------    -------------------

                         (clock clk rise edge)        5.000     5.000 r  
                                                      0.000     5.000 r  clk (IN)
                         net (fo=175, unset)          0.924     5.924    clk
                         FDRE                                         r  a0_1_reg[45]/C
                         clock pessimism              0.000     5.924    
                         clock uncertainty           -0.035     5.889    
                         FDRE (Setup_fdre_C_D)        0.109     5.998    a0_1_reg[45]
  -------------------------------------------------------------------
                         required time                          5.998    
                         arrival time                          -6.906    
  -------------------------------------------------------------------
                         slack                                 -0.908    

Slack (VIOLATED) :        -0.896ns  (required time - arrival time)
  Source:                 a1_0_reg[0]/C
                            (rising edge-triggered cell FDRE clocked by clk  {rise@0.000ns fall@2.500ns period=5.000ns})
  Destination:            a0_1_reg[42]/D
                            (rising edge-triggered cell FDRE clocked by clk  {rise@0.000ns fall@2.500ns period=5.000ns})
  Path Group:             clk
  Path Type:              Setup (Max at Slow Process Corner)
  Requirement:            5.000ns  (clk rise@5.000ns - clk rise@0.000ns)
  Data Path Delay:        5.921ns  (logic 3.527ns (59.568%)  route 2.394ns (40.432%))
  Logic Levels:           10  (CARRY4=9 LUT5=1)
  Clock Path Skew:        -0.049ns (DCD - SCD + CPR)
    Destination Clock Delay (DCD):    0.924ns = ( 5.924 - 5.000 ) 
    Source Clock Delay      (SCD):    0.973ns
    Clock Pessimism Removal (CPR):    0.000ns
  Clock Uncertainty:      0.035ns  ((TSJ^2 + TIJ^2)^1/2 + DJ) / 2 + PE
    Total System Jitter     (TSJ):    0.071ns
    Total Input Jitter      (TIJ):    0.000ns
    Discrete Jitter          (DJ):    0.000ns
    Phase Error              (PE):    0.000ns

    Location             Delay type                Incr(ns)  Path(ns)    Netlist Resource(s)
  -------------------------------------------------------------------    -------------------
                         (clock clk rise edge)        0.000     0.000 r  
                                                      0.000     0.000 r  clk (IN)
                         net (fo=175, unset)          0.973     0.973    clk
                         FDRE                                         r  a1_0_reg[0]/C
  -------------------------------------------------------------------    -------------------
                         FDRE (Prop_fdre_C_Q)         0.456     1.429 r  a1_0_reg[0]/Q
                         net (fo=17, unplaced)        0.720     2.149    a0_142_in[17]
                         CARRY4 (Prop_carry4_S[1]_CO[3])
                                                      0.828     2.977 r  a0_1_reg[12]_i_6/CO[3]
                         net (fo=1, unplaced)         0.009     2.986    a0_1_reg[12]_i_6_n_0
                         CARRY4 (Prop_carry4_CI_CO[3])
                                                      0.117     3.103 r  a0_1_reg[20]_i_6/CO[3]
                         net (fo=5, unplaced)         0.848     3.951    a0_1_reg[20]_i_6_n_0
                         CARRY4 (Prop_carry4_CYINIT_CO[3])
                                                      0.595     4.546 r  a0_1_reg[24]_i_8/CO[3]
                         net (fo=1, unplaced)         0.009     4.555    a0_1_reg[24]_i_8_n_0
                         CARRY4 (Prop_carry4_CI_CO[3])
                                                      0.117     4.672 r  a0_1_reg[55]_i_7/CO[3]
                         net (fo=61, unplaced)        0.808     5.480    a0_1_reg[55]_i_7_n_0
                         LUT5 (Prop_lut5_I0_O)        0.150     5.630 r  a0_1[28]_i_5/O
                         net (fo=1, unplaced)         0.000     5.630    a0_1[28]_i_5_n_0
                         CARRY4 (Prop_carry4_DI[0]_CO[3])
                                                      0.576     6.206 r  a0_1_reg[28]_i_1/CO[3]
                         net (fo=1, unplaced)         0.000     6.206    a0_1_reg[28]_i_1_n_0
                         CARRY4 (Prop_carry4_CI_CO[3])
                                                      0.117     6.323 r  a0_1_reg[32]_i_1/CO[3]
                         net (fo=1, unplaced)         0.000     6.323    a0_1_reg[32]_i_1_n_0
                         CARRY4 (Prop_carry4_CI_CO[3])
                                                      0.117     6.440 r  a0_1_reg[36]_i_1/CO[3]
                         net (fo=1, unplaced)         0.000     6.440    a0_1_reg[36]_i_1_n_0
                         CARRY4 (Prop_carry4_CI_CO[3])
                                                      0.117     6.557 r  a0_1_reg[40]_i_1/CO[3]
                         net (fo=1, unplaced)         0.000     6.557    a0_1_reg[40]_i_1_n_0
                         CARRY4 (Prop_carry4_CI_O[1])
                                                      0.337     6.894 r  a0_1_reg[44]_i_1/O[1]
                         net (fo=1, unplaced)         0.000     6.894    a0_1[42]
                         FDRE                                         r  a0_1_reg[42]/D
  -------------------------------------------------------------------    -------------------

                         (clock clk rise edge)        5.000     5.000 r  
                                                      0.000     5.000 r  clk (IN)
                         net (fo=175, unset)          0.924     5.924    clk
                         FDRE                                         r  a0_1_reg[42]/C
                         clock pessimism              0.000     5.924    
                         clock uncertainty           -0.035     5.889    
                         FDRE (Setup_fdre_C_D)        0.109     5.998    a0_1_reg[42]
  -------------------------------------------------------------------
                         required time                          5.998    
                         arrival time                          -6.894    
  -------------------------------------------------------------------
                         slack                                 -0.896    

Slack (VIOLATED) :        -0.890ns  (required time - arrival time)
  Source:                 a1_0_reg[0]/C
                            (rising edge-triggered cell FDRE clocked by clk  {rise@0.000ns fall@2.500ns period=5.000ns})
  Destination:            a0_1_reg[44]/D
                            (rising edge-triggered cell FDRE clocked by clk  {rise@0.000ns fall@2.500ns period=5.000ns})
  Path Group:             clk
  Path Type:              Setup (Max at Slow Process Corner)
  Requirement:            5.000ns  (clk rise@5.000ns - clk rise@0.000ns)
  Data Path Delay:        5.915ns  (logic 3.521ns (59.527%)  route 2.394ns (40.473%))
  Logic Levels:           10  (CARRY4=9 LUT5=1)
  Clock Path Skew:        -0.049ns (DCD - SCD + CPR)
    Destination Clock Delay (DCD):    0.924ns = ( 5.924 - 5.000 ) 
    Source Clock Delay      (SCD):    0.973ns
    Clock Pessimism Removal (CPR):    0.000ns
  Clock Uncertainty:      0.035ns  ((TSJ^2 + TIJ^2)^1/2 + DJ) / 2 + PE
    Total System Jitter     (TSJ):    0.071ns
    Total Input Jitter      (TIJ):    0.000ns
    Discrete Jitter          (DJ):    0.000ns
    Phase Error              (PE):    0.000ns

    Location             Delay type                Incr(ns)  Path(ns)    Netlist Resource(s)
  -------------------------------------------------------------------    -------------------
                         (clock clk rise edge)        0.000     0.000 r  
                                                      0.000     0.000 r  clk (IN)
                         net (fo=175, unset)          0.973     0.973    clk
                         FDRE                                         r  a1_0_reg[0]/C
  -------------------------------------------------------------------    -------------------
                         FDRE (Prop_fdre_C_Q)         0.456     1.429 r  a1_0_reg[0]/Q
                         net (fo=17, unplaced)        0.720     2.149    a0_142_in[17]
                         CARRY4 (Prop_carry4_S[1]_CO[3])
                                                      0.828     2.977 r  a0_1_reg[12]_i_6/CO[3]
                         net (fo=1, unplaced)         0.009     2.986    a0_1_reg[12]_i_6_n_0
                         CARRY4 (Prop_carry4_CI_CO[3])
                                                      0.117     3.103 r  a0_1_reg[20]_i_6/CO[3]
                         net (fo=5, unplaced)         0.848     3.951    a0_1_reg[20]_i_6_n_0
                         CARRY4 (Prop_carry4_CYINIT_CO[3])
                                                      0.595     4.546 r  a0_1_reg[24]_i_8/CO[3]
                         net (fo=1, unplaced)         0.009     4.555    a0_1_reg[24]_i_8_n_0
                         CARRY4 (Prop_carry4_CI_CO[3])
                                                      0.117     4.672 r  a0_1_reg[55]_i_7/CO[3]
                         net (fo=61, unplaced)        0.808     5.480    a0_1_reg[55]_i_7_n_0
                         LUT5 (Prop_lut5_I0_O)        0.150     5.630 r  a0_1[28]_i_5/O
                         net (fo=1, unplaced)         0.000     5.630    a0_1[28]_i_5_n_0
                         CARRY4 (Prop_carry4_DI[0]_CO[3])
                                                      0.576     6.206 r  a0_1_reg[28]_i_1/CO[3]
                         net (fo=1, unplaced)         0.000     6.206    a0_1_reg[28]_i_1_n_0
                         CARRY4 (Prop_carry4_CI_CO[3])
                                                      0.117     6.323 r  a0_1_reg[32]_i_1/CO[3]
                         net (fo=1, unplaced)         0.000     6.323    a0_1_reg[32]_i_1_n_0
                         CARRY4 (Prop_carry4_CI_CO[3])
                                                      0.117     6.440 r  a0_1_reg[36]_i_1/CO[3]
                         net (fo=1, unplaced)         0.000     6.440    a0_1_reg[36]_i_1_n_0
                         CARRY4 (Prop_carry4_CI_CO[3])
                                                      0.117     6.557 r  a0_1_reg[40]_i_1/CO[3]
                         net (fo=1, unplaced)         0.000     6.557    a0_1_reg[40]_i_1_n_0
                         CARRY4 (Prop_carry4_CI_O[3])
                                                      0.331     6.888 r  a0_1_reg[44]_i_1/O[3]
                         net (fo=1, unplaced)         0.000     6.888    a0_1[44]
                         FDRE                                         r  a0_1_reg[44]/D
  -------------------------------------------------------------------    -------------------

                         (clock clk rise edge)        5.000     5.000 r  
                                                      0.000     5.000 r  clk (IN)
                         net (fo=175, unset)          0.924     5.924    clk
                         FDRE                                         r  a0_1_reg[44]/C
                         clock pessimism              0.000     5.924    
                         clock uncertainty           -0.035     5.889    
                         FDRE (Setup_fdre_C_D)        0.109     5.998    a0_1_reg[44]
  -------------------------------------------------------------------
                         required time                          5.998    
                         arrival time                          -6.888    
  -------------------------------------------------------------------
                         slack                                 -0.890    

Slack (VIOLATED) :        -0.815ns  (required time - arrival time)
  Source:                 a1_0_reg[0]/C
                            (rising edge-triggered cell FDRE clocked by clk  {rise@0.000ns fall@2.500ns period=5.000ns})
  Destination:            a0_1_reg[43]/D
                            (rising edge-triggered cell FDRE clocked by clk  {rise@0.000ns fall@2.500ns period=5.000ns})
  Path Group:             clk
  Path Type:              Setup (Max at Slow Process Corner)
  Requirement:            5.000ns  (clk rise@5.000ns - clk rise@0.000ns)
  Data Path Delay:        5.840ns  (logic 3.446ns (59.007%)  route 2.394ns (40.993%))
  Logic Levels:           10  (CARRY4=9 LUT5=1)
  Clock Path Skew:        -0.049ns (DCD - SCD + CPR)
    Destination Clock Delay (DCD):    0.924ns = ( 5.924 - 5.000 ) 
    Source Clock Delay      (SCD):    0.973ns
    Clock Pessimism Removal (CPR):    0.000ns
  Clock Uncertainty:      0.035ns  ((TSJ^2 + TIJ^2)^1/2 + DJ) / 2 + PE
    Total System Jitter     (TSJ):    0.071ns
    Total Input Jitter      (TIJ):    0.000ns
    Discrete Jitter          (DJ):    0.000ns
    Phase Error              (PE):    0.000ns

    Location             Delay type                Incr(ns)  Path(ns)    Netlist Resource(s)
  -------------------------------------------------------------------    -------------------
                         (clock clk rise edge)        0.000     0.000 r  
                                                      0.000     0.000 r  clk (IN)
                         net (fo=175, unset)          0.973     0.973    clk
                         FDRE                                         r  a1_0_reg[0]/C
  -------------------------------------------------------------------    -------------------
                         FDRE (Prop_fdre_C_Q)         0.456     1.429 r  a1_0_reg[0]/Q
                         net (fo=17, unplaced)        0.720     2.149    a0_142_in[17]
                         CARRY4 (Prop_carry4_S[1]_CO[3])
                                                      0.828     2.977 r  a0_1_reg[12]_i_6/CO[3]
                         net (fo=1, unplaced)         0.009     2.986    a0_1_reg[12]_i_6_n_0
                         CARRY4 (Prop_carry4_CI_CO[3])
                                                      0.117     3.103 r  a0_1_reg[20]_i_6/CO[3]
                         net (fo=5, unplaced)         0.848     3.951    a0_1_reg[20]_i_6_n_0
                         CARRY4 (Prop_carry4_CYINIT_CO[3])
                                                      0.595     4.546 r  a0_1_reg[24]_i_8/CO[3]
                         net (fo=1, unplaced)         0.009     4.555    a0_1_reg[24]_i_8_n_0
                         CARRY4 (Prop_carry4_CI_CO[3])
                                                      0.117     4.672 r  a0_1_reg[55]_i_7/CO[3]
                         net (fo=61, unplaced)        0.808     5.480    a0_1_reg[55]_i_7_n_0
                         LUT5 (Prop_lut5_I0_O)        0.150     5.630 r  a0_1[28]_i_5/O
                         net (fo=1, unplaced)         0.000     5.630    a0_1[28]_i_5_n_0
                         CARRY4 (Prop_carry4_DI[0]_CO[3])
                                                      0.576     6.206 r  a0_1_reg[28]_i_1/CO[3]
                         net (fo=1, unplaced)         0.000     6.206    a0_1_reg[28]_i_1_n_0
                         CARRY4 (Prop_carry4_CI_CO[3])
                                                      0.117     6.323 r  a0_1_reg[32]_i_1/CO[3]
                         net (fo=1, unplaced)         0.000     6.323    a0_1_reg[32]_i_1_n_0
                         CARRY4 (Prop_carry4_CI_CO[3])
                                                      0.117     6.440 r  a0_1_reg[36]_i_1/CO[3]
                         net (fo=1, unplaced)         0.000     6.440    a0_1_reg[36]_i_1_n_0
                         CARRY4 (Prop_carry4_CI_CO[3])
                                                      0.117     6.557 r  a0_1_reg[40]_i_1/CO[3]
                         net (fo=1, unplaced)         0.000     6.557    a0_1_reg[40]_i_1_n_0
                         CARRY4 (Prop_carry4_CI_O[2])
                                                      0.256     6.813 r  a0_1_reg[44]_i_1/O[2]
                         net (fo=1, unplaced)         0.000     6.813    a0_1[43]
                         FDRE                                         r  a0_1_reg[43]/D
  -------------------------------------------------------------------    -------------------

                         (clock clk rise edge)        5.000     5.000 r  
                                                      0.000     5.000 r  clk (IN)
                         net (fo=175, unset)          0.924     5.924    clk
                         FDRE                                         r  a0_1_reg[43]/C
                         clock pessimism              0.000     5.924    
                         clock uncertainty           -0.035     5.889    
                         FDRE (Setup_fdre_C_D)        0.109     5.998    a0_1_reg[43]
  -------------------------------------------------------------------
                         required time                          5.998    
                         arrival time                          -6.813    
  -------------------------------------------------------------------
                         slack                                 -0.815    

Slack (VIOLATED) :        -0.791ns  (required time - arrival time)
  Source:                 a1_0_reg[0]/C
                            (rising edge-triggered cell FDRE clocked by clk  {rise@0.000ns fall@2.500ns period=5.000ns})
  Destination:            a0_1_reg[41]/D
                            (rising edge-triggered cell FDRE clocked by clk  {rise@0.000ns fall@2.500ns period=5.000ns})
  Path Group:             clk
  Path Type:              Setup (Max at Slow Process Corner)
  Requirement:            5.000ns  (clk rise@5.000ns - clk rise@0.000ns)
  Data Path Delay:        5.816ns  (logic 3.422ns (58.838%)  route 2.394ns (41.162%))
  Logic Levels:           10  (CARRY4=9 LUT5=1)
  Clock Path Skew:        -0.049ns (DCD - SCD + CPR)
    Destination Clock Delay (DCD):    0.924ns = ( 5.924 - 5.000 ) 
    Source Clock Delay      (SCD):    0.973ns
    Clock Pessimism Removal (CPR):    0.000ns
  Clock Uncertainty:      0.035ns  ((TSJ^2 + TIJ^2)^1/2 + DJ) / 2 + PE
    Total System Jitter     (TSJ):    0.071ns
    Total Input Jitter      (TIJ):    0.000ns
    Discrete Jitter          (DJ):    0.000ns
    Phase Error              (PE):    0.000ns

    Location             Delay type                Incr(ns)  Path(ns)    Netlist Resource(s)
  -------------------------------------------------------------------    -------------------
                         (clock clk rise edge)        0.000     0.000 r  
                                                      0.000     0.000 r  clk (IN)
                         net (fo=175, unset)          0.973     0.973    clk
                         FDRE                                         r  a1_0_reg[0]/C
  -------------------------------------------------------------------    -------------------
                         FDRE (Prop_fdre_C_Q)         0.456     1.429 r  a1_0_reg[0]/Q
                         net (fo=17, unplaced)        0.720     2.149    a0_142_in[17]
                         CARRY4 (Prop_carry4_S[1]_CO[3])
                                                      0.828     2.977 r  a0_1_reg[12]_i_6/CO[3]
                         net (fo=1, unplaced)         0.009     2.986    a0_1_reg[12]_i_6_n_0
                         CARRY4 (Prop_carry4_CI_CO[3])
                                                      0.117     3.103 r  a0_1_reg[20]_i_6/CO[3]
                         net (fo=5, unplaced)         0.848     3.951    a0_1_reg[20]_i_6_n_0
                         CARRY4 (Prop_carry4_CYINIT_CO[3])
                                                      0.595     4.546 r  a0_1_reg[24]_i_8/CO[3]
                         net (fo=1, unplaced)         0.009     4.555    a0_1_reg[24]_i_8_n_0
                         CARRY4 (Prop_carry4_CI_CO[3])
                                                      0.117     4.672 r  a0_1_reg[55]_i_7/CO[3]
                         net (fo=61, unplaced)        0.808     5.480    a0_1_reg[55]_i_7_n_0
                         LUT5 (Prop_lut5_I0_O)        0.150     5.630 r  a0_1[28]_i_5/O
                         net (fo=1, unplaced)         0.000     5.630    a0_1[28]_i_5_n_0
                         CARRY4 (Prop_carry4_DI[0]_CO[3])
                                                      0.576     6.206 r  a0_1_reg[28]_i_1/CO[3]
                         net (fo=1, unplaced)         0.000     6.206    a0_1_reg[28]_i_1_n_0
                         CARRY4 (Prop_carry4_CI_CO[3])
                                                      0.117     6.323 r  a0_1_reg[32]_i_1/CO[3]
                         net (fo=1, unplaced)         0.000     6.323    a0_1_reg[32]_i_1_n_0
                         CARRY4 (Prop_carry4_CI_CO[3])
                                                      0.117     6.440 r  a0_1_reg[36]_i_1/CO[3]
                         net (fo=1, unplaced)         0.000     6.440    a0_1_reg[36]_i_1_n_0
                         CARRY4 (Prop_carry4_CI_CO[3])
                                                      0.117     6.557 r  a0_1_reg[40]_i_1/CO[3]
                         net (fo=1, unplaced)         0.000     6.557    a0_1_reg[40]_i_1_n_0
                         CARRY4 (Prop_carry4_CI_O[0])
                                                      0.232     6.789 r  a0_1_reg[44]_i_1/O[0]
                         net (fo=1, unplaced)         0.000     6.789    a0_1[41]
                         FDRE                                         r  a0_1_reg[41]/D
  -------------------------------------------------------------------    -------------------

                         (clock clk rise edge)        5.000     5.000 r  
                                                      0.000     5.000 r  clk (IN)
                         net (fo=175, unset)          0.924     5.924    clk
                         FDRE                                         r  a0_1_reg[41]/C
                         clock pessimism              0.000     5.924    
                         clock uncertainty           -0.035     5.889    
                         FDRE (Setup_fdre_C_D)        0.109     5.998    a0_1_reg[41]
  -------------------------------------------------------------------
                         required time                          5.998    
                         arrival time                          -6.789    
  -------------------------------------------------------------------
                         slack                                 -0.791    

Slack (VIOLATED) :        -0.779ns  (required time - arrival time)
  Source:                 a1_0_reg[0]/C
                            (rising edge-triggered cell FDRE clocked by clk  {rise@0.000ns fall@2.500ns period=5.000ns})
  Destination:            a0_1_reg[38]/D
                            (rising edge-triggered cell FDRE clocked by clk  {rise@0.000ns fall@2.500ns period=5.000ns})
  Path Group:             clk
  Path Type:              Setup (Max at Slow Process Corner)
  Requirement:            5.000ns  (clk rise@5.000ns - clk rise@0.000ns)
  Data Path Delay:        5.804ns  (logic 3.410ns (58.753%)  route 2.394ns (41.247%))
  Logic Levels:           9  (CARRY4=8 LUT5=1)
  Clock Path Skew:        -0.049ns (DCD - SCD + CPR)
    Destination Clock Delay (DCD):    0.924ns = ( 5.924 - 5.000 ) 
    Source Clock Delay      (SCD):    0.973ns
    Clock Pessimism Removal (CPR):    0.000ns
  Clock Uncertainty:      0.035ns  ((TSJ^2 + TIJ^2)^1/2 + DJ) / 2 + PE
    Total System Jitter     (TSJ):    0.071ns
    Total Input Jitter      (TIJ):    0.000ns
    Discrete Jitter          (DJ):    0.000ns
    Phase Error              (PE):    0.000ns

    Location             Delay type                Incr(ns)  Path(ns)    Netlist Resource(s)
  -------------------------------------------------------------------    -------------------
                         (clock clk rise edge)        0.000     0.000 r  
                                                      0.000     0.000 r  clk (IN)
                         net (fo=175, unset)          0.973     0.973    clk
                         FDRE                                         r  a1_0_reg[0]/C
  -------------------------------------------------------------------    -------------------
                         FDRE (Prop_fdre_C_Q)         0.456     1.429 r  a1_0_reg[0]/Q
                         net (fo=17, unplaced)        0.720     2.149    a0_142_in[17]
                         CARRY4 (Prop_carry4_S[1]_CO[3])
                                                      0.828     2.977 r  a0_1_reg[12]_i_6/CO[3]
                         net (fo=1, unplaced)         0.009     2.986    a0_1_reg[12]_i_6_n_0
                         CARRY4 (Prop_carry4_CI_CO[3])
                                                      0.117     3.103 r  a0_1_reg[20]_i_6/CO[3]
                         net (fo=5, unplaced)         0.848     3.951    a0_1_reg[20]_i_6_n_0
                         CARRY4 (Prop_carry4_CYINIT_CO[3])
                                                      0.595     4.546 r  a0_1_reg[24]_i_8/CO[3]
                         net (fo=1, unplaced)         0.009     4.555    a0_1_reg[24]_i_8_n_0
                         CARRY4 (Prop_carry4_CI_CO[3])
                                                      0.117     4.672 r  a0_1_reg[55]_i_7/CO[3]
                         net (fo=61, unplaced)        0.808     5.480    a0_1_reg[55]_i_7_n_0
                         LUT5 (Prop_lut5_I0_O)        0.150     5.630 r  a0_1[28]_i_5/O
                         net (fo=1, unplaced)         0.000     5.630    a0_1[28]_i_5_n_0
                         CARRY4 (Prop_carry4_DI[0]_CO[3])
                                                      0.576     6.206 r  a0_1_reg[28]_i_1/CO[3]
                         net (fo=1, unplaced)         0.000     6.206    a0_1_reg[28]_i_1_n_0
                         CARRY4 (Prop_carry4_CI_CO[3])
                                                      0.117     6.323 r  a0_1_reg[32]_i_1/CO[3]
                         net (fo=1, unplaced)         0.000     6.323    a0_1_reg[32]_i_1_n_0
                         CARRY4 (Prop_carry4_CI_CO[3])
                                                      0.117     6.440 r  a0_1_reg[36]_i_1/CO[3]
                         net (fo=1, unplaced)         0.000     6.440    a0_1_reg[36]_i_1_n_0
                         CARRY4 (Prop_carry4_CI_O[1])
                                                      0.337     6.777 r  a0_1_reg[40]_i_1/O[1]
                         net (fo=1, unplaced)         0.000     6.777    a0_1[38]
                         FDRE                                         r  a0_1_reg[38]/D
  -------------------------------------------------------------------    -------------------

                         (clock clk rise edge)        5.000     5.000 r  
                                                      0.000     5.000 r  clk (IN)
                         net (fo=175, unset)          0.924     5.924    clk
                         FDRE                                         r  a0_1_reg[38]/C
                         clock pessimism              0.000     5.924    
                         clock uncertainty           -0.035     5.889    
                         FDRE (Setup_fdre_C_D)        0.109     5.998    a0_1_reg[38]
  -------------------------------------------------------------------
                         required time                          5.998    
                         arrival time                          -6.777    
  -------------------------------------------------------------------
                         slack                                 -0.779    

Slack (VIOLATED) :        -0.773ns  (required time - arrival time)
  Source:                 a1_0_reg[0]/C
                            (rising edge-triggered cell FDRE clocked by clk  {rise@0.000ns fall@2.500ns period=5.000ns})
  Destination:            a0_1_reg[40]/D
                            (rising edge-triggered cell FDRE clocked by clk  {rise@0.000ns fall@2.500ns period=5.000ns})
  Path Group:             clk
  Path Type:              Setup (Max at Slow Process Corner)
  Requirement:            5.000ns  (clk rise@5.000ns - clk rise@0.000ns)
  Data Path Delay:        5.798ns  (logic 3.404ns (58.710%)  route 2.394ns (41.290%))
  Logic Levels:           9  (CARRY4=8 LUT5=1)
  Clock Path Skew:        -0.049ns (DCD - SCD + CPR)
    Destination Clock Delay (DCD):    0.924ns = ( 5.924 - 5.000 ) 
    Source Clock Delay      (SCD):    0.973ns
    Clock Pessimism Removal (CPR):    0.000ns
  Clock Uncertainty:      0.035ns  ((TSJ^2 + TIJ^2)^1/2 + DJ) / 2 + PE
    Total System Jitter     (TSJ):    0.071ns
    Total Input Jitter      (TIJ):    0.000ns
    Discrete Jitter          (DJ):    0.000ns
    Phase Error              (PE):    0.000ns

    Location             Delay type                Incr(ns)  Path(ns)    Netlist Resource(s)
  -------------------------------------------------------------------    -------------------
                         (clock clk rise edge)        0.000     0.000 r  
                                                      0.000     0.000 r  clk (IN)
                         net (fo=175, unset)          0.973     0.973    clk
                         FDRE                                         r  a1_0_reg[0]/C
  -------------------------------------------------------------------    -------------------
                         FDRE (Prop_fdre_C_Q)         0.456     1.429 r  a1_0_reg[0]/Q
                         net (fo=17, unplaced)        0.720     2.149    a0_142_in[17]
                         CARRY4 (Prop_carry4_S[1]_CO[3])
                                                      0.828     2.977 r  a0_1_reg[12]_i_6/CO[3]
                         net (fo=1, unplaced)         0.009     2.986    a0_1_reg[12]_i_6_n_0
                         CARRY4 (Prop_carry4_CI_CO[3])
                                                      0.117     3.103 r  a0_1_reg[20]_i_6/CO[3]
                         net (fo=5, unplaced)         0.848     3.951    a0_1_reg[20]_i_6_n_0
                         CARRY4 (Prop_carry4_CYINIT_CO[3])
                                                      0.595     4.546 r  a0_1_reg[24]_i_8/CO[3]
                         net (fo=1, unplaced)         0.009     4.555    a0_1_reg[24]_i_8_n_0
                         CARRY4 (Prop_carry4_CI_CO[3])
                                                      0.117     4.672 r  a0_1_reg[55]_i_7/CO[3]
                         net (fo=61, unplaced)        0.808     5.480    a0_1_reg[55]_i_7_n_0
                         LUT5 (Prop_lut5_I0_O)        0.150     5.630 r  a0_1[28]_i_5/O
                         net (fo=1, unplaced)         0.000     5.630    a0_1[28]_i_5_n_0
                         CARRY4 (Prop_carry4_DI[0]_CO[3])
                                                      0.576     6.206 r  a0_1_reg[28]_i_1/CO[3]
                         net (fo=1, unplaced)         0.000     6.206    a0_1_reg[28]_i_1_n_0
                         CARRY4 (Prop_carry4_CI_CO[3])
                                                      0.117     6.323 r  a0_1_reg[32]_i_1/CO[3]
                         net (fo=1, unplaced)         0.000     6.323    a0_1_reg[32]_i_1_n_0
                         CARRY4 (Prop_carry4_CI_CO[3])
                                                      0.117     6.440 r  a0_1_reg[36]_i_1/CO[3]
                         net (fo=1, unplaced)         0.000     6.440    a0_1_reg[36]_i_1_n_0
                         CARRY4 (Prop_carry4_CI_O[3])
                                                      0.331     6.771 r  a0_1_reg[40]_i_1/O[3]
                         net (fo=1, unplaced)         0.000     6.771    a0_1[40]
                         FDRE                                         r  a0_1_reg[40]/D
  -------------------------------------------------------------------    -------------------

                         (clock clk rise edge)        5.000     5.000 r  
                                                      0.000     5.000 r  clk (IN)
                         net (fo=175, unset)          0.924     5.924    clk
                         FDRE                                         r  a0_1_reg[40]/C
                         clock pessimism              0.000     5.924    
                         clock uncertainty           -0.035     5.889    
                         FDRE (Setup_fdre_C_D)        0.109     5.998    a0_1_reg[40]
  -------------------------------------------------------------------
                         required time                          5.998    
                         arrival time                          -6.771    
  -------------------------------------------------------------------
                         slack                                 -0.773    




