============================================================
  Generated by:           Genus(TM) Synthesis Solution 25.12-s067_1
  Generated on:           Aug 11 2026  01:27:02 pm
  Module:                 butterfly2x2
  Operating conditions:   PVT_0P7V_25C 
  Interconnect mode:      global
  Area mode:              physical library
============================================================


Path 1: MET (0 ps) Setup Check with Pin BF2_1_ajlen2_INTT_reg[21]/CLK->D
          Group: clk
     Startpoint: (R) BF1_1_modei_reg[2]/CLK
          Clock: (R) clk
       Endpoint: (F) BF2_1_ajlen2_INTT_reg[21]/D
          Clock: (R) clk

                     Capture       Launch     
        Clock Edge:+     581            0     
       Src Latency:+       0            0     
       Net Latency:+       0 (I)        0 (I) 
           Arrival:=     581            0     
                                              
             Setup:-       7                  
       Uncertainty:-      29                  
     Required Time:=     545                  
      Launch Clock:-       0                  
         Data Path:-     545                  
             Slack:=       0                  

#---------------------------------------------------------------------------------------------------------------------------------------
#                  Timing Point                   Flags    Arc    Edge          Cell           Fanout Load Trans Delay Arrival Instance 
#                                                                                                     (fF)  (ps)  (ps)   (ps)  Location 
#---------------------------------------------------------------------------------------------------------------------------------------
  BF1_1_modei_reg[2]/CLK                          -       -       R     (arrival)                2365    -     0     0       0    (-,-) 
  BF1_1_modei_reg[2]/QN                           -       CLK->QN R     DFFHQNx2_ASAP7_75t_SL       1  4.0    26    41      41    (-,-) 
  g84212/Y                                        -       A->Y    F     INVx4_ASAP7_75t_SL          3  6.9    16    10      51    (-,-) 
  g47526/Y                                        -       A->Y    R     INVx3_ASAP7_75t_SL          3  8.7    23    14      65    (-,-) 
  g88781/Y                                        -       A->Y    R     OR2x6_ASAP7_75t_SL          4  7.5    14    20      85    (-,-) 
  g88784/Y                                        -       A->Y    R     OR2x4_ASAP7_75t_SL          3  9.8    22    26     112    (-,-) 
  g88783/Y                                        -       A->Y    F     INVx5_ASAP7_75t_SL          3 10.4    17    11     122    (-,-) 
  g62480/Y                                        -       A->Y    F     BUFx12f_ASAP7_75t_SL       26 38.4    25    23     145    (-,-) 
  g62105/Y                                        -       B->Y    R     NAND2xp5_ASAP7_75t_SL       1  3.1    36    22     167    (-,-) 
  g61059/Y                                        -       B->Y    F     NAND4xp75_ASAP7_75t_SL      3  5.0    47    23     190    (-,-) 
  g61003/Y                                        -       A->Y    F     HB1xp67_ASAP7_75t_L         3  5.9    54    47     237    (-,-) 
  WALLACE_CSA_DUMMY_OP922_groupi_g1716/Y          -       A->Y    R     INVx1_ASAP7_75t_SL          2  3.9    39    25     262    (-,-) 
  WALLACE_CSA_DUMMY_OP922_groupi_g1675/Y          -       A->Y    R     XOR2xp5_ASAP7_75t_SL        1  2.4    42    28     289    (-,-) 
  WALLACE_CSA_DUMMY_OP922_groupi_g1601/Y          -       B->Y    R     XNOR2xp5_ASAP7_75t_SL       2  3.2    52    22     312    (-,-) 
  WALLACE_CSA_DUMMY_OP922_groupi_g1583/Y          -       B->Y    F     NOR2xp33_ASAP7_75t_SL       3  4.8    86    50     362    (-,-) 
  WALLACE_CSA_DUMMY_OP922_groupi_g1533/Y          -       A1->Y   F     AO21x1_ASAP7_75t_SL         2  3.5    24    36     397    (-,-) 
  WALLACE_CSA_DUMMY_OP922_groupi_g1524/Y          -       A1->Y   R     AOI21xp5_ASAP7_75t_SL       1  2.1    50    18     416    (-,-) 
  WALLACE_CSA_DUMMY_OP922_groupi_g1516/Y          -       A2->Y   F     OAI21xp5_ASAP7_75t_SL       2  3.3    56    25     441    (-,-) 
  WALLACE_CSA_DUMMY_OP922_groupi_g1491/Y          -       B->Y    F     AO21x2_ASAP7_75t_SL         3  5.7    22    31     472    (-,-) 
  WALLACE_CSA_DUMMY_OP922_groupi_g72345/Y         -       A2->Y   F     AO21x2_ASAP7_75t_SL         1  3.2    17    22     494    (-,-) 
  WALLACE_CSA_DUMMY_OP922_groupi_g1478_dup90584/Y -       A->Y    F     XNOR2x1_ASAP7_75t_SL        2  3.9    30    21     515    (-,-) 
  g72347/Y                                        -       A1->Y   F     AO222x2_ASAP7_75t_SL        1  2.1    24    31     545    (-,-) 
  BF2_1_ajlen2_INTT_reg[21]/D                     -       -       F     DFFHQx4_ASAP7_75t_SL        1    -     -     0     545    (-,-) 
#---------------------------------------------------------------------------------------------------------------------------------------



Path 2: MET (0 ps) Setup Check with Pin BF2_1_ajlen2_INTT_reg[19]/CLK->D
          Group: clk
     Startpoint: (R) BF1_1_modei_reg[2]/CLK
          Clock: (R) clk
       Endpoint: (F) BF2_1_ajlen2_INTT_reg[19]/D
          Clock: (R) clk

                     Capture       Launch     
        Clock Edge:+     581            0     
       Src Latency:+       0            0     
       Net Latency:+       0 (I)        0 (I) 
           Arrival:=     581            0     
                                              
             Setup:-       7                  
       Uncertainty:-      29                  
     Required Time:=     545                  
      Launch Clock:-       0                  
         Data Path:-     545                  
             Slack:=       0                  

#------------------------------------------------------------------------------------------------------------------------------
#              Timing Point               Flags    Arc    Edge         Cell           Fanout Load Trans Delay Arrival Instance 
#                                                                                            (fF)  (ps)  (ps)   (ps)  Location 
#------------------------------------------------------------------------------------------------------------------------------
  BF1_1_modei_reg[2]/CLK                  -       -       R     (arrival)               2365    -     0     0       0    (-,-) 
  BF1_1_modei_reg[2]/QN                   -       CLK->QN F     DFFHQNx2_ASAP7_75t_SL      1  4.0    26    40      40    (-,-) 
  g84212/Y                                -       A->Y    R     INVx4_ASAP7_75t_SL         3  6.9    18    12      52    (-,-) 
  g47526/Y                                -       A->Y    F     INVx3_ASAP7_75t_SL         3  8.7    20    12      64    (-,-) 
  g47525/Y                                -       A->Y    R     INVx5_ASAP7_75t_SL         3  7.5    16    10      75    (-,-) 
  g47444__3680/Y                          -       A->Y    R     AND3x4_ASAP7_75t_SL        1  8.3    20    24      99    (-,-) 
  g87314/Y                                -       A->Y    F     INVx11_ASAP7_75t_SL       13 33.8    24    14     113    (-,-) 
  g62525/Y                                -       A->Y    F     BUFx12f_ASAP7_75t_SL      10 25.5    18    21     134    (-,-) 
  g62522/Y                                -       A->Y    R     INVx11_ASAP7_75t_SL       25 33.1    27    16     150    (-,-) 
  g61716/Y                                -       B->Y    F     NAND2xp5_ASAP7_75t_SL      1  2.1    27    16     165    (-,-) 
  g61337/Y                                -       A->Y    F     AND4x2_ASAP7_75t_SL        2  4.7    17    20     185    (-,-) 
  g61246/Y                                -       A->Y    R     INVx3_ASAP7_75t_SL         4  7.3    20    13     198    (-,-) 
  g60919/Y                                -       A1->Y   R     OA22x2_ASAP7_75t_SL        2  3.3    16    22     220    (-,-) 
  g60524/Y                                -       B->Y    R     AND5x1_ASAP7_75t_SL        1  2.1    22    29     249    (-,-) 
  g60295/Y                                -       B->Y    R     OA21x2_ASAP7_75t_SL        1  2.8    16    19     268    (-,-) 
  g59966/Y                                -       B->Y    F     OAI21x1_ASAP7_75t_SL       1  2.6    19    12     279    (-,-) 
  g86105/Y                                -       B->Y    F     AND2x4_ASAP7_75t_SL        5  9.4    18    21     300    (-,-) 
  WALLACE_CSA_DUMMY_OP922_groupi_g86108/Y -       B->Y    R     NAND2x2_ASAP7_75t_SL       2  3.6    28    13     313    (-,-) 
  g86109/Y                                -       A2->Y   F     OAI21x1_ASAP7_75t_SL       1  2.1    19    10     323    (-,-) 
  WALLACE_CSA_DUMMY_OP922_groupi_g73646/Y -       A2->Y   F     AO21x2_ASAP7_75t_SL        3  5.3    21    24     347    (-,-) 
  WALLACE_CSA_DUMMY_OP922_groupi_g1518/Y  -       A2->Y   R     AOI21x1_ASAP7_75t_SL       2  3.1    28    16     363    (-,-) 
  WALLACE_CSA_DUMMY_OP922_groupi_g1512/Y  -       A2->Y   R     OA21x2_ASAP7_75t_SL        3  4.9    21    23     386    (-,-) 
  WALLACE_CSA_DUMMY_OP922_groupi_g1507/Y  -       A2->Y   R     OA21x2_ASAP7_75t_SL        4  6.2    26    25     411    (-,-) 
  WALLACE_CSA_DUMMY_OP922_groupi_g1500/Y  -       A1->Y   R     OA21x2_ASAP7_75t_SL        2  4.7    21    24     435    (-,-) 
  WALLACE_CSA_DUMMY_OP922_groupi_g1489/Y  -       A2->Y   F     OAI21xp5_ASAP7_75t_L       2  3.8    52    26     461    (-,-) 
  WALLACE_CSA_DUMMY_OP922_groupi_g1481/Y  -       A2->Y   R     AOI21xp5_ASAP7_75t_SL      1  2.5    55    25     486    (-,-) 
  WALLACE_CSA_DUMMY_OP922_groupi_g1479/Y  -       B->Y    F     XNOR2x2_ASAP7_75t_SL       2  3.7    18    30     516    (-,-) 
  g68522/Y                                -       A1->Y   F     AO222x2_ASAP7_75t_SL       1  2.1    24    29     545    (-,-) 
  BF2_1_ajlen2_INTT_reg[19]/D             -       -       F     DFFHQx4_ASAP7_75t_SL       1    -     -     0     545    (-,-) 
#------------------------------------------------------------------------------------------------------------------------------



Path 3: MET (0 ps) Setup Check with Pin BF2_1_ajlen2_INTT_reg[19]/CLK->D
          Group: clk
     Startpoint: (R) BF1_1_modei_reg[2]/CLK
          Clock: (R) clk
       Endpoint: (F) BF2_1_ajlen2_INTT_reg[19]/D
          Clock: (R) clk

                     Capture       Launch     
        Clock Edge:+     581            0     
       Src Latency:+       0            0     
       Net Latency:+       0 (I)        0 (I) 
           Arrival:=     581            0     
                                              
             Setup:-       7                  
       Uncertainty:-      29                  
     Required Time:=     545                  
      Launch Clock:-       0                  
         Data Path:-     545                  
             Slack:=       0                  

#---------------------------------------------------------------------------------------------------------------------------------
#              Timing Point               Flags    Arc    Edge           Cell            Fanout Load Trans Delay Arrival Instance 
#                                                                                               (fF)  (ps)  (ps)   (ps)  Location 
#---------------------------------------------------------------------------------------------------------------------------------
  BF1_1_modei_reg[2]/CLK                  -       -       R     (arrival)                  2365    -     0     0       0    (-,-) 
  BF1_1_modei_reg[2]/QN                   -       CLK->QN R     DFFHQNx2_ASAP7_75t_SL         1  4.0    26    41      41    (-,-) 
  g84212/Y                                -       A->Y    F     INVx4_ASAP7_75t_SL            3  6.9    16    10      51    (-,-) 
  g47526/Y                                -       A->Y    R     INVx3_ASAP7_75t_SL            3  8.7    23    14      65    (-,-) 
  g88781/Y                                -       A->Y    R     OR2x6_ASAP7_75t_SL            4  7.5    14    20      85    (-,-) 
  g88784/Y                                -       A->Y    R     OR2x4_ASAP7_75t_SL            3  9.8    22    26     112    (-,-) 
  g88785/Y                                -       A->Y    R     BUFx12f_ASAP7_75t_SL          6 13.2    13    16     128    (-,-) 
  g62506/Y                                -       A->Y    R     BUFx12f_ASAP7_75t_SL          8 18.1    16    16     144    (-,-) 
  g62500/Y                                -       A->Y    F     INVx8_ASAP7_75t_SL            6  9.0    11     7     151    (-,-) 
  g90340/Y                                -       B2->Y   F     AO222x2_ASAP7_75t_SL          4  7.2    29    38     189    (-,-) 
  g60907/Y                                -       B1->Y   R     AOI22x1_ASAP7_75t_SL          1  3.1    33    18     208    (-,-) 
  g60746/Y                                -       A->Y    F     NAND2x1p5_ASAP7_75t_SL        2  4.0    22    10     218    (-,-) 
  g60433/Y                                -       A2->Y   R     A2O1A1Ixp33_ASAP7_75t_SL      1  2.1    39    21     238    (-,-) 
  g60191/Y                                -       A1->Y   R     OA222x2_ASAP7_75t_SL          1  2.7    18    31     269    (-,-) 
  g59966/Y                                -       A1->Y   F     OAI21x1_ASAP7_75t_SL          1  2.6    19    10     279    (-,-) 
  g86105/Y                                -       B->Y    F     AND2x4_ASAP7_75t_SL           5  9.4    18    21     300    (-,-) 
  WALLACE_CSA_DUMMY_OP922_groupi_g86108/Y -       B->Y    R     NAND2x2_ASAP7_75t_SL          2  3.6    28    13     313    (-,-) 
  g86109/Y                                -       A2->Y   F     OAI21x1_ASAP7_75t_SL          1  2.1    19    10     323    (-,-) 
  WALLACE_CSA_DUMMY_OP922_groupi_g73646/Y -       A2->Y   F     AO21x2_ASAP7_75t_SL           3  5.3    21    24     347    (-,-) 
  WALLACE_CSA_DUMMY_OP922_groupi_g1518/Y  -       A2->Y   R     AOI21x1_ASAP7_75t_SL          2  3.1    28    16     363    (-,-) 
  WALLACE_CSA_DUMMY_OP922_groupi_g1512/Y  -       A2->Y   R     OA21x2_ASAP7_75t_SL           3  4.9    21    23     386    (-,-) 
  WALLACE_CSA_DUMMY_OP922_groupi_g1507/Y  -       A2->Y   R     OA21x2_ASAP7_75t_SL           4  6.2    26    25     411    (-,-) 
  WALLACE_CSA_DUMMY_OP922_groupi_g1500/Y  -       A1->Y   R     OA21x2_ASAP7_75t_SL           2  4.7    21    24     435    (-,-) 
  WALLACE_CSA_DUMMY_OP922_groupi_g1489/Y  -       A2->Y   F     OAI21xp5_ASAP7_75t_L          2  3.8    52    26     461    (-,-) 
  WALLACE_CSA_DUMMY_OP922_groupi_g1481/Y  -       A2->Y   R     AOI21xp5_ASAP7_75t_SL         1  2.5    55    25     486    (-,-) 
  WALLACE_CSA_DUMMY_OP922_groupi_g1479/Y  -       B->Y    F     XNOR2x2_ASAP7_75t_SL          2  3.7    18    30     516    (-,-) 
  g68522/Y                                -       A1->Y   F     AO222x2_ASAP7_75t_SL          1  2.1    24    29     545    (-,-) 
  BF2_1_ajlen2_INTT_reg[19]/D             -       -       F     DFFHQx4_ASAP7_75t_SL          1    -     -     0     545    (-,-) 
#---------------------------------------------------------------------------------------------------------------------------------



Path 4: MET (0 ps) Setup Check with Pin BF2_1_aj5_reg[23]/CLK->D
          Group: clk
     Startpoint: (R) BF1_1_modei_reg[1]/CLK
          Clock: (R) clk
       Endpoint: (R) BF2_1_aj5_reg[23]/D
          Clock: (R) clk

                     Capture       Launch     
        Clock Edge:+     581            0     
       Src Latency:+       0            0     
       Net Latency:+       0 (I)        0 (I) 
           Arrival:=     581            0     
                                              
             Setup:-       9                  
       Uncertainty:-      29                  
     Required Time:=     543                  
      Launch Clock:-       0                  
         Data Path:-     543                  
             Slack:=       0                  

#---------------------------------------------------------------------------------------------------------------
#      Timing Point        Flags    Arc   Edge          Cell           Fanout Load Trans Delay Arrival Instance 
#                                                                             (fF)  (ps)  (ps)   (ps)  Location 
#---------------------------------------------------------------------------------------------------------------
  BF1_1_modei_reg[1]/CLK   -       -      R     (arrival)                2365    -     0     0       0    (-,-) 
  BF1_1_modei_reg[1]/Q     -       CLK->Q F     DFFHQx4_ASAP7_75t_SL        1  5.3    12    45      45    (-,-) 
  fopt82691/Y              -       A->Y   R     INVx6_ASAP7_75t_SL          3  6.3    11     7      52    (-,-) 
  fopt82690/Y              -       A->Y   R     BUFx6f_ASAP7_75t_SL         3  8.4    13    15      67    (-,-) 
  fopt88782/Y              -       A->Y   F     INVx3_ASAP7_75t_SL          5  9.1    19    12      79    (-,-) 
  g47518__7482/Y           -       B->Y   F     OR2x2_ASAP7_75t_SL          1  2.6    12    20      99    (-,-) 
  g47335__5526/Y           -       B->Y   F     AND2x6_ASAP7_75t_SL         4 12.8    17    22     120    (-,-) 
  g47307/Y                 -       A->Y   F     BUFx4f_ASAP7_75t_SL         8 11.8    20    21     142    (-,-) 
  g46373__5526/Y           -       B1->Y  R     AOI221xp5_ASAP7_75t_SL      1  2.1    52    26     168    (-,-) 
  g46361__9945/Y           -       B->Y   F     NAND2xp5_ASAP7_75t_SL       2  3.5    45    25     194    (-,-) 
  BF2_1_add_169_28_g1501/Y -       B->Y   R     NOR2xp67_ASAP7_75t_L        2  3.7    50    32     226    (-,-) 
  BF2_1_add_169_28_g1449/Y -       A->Y   F     NOR2xp67_ASAP7_75t_L        1  2.1    33    25     251    (-,-) 
  BF2_1_add_169_28_g1428/Y -       A1->Y  F     AO21x2_ASAP7_75t_SL         2  4.3    18    27     278    (-,-) 
  BF2_1_add_169_28_g1425/Y -       A1->Y  R     AOI21x1_ASAP7_75t_SL        2  4.3    34    18     296    (-,-) 
  BF2_1_add_169_28_g1423/Y -       A1->Y  F     OAI21x1_ASAP7_75t_SL        2  3.1    36    12     308    (-,-) 
  BF2_1_add_169_28_g1418/Y -       A2->Y  F     AO21x2_ASAP7_75t_SL         2  3.1    15    24     332    (-,-) 
  BF2_1_add_169_28_g1410/Y -       A1->Y  F     AO21x2_ASAP7_75t_SL         3  4.8    18    24     356    (-,-) 
  BF2_1_add_169_28_g1402/Y -       A2->Y  F     AO21x2_ASAP7_75t_SL         2  3.7    17    22     378    (-,-) 
  BF2_1_add_169_28_g1395/Y -       A2->Y  F     AO21x2_ASAP7_75t_SL         2  3.7    16    22     400    (-,-) 
  BF2_1_add_169_28_g1392/Y -       A2->Y  F     AO21x2_ASAP7_75t_SL         2  4.3    17    22     422    (-,-) 
  BF2_1_add_169_28_g1390/Y -       A2->Y  R     AOI21x1_ASAP7_75t_SL        2  3.7    32    17     438    (-,-) 
  BF2_1_add_169_28_g1388/Y -       A2->Y  R     OA21x2_ASAP7_75t_SL         2  4.3    21    23     461    (-,-) 
  BF2_1_add_169_28_g1386/Y -       A2->Y  F     OAI21x1_ASAP7_75t_SL        1  2.5    30    10     472    (-,-) 
  BF2_1_add_169_28_g1385/Y -       A->Y   F     XOR2x2_ASAP7_75t_SL         4  6.6    24    31     503    (-,-) 
  g68695/Y                 -       A1->Y  R     AOI22xp5_ASAP7_75t_SL       1  2.1    66    20     523    (-,-) 
  g67252/Y                 -       B->Y   R     OA21x2_ASAP7_75t_SL         1  2.1    18    20     543    (-,-) 
  BF2_1_aj5_reg[23]/D      -       -      R     DFFHQNx1_ASAP7_75t_SL       1    -     -     0     543    (-,-) 
#---------------------------------------------------------------------------------------------------------------



Path 5: MET (0 ps) Setup Check with Pin BF1_2_ajlen5_reg[21]/CLK->D
          Group: clk
     Startpoint: (R) BF1_1_modei_reg[2]/CLK
          Clock: (R) clk
       Endpoint: (R) BF1_2_ajlen5_reg[21]/D
          Clock: (R) clk

                     Capture       Launch     
        Clock Edge:+     581            0     
       Src Latency:+       0            0     
       Net Latency:+       0 (I)        0 (I) 
           Arrival:=     581            0     
                                              
             Setup:-      10                  
       Uncertainty:-      29                  
     Required Time:=     542                  
      Launch Clock:-       0                  
         Data Path:-     542                  
             Slack:=       0                  

#----------------------------------------------------------------------------------------------------------------------------------
#               Timing Point                 Flags    Arc    Edge          Cell           Fanout Load Trans Delay Arrival Instance 
#                                                                                                (fF)  (ps)  (ps)   (ps)  Location 
#----------------------------------------------------------------------------------------------------------------------------------
  BF1_1_modei_reg[2]/CLK                     -       -       R     (arrival)                2365    -     0     0       0    (-,-) 
  BF1_1_modei_reg[2]/QN                      -       CLK->QN F     DFFHQNx2_ASAP7_75t_SL       1  4.0    26    40      40    (-,-) 
  g84212/Y                                   -       A->Y    R     INVx4_ASAP7_75t_SL          3  6.9    18    12      52    (-,-) 
  g47526/Y                                   -       A->Y    F     INVx3_ASAP7_75t_SL          3  8.7    20    12      64    (-,-) 
  g47515__6131/Y                             -       A->Y    R     NAND2x1p5_ASAP7_75t_SL      1  2.6    19    13      78    (-,-) 
  g47443__6783/Y                             -       A->Y    R     OR2x6_ASAP7_75t_SL          5 17.0    24    25     102    (-,-) 
  g62651/Y                                   -       A->Y    F     INVx8_ASAP7_75t_SL          6 16.4    18    11     113    (-,-) 
  g62638/Y                                   -       A->Y    F     BUFx12f_ASAP7_75t_SL       14 21.8    16    19     132    (-,-) 
  g62632/Y                                   -       A->Y    R     INVx3_ASAP7_75t_SL          4  6.8    19    12     144    (-,-) 
  g62109/Y                                   -       B->Y    R     OR2x2_ASAP7_75t_SL          1  3.1    15    18     162    (-,-) 
  g61068/Y                                   -       D->Y    F     NAND4xp75_ASAP7_75t_SL      2  3.3    33    16     179    (-,-) 
  g61013/Y                                   -       A->Y    R     INVx1_ASAP7_75t_SL          3  5.5    43    26     205    (-,-) 
  g60739/Y                                   -       A2->Y   F     AOI21x1_ASAP7_75t_SL        1  2.1    22    10     215    (-,-) 
  g557/Y                                     -       A2->Y   R     OAI21xp5_ASAP7_75t_SL       1  2.5    38    22     237    (-,-) 
  g552/Y                                     -       A1->Y   R     AO211x2_ASAP7_75t_SL        1  4.3    21    31     268    (-,-) 
  g78336/Y                                   -       A->Y    F     NAND3x2_ASAP7_75t_SL        1  3.5    18     9     277    (-,-) 
  g550/Y                                     -       A->Y    R     NAND2x2_ASAP7_75t_SL        3  4.4    23    15     292    (-,-) 
  WALLACE_CSA_DUMMY_OP924_groupi_fopt88600/Y -       A->Y    R     BUFx2_ASAP7_75t_L           4  7.5    31    29     321    (-,-) 
  WALLACE_CSA_DUMMY_OP924_groupi_g1571/Y     -       A->Y    F     NOR2xp67_ASAP7_75t_L        2  4.0    49    30     351    (-,-) 
  g90628/Y                                   -       B->Y    R     AOI21x1_ASAP7_75t_SL        2  3.5    44    24     375    (-,-) 
  WALLACE_CSA_DUMMY_OP924_groupi_g1529/Y     -       A2->Y   F     OAI21xp5_ASAP7_75t_SL       1  2.1    55    18     393    (-,-) 
  WALLACE_CSA_DUMMY_OP924_groupi_g1524/Y     -       A1->Y   R     AOI21xp5_ASAP7_75t_SL       1  2.1    45    22     415    (-,-) 
  WALLACE_CSA_DUMMY_OP924_groupi_g1509/Y     -       B->Y    R     OA21x2_ASAP7_75t_SL         2  5.2    22    24     439    (-,-) 
  WALLACE_CSA_DUMMY_OP924_groupi_g1508/Y     -       A->Y    F     INVx3_ASAP7_75t_SL          2  3.4    12     7     446    (-,-) 
  g82273/Y                                   -       A2->Y   F     AO21x2_ASAP7_75t_SL         4  7.4    25    26     472    (-,-) 
  g82272/Y                                   -       A2->Y   F     AO21x2_ASAP7_75t_SL         2  4.9    21    25     497    (-,-) 
  WALLACE_CSA_DUMMY_OP924_groupi_g72236/Y    -       A->Y    F     XNOR2xp5_ASAP7_75t_L        1  2.7    36    30     528    (-,-) 
  g82030/Y                                   -       A1->Y   R     AOI21x1_ASAP7_75t_SL        1  2.1    25    14     542    (-,-) 
  BF1_2_ajlen5_reg[21]/D                     -       -       R     DFFHQNx1_ASAP7_75t_L        1    -     -     0     542    (-,-) 
#----------------------------------------------------------------------------------------------------------------------------------



Path 6: MET (0 ps) Setup Check with Pin BF1_2_ajlen5_reg[21]/CLK->D
          Group: clk
     Startpoint: (R) BF1_1_modei_reg[2]/CLK
          Clock: (R) clk
       Endpoint: (R) BF1_2_ajlen5_reg[21]/D
          Clock: (R) clk

                     Capture       Launch     
        Clock Edge:+     581            0     
       Src Latency:+       0            0     
       Net Latency:+       0 (I)        0 (I) 
           Arrival:=     581            0     
                                              
             Setup:-      10                  
       Uncertainty:-      29                  
     Required Time:=     542                  
      Launch Clock:-       0                  
         Data Path:-     542                  
             Slack:=       0                  

#--------------------------------------------------------------------------------------------------------------------------------
#              Timing Point               Flags    Arc    Edge          Cell            Fanout Load Trans Delay Arrival Instance 
#                                                                                              (fF)  (ps)  (ps)   (ps)  Location 
#--------------------------------------------------------------------------------------------------------------------------------
  BF1_1_modei_reg[2]/CLK                  -       -       R     (arrival)                 2365    -     0     0       0    (-,-) 
  BF1_1_modei_reg[2]/QN                   -       CLK->QN R     DFFHQNx2_ASAP7_75t_SL        1  4.0    26    41      41    (-,-) 
  g84212/Y                                -       A->Y    F     INVx4_ASAP7_75t_SL           3  6.9    16    10      51    (-,-) 
  g47526/Y                                -       A->Y    R     INVx3_ASAP7_75t_SL           3  8.7    23    14      65    (-,-) 
  g47515__6131/Y                          -       A->Y    F     NAND2x1p5_ASAP7_75t_SL       1  2.6    16     8      73    (-,-) 
  g47443__6783/Y                          -       A->Y    F     OR2x6_ASAP7_75t_SL           5 17.0    22    27     100    (-,-) 
  g62600/Y                                -       A->Y    F     BUFx12f_ASAP7_75t_SL        11 25.9    18    21     120    (-,-) 
  g62599/Y                                -       A->Y    R     CKINVDCx16_ASAP7_75t_SL     45 67.0    38    21     141    (-,-) 
  g84907/Y                                -       B->Y    F     NAND2xp5_ASAP7_75t_SL        1  3.1    38    22     163    (-,-) 
  g61349_dup90059/Y                       -       D->Y    R     NAND4xp75_ASAP7_75t_SL       4  6.9    41    25     189    (-,-) 
  g84908/Y                                -       A->Y    F     INVx1_ASAP7_75t_SL           1  2.1    22    12     201    (-,-) 
  g60822/Y                                -       B2->Y   R     OAI22xp5_ASAP7_75t_SL        1  2.1    38    21     222    (-,-) 
  g60737/Y                                -       B->Y    R     AO21x1_ASAP7_75t_SL          1  2.7    22    19     241    (-,-) 
  g553/Y                                  -       A1->Y   F     AOI21x1_ASAP7_75t_SL         1  4.0    27    16     257    (-,-) 
  g78336/Y                                -       C->Y    R     NAND3x2_ASAP7_75t_SL         1  3.6    29    20     277    (-,-) 
  g550/Y                                  -       A->Y    F     NAND2x2_ASAP7_75t_SL         3  4.3    20     9     286    (-,-) 
  g78831/Y                                -       A2->Y   F     AO21x2_ASAP7_75t_SL          2  3.1    14    22     308    (-,-) 
  g78830/Y                                -       A2->Y   F     AO21x2_ASAP7_75t_SL          2  3.1    16    20     328    (-,-) 
  WALLACE_CSA_DUMMY_OP924_groupi_g87329/Y -       A2->Y   F     AO21x2_ASAP7_75t_SL          4  6.6    24    26     353    (-,-) 
  WALLACE_CSA_DUMMY_OP924_groupi_g87333/Y -       A1->Y   R     AOI21x1_ASAP7_75t_SL         2  3.1    30    16     369    (-,-) 
  WALLACE_CSA_DUMMY_OP924_groupi_g87332/Y -       A2->Y   R     OA21x2_ASAP7_75t_SL          3  4.9    21    24     392    (-,-) 
  WALLACE_CSA_DUMMY_OP924_groupi_g1515/Y  -       A2->Y   R     OA21x2_ASAP7_75t_SL          3  5.5    24    24     416    (-,-) 
  WALLACE_CSA_DUMMY_OP924_groupi_g1509/Y  -       A2->Y   R     OA21x2_ASAP7_75t_SL          2  5.2    22    23     439    (-,-) 
  WALLACE_CSA_DUMMY_OP924_groupi_g1508/Y  -       A->Y    F     INVx3_ASAP7_75t_SL           2  3.4    12     7     446    (-,-) 
  g82273/Y                                -       A2->Y   F     AO21x2_ASAP7_75t_SL          4  7.4    25    26     472    (-,-) 
  g82272/Y                                -       A2->Y   F     AO21x2_ASAP7_75t_SL          2  4.9    21    25     497    (-,-) 
  WALLACE_CSA_DUMMY_OP924_groupi_g72236/Y -       A->Y    F     XNOR2xp5_ASAP7_75t_L         1  2.7    36    30     528    (-,-) 
  g82030/Y                                -       A1->Y   R     AOI21x1_ASAP7_75t_SL         1  2.1    25    14     542    (-,-) 
  BF1_2_ajlen5_reg[21]/D                  -       -       R     DFFHQNx1_ASAP7_75t_L         1    -     -     0     542    (-,-) 
#--------------------------------------------------------------------------------------------------------------------------------



Path 7: MET (0 ps) Setup Check with Pin BF1_2_ajlen5_reg[21]/CLK->D
          Group: clk
     Startpoint: (R) BF1_1_modei_reg[2]/CLK
          Clock: (R) clk
       Endpoint: (R) BF1_2_ajlen5_reg[21]/D
          Clock: (R) clk

                     Capture       Launch     
        Clock Edge:+     581            0     
       Src Latency:+       0            0     
       Net Latency:+       0 (I)        0 (I) 
           Arrival:=     581            0     
                                              
             Setup:-      10                  
       Uncertainty:-      29                  
     Required Time:=     542                  
      Launch Clock:-       0                  
         Data Path:-     542                  
             Slack:=       0                  

#--------------------------------------------------------------------------------------------------------------------------------
#              Timing Point               Flags    Arc    Edge          Cell            Fanout Load Trans Delay Arrival Instance 
#                                                                                              (fF)  (ps)  (ps)   (ps)  Location 
#--------------------------------------------------------------------------------------------------------------------------------
  BF1_1_modei_reg[2]/CLK                  -       -       R     (arrival)                 2365    -     0     0       0    (-,-) 
  BF1_1_modei_reg[2]/QN                   -       CLK->QN R     DFFHQNx2_ASAP7_75t_SL        1  4.0    26    41      41    (-,-) 
  g84212/Y                                -       A->Y    F     INVx4_ASAP7_75t_SL           3  6.9    16    10      51    (-,-) 
  g47526/Y                                -       A->Y    R     INVx3_ASAP7_75t_SL           3  8.7    23    14      65    (-,-) 
  g47515__6131/Y                          -       A->Y    F     NAND2x1p5_ASAP7_75t_SL       1  2.6    16     8      73    (-,-) 
  g47443__6783/Y                          -       A->Y    F     OR2x6_ASAP7_75t_SL           5 17.0    22    27     100    (-,-) 
  g62600/Y                                -       A->Y    F     BUFx12f_ASAP7_75t_SL        11 25.9    18    21     120    (-,-) 
  g62599/Y                                -       A->Y    R     CKINVDCx16_ASAP7_75t_SL     45 67.0    38    21     141    (-,-) 
  g84907/Y                                -       B->Y    F     NAND2xp5_ASAP7_75t_SL        1  3.1    38    22     163    (-,-) 
  g61349_dup90059/Y                       -       D->Y    R     NAND4xp75_ASAP7_75t_SL       4  6.9    41    25     189    (-,-) 
  g84902/Y                                -       B->Y    F     NOR2x1_ASAP7_75t_SL          2  3.4    29    19     207    (-,-) 
  g60992/Y                                -       A->Y    R     INVx1_ASAP7_75t_SL           1  2.1    22    14     221    (-,-) 
  g60737/Y                                -       A2->Y   R     AO21x1_ASAP7_75t_SL          1  2.7    22    20     241    (-,-) 
  g553/Y                                  -       A1->Y   F     AOI21x1_ASAP7_75t_SL         1  4.0    27    16     257    (-,-) 
  g78336/Y                                -       C->Y    R     NAND3x2_ASAP7_75t_SL         1  3.6    29    20     277    (-,-) 
  g550/Y                                  -       A->Y    F     NAND2x2_ASAP7_75t_SL         3  4.3    20     9     286    (-,-) 
  g78831/Y                                -       A2->Y   F     AO21x2_ASAP7_75t_SL          2  3.1    14    22     308    (-,-) 
  g78830/Y                                -       A2->Y   F     AO21x2_ASAP7_75t_SL          2  3.1    16    20     328    (-,-) 
  WALLACE_CSA_DUMMY_OP924_groupi_g87329/Y -       A2->Y   F     AO21x2_ASAP7_75t_SL          4  6.6    24    26     353    (-,-) 
  WALLACE_CSA_DUMMY_OP924_groupi_g87333/Y -       A1->Y   R     AOI21x1_ASAP7_75t_SL         2  3.1    30    16     369    (-,-) 
  WALLACE_CSA_DUMMY_OP924_groupi_g87332/Y -       A2->Y   R     OA21x2_ASAP7_75t_SL          3  4.9    21    24     392    (-,-) 
  WALLACE_CSA_DUMMY_OP924_groupi_g1515/Y  -       A2->Y   R     OA21x2_ASAP7_75t_SL          3  5.5    24    24     416    (-,-) 
  WALLACE_CSA_DUMMY_OP924_groupi_g1509/Y  -       A2->Y   R     OA21x2_ASAP7_75t_SL          2  5.2    22    23     439    (-,-) 
  WALLACE_CSA_DUMMY_OP924_groupi_g1508/Y  -       A->Y    F     INVx3_ASAP7_75t_SL           2  3.4    12     7     446    (-,-) 
  g82273/Y                                -       A2->Y   F     AO21x2_ASAP7_75t_SL          4  7.4    25    26     472    (-,-) 
  g82272/Y                                -       A2->Y   F     AO21x2_ASAP7_75t_SL          2  4.9    21    25     497    (-,-) 
  WALLACE_CSA_DUMMY_OP924_groupi_g72236/Y -       A->Y    F     XNOR2xp5_ASAP7_75t_L         1  2.7    36    30     528    (-,-) 
  g82030/Y                                -       A1->Y   R     AOI21x1_ASAP7_75t_SL         1  2.1    25    14     542    (-,-) 
  BF1_2_ajlen5_reg[21]/D                  -       -       R     DFFHQNx1_ASAP7_75t_L         1    -     -     0     542    (-,-) 
#--------------------------------------------------------------------------------------------------------------------------------



Path 8: MET (0 ps) Setup Check with Pin BF1_2_ajlen2_INTT_reg[23]/CLK->D
          Group: clk
     Startpoint: (R) BF1_1_modei_reg[2]/CLK
          Clock: (R) clk
       Endpoint: (R) BF1_2_ajlen2_INTT_reg[23]/D
          Clock: (R) clk

                     Capture       Launch     
        Clock Edge:+     581            0     
       Src Latency:+       0            0     
       Net Latency:+       0 (I)        0 (I) 
           Arrival:=     581            0     
                                              
             Setup:-      11                  
       Uncertainty:-      29                  
     Required Time:=     541                  
      Launch Clock:-       0                  
         Data Path:-     541                  
             Slack:=       0                  

#----------------------------------------------------------------------------------------------------------------------------------
#               Timing Point                 Flags    Arc    Edge          Cell           Fanout Load Trans Delay Arrival Instance 
#                                                                                                (fF)  (ps)  (ps)   (ps)  Location 
#----------------------------------------------------------------------------------------------------------------------------------
  BF1_1_modei_reg[2]/CLK                     -       -       R     (arrival)                2365    -     0     0       0    (-,-) 
  BF1_1_modei_reg[2]/QN                      -       CLK->QN F     DFFHQNx2_ASAP7_75t_SL       1  4.0    26    40      40    (-,-) 
  g84212/Y                                   -       A->Y    R     INVx4_ASAP7_75t_SL          3  6.9    18    12      52    (-,-) 
  g47526/Y                                   -       A->Y    F     INVx3_ASAP7_75t_SL          3  8.7    20    12      64    (-,-) 
  g47515__6131/Y                             -       A->Y    R     NAND2x1p5_ASAP7_75t_SL      1  2.6    19    13      78    (-,-) 
  g47443__6783/Y                             -       A->Y    R     OR2x6_ASAP7_75t_SL          5 17.0    24    25     102    (-,-) 
  g62651/Y                                   -       A->Y    F     INVx8_ASAP7_75t_SL          6 16.4    18    11     113    (-,-) 
  g62638/Y                                   -       A->Y    F     BUFx12f_ASAP7_75t_SL       14 21.8    16    19     132    (-,-) 
  g62632/Y                                   -       A->Y    R     INVx3_ASAP7_75t_SL          4  6.8    19    12     144    (-,-) 
  g62109/Y                                   -       B->Y    R     OR2x2_ASAP7_75t_SL          1  3.1    15    18     162    (-,-) 
  g61068/Y                                   -       D->Y    F     NAND4xp75_ASAP7_75t_SL      2  3.3    33    16     179    (-,-) 
  g61013/Y                                   -       A->Y    R     INVx1_ASAP7_75t_SL          3  5.5    43    26     205    (-,-) 
  g60739/Y                                   -       A2->Y   F     AOI21x1_ASAP7_75t_SL        1  2.1    22    10     215    (-,-) 
  g557/Y                                     -       A2->Y   R     OAI21xp5_ASAP7_75t_SL       1  2.5    38    22     237    (-,-) 
  g552/Y                                     -       A1->Y   R     AO211x2_ASAP7_75t_SL        1  4.3    21    31     268    (-,-) 
  g78336/Y                                   -       A->Y    F     NAND3x2_ASAP7_75t_SL        1  3.5    18     9     277    (-,-) 
  g550/Y                                     -       A->Y    R     NAND2x2_ASAP7_75t_SL        3  4.4    23    15     292    (-,-) 
  WALLACE_CSA_DUMMY_OP924_groupi_fopt88600/Y -       A->Y    R     BUFx2_ASAP7_75t_L           4  7.5    31    29     321    (-,-) 
  WALLACE_CSA_DUMMY_OP924_groupi_g1571/Y     -       A->Y    F     NOR2xp67_ASAP7_75t_L        2  4.0    49    30     351    (-,-) 
  g90628/Y                                   -       B->Y    R     AOI21x1_ASAP7_75t_SL        2  3.5    44    24     375    (-,-) 
  WALLACE_CSA_DUMMY_OP924_groupi_g1529/Y     -       A2->Y   F     OAI21xp5_ASAP7_75t_SL       1  2.1    55    18     393    (-,-) 
  WALLACE_CSA_DUMMY_OP924_groupi_g1524/Y     -       A1->Y   R     AOI21xp5_ASAP7_75t_SL       1  2.1    45    22     415    (-,-) 
  WALLACE_CSA_DUMMY_OP924_groupi_g1509/Y     -       B->Y    R     OA21x2_ASAP7_75t_SL         2  5.2    22    24     439    (-,-) 
  WALLACE_CSA_DUMMY_OP924_groupi_g1508/Y     -       A->Y    F     INVx3_ASAP7_75t_SL          2  3.4    12     7     446    (-,-) 
  g82273/Y                                   -       A2->Y   F     AO21x2_ASAP7_75t_SL         4  7.4    25    26     472    (-,-) 
  g82275/Y                                   -       A2->Y   R     AOI21x1_ASAP7_75t_L         3  5.2    45    26     498    (-,-) 
  g656/Y                                     -       A->Y    F     XNOR2x2_ASAP7_75t_SL        1  2.7    15    29     528    (-,-) 
  g645/Y                                     -       A1->Y   R     OAI21x1_ASAP7_75t_SL        1  2.1    42    13     541    (-,-) 
  BF1_2_ajlen2_INTT_reg[23]/D                -       -       R     DFFHQx4_ASAP7_75t_SL        1    -     -     0     541    (-,-) 
#----------------------------------------------------------------------------------------------------------------------------------



Path 9: MET (0 ps) Setup Check with Pin BF1_2_ajlen2_INTT_reg[23]/CLK->D
          Group: clk
     Startpoint: (R) BF1_1_modei_reg[2]/CLK
          Clock: (R) clk
       Endpoint: (R) BF1_2_ajlen2_INTT_reg[23]/D
          Clock: (R) clk

                     Capture       Launch     
        Clock Edge:+     581            0     
       Src Latency:+       0            0     
       Net Latency:+       0 (I)        0 (I) 
           Arrival:=     581            0     
                                              
             Setup:-      11                  
       Uncertainty:-      29                  
     Required Time:=     541                  
      Launch Clock:-       0                  
         Data Path:-     541                  
             Slack:=       0                  

#--------------------------------------------------------------------------------------------------------------------------------
#              Timing Point               Flags    Arc    Edge          Cell            Fanout Load Trans Delay Arrival Instance 
#                                                                                              (fF)  (ps)  (ps)   (ps)  Location 
#--------------------------------------------------------------------------------------------------------------------------------
  BF1_1_modei_reg[2]/CLK                  -       -       R     (arrival)                 2365    -     0     0       0    (-,-) 
  BF1_1_modei_reg[2]/QN                   -       CLK->QN R     DFFHQNx2_ASAP7_75t_SL        1  4.0    26    41      41    (-,-) 
  g84212/Y                                -       A->Y    F     INVx4_ASAP7_75t_SL           3  6.9    16    10      51    (-,-) 
  g47526/Y                                -       A->Y    R     INVx3_ASAP7_75t_SL           3  8.7    23    14      65    (-,-) 
  g47515__6131/Y                          -       A->Y    F     NAND2x1p5_ASAP7_75t_SL       1  2.6    16     8      73    (-,-) 
  g47443__6783/Y                          -       A->Y    F     OR2x6_ASAP7_75t_SL           5 17.0    22    27     100    (-,-) 
  g62600/Y                                -       A->Y    F     BUFx12f_ASAP7_75t_SL        11 25.9    18    21     120    (-,-) 
  g62599/Y                                -       A->Y    R     CKINVDCx16_ASAP7_75t_SL     45 67.0    38    21     141    (-,-) 
  g84907/Y                                -       B->Y    F     NAND2xp5_ASAP7_75t_SL        1  3.1    38    22     163    (-,-) 
  g61349_dup90059/Y                       -       D->Y    R     NAND4xp75_ASAP7_75t_SL       4  6.9    41    25     189    (-,-) 
  g84908/Y                                -       A->Y    F     INVx1_ASAP7_75t_SL           1  2.1    22    12     201    (-,-) 
  g60822/Y                                -       B2->Y   R     OAI22xp5_ASAP7_75t_SL        1  2.1    38    21     222    (-,-) 
  g60737/Y                                -       B->Y    R     AO21x1_ASAP7_75t_SL          1  2.7    22    19     241    (-,-) 
  g553/Y                                  -       A1->Y   F     AOI21x1_ASAP7_75t_SL         1  4.0    27    16     257    (-,-) 
  g78336/Y                                -       C->Y    R     NAND3x2_ASAP7_75t_SL         1  3.6    29    20     277    (-,-) 
  g550/Y                                  -       A->Y    F     NAND2x2_ASAP7_75t_SL         3  4.3    20     9     286    (-,-) 
  g78831/Y                                -       A2->Y   F     AO21x2_ASAP7_75t_SL          2  3.1    14    22     308    (-,-) 
  g78830/Y                                -       A2->Y   F     AO21x2_ASAP7_75t_SL          2  3.1    16    20     328    (-,-) 
  WALLACE_CSA_DUMMY_OP924_groupi_g87329/Y -       A2->Y   F     AO21x2_ASAP7_75t_SL          4  6.6    24    26     353    (-,-) 
  WALLACE_CSA_DUMMY_OP924_groupi_g87333/Y -       A1->Y   R     AOI21x1_ASAP7_75t_SL         2  3.1    30    16     369    (-,-) 
  WALLACE_CSA_DUMMY_OP924_groupi_g87332/Y -       A2->Y   R     OA21x2_ASAP7_75t_SL          3  4.9    21    24     392    (-,-) 
  WALLACE_CSA_DUMMY_OP924_groupi_g1515/Y  -       A2->Y   R     OA21x2_ASAP7_75t_SL          3  5.5    24    24     416    (-,-) 
  WALLACE_CSA_DUMMY_OP924_groupi_g1509/Y  -       A2->Y   R     OA21x2_ASAP7_75t_SL          2  5.2    22    23     439    (-,-) 
  WALLACE_CSA_DUMMY_OP924_groupi_g1508/Y  -       A->Y    F     INVx3_ASAP7_75t_SL           2  3.4    12     7     446    (-,-) 
  g82273/Y                                -       A2->Y   F     AO21x2_ASAP7_75t_SL          4  7.4    25    26     472    (-,-) 
  g82275/Y                                -       A2->Y   R     AOI21x1_ASAP7_75t_L          3  5.2    45    26     498    (-,-) 
  g656/Y                                  -       A->Y    F     XNOR2x2_ASAP7_75t_SL         1  2.7    15    29     528    (-,-) 
  g645/Y                                  -       A1->Y   R     OAI21x1_ASAP7_75t_SL         1  2.1    42    13     541    (-,-) 
  BF1_2_ajlen2_INTT_reg[23]/D             -       -       R     DFFHQx4_ASAP7_75t_SL         1    -     -     0     541    (-,-) 
#--------------------------------------------------------------------------------------------------------------------------------



Path 10: MET (0 ps) Setup Check with Pin BF1_2_ajlen2_INTT_reg[23]/CLK->D
          Group: clk
     Startpoint: (R) BF1_1_modei_reg[2]/CLK
          Clock: (R) clk
       Endpoint: (R) BF1_2_ajlen2_INTT_reg[23]/D
          Clock: (R) clk

                     Capture       Launch     
        Clock Edge:+     581            0     
       Src Latency:+       0            0     
       Net Latency:+       0 (I)        0 (I) 
           Arrival:=     581            0     
                                              
             Setup:-      11                  
       Uncertainty:-      29                  
     Required Time:=     541                  
      Launch Clock:-       0                  
         Data Path:-     541                  
             Slack:=       0                  

#--------------------------------------------------------------------------------------------------------------------------------
#              Timing Point               Flags    Arc    Edge          Cell            Fanout Load Trans Delay Arrival Instance 
#                                                                                              (fF)  (ps)  (ps)   (ps)  Location 
#--------------------------------------------------------------------------------------------------------------------------------
  BF1_1_modei_reg[2]/CLK                  -       -       R     (arrival)                 2365    -     0     0       0    (-,-) 
  BF1_1_modei_reg[2]/QN                   -       CLK->QN R     DFFHQNx2_ASAP7_75t_SL        1  4.0    26    41      41    (-,-) 
  g84212/Y                                -       A->Y    F     INVx4_ASAP7_75t_SL           3  6.9    16    10      51    (-,-) 
  g47526/Y                                -       A->Y    R     INVx3_ASAP7_75t_SL           3  8.7    23    14      65    (-,-) 
  g47515__6131/Y                          -       A->Y    F     NAND2x1p5_ASAP7_75t_SL       1  2.6    16     8      73    (-,-) 
  g47443__6783/Y                          -       A->Y    F     OR2x6_ASAP7_75t_SL           5 17.0    22    27     100    (-,-) 
  g62600/Y                                -       A->Y    F     BUFx12f_ASAP7_75t_SL        11 25.9    18    21     120    (-,-) 
  g62599/Y                                -       A->Y    R     CKINVDCx16_ASAP7_75t_SL     45 67.0    38    21     141    (-,-) 
  g84907/Y                                -       B->Y    F     NAND2xp5_ASAP7_75t_SL        1  3.1    38    22     163    (-,-) 
  g61349_dup90059/Y                       -       D->Y    R     NAND4xp75_ASAP7_75t_SL       4  6.9    41    25     189    (-,-) 
  g84902/Y                                -       B->Y    F     NOR2x1_ASAP7_75t_SL          2  3.4    29    19     207    (-,-) 
  g60992/Y                                -       A->Y    R     INVx1_ASAP7_75t_SL           1  2.1    22    14     221    (-,-) 
  g60737/Y                                -       A2->Y   R     AO21x1_ASAP7_75t_SL          1  2.7    22    20     241    (-,-) 
  g553/Y                                  -       A1->Y   F     AOI21x1_ASAP7_75t_SL         1  4.0    27    16     257    (-,-) 
  g78336/Y                                -       C->Y    R     NAND3x2_ASAP7_75t_SL         1  3.6    29    20     277    (-,-) 
  g550/Y                                  -       A->Y    F     NAND2x2_ASAP7_75t_SL         3  4.3    20     9     286    (-,-) 
  g78831/Y                                -       A2->Y   F     AO21x2_ASAP7_75t_SL          2  3.1    14    22     308    (-,-) 
  g78830/Y                                -       A2->Y   F     AO21x2_ASAP7_75t_SL          2  3.1    16    20     328    (-,-) 
  WALLACE_CSA_DUMMY_OP924_groupi_g87329/Y -       A2->Y   F     AO21x2_ASAP7_75t_SL          4  6.6    24    26     353    (-,-) 
  WALLACE_CSA_DUMMY_OP924_groupi_g87333/Y -       A1->Y   R     AOI21x1_ASAP7_75t_SL         2  3.1    30    16     369    (-,-) 
  WALLACE_CSA_DUMMY_OP924_groupi_g87332/Y -       A2->Y   R     OA21x2_ASAP7_75t_SL          3  4.9    21    24     392    (-,-) 
  WALLACE_CSA_DUMMY_OP924_groupi_g1515/Y  -       A2->Y   R     OA21x2_ASAP7_75t_SL          3  5.5    24    24     416    (-,-) 
  WALLACE_CSA_DUMMY_OP924_groupi_g1509/Y  -       A2->Y   R     OA21x2_ASAP7_75t_SL          2  5.2    22    23     439    (-,-) 
  WALLACE_CSA_DUMMY_OP924_groupi_g1508/Y  -       A->Y    F     INVx3_ASAP7_75t_SL           2  3.4    12     7     446    (-,-) 
  g82273/Y                                -       A2->Y   F     AO21x2_ASAP7_75t_SL          4  7.4    25    26     472    (-,-) 
  g82275/Y                                -       A2->Y   R     AOI21x1_ASAP7_75t_L          3  5.2    45    26     498    (-,-) 
  g656/Y                                  -       A->Y    F     XNOR2x2_ASAP7_75t_SL         1  2.7    15    29     528    (-,-) 
  g645/Y                                  -       A1->Y   R     OAI21x1_ASAP7_75t_SL         1  2.1    42    13     541    (-,-) 
  BF1_2_ajlen2_INTT_reg[23]/D             -       -       R     DFFHQx4_ASAP7_75t_SL         1    -     -     0     541    (-,-) 
#--------------------------------------------------------------------------------------------------------------------------------



Path 11: MET (0 ps) Setup Check with Pin BF1_2_ajlen2_INTT_reg[21]/CLK->D
          Group: clk
     Startpoint: (R) BF1_1_modei_reg[2]/CLK
          Clock: (R) clk
       Endpoint: (R) BF1_2_ajlen2_INTT_reg[21]/D
          Clock: (R) clk

                     Capture       Launch     
        Clock Edge:+     581            0     
       Src Latency:+       0            0     
       Net Latency:+       0 (I)        0 (I) 
           Arrival:=     581            0     
                                              
             Setup:-       9                  
       Uncertainty:-      29                  
     Required Time:=     543                  
      Launch Clock:-       0                  
         Data Path:-     543                  
             Slack:=       0                  

#----------------------------------------------------------------------------------------------------------------------------------
#               Timing Point                 Flags    Arc    Edge          Cell           Fanout Load Trans Delay Arrival Instance 
#                                                                                                (fF)  (ps)  (ps)   (ps)  Location 
#----------------------------------------------------------------------------------------------------------------------------------
  BF1_1_modei_reg[2]/CLK                     -       -       R     (arrival)                2365    -     0     0       0    (-,-) 
  BF1_1_modei_reg[2]/QN                      -       CLK->QN F     DFFHQNx2_ASAP7_75t_SL       1  4.0    26    40      40    (-,-) 
  g84212/Y                                   -       A->Y    R     INVx4_ASAP7_75t_SL          3  6.9    18    12      52    (-,-) 
  g47526/Y                                   -       A->Y    F     INVx3_ASAP7_75t_SL          3  8.7    20    12      64    (-,-) 
  g47515__6131/Y                             -       A->Y    R     NAND2x1p5_ASAP7_75t_SL      1  2.6    19    13      78    (-,-) 
  g47443__6783/Y                             -       A->Y    R     OR2x6_ASAP7_75t_SL          5 17.0    24    25     102    (-,-) 
  g62651/Y                                   -       A->Y    F     INVx8_ASAP7_75t_SL          6 16.4    18    11     113    (-,-) 
  g62638/Y                                   -       A->Y    F     BUFx12f_ASAP7_75t_SL       14 21.8    16    19     132    (-,-) 
  g62632/Y                                   -       A->Y    R     INVx3_ASAP7_75t_SL          4  6.8    19    12     144    (-,-) 
  g62109/Y                                   -       B->Y    R     OR2x2_ASAP7_75t_SL          1  3.1    15    18     162    (-,-) 
  g61068/Y                                   -       D->Y    F     NAND4xp75_ASAP7_75t_SL      2  3.3    33    16     179    (-,-) 
  g61013/Y                                   -       A->Y    R     INVx1_ASAP7_75t_SL          3  5.5    43    26     205    (-,-) 
  g60739/Y                                   -       A2->Y   F     AOI21x1_ASAP7_75t_SL        1  2.1    22    10     215    (-,-) 
  g557/Y                                     -       A2->Y   R     OAI21xp5_ASAP7_75t_SL       1  2.5    38    22     237    (-,-) 
  g552/Y                                     -       A1->Y   R     AO211x2_ASAP7_75t_SL        1  4.3    21    31     268    (-,-) 
  g78336/Y                                   -       A->Y    F     NAND3x2_ASAP7_75t_SL        1  3.5    18     9     277    (-,-) 
  g550/Y                                     -       A->Y    R     NAND2x2_ASAP7_75t_SL        3  4.4    23    15     292    (-,-) 
  g78831/Y                                   -       A2->Y   R     AO21x2_ASAP7_75t_SL         2  3.1    15    20     312    (-,-) 
  g78830/Y                                   -       A2->Y   R     AO21x2_ASAP7_75t_SL         2  3.1    16    19     331    (-,-) 
  WALLACE_CSA_DUMMY_OP924_groupi_g87329/Y    -       A2->Y   R     AO21x2_ASAP7_75t_SL         4  6.6    27    24     355    (-,-) 
  WALLACE_CSA_DUMMY_OP924_groupi_g87333/Y    -       A1->Y   F     AOI21x1_ASAP7_75t_SL        2  3.1    24    14     370    (-,-) 
  WALLACE_CSA_DUMMY_OP924_groupi_g87332/Y    -       A2->Y   F     OA21x2_ASAP7_75t_SL         3  5.0    19    25     395    (-,-) 
  WALLACE_CSA_DUMMY_OP924_groupi_g1515/Y     -       A2->Y   F     OA21x2_ASAP7_75t_SL         3  5.6    20    25     420    (-,-) 
  WALLACE_CSA_DUMMY_OP924_groupi_g1509/Y     -       A2->Y   F     OA21x2_ASAP7_75t_SL         2  5.2    20    25     445    (-,-) 
  WALLACE_CSA_DUMMY_OP924_groupi_g1508/Y     -       A->Y    R     INVx3_ASAP7_75t_SL          2  3.4    13     9     454    (-,-) 
  g82273/Y                                   -       A2->Y   R     AO21x2_ASAP7_75t_SL         4  7.3    29    25     478    (-,-) 
  g82272/Y                                   -       A2->Y   R     AO21x2_ASAP7_75t_SL         2  4.9    22    23     502    (-,-) 
  WALLACE_CSA_DUMMY_OP924_groupi_g1486_dup/Y -       B->Y    R     XNOR2x1_ASAP7_75t_SL        1  2.1    26    17     519    (-,-) 
  g72239/Y                                   -       A1->Y   R     AO222x2_ASAP7_75t_SL        1  2.1    23    24     543    (-,-) 
  BF1_2_ajlen2_INTT_reg[21]/D                -       -       R     DFFHQx4_ASAP7_75t_SL        1    -     -     0     543    (-,-) 
#----------------------------------------------------------------------------------------------------------------------------------



Path 12: MET (0 ps) Setup Check with Pin BF1_2_ajlen2_INTT_reg[21]/CLK->D
          Group: clk
     Startpoint: (R) BF1_1_modei_reg[2]/CLK
          Clock: (R) clk
       Endpoint: (F) BF1_2_ajlen2_INTT_reg[21]/D
          Clock: (R) clk

                     Capture       Launch     
        Clock Edge:+     581            0     
       Src Latency:+       0            0     
       Net Latency:+       0 (I)        0 (I) 
           Arrival:=     581            0     
                                              
             Setup:-       7                  
       Uncertainty:-      29                  
     Required Time:=     545                  
      Launch Clock:-       0                  
         Data Path:-     545                  
             Slack:=       0                  

#----------------------------------------------------------------------------------------------------------------------------------
#               Timing Point                 Flags    Arc    Edge          Cell           Fanout Load Trans Delay Arrival Instance 
#                                                                                                (fF)  (ps)  (ps)   (ps)  Location 
#----------------------------------------------------------------------------------------------------------------------------------
  BF1_1_modei_reg[2]/CLK                     -       -       R     (arrival)                2365    -     0     0       0    (-,-) 
  BF1_1_modei_reg[2]/QN                      -       CLK->QN F     DFFHQNx2_ASAP7_75t_SL       1  4.0    26    40      40    (-,-) 
  g84212/Y                                   -       A->Y    R     INVx4_ASAP7_75t_SL          3  6.9    18    12      52    (-,-) 
  g47526/Y                                   -       A->Y    F     INVx3_ASAP7_75t_SL          3  8.7    20    12      64    (-,-) 
  g47515__6131/Y                             -       A->Y    R     NAND2x1p5_ASAP7_75t_SL      1  2.6    19    13      78    (-,-) 
  g47443__6783/Y                             -       A->Y    R     OR2x6_ASAP7_75t_SL          5 17.0    24    25     102    (-,-) 
  g62651/Y                                   -       A->Y    F     INVx8_ASAP7_75t_SL          6 16.4    18    11     113    (-,-) 
  g62638/Y                                   -       A->Y    F     BUFx12f_ASAP7_75t_SL       14 21.8    16    19     132    (-,-) 
  g62632/Y                                   -       A->Y    R     INVx3_ASAP7_75t_SL          4  6.8    19    12     144    (-,-) 
  g62109/Y                                   -       B->Y    R     OR2x2_ASAP7_75t_SL          1  3.1    15    18     162    (-,-) 
  g61068/Y                                   -       D->Y    F     NAND4xp75_ASAP7_75t_SL      2  3.3    33    16     179    (-,-) 
  g61013/Y                                   -       A->Y    R     INVx1_ASAP7_75t_SL          3  5.5    43    26     205    (-,-) 
  g60739/Y                                   -       A2->Y   F     AOI21x1_ASAP7_75t_SL        1  2.1    22    10     215    (-,-) 
  g557/Y                                     -       A2->Y   R     OAI21xp5_ASAP7_75t_SL       1  2.5    38    22     237    (-,-) 
  g552/Y                                     -       A1->Y   R     AO211x2_ASAP7_75t_SL        1  4.3    21    31     268    (-,-) 
  g78336/Y                                   -       A->Y    F     NAND3x2_ASAP7_75t_SL        1  3.5    18     9     277    (-,-) 
  g550/Y                                     -       A->Y    R     NAND2x2_ASAP7_75t_SL        3  4.4    23    15     292    (-,-) 
  WALLACE_CSA_DUMMY_OP924_groupi_fopt88600/Y -       A->Y    R     BUFx2_ASAP7_75t_L           4  7.5    31    29     321    (-,-) 
  WALLACE_CSA_DUMMY_OP924_groupi_g1571/Y     -       A->Y    F     NOR2xp67_ASAP7_75t_L        2  4.0    49    30     351    (-,-) 
  g90628/Y                                   -       B->Y    R     AOI21x1_ASAP7_75t_SL        2  3.5    44    24     375    (-,-) 
  WALLACE_CSA_DUMMY_OP924_groupi_g1529/Y     -       A2->Y   F     OAI21xp5_ASAP7_75t_SL       1  2.1    55    18     393    (-,-) 
  WALLACE_CSA_DUMMY_OP924_groupi_g1524/Y     -       A1->Y   R     AOI21xp5_ASAP7_75t_SL       1  2.1    45    22     415    (-,-) 
  WALLACE_CSA_DUMMY_OP924_groupi_g1509/Y     -       B->Y    R     OA21x2_ASAP7_75t_SL         2  5.2    22    24     439    (-,-) 
  WALLACE_CSA_DUMMY_OP924_groupi_g1508/Y     -       A->Y    F     INVx3_ASAP7_75t_SL          2  3.4    12     7     446    (-,-) 
  g82273/Y                                   -       A2->Y   F     AO21x2_ASAP7_75t_SL         4  7.4    25    26     472    (-,-) 
  g82272/Y                                   -       A2->Y   F     AO21x2_ASAP7_75t_SL         2  4.9    21    25     497    (-,-) 
  WALLACE_CSA_DUMMY_OP924_groupi_g1486_dup/Y -       B->Y    F     XNOR2x1_ASAP7_75t_SL        1  2.1    20    18     516    (-,-) 
  g72239/Y                                   -       A1->Y   F     AO222x2_ASAP7_75t_SL        1  2.1    24    30     545    (-,-) 
  BF1_2_ajlen2_INTT_reg[21]/D                -       -       F     DFFHQx4_ASAP7_75t_SL        1    -     -     0     545    (-,-) 
#----------------------------------------------------------------------------------------------------------------------------------



Path 13: MET (0 ps) Setup Check with Pin BF1_2_ajlen2_INTT_reg[21]/CLK->D
          Group: clk
     Startpoint: (R) BF1_1_modei_reg[2]/CLK
          Clock: (R) clk
       Endpoint: (F) BF1_2_ajlen2_INTT_reg[21]/D
          Clock: (R) clk

                     Capture       Launch     
        Clock Edge:+     581            0     
       Src Latency:+       0            0     
       Net Latency:+       0 (I)        0 (I) 
           Arrival:=     581            0     
                                              
             Setup:-       7                  
       Uncertainty:-      29                  
     Required Time:=     545                  
      Launch Clock:-       0                  
         Data Path:-     545                  
             Slack:=       0                  

#-----------------------------------------------------------------------------------------------------------------------------------
#               Timing Point                 Flags    Arc    Edge          Cell            Fanout Load Trans Delay Arrival Instance 
#                                                                                                 (fF)  (ps)  (ps)   (ps)  Location 
#-----------------------------------------------------------------------------------------------------------------------------------
  BF1_1_modei_reg[2]/CLK                     -       -       R     (arrival)                 2365    -     0     0       0    (-,-) 
  BF1_1_modei_reg[2]/QN                      -       CLK->QN R     DFFHQNx2_ASAP7_75t_SL        1  4.0    26    41      41    (-,-) 
  g84212/Y                                   -       A->Y    F     INVx4_ASAP7_75t_SL           3  6.9    16    10      51    (-,-) 
  g47526/Y                                   -       A->Y    R     INVx3_ASAP7_75t_SL           3  8.7    23    14      65    (-,-) 
  g47515__6131/Y                             -       A->Y    F     NAND2x1p5_ASAP7_75t_SL       1  2.6    16     8      73    (-,-) 
  g47443__6783/Y                             -       A->Y    F     OR2x6_ASAP7_75t_SL           5 17.0    22    27     100    (-,-) 
  g62600/Y                                   -       A->Y    F     BUFx12f_ASAP7_75t_SL        11 25.9    18    21     120    (-,-) 
  g62599/Y                                   -       A->Y    R     CKINVDCx16_ASAP7_75t_SL     45 67.0    38    21     141    (-,-) 
  g84907/Y                                   -       B->Y    F     NAND2xp5_ASAP7_75t_SL        1  3.1    38    22     163    (-,-) 
  g61349_dup90059/Y                          -       D->Y    R     NAND4xp75_ASAP7_75t_SL       4  6.9    41    25     189    (-,-) 
  g84908/Y                                   -       A->Y    F     INVx1_ASAP7_75t_SL           1  2.1    22    12     201    (-,-) 
  g60822/Y                                   -       B2->Y   R     OAI22xp5_ASAP7_75t_SL        1  2.1    38    21     222    (-,-) 
  g60737/Y                                   -       B->Y    R     AO21x1_ASAP7_75t_SL          1  2.7    22    19     241    (-,-) 
  g553/Y                                     -       A1->Y   F     AOI21x1_ASAP7_75t_SL         1  4.0    27    16     257    (-,-) 
  g78336/Y                                   -       C->Y    R     NAND3x2_ASAP7_75t_SL         1  3.6    29    20     277    (-,-) 
  g550/Y                                     -       A->Y    F     NAND2x2_ASAP7_75t_SL         3  4.3    20     9     286    (-,-) 
  g78831/Y                                   -       A2->Y   F     AO21x2_ASAP7_75t_SL          2  3.1    14    22     308    (-,-) 
  g78830/Y                                   -       A2->Y   F     AO21x2_ASAP7_75t_SL          2  3.1    16    20     328    (-,-) 
  WALLACE_CSA_DUMMY_OP924_groupi_g87329/Y    -       A2->Y   F     AO21x2_ASAP7_75t_SL          4  6.6    24    26     353    (-,-) 
  WALLACE_CSA_DUMMY_OP924_groupi_g87333/Y    -       A1->Y   R     AOI21x1_ASAP7_75t_SL         2  3.1    30    16     369    (-,-) 
  WALLACE_CSA_DUMMY_OP924_groupi_g87332/Y    -       A2->Y   R     OA21x2_ASAP7_75t_SL          3  4.9    21    24     392    (-,-) 
  WALLACE_CSA_DUMMY_OP924_groupi_g1515/Y     -       A2->Y   R     OA21x2_ASAP7_75t_SL          3  5.5    24    24     416    (-,-) 
  WALLACE_CSA_DUMMY_OP924_groupi_g1509/Y     -       A2->Y   R     OA21x2_ASAP7_75t_SL          2  5.2    22    23     439    (-,-) 
  WALLACE_CSA_DUMMY_OP924_groupi_g1508/Y     -       A->Y    F     INVx3_ASAP7_75t_SL           2  3.4    12     7     446    (-,-) 
  g82273/Y                                   -       A2->Y   F     AO21x2_ASAP7_75t_SL          4  7.4    25    26     472    (-,-) 
  g82272/Y                                   -       A2->Y   F     AO21x2_ASAP7_75t_SL          2  4.9    21    25     497    (-,-) 
  WALLACE_CSA_DUMMY_OP924_groupi_g1486_dup/Y -       B->Y    F     XNOR2x1_ASAP7_75t_SL         1  2.1    20    18     516    (-,-) 
  g72239/Y                                   -       A1->Y   F     AO222x2_ASAP7_75t_SL         1  2.1    24    30     545    (-,-) 
  BF1_2_ajlen2_INTT_reg[21]/D                -       -       F     DFFHQx4_ASAP7_75t_SL         1    -     -     0     545    (-,-) 
#-----------------------------------------------------------------------------------------------------------------------------------



Path 14: MET (0 ps) Setup Check with Pin BF1_2_ajlen2_INTT_reg[21]/CLK->D
          Group: clk
     Startpoint: (R) BF1_1_modei_reg[2]/CLK
          Clock: (R) clk
       Endpoint: (F) BF1_2_ajlen2_INTT_reg[21]/D
          Clock: (R) clk

                     Capture       Launch     
        Clock Edge:+     581            0     
       Src Latency:+       0            0     
       Net Latency:+       0 (I)        0 (I) 
           Arrival:=     581            0     
                                              
             Setup:-       7                  
       Uncertainty:-      29                  
     Required Time:=     545                  
      Launch Clock:-       0                  
         Data Path:-     545                  
             Slack:=       0                  

#-----------------------------------------------------------------------------------------------------------------------------------
#               Timing Point                 Flags    Arc    Edge          Cell            Fanout Load Trans Delay Arrival Instance 
#                                                                                                 (fF)  (ps)  (ps)   (ps)  Location 
#-----------------------------------------------------------------------------------------------------------------------------------
  BF1_1_modei_reg[2]/CLK                     -       -       R     (arrival)                 2365    -     0     0       0    (-,-) 
  BF1_1_modei_reg[2]/QN                      -       CLK->QN R     DFFHQNx2_ASAP7_75t_SL        1  4.0    26    41      41    (-,-) 
  g84212/Y                                   -       A->Y    F     INVx4_ASAP7_75t_SL           3  6.9    16    10      51    (-,-) 
  g47526/Y                                   -       A->Y    R     INVx3_ASAP7_75t_SL           3  8.7    23    14      65    (-,-) 
  g47515__6131/Y                             -       A->Y    F     NAND2x1p5_ASAP7_75t_SL       1  2.6    16     8      73    (-,-) 
  g47443__6783/Y                             -       A->Y    F     OR2x6_ASAP7_75t_SL           5 17.0    22    27     100    (-,-) 
  g62600/Y                                   -       A->Y    F     BUFx12f_ASAP7_75t_SL        11 25.9    18    21     120    (-,-) 
  g62599/Y                                   -       A->Y    R     CKINVDCx16_ASAP7_75t_SL     45 67.0    38    21     141    (-,-) 
  g84907/Y                                   -       B->Y    F     NAND2xp5_ASAP7_75t_SL        1  3.1    38    22     163    (-,-) 
  g61349_dup90059/Y                          -       D->Y    R     NAND4xp75_ASAP7_75t_SL       4  6.9    41    25     189    (-,-) 
  g84902/Y                                   -       B->Y    F     NOR2x1_ASAP7_75t_SL          2  3.4    29    19     207    (-,-) 
  g60992/Y                                   -       A->Y    R     INVx1_ASAP7_75t_SL           1  2.1    22    14     221    (-,-) 
  g60737/Y                                   -       A2->Y   R     AO21x1_ASAP7_75t_SL          1  2.7    22    20     241    (-,-) 
  g553/Y                                     -       A1->Y   F     AOI21x1_ASAP7_75t_SL         1  4.0    27    16     257    (-,-) 
  g78336/Y                                   -       C->Y    R     NAND3x2_ASAP7_75t_SL         1  3.6    29    20     277    (-,-) 
  g550/Y                                     -       A->Y    F     NAND2x2_ASAP7_75t_SL         3  4.3    20     9     286    (-,-) 
  g78831/Y                                   -       A2->Y   F     AO21x2_ASAP7_75t_SL          2  3.1    14    22     308    (-,-) 
  g78830/Y                                   -       A2->Y   F     AO21x2_ASAP7_75t_SL          2  3.1    16    20     328    (-,-) 
  WALLACE_CSA_DUMMY_OP924_groupi_g87329/Y    -       A2->Y   F     AO21x2_ASAP7_75t_SL          4  6.6    24    26     353    (-,-) 
  WALLACE_CSA_DUMMY_OP924_groupi_g87333/Y    -       A1->Y   R     AOI21x1_ASAP7_75t_SL         2  3.1    30    16     369    (-,-) 
  WALLACE_CSA_DUMMY_OP924_groupi_g87332/Y    -       A2->Y   R     OA21x2_ASAP7_75t_SL          3  4.9    21    24     392    (-,-) 
  WALLACE_CSA_DUMMY_OP924_groupi_g1515/Y     -       A2->Y   R     OA21x2_ASAP7_75t_SL          3  5.5    24    24     416    (-,-) 
  WALLACE_CSA_DUMMY_OP924_groupi_g1509/Y     -       A2->Y   R     OA21x2_ASAP7_75t_SL          2  5.2    22    23     439    (-,-) 
  WALLACE_CSA_DUMMY_OP924_groupi_g1508/Y     -       A->Y    F     INVx3_ASAP7_75t_SL           2  3.4    12     7     446    (-,-) 
  g82273/Y                                   -       A2->Y   F     AO21x2_ASAP7_75t_SL          4  7.4    25    26     472    (-,-) 
  g82272/Y                                   -       A2->Y   F     AO21x2_ASAP7_75t_SL          2  4.9    21    25     497    (-,-) 
  WALLACE_CSA_DUMMY_OP924_groupi_g1486_dup/Y -       B->Y    F     XNOR2x1_ASAP7_75t_SL         1  2.1    20    18     516    (-,-) 
  g72239/Y                                   -       A1->Y   F     AO222x2_ASAP7_75t_SL         1  2.1    24    30     545    (-,-) 
  BF1_2_ajlen2_INTT_reg[21]/D                -       -       F     DFFHQx4_ASAP7_75t_SL         1    -     -     0     545    (-,-) 
#-----------------------------------------------------------------------------------------------------------------------------------



Path 15: MET (0 ps) Setup Check with Pin BF1_1_ajlen5_reg[23]/CLK->D
          Group: clk
     Startpoint: (R) BF1_1_modei_reg[2]/CLK
          Clock: (R) clk
       Endpoint: (R) BF1_1_ajlen5_reg[23]/D
          Clock: (R) clk

                     Capture       Launch     
        Clock Edge:+     581            0     
       Src Latency:+       0            0     
       Net Latency:+       0 (I)        0 (I) 
           Arrival:=     581            0     
                                              
             Setup:-      16                  
       Uncertainty:-      29                  
     Required Time:=     536                  
      Launch Clock:-       0                  
         Data Path:-     536                  
             Slack:=       0                  

#--------------------------------------------------------------------------------------------------------------------------------
#              Timing Point               Flags    Arc    Edge          Cell            Fanout Load Trans Delay Arrival Instance 
#                                                                                              (fF)  (ps)  (ps)   (ps)  Location 
#--------------------------------------------------------------------------------------------------------------------------------
  BF1_1_modei_reg[2]/CLK                  -       -       R     (arrival)                 2365    -     0     0       0    (-,-) 
  BF1_1_modei_reg[2]/QN                   -       CLK->QN F     DFFHQNx2_ASAP7_75t_SL        1  4.0    26    40      40    (-,-) 
  g84212/Y                                -       A->Y    R     INVx4_ASAP7_75t_SL           3  6.9    18    12      52    (-,-) 
  g84183/Y                                -       A->Y    R     AND3x4_ASAP7_75t_SL          2 10.3    24    26      78    (-,-) 
  g84182/Y                                -       A->Y    F     INVx8_ASAP7_75t_SL           5 19.4    20    12      90    (-,-) 
  fopt20/Y                                -       A->Y    F     BUFx12f_ASAP7_75t_SL        13 26.0    18    20     111    (-,-) 
  g72043/Y                                -       A->Y    F     BUFx12f_ASAP7_75t_SL        10 18.2    14    18     129    (-,-) 
  g62975/Y                                -       A->Y    R     INVx8_ASAP7_75t_SL          14 20.7    22    13     142    (-,-) 
  g62836/Y                                -       B->Y    F     NAND2xp5_ASAP7_75t_SL        1  2.5    30    17     158    (-,-) 
  g61327/Y                                -       C->Y    F     AND3x4_ASAP7_75t_SL          3  5.4    15    28     186    (-,-) 
  g60901/Y                                -       B2->Y   R     OAI22xp5_ASAP7_75t_SL        1  2.6    46    22     208    (-,-) 
  g60733/Y                                -       A2->Y   F     AOI21x1_ASAP7_75t_SL         1  2.0    23    10     218    (-,-) 
  g60640/Y                                -       C->Y    R     NAND3xp33_ASAP7_75t_SL       1  2.1    33    19     237    (-,-) 
  g60284/Y                                -       A2->Y   R     OA21x2_ASAP7_75t_SL          1  2.9    15    21     258    (-,-) 
  g443/Y                                  -       A->Y    F     NOR3x1_ASAP7_75t_SL          1  2.6    31    14     272    (-,-) 
  g442/Y                                  -       B->Y    F     OR2x6_ASAP7_75t_SL           3  6.5    14    23     294    (-,-) 
  fopt449/Y                               -       A->Y    R     INVx3_ASAP7_75t_SL           1  2.6    10     7     301    (-,-) 
  g81539/Y                                -       A2->Y   F     OAI21x1_ASAP7_75t_SL         2  3.1    30    11     312    (-,-) 
  WALLACE_CSA_DUMMY_OP926_groupi_g72943/Y -       A2->Y   F     AO21x2_ASAP7_75t_SL          2  3.7    17    24     336    (-,-) 
  WALLACE_CSA_DUMMY_OP926_groupi_g86300/Y -       A2->Y   F     AO21x2_ASAP7_75t_SL          3  5.4    21    24     360    (-,-) 
  WALLACE_CSA_DUMMY_OP926_groupi_g90105/Y -       A1->Y   R     AOI21x1_ASAP7_75t_SL         2  3.6    31    16     377    (-,-) 
  WALLACE_CSA_DUMMY_OP926_groupi_g86301/Y -       A2->Y   F     OAI21x1_ASAP7_75t_SL         2  3.5    26    13     390    (-,-) 
  WALLACE_CSA_DUMMY_OP926_groupi_g1515/Y  -       A2->Y   F     AO21x2_ASAP7_75t_SL          3  4.9    19    25     415    (-,-) 
  WALLACE_CSA_DUMMY_OP926_groupi_g1509/Y  -       A2->Y   F     AO21x2_ASAP7_75t_SL          4  7.2    24    27     442    (-,-) 
  WALLACE_CSA_DUMMY_OP926_groupi_g1499/Y  -       A2->Y   F     AO21x2_ASAP7_75t_SL          4  7.5    26    28     471    (-,-) 
  WALLACE_CSA_DUMMY_OP926_groupi_g1492/Y  -       A2->Y   R     AOI21x1_ASAP7_75t_SL         1  2.4    25    14     485    (-,-) 
  WALLACE_CSA_DUMMY_OP926_groupi_g1484/Y  -       A->Y    F     XOR2x2_ASAP7_75t_SL          2  3.3    17    23     508    (-,-) 
  g67883/Y                                -       A2->Y   R     AOI222xp33_ASAP7_75t_SL      1  2.1   110    28     536    (-,-) 
  BF1_1_ajlen5_reg[23]/D                  -       -       R     DFFHQNx1_ASAP7_75t_SL        1    -     -     0     536    (-,-) 
#--------------------------------------------------------------------------------------------------------------------------------



Path 16: MET (0 ps) Setup Check with Pin BF1_1_barrett_datai_reg[31]/CLK->D
          Group: clk
     Startpoint: (R) BF1_1_modei_reg[2]/CLK
          Clock: (R) clk
       Endpoint: (R) BF1_1_barrett_datai_reg[31]/D
          Clock: (R) clk

                     Capture       Launch     
        Clock Edge:+     581            0     
       Src Latency:+       0            0     
       Net Latency:+       0 (I)        0 (I) 
           Arrival:=     581            0     
                                              
             Setup:-       9                  
       Uncertainty:-      29                  
     Required Time:=     543                  
      Launch Clock:-       0                  
         Data Path:-     543                  
             Slack:=       0                  

#--------------------------------------------------------------------------------------------------------------------
#         Timing Point          Flags    Arc    Edge         Cell           Fanout Load Trans Delay Arrival Instance 
#                                                                                  (fF)  (ps)  (ps)   (ps)  Location 
#--------------------------------------------------------------------------------------------------------------------
  BF1_1_modei_reg[2]/CLK        -       -       R     (arrival)               2365    -     0     0       0    (-,-) 
  BF1_1_modei_reg[2]/QN         -       CLK->QN F     DFFHQNx2_ASAP7_75t_SL      1  4.0    26    40      40    (-,-) 
  g84212/Y                      -       A->Y    R     INVx4_ASAP7_75t_SL         3  6.9    18    12      52    (-,-) 
  g84183/Y                      -       A->Y    R     AND3x4_ASAP7_75t_SL        2 10.3    24    26      78    (-,-) 
  g84182/Y                      -       A->Y    F     INVx8_ASAP7_75t_SL         5 19.4    20    12      90    (-,-) 
  fopt38/Y                      -       A->Y    F     BUFx12f_ASAP7_75t_SL      12 25.2    18    20     110    (-,-) 
  g83646/Y                      -       B2->Y   F     AO22x2_ASAP7_75t_SL        2  5.8    21    26     137    (-,-) 
  g74787_dup81416/Y             -       A->Y    F     BUFx12f_ASAP7_75t_SL      16 31.6    21    22     159    (-,-) 
  BF1_1_mul_170_29_g81422/Y     -       A->Y    R     INVx11_ASAP7_75t_SL       13 19.1    19    12     171    (-,-) 
  BF1_1_mul_170_29_g18951/Y     -       B->Y    R     AND2x4_ASAP7_75t_SL        2  3.3    11    16     187    (-,-) 
  g81676/Y                      -       B->Y    R     AO21x1_ASAP7_75t_SL        1  2.1    20    15     202    (-,-) 
  g87532/Y                      -       A2->Y   R     AO21x2_ASAP7_75t_SL        2  4.5    20    22     223    (-,-) 
  g292/Y                        -       A->Y    F     INVx1_ASAP7_75t_SL         1  2.6    19    12     235    (-,-) 
  g291/Y                        -       C->Y    F     MAJx2_ASAP7_75t_SL         2  4.4    19    25     260    (-,-) 
  g290/Y                        -       B->Y    R     XOR2x2_ASAP7_75t_SL        1  3.1    16    29     289    (-,-) 
  g90203/Y                      -       A->Y    R     XNOR2x1_ASAP7_75t_SL       2  4.5    36    22     310    (-,-) 
  BF1_1_mul_170_29_g17290/Y     -       A->Y    R     XNOR2x1_ASAP7_75t_SL       1  3.1    31    22     332    (-,-) 
  g123/Y                        -       A->Y    R     XNOR2x1_ASAP7_75t_SL       2  4.6    38    24     356    (-,-) 
  BF1_1_mul_170_29_g17163/Y     -       A->Y    F     INVx1_ASAP7_75t_SL         1  2.7    24    14     370    (-,-) 
  g86658/Y                      -       B->Y    F     MAJx2_ASAP7_75t_SL         2  4.4    18    28     398    (-,-) 
  g86662/Y                      -       A->Y    F     AND2x4_ASAP7_75t_SL        3  6.3    13    19     418    (-,-) 
  g86664/Y                      -       A->Y    R     INVx4_ASAP7_75t_SL         1  2.8     9     6     424    (-,-) 
  g84716/Y                      -       B->Y    F     OAI21x1_ASAP7_75t_SL       2  3.7    26    13     437    (-,-) 
  g81042/Y                      -       A1->Y   R     OAI21x1_ASAP7_75t_SL       2  3.1    30    18     455    (-,-) 
  g81041/Y                      -       A->Y    R     HB1xp67_ASAP7_75t_SL       1  2.1    25    22     478    (-,-) 
  g81040/Y                      -       B->Y    R     AO21x2_ASAP7_75t_SL        4  7.9    31    24     502    (-,-) 
  g84595/Y                      -       A2->Y   R     AO211x2_ASAP7_75t_SL       1  3.2    18    25     526    (-,-) 
  BF1_1_mul_170_29_g16685/Y     -       B->Y    R     XNOR2x1_ASAP7_75t_SL       1  2.1    22    17     543    (-,-) 
  BF1_1_barrett_datai_reg[31]/D -       -       R     DFFHQx4_ASAP7_75t_SL       1    -     -     0     543    (-,-) 
#--------------------------------------------------------------------------------------------------------------------



Path 17: MET (0 ps) Setup Check with Pin BF1_1_barrett_datai_reg[31]/CLK->D
          Group: clk
     Startpoint: (R) BF1_1_modei_reg[2]/CLK
          Clock: (R) clk
       Endpoint: (R) BF1_1_barrett_datai_reg[31]/D
          Clock: (R) clk

                     Capture       Launch     
        Clock Edge:+     581            0     
       Src Latency:+       0            0     
       Net Latency:+       0 (I)        0 (I) 
           Arrival:=     581            0     
                                              
             Setup:-       9                  
       Uncertainty:-      29                  
     Required Time:=     543                  
      Launch Clock:-       0                  
         Data Path:-     543                  
             Slack:=       0                  

#--------------------------------------------------------------------------------------------------------------------
#         Timing Point          Flags    Arc    Edge         Cell           Fanout Load Trans Delay Arrival Instance 
#                                                                                  (fF)  (ps)  (ps)   (ps)  Location 
#--------------------------------------------------------------------------------------------------------------------
  BF1_1_modei_reg[2]/CLK        -       -       R     (arrival)               2365    -     0     0       0    (-,-) 
  BF1_1_modei_reg[2]/QN         -       CLK->QN F     DFFHQNx2_ASAP7_75t_SL      1  4.0    26    40      40    (-,-) 
  g84212/Y                      -       A->Y    R     INVx4_ASAP7_75t_SL         3  6.9    18    12      52    (-,-) 
  g84183/Y                      -       A->Y    R     AND3x4_ASAP7_75t_SL        2 10.3    24    26      78    (-,-) 
  g88129/Y                      -       A->Y    F     INVx5_ASAP7_75t_SL         3 16.0    23    14      92    (-,-) 
  g88128/Y                      -       A->Y    R     INVx11_ASAP7_75t_SL       13 30.5    27    16     108    (-,-) 
  g62325/Y                      -       A->Y    F     INVx4_ASAP7_75t_SL         4  8.1    18    11     119    (-,-) 
  g88793/Y                      -       B->Y    R     NOR2x1p5_ASAP7_75t_L       2  3.8    25    16     135    (-,-) 
  g88792/Y                      -       A->Y    R     OR2x6_ASAP7_75t_SL         6 16.0    23    25     160    (-,-) 
  BF1_1_mul_170_29_g88791/Y     -       A->Y    F     INVx11_ASAP7_75t_SL       11 16.2    16     9     169    (-,-) 
  g88790/Y                      -       A1->Y   F     AO22x2_ASAP7_75t_SL        2  4.6    19    24     194    (-,-) 
  g85722/Y                      -       A1->Y   R     AOI22x1_ASAP7_75t_SL       2  4.1    39    21     214    (-,-) 
  g85724/Y                      -       B->Y    R     MAJx2_ASAP7_75t_SL         2  4.3    20    27     242    (-,-) 
  g189/Y                        -       B->Y    R     MAJx2_ASAP7_75t_SL         2  4.9    21    26     267    (-,-) 
  g90568/Y                      -       A->Y    R     XNOR2x1_ASAP7_75t_SL       1  2.6    27    19     287    (-,-) 
  g88320/Y                      -       B->Y    F     XOR2x2_ASAP7_75t_SL        2  4.6    18    23     310    (-,-) 
  g88322/Y                      -       A->Y    F     XNOR2x1_ASAP7_75t_SL       1  3.2    22    20     330    (-,-) 
  BF1_1_mul_170_29_g17037/Y     -       B->Y    F     XNOR2x1_ASAP7_75t_SL       2  4.6    30    24     354    (-,-) 
  BF1_1_mul_170_29_g16961/Y     -       A->Y    F     XNOR2x1_ASAP7_75t_SL       1  2.5    23    20     374    (-,-) 
  BF1_1_mul_170_29_g84715/Y     -       A->Y    R     XOR2x2_ASAP7_75t_SL        2  4.4    20    30     404    (-,-) 
  g84717/Y                      -       B->Y    R     AND2x2_ASAP7_75t_SL        2  4.1    18    20     424    (-,-) 
  g84716/Y                      -       A1->Y   F     OAI21x1_ASAP7_75t_SL       2  3.7    26    12     437    (-,-) 
  g81042/Y                      -       A1->Y   R     OAI21x1_ASAP7_75t_SL       2  3.1    30    18     455    (-,-) 
  g81041/Y                      -       A->Y    R     HB1xp67_ASAP7_75t_SL       1  2.1    25    22     478    (-,-) 
  g81040/Y                      -       B->Y    R     AO21x2_ASAP7_75t_SL        4  7.9    31    24     502    (-,-) 
  g84595/Y                      -       A2->Y   R     AO211x2_ASAP7_75t_SL       1  3.2    18    25     526    (-,-) 
  BF1_1_mul_170_29_g16685/Y     -       B->Y    R     XNOR2x1_ASAP7_75t_SL       1  2.1    22    17     543    (-,-) 
  BF1_1_barrett_datai_reg[31]/D -       -       R     DFFHQx4_ASAP7_75t_SL       1    -     -     0     543    (-,-) 
#--------------------------------------------------------------------------------------------------------------------



Path 18: MET (0 ps) Setup Check with Pin BF1_1_barrett_datai_reg[39]/CLK->D
          Group: clk
     Startpoint: (R) BF1_1_modei_reg[1]/CLK
          Clock: (R) clk
       Endpoint: (R) BF1_1_barrett_datai_reg[39]/D
          Clock: (R) clk

                     Capture       Launch     
        Clock Edge:+     581            0     
       Src Latency:+       0            0     
       Net Latency:+       0 (I)        0 (I) 
           Arrival:=     581            0     
                                              
             Setup:-      10                  
       Uncertainty:-      29                  
     Required Time:=     542                  
      Launch Clock:-       0                  
         Data Path:-     542                  
             Slack:=       0                  

#------------------------------------------------------------------------------------------------------------------
#         Timing Point          Flags    Arc   Edge         Cell          Fanout Load Trans Delay Arrival Instance 
#                                                                                (fF)  (ps)  (ps)   (ps)  Location 
#------------------------------------------------------------------------------------------------------------------
  BF1_1_modei_reg[1]/CLK        -       -      R     (arrival)              2365    -     0     0       0    (-,-) 
  BF1_1_modei_reg[1]/Q          -       CLK->Q R     DFFHQx4_ASAP7_75t_SL      1  5.3    14    44      44    (-,-) 
  fopt82691/Y                   -       A->Y   F     INVx6_ASAP7_75t_SL        3  6.3    10     6      51    (-,-) 
  g84183/Y                      -       B->Y   F     AND3x4_ASAP7_75t_SL       2 10.3    20    25      76    (-,-) 
  g84182/Y                      -       A->Y   R     INVx8_ASAP7_75t_SL        5 19.4    22    14      90    (-,-) 
  g84181/Y                      -       A->Y   R     BUFx12f_ASAP7_75t_SL     16 31.6    25    21     111    (-,-) 
  g89089/Y                      -       B2->Y  R     AO22x2_ASAP7_75t_SL       1  4.0    19    22     134    (-,-) 
  g89088/Y                      -       A->Y   R     BUFx12f_ASAP7_75t_SL     12 24.5    20    19     153    (-,-) 
  BF1_1_mul_170_29_g89090/Y     -       A->Y   F     INVx11_ASAP7_75t_SL       9 13.2    13     8     161    (-,-) 
  BF1_1_mul_170_29_g89099/Y     -       B1->Y  F     AO22x1_ASAP7_75t_SL       2  4.1    27    28     189    (-,-) 
  BF1_1_mul_170_29_g18270/Y     -       A2->Y  F     AO22x2_ASAP7_75t_SL       2  5.0    20    26     214    (-,-) 
  BF1_1_mul_170_29_g17950/Y     -       A->Y   F     XNOR2x1_ASAP7_75t_SL      1  3.2    28    20     234    (-,-) 
  BF1_1_mul_170_29_g17659/Y     -       A->Y   F     XNOR2x1_ASAP7_75t_SL      2  4.5    31    24     258    (-,-) 
  BF1_1_mul_170_29_g17504/Y     -       A->Y   F     XNOR2x1_ASAP7_75t_SL      1  2.5    22    20     278    (-,-) 
  BF1_1_mul_170_29_g17353/Y     -       A->Y   R     XOR2x2_ASAP7_75t_SL       2  4.2    19    30     308    (-,-) 
  g81985/Y                      -       B->Y   R     XOR2x1_ASAP7_75t_SL       1  3.1    28    20     328    (-,-) 
  g81984/Y                      -       A->Y   R     XNOR2x1_ASAP7_75t_SL      2  4.9    39    24     352    (-,-) 
  BF1_1_mul_170_29_g17051/Y     -       A->Y   R     XNOR2x1_ASAP7_75t_SL      1  3.1    31    22     375    (-,-) 
  BF1_1_mul_170_29_g81328/Y     -       A->Y   R     XNOR2x1_ASAP7_75t_SL      2  4.9    40    24     399    (-,-) 
  g79521/Y                      -       B->Y   R     AND2x4_ASAP7_75t_SL       3  5.0    14    19     418    (-,-) 
  g84698/Y                      -       B->Y   F     NOR2x1_ASAP7_75t_SL       1  2.1    19    11     429    (-,-) 
  g85471/Y                      -       A1->Y  F     OA21x2_ASAP7_75t_SL       3  4.4    17    22     451    (-,-) 
  g85475/Y                      -       A1->Y  F     OA21x2_ASAP7_75t_SL       2  3.4    14    20     472    (-,-) 
  g85474/Y                      -       A2->Y  F     OA21x2_ASAP7_75t_SL       2  4.1    16    22     493    (-,-) 
  BF1_1_mul_170_29_g16720/Y     -       A2->Y  F     OA21x2_ASAP7_75t_SL       1  2.8    14    20     514    (-,-) 
  BF1_1_mul_170_29_g16706/Y     -       B->Y   R     OAI21x1_ASAP7_75t_SL      1  3.2    30    10     524    (-,-) 
  BF1_1_mul_170_29_g16678/Y     -       B->Y   R     XNOR2x1_ASAP7_75t_SL      1  2.1    24    18     542    (-,-) 
  BF1_1_barrett_datai_reg[39]/D -       -      R     DFFHQx4_ASAP7_75t_L       1    -     -     0     542    (-,-) 
#------------------------------------------------------------------------------------------------------------------



Path 19: MET (0 ps) Setup Check with Pin BF1_1_barrett_datai_reg[33]/CLK->D
          Group: clk
     Startpoint: (R) BF1_1_modei_reg[2]/CLK
          Clock: (R) clk
       Endpoint: (R) BF1_1_barrett_datai_reg[33]/D
          Clock: (R) clk

                     Capture       Launch     
        Clock Edge:+     581            0     
       Src Latency:+       0            0     
       Net Latency:+       0 (I)        0 (I) 
           Arrival:=     581            0     
                                              
             Setup:-       9                  
       Uncertainty:-      29                  
     Required Time:=     543                  
      Launch Clock:-       0                  
         Data Path:-     543                  
             Slack:=       0                  

#--------------------------------------------------------------------------------------------------------------------
#         Timing Point          Flags    Arc    Edge         Cell           Fanout Load Trans Delay Arrival Instance 
#                                                                                  (fF)  (ps)  (ps)   (ps)  Location 
#--------------------------------------------------------------------------------------------------------------------
  BF1_1_modei_reg[2]/CLK        -       -       R     (arrival)               2365    -     0     0       0    (-,-) 
  BF1_1_modei_reg[2]/QN         -       CLK->QN F     DFFHQNx2_ASAP7_75t_SL      1  4.0    26    40      40    (-,-) 
  g84212/Y                      -       A->Y    R     INVx4_ASAP7_75t_SL         3  6.9    18    12      52    (-,-) 
  g84183/Y                      -       A->Y    R     AND3x4_ASAP7_75t_SL        2 10.3    24    26      78    (-,-) 
  g84182/Y                      -       A->Y    F     INVx8_ASAP7_75t_SL         5 19.4    20    12      90    (-,-) 
  g77636/Y                      -       A->Y    R     INVx4_ASAP7_75t_SL         7 14.3    28    17     107    (-,-) 
  g62318/Y                      -       A->Y    F     INVx6_ASAP7_75t_SL         8 13.2    19    12     119    (-,-) 
  g61587/Y                      -       B2->Y   F     AO22x2_ASAP7_75t_SL        4  9.4    31    32     150    (-,-) 
  BF1_1_mul_170_29_g19205/Y     -       A->Y    F     BUFx6f_ASAP7_75t_SL        5  8.5    13    19     170    (-,-) 
  BF1_1_mul_170_29_g76566/Y     -       A2->Y   F     AO22x1_ASAP7_75t_SL        2  3.4    24    25     195    (-,-) 
  g1025/Y                       -       B2->Y   F     AO22x2_ASAP7_75t_SL        2  4.5    20    26     221    (-,-) 
  BF1_1_mul_170_29_g17915/Y     -       A->Y    F     XNOR2x1_ASAP7_75t_SL       1  3.2    27    20     241    (-,-) 
  g90282/Y                      -       A->Y    F     XNOR2x1_ASAP7_75t_SL       2  5.1    34    25     266    (-,-) 
  g87027/Y                      -       A->Y    F     XNOR2x1_ASAP7_75t_SL       1  3.2    25    22     288    (-,-) 
  g87026/Y                      -       A->Y    F     XNOR2x1_ASAP7_75t_SL       2  3.8    26    22     310    (-,-) 
  g87025/Y                      -       A->Y    R     XOR2x2_ASAP7_75t_SL        2  4.5    20    31     341    (-,-) 
  g87024/Y                      -       A->Y    R     XNOR2x1_ASAP7_75t_SL       2  4.4    36    22     363    (-,-) 
  g79434/Y                      -       B->Y    R     XNOR2x1_ASAP7_75t_SL       1  3.1    29    20     382    (-,-) 
  g81206/Y                      -       A->Y    R     XNOR2x1_ASAP7_75t_SL       2  3.8    34    22     405    (-,-) 
  g89390/Y                      -       B->Y    R     OR2x6_ASAP7_75t_SL         4  6.7    15    22     427    (-,-) 
  g89392/Y                      -       B->Y    R     AND2x4_ASAP7_75t_SL        1  2.6     9    14     442    (-,-) 
  g89391/Y                      -       B->Y    R     AND2x4_ASAP7_75t_SL        2  3.3    10    14     456    (-,-) 
  g81044/Y                      -       A2->Y   R     AO21x2_ASAP7_75t_SL        1  2.7    14    17     473    (-,-) 
  g79721/Y                      -       B->Y    F     AOI21x1_ASAP7_75t_SL       1  4.0    28    13     486    (-,-) 
  g79720/Y                      -       A->Y    F     BUFx12f_ASAP7_75t_SL      14 26.3    19    22     508    (-,-) 
  BF1_1_mul_170_29_g81332/Y     -       A1->Y   R     OAI21x1_ASAP7_75t_SL       1  3.2    29    17     525    (-,-) 
  BF1_1_mul_170_29_g16690/Y     -       B->Y    R     XNOR2x1_ASAP7_75t_SL       1  2.1    24    18     543    (-,-) 
  BF1_1_barrett_datai_reg[33]/D -       -       R     DFFHQx4_ASAP7_75t_SL       1    -     -     0     543    (-,-) 
#--------------------------------------------------------------------------------------------------------------------



Path 20: MET (0 ps) Setup Check with Pin BF1_1_barrett_datai_reg[33]/CLK->D
          Group: clk
     Startpoint: (R) BF1_1_modei_reg[2]/CLK
          Clock: (R) clk
       Endpoint: (R) BF1_1_barrett_datai_reg[33]/D
          Clock: (R) clk

                     Capture       Launch     
        Clock Edge:+     581            0     
       Src Latency:+       0            0     
       Net Latency:+       0 (I)        0 (I) 
           Arrival:=     581            0     
                                              
             Setup:-       9                  
       Uncertainty:-      29                  
     Required Time:=     543                  
      Launch Clock:-       0                  
         Data Path:-     543                  
             Slack:=       0                  

#--------------------------------------------------------------------------------------------------------------------
#         Timing Point          Flags    Arc    Edge         Cell           Fanout Load Trans Delay Arrival Instance 
#                                                                                  (fF)  (ps)  (ps)   (ps)  Location 
#--------------------------------------------------------------------------------------------------------------------
  BF1_1_modei_reg[2]/CLK        -       -       R     (arrival)               2365    -     0     0       0    (-,-) 
  BF1_1_modei_reg[2]/QN         -       CLK->QN F     DFFHQNx2_ASAP7_75t_SL      1  4.0    26    40      40    (-,-) 
  g84212/Y                      -       A->Y    R     INVx4_ASAP7_75t_SL         3  6.9    18    12      52    (-,-) 
  g84183/Y                      -       A->Y    R     AND3x4_ASAP7_75t_SL        2 10.3    24    26      78    (-,-) 
  g84182/Y                      -       A->Y    F     INVx8_ASAP7_75t_SL         5 19.4    20    12      90    (-,-) 
  fopt38/Y                      -       A->Y    F     BUFx12f_ASAP7_75t_SL      12 25.2    18    20     110    (-,-) 
  fopt84093/Y                   -       A->Y    R     INVx8_ASAP7_75t_SL         7 10.1    14     9     120    (-,-) 
  g82841/Y                      -       A1->Y   R     AO22x2_ASAP7_75t_SL        1  4.0    20    21     140    (-,-) 
  g61546/Y                      -       A->Y    R     BUFx12f_ASAP7_75t_SL      14 24.8    20    19     160    (-,-) 
  BF1_1_mul_170_29_g19194/Y     -       A->Y    F     INVx6_ASAP7_75t_SL         8 11.6    16    10     170    (-,-) 
  g81922/Y                      -       A2->Y   F     AO22x1_ASAP7_75t_SL        2  4.0    27    27     197    (-,-) 
  g90437/Y                      -       B2->Y   R     AOI22xp5_ASAP7_75t_SL      2  3.8    58    31     228    (-,-) 
  BF1_1_mul_170_29_g17780/Y     -       A->Y    R     MAJx2_ASAP7_75t_SL         2  4.0    20    26     254    (-,-) 
  BF1_1_mul_170_29_g17752/Y     -       A->Y    F     INVx1_ASAP7_75t_SL         1  2.1    16    10     264    (-,-) 
  BF1_1_mul_170_29_g17612/Y     -       A->Y    F     MAJx2_ASAP7_75t_SL         2  4.4    19    25     289    (-,-) 
  BF1_1_mul_170_29_g17407/Y     -       A->Y    F     XOR2x2_ASAP7_75t_SL        1  3.1    14    24     312    (-,-) 
  BF1_1_mul_170_29_g17326/Y     -       A->Y    F     XNOR2x1_ASAP7_75t_L        2  5.1    33    27     340    (-,-) 
  BF1_1_mul_170_29_g17099/Y     -       B->Y    F     XNOR2x1_ASAP7_75t_SL       1  3.2    27    23     362    (-,-) 
  BF1_1_mul_170_29_g17010/Y     -       B->Y    F     XNOR2x1_ASAP7_75t_SL       2  5.2    33    26     388    (-,-) 
  BF1_1_mul_170_29_g72224/Y     -       B->Y    F     AND2x4_ASAP7_75t_SL        4  8.4    16    23     411    (-,-) 
  BF1_1_mul_170_29_g72156/Y     -       B->Y    R     NOR2x2_ASAP7_75t_SL        3  5.0    22    13     424    (-,-) 
  g79594/Y                      -       A2->Y   R     AO21x2_ASAP7_75t_SL        1  3.7    18    21     444    (-,-) 
  g79593/Y                      -       B->Y    F     NAND2x2_ASAP7_75t_SL       1  4.2    16     9     454    (-,-) 
  g79590/Y                      -       B->Y    R     NAND3x2_ASAP7_75t_SL       3  5.2    34    18     472    (-,-) 
  g79721/Y                      -       A2->Y   F     AOI21x1_ASAP7_75t_SL       1  4.0    28    14     486    (-,-) 
  g79720/Y                      -       A->Y    F     BUFx12f_ASAP7_75t_SL      14 26.3    19    22     508    (-,-) 
  BF1_1_mul_170_29_g81332/Y     -       A1->Y   R     OAI21x1_ASAP7_75t_SL       1  3.2    29    17     525    (-,-) 
  BF1_1_mul_170_29_g16690/Y     -       B->Y    R     XNOR2x1_ASAP7_75t_SL       1  2.1    24    18     543    (-,-) 
  BF1_1_barrett_datai_reg[33]/D -       -       R     DFFHQx4_ASAP7_75t_SL       1    -     -     0     543    (-,-) 
#--------------------------------------------------------------------------------------------------------------------

