============================================================
  Generated by:           Genus(TM) Synthesis Solution 25.12-s067_1
  Generated on:           Aug 11 2026  01:15:18 pm
  Module:                 butterfly2x2
  Operating conditions:   PVT_0P7V_25C 
  Interconnect mode:      global
  Area mode:              physical library
============================================================


Path 1: VIOLATED (-31 ps) Setup Check with Pin BF2_1_barrett_datai_reg[43]/CLK->D
          Group: clk
     Startpoint: (R) BF1_1_modei_reg[2]/CLK
          Clock: (R) clk
       Endpoint: (R) BF2_1_barrett_datai_reg[43]/D
          Clock: (R) clk

                     Capture       Launch     
        Clock Edge:+     581            0     
       Src Latency:+       0            0     
       Net Latency:+       0 (I)        0 (I) 
           Arrival:=     581            0     
                                              
             Setup:-      10                  
       Uncertainty:-      29                  
     Required Time:=     542                  
      Launch Clock:-       0                  
         Data Path:-     572                  
             Slack:=     -31                  

#---------------------------------------------------------------------------------------------------------------------
#         Timing Point          Flags    Arc    Edge          Cell           Fanout Load Trans Delay Arrival Instance 
#                                                                                   (fF)  (ps)  (ps)   (ps)  Location 
#---------------------------------------------------------------------------------------------------------------------
  BF1_1_modei_reg[2]/CLK        -       -       R     (arrival)                2365    -     0     0       0    (-,-) 
  BF1_1_modei_reg[2]/QN         -       CLK->QN F     DFFHQNx2_ASAP7_75t_SL       1  4.0    26    40      40    (-,-) 
  g47527/Y                      -       A->Y    R     INVx4_ASAP7_75t_SL          2  5.7    17    11      51    (-,-) 
  g47517__5115/Y                -       B->Y    F     NAND2x1p5_ASAP7_75t_SL      1  2.6    15     9      59    (-,-) 
  g47440__4319/Y                -       A->Y    F     OR2x6_ASAP7_75t_SL          2  7.9    14    22      81    (-,-) 
  g62389/Y                      -       A->Y    R     INVx8_ASAP7_75t_SL          3 14.1    16    10      92    (-,-) 
  g62388/Y                      -       A->Y    R     BUFx12f_ASAP7_75t_SL        5 20.6    17    18     109    (-,-) 
  g62381/Y                      -       A->Y    R     BUFx12f_ASAP7_75t_SL       10 20.9    18    18     127    (-,-) 
  g61414/Y                      -       A2->Y   R     AO22x2_ASAP7_75t_SL         1  4.0    20    23     150    (-,-) 
  g61374/Y                      -       A->Y    R     BUFx12f_ASAP7_75t_SL       13 25.7    21    20     169    (-,-) 
  BF2_1_mul_170_29_g19193/Y     -       A->Y    F     INVx11_ASAP7_75t_SL         9 13.2    13     8     177    (-,-) 
  BF2_1_mul_170_29_g18839/Y     -       B2->Y   F     AO22x1_ASAP7_75t_SL         2  3.5    24    26     203    (-,-) 
  BF2_1_mul_170_29_g18675/Y     -       A->Y    R     INVx1_ASAP7_75t_SL          1  2.1    20    13     216    (-,-) 
  BF2_1_mul_170_29_g18272/Y     -       B2->Y   F     OAI22xp5_ASAP7_75t_SL       2  5.0    64    26     243    (-,-) 
  BF2_1_mul_170_29_g17966/Y     -       B->Y    F     XNOR2x1_ASAP7_75t_SL        1  2.5    32    25     268    (-,-) 
  BF2_1_mul_170_29_g17634/Y     -       A->Y    F     XOR2x2_ASAP7_75t_SL         2  5.0    20    29     297    (-,-) 
  BF2_1_mul_170_29_g17349/Y     -       B->Y    F     XNOR2x1_ASAP7_75t_SL        2  3.9    26    22     319    (-,-) 
  BF2_1_mul_170_29_g17186/Y     -       B->Y    R     XOR2x2_ASAP7_75t_SL         2  4.4    20    32     351    (-,-) 
  BF2_1_mul_170_29_g17100/Y     -       A->Y    F     XOR2x2_ASAP7_75t_SL         1  3.2    15    22     373    (-,-) 
  BF2_1_mul_170_29_g17016/Y     -       A->Y    F     XNOR2x1_ASAP7_75t_SL        2  4.4    28    22     395    (-,-) 
  BF2_1_mul_170_29_g17001/Y     -       A->Y    R     INVx2_ASAP7_75t_SL          1  2.1    15    10     405    (-,-) 
  BF2_1_mul_170_29_g16924/Y     -       B2->Y   R     OA22x2_ASAP7_75t_SL         2  4.6    20    21     426    (-,-) 
  BF2_1_mul_170_29_g16911/Y     -       A->Y    F     INVx2_ASAP7_75t_SL          1  2.6    12     8     433    (-,-) 
  BF2_1_mul_170_29_g16814/Y     -       B->Y    F     AND2x4_ASAP7_75t_SL         2  3.8    10    15     448    (-,-) 
  BF2_1_mul_170_29_g16776/Y     -       B->Y    R     AOI21x1_ASAP7_75t_SL        1  2.8    24    14     462    (-,-) 
  BF2_1_mul_170_29_g16747/Y     -       B->Y    F     OAI21x1_ASAP7_75t_SL        2  3.4    25    15     477    (-,-) 
  BF2_1_mul_170_29_g16728/Y     -       A1->Y   F     AO21x2_ASAP7_75t_SL         1  2.1    12    22     499    (-,-) 
  BF2_1_mul_170_29_g16724/Y     -       B->Y    F     AO21x2_ASAP7_75t_SL         1  6.5    22    25     524    (-,-) 
  BF2_1_mul_170_29_g16723/Y     -       A->Y    R     INVx8_ASAP7_75t_SL         14 27.1    29    17     542    (-,-) 
  BF2_1_mul_170_29_g16703/Y     -       A1->Y   F     OAI21x1_ASAP7_75t_SL        1  2.5    20    10     552    (-,-) 
  BF2_1_mul_170_29_g16680/Y     -       B->Y    R     XNOR2xp5_ASAP7_75t_SL       1  2.1    39    20     572    (-,-) 
  BF2_1_barrett_datai_reg[43]/D -       -       R     DFFHQx4_ASAP7_75t_SL        1    -     -     0     572    (-,-) 
#---------------------------------------------------------------------------------------------------------------------



Path 2: VIOLATED (-31 ps) Setup Check with Pin BF2_1_barrett_datai_reg[43]/CLK->D
          Group: clk
     Startpoint: (R) BF1_1_modei_reg[2]/CLK
          Clock: (R) clk
       Endpoint: (R) BF2_1_barrett_datai_reg[43]/D
          Clock: (R) clk

                     Capture       Launch     
        Clock Edge:+     581            0     
       Src Latency:+       0            0     
       Net Latency:+       0 (I)        0 (I) 
           Arrival:=     581            0     
                                              
             Setup:-      10                  
       Uncertainty:-      29                  
     Required Time:=     542                  
      Launch Clock:-       0                  
         Data Path:-     572                  
             Slack:=     -31                  

#---------------------------------------------------------------------------------------------------------------------
#         Timing Point          Flags    Arc    Edge          Cell           Fanout Load Trans Delay Arrival Instance 
#                                                                                   (fF)  (ps)  (ps)   (ps)  Location 
#---------------------------------------------------------------------------------------------------------------------
  BF1_1_modei_reg[2]/CLK        -       -       R     (arrival)                2365    -     0     0       0    (-,-) 
  BF1_1_modei_reg[2]/QN         -       CLK->QN F     DFFHQNx2_ASAP7_75t_SL       1  4.0    26    40      40    (-,-) 
  g47527/Y                      -       A->Y    R     INVx4_ASAP7_75t_SL          2  5.7    17    11      51    (-,-) 
  g47517__5115/Y                -       B->Y    F     NAND2x1p5_ASAP7_75t_SL      1  2.6    15     9      59    (-,-) 
  g47440__4319/Y                -       A->Y    F     OR2x6_ASAP7_75t_SL          2  7.9    14    22      81    (-,-) 
  g62389/Y                      -       A->Y    R     INVx8_ASAP7_75t_SL          3 14.1    16    10      92    (-,-) 
  g62339/Y                      -       A->Y    F     INVx11_ASAP7_75t_SL         4 32.2    22    13     105    (-,-) 
  g62338/Y                      -       A->Y    R     INVx11_ASAP7_75t_SL        19 33.9    29    17     122    (-,-) 
  g62336/Y                      -       A->Y    F     INVx8_ASAP7_75t_SL          8 11.3    16     9     131    (-,-) 
  g61559/Y                      -       B2->Y   F     AO22x2_ASAP7_75t_SL         1  4.0    17    23     154    (-,-) 
  g61506/Y                      -       A->Y    F     BUFx12f_ASAP7_75t_SL       14 26.9    19    20     174    (-,-) 
  BF2_1_mul_170_29_g19212/Y     -       A->Y    R     INVx8_ASAP7_75t_SL          6  8.9    13     9     183    (-,-) 
  BF2_1_mul_170_29_g18614/Y     -       B1->Y   F     AOI22x1_ASAP7_75t_SL        2  4.0    33    14     196    (-,-) 
  BF2_1_mul_170_29_g18079/Y     -       A2->Y   F     OA22x2_ASAP7_75t_SL         2  4.3    19    27     223    (-,-) 
  BF2_1_mul_170_29_g17828/Y     -       B->Y    F     MAJx2_ASAP7_75t_SL          2  4.9    20    28     251    (-,-) 
  BF2_1_mul_170_29_g17569/Y     -       B->Y    F     XOR2x1_ASAP7_75t_SL         1  2.5    26    21     272    (-,-) 
  BF2_1_mul_170_29_g17436/Y     -       A->Y    R     XOR2x2_ASAP7_75t_SL         2  4.0    18    30     303    (-,-) 
  BF2_1_mul_170_29_g17291/Y     -       B->Y    F     XOR2x2_ASAP7_75t_SL         1  2.5    13    20     323    (-,-) 
  BF2_1_mul_170_29_g17186/Y     -       A->Y    R     XOR2x2_ASAP7_75t_SL         2  4.4    20    29     351    (-,-) 
  BF2_1_mul_170_29_g17100/Y     -       A->Y    F     XOR2x2_ASAP7_75t_SL         1  3.2    15    22     373    (-,-) 
  BF2_1_mul_170_29_g17016/Y     -       A->Y    F     XNOR2x1_ASAP7_75t_SL        2  4.4    28    22     395    (-,-) 
  BF2_1_mul_170_29_g17001/Y     -       A->Y    R     INVx2_ASAP7_75t_SL          1  2.1    15    10     405    (-,-) 
  BF2_1_mul_170_29_g16924/Y     -       B2->Y   R     OA22x2_ASAP7_75t_SL         2  4.6    20    21     426    (-,-) 
  BF2_1_mul_170_29_g16911/Y     -       A->Y    F     INVx2_ASAP7_75t_SL          1  2.6    12     8     433    (-,-) 
  BF2_1_mul_170_29_g16814/Y     -       B->Y    F     AND2x4_ASAP7_75t_SL         2  3.8    10    15     448    (-,-) 
  BF2_1_mul_170_29_g16776/Y     -       B->Y    R     AOI21x1_ASAP7_75t_SL        1  2.8    24    14     462    (-,-) 
  BF2_1_mul_170_29_g16747/Y     -       B->Y    F     OAI21x1_ASAP7_75t_SL        2  3.4    25    15     477    (-,-) 
  BF2_1_mul_170_29_g16728/Y     -       A1->Y   F     AO21x2_ASAP7_75t_SL         1  2.1    12    22     499    (-,-) 
  BF2_1_mul_170_29_g16724/Y     -       B->Y    F     AO21x2_ASAP7_75t_SL         1  6.5    22    25     524    (-,-) 
  BF2_1_mul_170_29_g16723/Y     -       A->Y    R     INVx8_ASAP7_75t_SL         14 27.1    29    17     542    (-,-) 
  BF2_1_mul_170_29_g16703/Y     -       A1->Y   F     OAI21x1_ASAP7_75t_SL        1  2.5    20    10     552    (-,-) 
  BF2_1_mul_170_29_g16680/Y     -       B->Y    R     XNOR2xp5_ASAP7_75t_SL       1  2.1    39    20     572    (-,-) 
  BF2_1_barrett_datai_reg[43]/D -       -       R     DFFHQx4_ASAP7_75t_SL        1    -     -     0     572    (-,-) 
#---------------------------------------------------------------------------------------------------------------------



Path 3: VIOLATED (-31 ps) Setup Check with Pin BF2_1_barrett_datai_reg[43]/CLK->D
          Group: clk
     Startpoint: (R) BF1_1_modei_reg[2]/CLK
          Clock: (R) clk
       Endpoint: (R) BF2_1_barrett_datai_reg[43]/D
          Clock: (R) clk

                     Capture       Launch     
        Clock Edge:+     581            0     
       Src Latency:+       0            0     
       Net Latency:+       0 (I)        0 (I) 
           Arrival:=     581            0     
                                              
             Setup:-      10                  
       Uncertainty:-      29                  
     Required Time:=     542                  
      Launch Clock:-       0                  
         Data Path:-     572                  
             Slack:=     -31                  

#---------------------------------------------------------------------------------------------------------------------
#         Timing Point          Flags    Arc    Edge          Cell           Fanout Load Trans Delay Arrival Instance 
#                                                                                   (fF)  (ps)  (ps)   (ps)  Location 
#---------------------------------------------------------------------------------------------------------------------
  BF1_1_modei_reg[2]/CLK        -       -       R     (arrival)                2365    -     0     0       0    (-,-) 
  BF1_1_modei_reg[2]/QN         -       CLK->QN F     DFFHQNx2_ASAP7_75t_SL       1  4.0    26    40      40    (-,-) 
  g47527/Y                      -       A->Y    R     INVx4_ASAP7_75t_SL          2  5.7    17    11      51    (-,-) 
  g47517__5115/Y                -       B->Y    F     NAND2x1p5_ASAP7_75t_SL      1  2.6    15     9      59    (-,-) 
  g47440__4319/Y                -       A->Y    F     OR2x6_ASAP7_75t_SL          2  7.9    14    22      81    (-,-) 
  g62389/Y                      -       A->Y    R     INVx8_ASAP7_75t_SL          3 14.1    16    10      92    (-,-) 
  g62373/Y                      -       A->Y    F     INVx3_ASAP7_75t_SL          2  7.2    17    11     102    (-,-) 
  g62351/Y                      -       A->Y    F     BUFx12f_ASAP7_75t_SL       17 34.2    22    22     124    (-,-) 
  g62212/Y                      -       B->Y    F     AND2x2_ASAP7_75t_SL         1  2.6    14    19     143    (-,-) 
  g61451/Y                      -       A->Y    F     OR2x6_ASAP7_75t_SL         13 23.6    28    30     172    (-,-) 
  BF2_1_mul_170_29_fopt19331/Y  -       A->Y    R     INVx3_ASAP7_75t_SL          1  2.1    12     8     181    (-,-) 
  BF2_1_mul_170_29_g18862/Y     -       B2->Y   R     AO22x2_ASAP7_75t_SL         2  3.9    19    20     201    (-,-) 
  BF2_1_mul_170_29_g18235/Y     -       A1->Y   F     AOI22xp5_ASAP7_75t_SL       2  4.5    59    24     225    (-,-) 
  BF2_1_mul_170_29_g17906/Y     -       B->Y    F     XNOR2x1_ASAP7_75t_SL        1  3.2    34    26     251    (-,-) 
  BF2_1_mul_170_29_g17656/Y     -       A->Y    F     XNOR2x1_ASAP7_75t_SL        2  4.0    29    24     275    (-,-) 
  BF2_1_mul_170_29_g17497/Y     -       B->Y    F     XOR2x2_ASAP7_75t_SL         1  3.2    15    24     299    (-,-) 
  BF2_1_mul_170_29_g17349/Y     -       A->Y    F     XNOR2x1_ASAP7_75t_SL        2  3.9    26    21     319    (-,-) 
  BF2_1_mul_170_29_g17186/Y     -       B->Y    R     XOR2x2_ASAP7_75t_SL         2  4.4    20    32     351    (-,-) 
  BF2_1_mul_170_29_g17100/Y     -       A->Y    F     XOR2x2_ASAP7_75t_SL         1  3.2    15    22     373    (-,-) 
  BF2_1_mul_170_29_g17016/Y     -       A->Y    F     XNOR2x1_ASAP7_75t_SL        2  4.4    28    22     395    (-,-) 
  BF2_1_mul_170_29_g17001/Y     -       A->Y    R     INVx2_ASAP7_75t_SL          1  2.1    15    10     405    (-,-) 
  BF2_1_mul_170_29_g16924/Y     -       B2->Y   R     OA22x2_ASAP7_75t_SL         2  4.6    20    21     426    (-,-) 
  BF2_1_mul_170_29_g16911/Y     -       A->Y    F     INVx2_ASAP7_75t_SL          1  2.6    12     8     433    (-,-) 
  BF2_1_mul_170_29_g16814/Y     -       B->Y    F     AND2x4_ASAP7_75t_SL         2  3.8    10    15     448    (-,-) 
  BF2_1_mul_170_29_g16776/Y     -       B->Y    R     AOI21x1_ASAP7_75t_SL        1  2.8    24    14     462    (-,-) 
  BF2_1_mul_170_29_g16747/Y     -       B->Y    F     OAI21x1_ASAP7_75t_SL        2  3.4    25    15     477    (-,-) 
  BF2_1_mul_170_29_g16728/Y     -       A1->Y   F     AO21x2_ASAP7_75t_SL         1  2.1    12    22     499    (-,-) 
  BF2_1_mul_170_29_g16724/Y     -       B->Y    F     AO21x2_ASAP7_75t_SL         1  6.5    22    25     524    (-,-) 
  BF2_1_mul_170_29_g16723/Y     -       A->Y    R     INVx8_ASAP7_75t_SL         14 27.1    29    17     542    (-,-) 
  BF2_1_mul_170_29_g16703/Y     -       A1->Y   F     OAI21x1_ASAP7_75t_SL        1  2.5    20    10     552    (-,-) 
  BF2_1_mul_170_29_g16680/Y     -       B->Y    R     XNOR2xp5_ASAP7_75t_SL       1  2.1    39    20     572    (-,-) 
  BF2_1_barrett_datai_reg[43]/D -       -       R     DFFHQx4_ASAP7_75t_SL        1    -     -     0     572    (-,-) 
#---------------------------------------------------------------------------------------------------------------------



Path 4: VIOLATED (-31 ps) Setup Check with Pin BF2_1_barrett_datai_reg[45]/CLK->D
          Group: clk
     Startpoint: (R) BF1_1_modei_reg[2]/CLK
          Clock: (R) clk
       Endpoint: (R) BF2_1_barrett_datai_reg[45]/D
          Clock: (R) clk

                     Capture       Launch     
        Clock Edge:+     581            0     
       Src Latency:+       0            0     
       Net Latency:+       0 (I)        0 (I) 
           Arrival:=     581            0     
                                              
             Setup:-      10                  
       Uncertainty:-      29                  
     Required Time:=     542                  
      Launch Clock:-       0                  
         Data Path:-     572                  
             Slack:=     -31                  

#---------------------------------------------------------------------------------------------------------------------
#         Timing Point          Flags    Arc    Edge          Cell           Fanout Load Trans Delay Arrival Instance 
#                                                                                   (fF)  (ps)  (ps)   (ps)  Location 
#---------------------------------------------------------------------------------------------------------------------
  BF1_1_modei_reg[2]/CLK        -       -       R     (arrival)                2365    -     0     0       0    (-,-) 
  BF1_1_modei_reg[2]/QN         -       CLK->QN F     DFFHQNx2_ASAP7_75t_SL       1  4.0    26    40      40    (-,-) 
  g47527/Y                      -       A->Y    R     INVx4_ASAP7_75t_SL          2  5.7    17    11      51    (-,-) 
  g47517__5115/Y                -       B->Y    F     NAND2x1p5_ASAP7_75t_SL      1  2.6    15     9      59    (-,-) 
  g47440__4319/Y                -       A->Y    F     OR2x6_ASAP7_75t_SL          2  7.9    14    22      81    (-,-) 
  g62389/Y                      -       A->Y    R     INVx8_ASAP7_75t_SL          3 14.1    16    10      92    (-,-) 
  g62388/Y                      -       A->Y    R     BUFx12f_ASAP7_75t_SL        5 20.6    17    18     109    (-,-) 
  g62381/Y                      -       A->Y    R     BUFx12f_ASAP7_75t_SL       10 20.9    18    18     127    (-,-) 
  g61414/Y                      -       A2->Y   R     AO22x2_ASAP7_75t_SL         1  4.0    20    23     150    (-,-) 
  g61374/Y                      -       A->Y    R     BUFx12f_ASAP7_75t_SL       13 25.7    21    20     169    (-,-) 
  BF2_1_mul_170_29_g19193/Y     -       A->Y    F     INVx11_ASAP7_75t_SL         9 13.2    13     8     177    (-,-) 
  BF2_1_mul_170_29_g18839/Y     -       B2->Y   F     AO22x1_ASAP7_75t_SL         2  3.5    24    26     203    (-,-) 
  BF2_1_mul_170_29_g18675/Y     -       A->Y    R     INVx1_ASAP7_75t_SL          1  2.1    20    13     216    (-,-) 
  BF2_1_mul_170_29_g18272/Y     -       B2->Y   F     OAI22xp5_ASAP7_75t_SL       2  5.0    64    26     243    (-,-) 
  BF2_1_mul_170_29_g17966/Y     -       B->Y    F     XNOR2x1_ASAP7_75t_SL        1  2.5    32    25     268    (-,-) 
  BF2_1_mul_170_29_g17634/Y     -       A->Y    F     XOR2x2_ASAP7_75t_SL         2  5.0    20    29     297    (-,-) 
  BF2_1_mul_170_29_g17349/Y     -       B->Y    F     XNOR2x1_ASAP7_75t_SL        2  3.9    26    22     319    (-,-) 
  BF2_1_mul_170_29_g17186/Y     -       B->Y    R     XOR2x2_ASAP7_75t_SL         2  4.4    20    32     351    (-,-) 
  BF2_1_mul_170_29_g17100/Y     -       A->Y    F     XOR2x2_ASAP7_75t_SL         1  3.2    15    22     373    (-,-) 
  BF2_1_mul_170_29_g17016/Y     -       A->Y    F     XNOR2x1_ASAP7_75t_SL        2  4.4    28    22     395    (-,-) 
  BF2_1_mul_170_29_g17001/Y     -       A->Y    R     INVx2_ASAP7_75t_SL          1  2.1    15    10     405    (-,-) 
  BF2_1_mul_170_29_g16924/Y     -       B2->Y   R     OA22x2_ASAP7_75t_SL         2  4.6    20    21     426    (-,-) 
  BF2_1_mul_170_29_g16911/Y     -       A->Y    F     INVx2_ASAP7_75t_SL          1  2.6    12     8     433    (-,-) 
  BF2_1_mul_170_29_g16814/Y     -       B->Y    F     AND2x4_ASAP7_75t_SL         2  3.8    10    15     448    (-,-) 
  BF2_1_mul_170_29_g16776/Y     -       B->Y    R     AOI21x1_ASAP7_75t_SL        1  2.8    24    14     462    (-,-) 
  BF2_1_mul_170_29_g16747/Y     -       B->Y    F     OAI21x1_ASAP7_75t_SL        2  3.4    25    15     477    (-,-) 
  BF2_1_mul_170_29_g16728/Y     -       A1->Y   F     AO21x2_ASAP7_75t_SL         1  2.1    12    22     499    (-,-) 
  BF2_1_mul_170_29_g16724/Y     -       B->Y    F     AO21x2_ASAP7_75t_SL         1  6.5    22    25     524    (-,-) 
  BF2_1_mul_170_29_g16723/Y     -       A->Y    R     INVx8_ASAP7_75t_SL         14 27.1    29    17     542    (-,-) 
  BF2_1_mul_170_29_g16698/Y     -       A1->Y   F     OAI21x1_ASAP7_75t_SL        1  2.5    20    10     552    (-,-) 
  BF2_1_mul_170_29_g16684/Y     -       B->Y    R     XNOR2xp5_ASAP7_75t_SL       1  2.1    39    20     572    (-,-) 
  BF2_1_barrett_datai_reg[45]/D -       -       R     DFFHQx4_ASAP7_75t_SL        1    -     -     0     572    (-,-) 
#---------------------------------------------------------------------------------------------------------------------



Path 5: VIOLATED (-31 ps) Setup Check with Pin BF2_1_barrett_datai_reg[45]/CLK->D
          Group: clk
     Startpoint: (R) BF1_1_modei_reg[2]/CLK
          Clock: (R) clk
       Endpoint: (R) BF2_1_barrett_datai_reg[45]/D
          Clock: (R) clk

                     Capture       Launch     
        Clock Edge:+     581            0     
       Src Latency:+       0            0     
       Net Latency:+       0 (I)        0 (I) 
           Arrival:=     581            0     
                                              
             Setup:-      10                  
       Uncertainty:-      29                  
     Required Time:=     542                  
      Launch Clock:-       0                  
         Data Path:-     572                  
             Slack:=     -31                  

#---------------------------------------------------------------------------------------------------------------------
#         Timing Point          Flags    Arc    Edge          Cell           Fanout Load Trans Delay Arrival Instance 
#                                                                                   (fF)  (ps)  (ps)   (ps)  Location 
#---------------------------------------------------------------------------------------------------------------------
  BF1_1_modei_reg[2]/CLK        -       -       R     (arrival)                2365    -     0     0       0    (-,-) 
  BF1_1_modei_reg[2]/QN         -       CLK->QN F     DFFHQNx2_ASAP7_75t_SL       1  4.0    26    40      40    (-,-) 
  g47527/Y                      -       A->Y    R     INVx4_ASAP7_75t_SL          2  5.7    17    11      51    (-,-) 
  g47517__5115/Y                -       B->Y    F     NAND2x1p5_ASAP7_75t_SL      1  2.6    15     9      59    (-,-) 
  g47440__4319/Y                -       A->Y    F     OR2x6_ASAP7_75t_SL          2  7.9    14    22      81    (-,-) 
  g62389/Y                      -       A->Y    R     INVx8_ASAP7_75t_SL          3 14.1    16    10      92    (-,-) 
  g62339/Y                      -       A->Y    F     INVx11_ASAP7_75t_SL         4 32.2    22    13     105    (-,-) 
  g62338/Y                      -       A->Y    R     INVx11_ASAP7_75t_SL        19 33.9    29    17     122    (-,-) 
  g62336/Y                      -       A->Y    F     INVx8_ASAP7_75t_SL          8 11.3    16     9     131    (-,-) 
  g61559/Y                      -       B2->Y   F     AO22x2_ASAP7_75t_SL         1  4.0    17    23     154    (-,-) 
  g61506/Y                      -       A->Y    F     BUFx12f_ASAP7_75t_SL       14 26.9    19    20     174    (-,-) 
  BF2_1_mul_170_29_g19212/Y     -       A->Y    R     INVx8_ASAP7_75t_SL          6  8.9    13     9     183    (-,-) 
  BF2_1_mul_170_29_g18614/Y     -       B1->Y   F     AOI22x1_ASAP7_75t_SL        2  4.0    33    14     196    (-,-) 
  BF2_1_mul_170_29_g18079/Y     -       A2->Y   F     OA22x2_ASAP7_75t_SL         2  4.3    19    27     223    (-,-) 
  BF2_1_mul_170_29_g17828/Y     -       B->Y    F     MAJx2_ASAP7_75t_SL          2  4.9    20    28     251    (-,-) 
  BF2_1_mul_170_29_g17569/Y     -       B->Y    F     XOR2x1_ASAP7_75t_SL         1  2.5    26    21     272    (-,-) 
  BF2_1_mul_170_29_g17436/Y     -       A->Y    R     XOR2x2_ASAP7_75t_SL         2  4.0    18    30     303    (-,-) 
  BF2_1_mul_170_29_g17291/Y     -       B->Y    F     XOR2x2_ASAP7_75t_SL         1  2.5    13    20     323    (-,-) 
  BF2_1_mul_170_29_g17186/Y     -       A->Y    R     XOR2x2_ASAP7_75t_SL         2  4.4    20    29     351    (-,-) 
  BF2_1_mul_170_29_g17100/Y     -       A->Y    F     XOR2x2_ASAP7_75t_SL         1  3.2    15    22     373    (-,-) 
  BF2_1_mul_170_29_g17016/Y     -       A->Y    F     XNOR2x1_ASAP7_75t_SL        2  4.4    28    22     395    (-,-) 
  BF2_1_mul_170_29_g17001/Y     -       A->Y    R     INVx2_ASAP7_75t_SL          1  2.1    15    10     405    (-,-) 
  BF2_1_mul_170_29_g16924/Y     -       B2->Y   R     OA22x2_ASAP7_75t_SL         2  4.6    20    21     426    (-,-) 
  BF2_1_mul_170_29_g16911/Y     -       A->Y    F     INVx2_ASAP7_75t_SL          1  2.6    12     8     433    (-,-) 
  BF2_1_mul_170_29_g16814/Y     -       B->Y    F     AND2x4_ASAP7_75t_SL         2  3.8    10    15     448    (-,-) 
  BF2_1_mul_170_29_g16776/Y     -       B->Y    R     AOI21x1_ASAP7_75t_SL        1  2.8    24    14     462    (-,-) 
  BF2_1_mul_170_29_g16747/Y     -       B->Y    F     OAI21x1_ASAP7_75t_SL        2  3.4    25    15     477    (-,-) 
  BF2_1_mul_170_29_g16728/Y     -       A1->Y   F     AO21x2_ASAP7_75t_SL         1  2.1    12    22     499    (-,-) 
  BF2_1_mul_170_29_g16724/Y     -       B->Y    F     AO21x2_ASAP7_75t_SL         1  6.5    22    25     524    (-,-) 
  BF2_1_mul_170_29_g16723/Y     -       A->Y    R     INVx8_ASAP7_75t_SL         14 27.1    29    17     542    (-,-) 
  BF2_1_mul_170_29_g16698/Y     -       A1->Y   F     OAI21x1_ASAP7_75t_SL        1  2.5    20    10     552    (-,-) 
  BF2_1_mul_170_29_g16684/Y     -       B->Y    R     XNOR2xp5_ASAP7_75t_SL       1  2.1    39    20     572    (-,-) 
  BF2_1_barrett_datai_reg[45]/D -       -       R     DFFHQx4_ASAP7_75t_SL        1    -     -     0     572    (-,-) 
#---------------------------------------------------------------------------------------------------------------------



Path 6: VIOLATED (-31 ps) Setup Check with Pin BF2_1_barrett_datai_reg[45]/CLK->D
          Group: clk
     Startpoint: (R) BF1_1_modei_reg[2]/CLK
          Clock: (R) clk
       Endpoint: (R) BF2_1_barrett_datai_reg[45]/D
          Clock: (R) clk

                     Capture       Launch     
        Clock Edge:+     581            0     
       Src Latency:+       0            0     
       Net Latency:+       0 (I)        0 (I) 
           Arrival:=     581            0     
                                              
             Setup:-      10                  
       Uncertainty:-      29                  
     Required Time:=     542                  
      Launch Clock:-       0                  
         Data Path:-     572                  
             Slack:=     -31                  

#---------------------------------------------------------------------------------------------------------------------
#         Timing Point          Flags    Arc    Edge          Cell           Fanout Load Trans Delay Arrival Instance 
#                                                                                   (fF)  (ps)  (ps)   (ps)  Location 
#---------------------------------------------------------------------------------------------------------------------
  BF1_1_modei_reg[2]/CLK        -       -       R     (arrival)                2365    -     0     0       0    (-,-) 
  BF1_1_modei_reg[2]/QN         -       CLK->QN F     DFFHQNx2_ASAP7_75t_SL       1  4.0    26    40      40    (-,-) 
  g47527/Y                      -       A->Y    R     INVx4_ASAP7_75t_SL          2  5.7    17    11      51    (-,-) 
  g47517__5115/Y                -       B->Y    F     NAND2x1p5_ASAP7_75t_SL      1  2.6    15     9      59    (-,-) 
  g47440__4319/Y                -       A->Y    F     OR2x6_ASAP7_75t_SL          2  7.9    14    22      81    (-,-) 
  g62389/Y                      -       A->Y    R     INVx8_ASAP7_75t_SL          3 14.1    16    10      92    (-,-) 
  g62373/Y                      -       A->Y    F     INVx3_ASAP7_75t_SL          2  7.2    17    11     102    (-,-) 
  g62351/Y                      -       A->Y    F     BUFx12f_ASAP7_75t_SL       17 34.2    22    22     124    (-,-) 
  g62212/Y                      -       B->Y    F     AND2x2_ASAP7_75t_SL         1  2.6    14    19     143    (-,-) 
  g61451/Y                      -       A->Y    F     OR2x6_ASAP7_75t_SL         13 23.6    28    30     172    (-,-) 
  BF2_1_mul_170_29_fopt19331/Y  -       A->Y    R     INVx3_ASAP7_75t_SL          1  2.1    12     8     181    (-,-) 
  BF2_1_mul_170_29_g18862/Y     -       B2->Y   R     AO22x2_ASAP7_75t_SL         2  3.9    19    20     201    (-,-) 
  BF2_1_mul_170_29_g18235/Y     -       A1->Y   F     AOI22xp5_ASAP7_75t_SL       2  4.5    59    24     225    (-,-) 
  BF2_1_mul_170_29_g17906/Y     -       B->Y    F     XNOR2x1_ASAP7_75t_SL        1  3.2    34    26     251    (-,-) 
  BF2_1_mul_170_29_g17656/Y     -       A->Y    F     XNOR2x1_ASAP7_75t_SL        2  4.0    29    24     275    (-,-) 
  BF2_1_mul_170_29_g17497/Y     -       B->Y    F     XOR2x2_ASAP7_75t_SL         1  3.2    15    24     299    (-,-) 
  BF2_1_mul_170_29_g17349/Y     -       A->Y    F     XNOR2x1_ASAP7_75t_SL        2  3.9    26    21     319    (-,-) 
  BF2_1_mul_170_29_g17186/Y     -       B->Y    R     XOR2x2_ASAP7_75t_SL         2  4.4    20    32     351    (-,-) 
  BF2_1_mul_170_29_g17100/Y     -       A->Y    F     XOR2x2_ASAP7_75t_SL         1  3.2    15    22     373    (-,-) 
  BF2_1_mul_170_29_g17016/Y     -       A->Y    F     XNOR2x1_ASAP7_75t_SL        2  4.4    28    22     395    (-,-) 
  BF2_1_mul_170_29_g17001/Y     -       A->Y    R     INVx2_ASAP7_75t_SL          1  2.1    15    10     405    (-,-) 
  BF2_1_mul_170_29_g16924/Y     -       B2->Y   R     OA22x2_ASAP7_75t_SL         2  4.6    20    21     426    (-,-) 
  BF2_1_mul_170_29_g16911/Y     -       A->Y    F     INVx2_ASAP7_75t_SL          1  2.6    12     8     433    (-,-) 
  BF2_1_mul_170_29_g16814/Y     -       B->Y    F     AND2x4_ASAP7_75t_SL         2  3.8    10    15     448    (-,-) 
  BF2_1_mul_170_29_g16776/Y     -       B->Y    R     AOI21x1_ASAP7_75t_SL        1  2.8    24    14     462    (-,-) 
  BF2_1_mul_170_29_g16747/Y     -       B->Y    F     OAI21x1_ASAP7_75t_SL        2  3.4    25    15     477    (-,-) 
  BF2_1_mul_170_29_g16728/Y     -       A1->Y   F     AO21x2_ASAP7_75t_SL         1  2.1    12    22     499    (-,-) 
  BF2_1_mul_170_29_g16724/Y     -       B->Y    F     AO21x2_ASAP7_75t_SL         1  6.5    22    25     524    (-,-) 
  BF2_1_mul_170_29_g16723/Y     -       A->Y    R     INVx8_ASAP7_75t_SL         14 27.1    29    17     542    (-,-) 
  BF2_1_mul_170_29_g16698/Y     -       A1->Y   F     OAI21x1_ASAP7_75t_SL        1  2.5    20    10     552    (-,-) 
  BF2_1_mul_170_29_g16684/Y     -       B->Y    R     XNOR2xp5_ASAP7_75t_SL       1  2.1    39    20     572    (-,-) 
  BF2_1_barrett_datai_reg[45]/D -       -       R     DFFHQx4_ASAP7_75t_SL        1    -     -     0     572    (-,-) 
#---------------------------------------------------------------------------------------------------------------------



Path 7: VIOLATED (-31 ps) Setup Check with Pin BF2_1_barrett_datai_reg[42]/CLK->D
          Group: clk
     Startpoint: (R) BF1_1_modei_reg[2]/CLK
          Clock: (R) clk
       Endpoint: (R) BF2_1_barrett_datai_reg[42]/D
          Clock: (R) clk

                     Capture       Launch     
        Clock Edge:+     581            0     
       Src Latency:+       0            0     
       Net Latency:+       0 (I)        0 (I) 
           Arrival:=     581            0     
                                              
             Setup:-      10                  
       Uncertainty:-      29                  
     Required Time:=     542                  
      Launch Clock:-       0                  
         Data Path:-     572                  
             Slack:=     -31                  

#---------------------------------------------------------------------------------------------------------------------
#         Timing Point          Flags    Arc    Edge          Cell           Fanout Load Trans Delay Arrival Instance 
#                                                                                   (fF)  (ps)  (ps)   (ps)  Location 
#---------------------------------------------------------------------------------------------------------------------
  BF1_1_modei_reg[2]/CLK        -       -       R     (arrival)                2365    -     0     0       0    (-,-) 
  BF1_1_modei_reg[2]/QN         -       CLK->QN F     DFFHQNx2_ASAP7_75t_SL       1  4.0    26    40      40    (-,-) 
  g47527/Y                      -       A->Y    R     INVx4_ASAP7_75t_SL          2  5.7    17    11      51    (-,-) 
  g47517__5115/Y                -       B->Y    F     NAND2x1p5_ASAP7_75t_SL      1  2.6    15     9      59    (-,-) 
  g47440__4319/Y                -       A->Y    F     OR2x6_ASAP7_75t_SL          2  7.9    14    22      81    (-,-) 
  g62389/Y                      -       A->Y    R     INVx8_ASAP7_75t_SL          3 14.1    16    10      92    (-,-) 
  g62388/Y                      -       A->Y    R     BUFx12f_ASAP7_75t_SL        5 20.6    17    18     109    (-,-) 
  g62381/Y                      -       A->Y    R     BUFx12f_ASAP7_75t_SL       10 20.9    18    18     127    (-,-) 
  g61414/Y                      -       A2->Y   R     AO22x2_ASAP7_75t_SL         1  4.0    20    23     150    (-,-) 
  g61374/Y                      -       A->Y    R     BUFx12f_ASAP7_75t_SL       13 25.7    21    20     169    (-,-) 
  BF2_1_mul_170_29_g19193/Y     -       A->Y    F     INVx11_ASAP7_75t_SL         9 13.2    13     8     177    (-,-) 
  BF2_1_mul_170_29_g18839/Y     -       B2->Y   F     AO22x1_ASAP7_75t_SL         2  3.5    24    26     203    (-,-) 
  BF2_1_mul_170_29_g18675/Y     -       A->Y    R     INVx1_ASAP7_75t_SL          1  2.1    20    13     216    (-,-) 
  BF2_1_mul_170_29_g18272/Y     -       B2->Y   F     OAI22xp5_ASAP7_75t_SL       2  5.0    64    26     243    (-,-) 
  BF2_1_mul_170_29_g17966/Y     -       B->Y    F     XNOR2x1_ASAP7_75t_SL        1  2.5    32    25     268    (-,-) 
  BF2_1_mul_170_29_g17634/Y     -       A->Y    F     XOR2x2_ASAP7_75t_SL         2  5.0    20    29     297    (-,-) 
  BF2_1_mul_170_29_g17349/Y     -       B->Y    F     XNOR2x1_ASAP7_75t_SL        2  3.9    26    22     319    (-,-) 
  BF2_1_mul_170_29_g17186/Y     -       B->Y    R     XOR2x2_ASAP7_75t_SL         2  4.4    20    32     351    (-,-) 
  BF2_1_mul_170_29_g17100/Y     -       A->Y    F     XOR2x2_ASAP7_75t_SL         1  3.2    15    22     373    (-,-) 
  BF2_1_mul_170_29_g17016/Y     -       A->Y    F     XNOR2x1_ASAP7_75t_SL        2  4.4    28    22     395    (-,-) 
  BF2_1_mul_170_29_g17001/Y     -       A->Y    R     INVx2_ASAP7_75t_SL          1  2.1    15    10     405    (-,-) 
  BF2_1_mul_170_29_g16924/Y     -       B2->Y   R     OA22x2_ASAP7_75t_SL         2  4.6    20    21     426    (-,-) 
  BF2_1_mul_170_29_g16911/Y     -       A->Y    F     INVx2_ASAP7_75t_SL          1  2.6    12     8     433    (-,-) 
  BF2_1_mul_170_29_g16814/Y     -       B->Y    F     AND2x4_ASAP7_75t_SL         2  3.8    10    15     448    (-,-) 
  BF2_1_mul_170_29_g16776/Y     -       B->Y    R     AOI21x1_ASAP7_75t_SL        1  2.8    24    14     462    (-,-) 
  BF2_1_mul_170_29_g16747/Y     -       B->Y    F     OAI21x1_ASAP7_75t_SL        2  3.4    25    15     477    (-,-) 
  BF2_1_mul_170_29_g16728/Y     -       A1->Y   F     AO21x2_ASAP7_75t_SL         1  2.1    12    22     499    (-,-) 
  BF2_1_mul_170_29_g16724/Y     -       B->Y    F     AO21x2_ASAP7_75t_SL         1  6.5    22    25     524    (-,-) 
  BF2_1_mul_170_29_g16723/Y     -       A->Y    R     INVx8_ASAP7_75t_SL         14 27.1    29    17     542    (-,-) 
  BF2_1_mul_170_29_g16709/Y     -       A1->Y   F     OAI21x1_ASAP7_75t_SL        1  2.5    20    10     552    (-,-) 
  BF2_1_mul_170_29_g16681/Y     -       B->Y    R     XNOR2xp5_ASAP7_75t_SL       1  2.1    39    20     572    (-,-) 
  BF2_1_barrett_datai_reg[42]/D -       -       R     DFFHQx4_ASAP7_75t_SL        1    -     -     0     572    (-,-) 
#---------------------------------------------------------------------------------------------------------------------



Path 8: VIOLATED (-31 ps) Setup Check with Pin BF2_1_barrett_datai_reg[42]/CLK->D
          Group: clk
     Startpoint: (R) BF1_1_modei_reg[2]/CLK
          Clock: (R) clk
       Endpoint: (R) BF2_1_barrett_datai_reg[42]/D
          Clock: (R) clk

                     Capture       Launch     
        Clock Edge:+     581            0     
       Src Latency:+       0            0     
       Net Latency:+       0 (I)        0 (I) 
           Arrival:=     581            0     
                                              
             Setup:-      10                  
       Uncertainty:-      29                  
     Required Time:=     542                  
      Launch Clock:-       0                  
         Data Path:-     572                  
             Slack:=     -31                  

#---------------------------------------------------------------------------------------------------------------------
#         Timing Point          Flags    Arc    Edge          Cell           Fanout Load Trans Delay Arrival Instance 
#                                                                                   (fF)  (ps)  (ps)   (ps)  Location 
#---------------------------------------------------------------------------------------------------------------------
  BF1_1_modei_reg[2]/CLK        -       -       R     (arrival)                2365    -     0     0       0    (-,-) 
  BF1_1_modei_reg[2]/QN         -       CLK->QN F     DFFHQNx2_ASAP7_75t_SL       1  4.0    26    40      40    (-,-) 
  g47527/Y                      -       A->Y    R     INVx4_ASAP7_75t_SL          2  5.7    17    11      51    (-,-) 
  g47517__5115/Y                -       B->Y    F     NAND2x1p5_ASAP7_75t_SL      1  2.6    15     9      59    (-,-) 
  g47440__4319/Y                -       A->Y    F     OR2x6_ASAP7_75t_SL          2  7.9    14    22      81    (-,-) 
  g62389/Y                      -       A->Y    R     INVx8_ASAP7_75t_SL          3 14.1    16    10      92    (-,-) 
  g62339/Y                      -       A->Y    F     INVx11_ASAP7_75t_SL         4 32.2    22    13     105    (-,-) 
  g62338/Y                      -       A->Y    R     INVx11_ASAP7_75t_SL        19 33.9    29    17     122    (-,-) 
  g62336/Y                      -       A->Y    F     INVx8_ASAP7_75t_SL          8 11.3    16     9     131    (-,-) 
  g61559/Y                      -       B2->Y   F     AO22x2_ASAP7_75t_SL         1  4.0    17    23     154    (-,-) 
  g61506/Y                      -       A->Y    F     BUFx12f_ASAP7_75t_SL       14 26.9    19    20     174    (-,-) 
  BF2_1_mul_170_29_g19212/Y     -       A->Y    R     INVx8_ASAP7_75t_SL          6  8.9    13     9     183    (-,-) 
  BF2_1_mul_170_29_g18614/Y     -       B1->Y   F     AOI22x1_ASAP7_75t_SL        2  4.0    33    14     196    (-,-) 
  BF2_1_mul_170_29_g18079/Y     -       A2->Y   F     OA22x2_ASAP7_75t_SL         2  4.3    19    27     223    (-,-) 
  BF2_1_mul_170_29_g17828/Y     -       B->Y    F     MAJx2_ASAP7_75t_SL          2  4.9    20    28     251    (-,-) 
  BF2_1_mul_170_29_g17569/Y     -       B->Y    F     XOR2x1_ASAP7_75t_SL         1  2.5    26    21     272    (-,-) 
  BF2_1_mul_170_29_g17436/Y     -       A->Y    R     XOR2x2_ASAP7_75t_SL         2  4.0    18    30     303    (-,-) 
  BF2_1_mul_170_29_g17291/Y     -       B->Y    F     XOR2x2_ASAP7_75t_SL         1  2.5    13    20     323    (-,-) 
  BF2_1_mul_170_29_g17186/Y     -       A->Y    R     XOR2x2_ASAP7_75t_SL         2  4.4    20    29     351    (-,-) 
  BF2_1_mul_170_29_g17100/Y     -       A->Y    F     XOR2x2_ASAP7_75t_SL         1  3.2    15    22     373    (-,-) 
  BF2_1_mul_170_29_g17016/Y     -       A->Y    F     XNOR2x1_ASAP7_75t_SL        2  4.4    28    22     395    (-,-) 
  BF2_1_mul_170_29_g17001/Y     -       A->Y    R     INVx2_ASAP7_75t_SL          1  2.1    15    10     405    (-,-) 
  BF2_1_mul_170_29_g16924/Y     -       B2->Y   R     OA22x2_ASAP7_75t_SL         2  4.6    20    21     426    (-,-) 
  BF2_1_mul_170_29_g16911/Y     -       A->Y    F     INVx2_ASAP7_75t_SL          1  2.6    12     8     433    (-,-) 
  BF2_1_mul_170_29_g16814/Y     -       B->Y    F     AND2x4_ASAP7_75t_SL         2  3.8    10    15     448    (-,-) 
  BF2_1_mul_170_29_g16776/Y     -       B->Y    R     AOI21x1_ASAP7_75t_SL        1  2.8    24    14     462    (-,-) 
  BF2_1_mul_170_29_g16747/Y     -       B->Y    F     OAI21x1_ASAP7_75t_SL        2  3.4    25    15     477    (-,-) 
  BF2_1_mul_170_29_g16728/Y     -       A1->Y   F     AO21x2_ASAP7_75t_SL         1  2.1    12    22     499    (-,-) 
  BF2_1_mul_170_29_g16724/Y     -       B->Y    F     AO21x2_ASAP7_75t_SL         1  6.5    22    25     524    (-,-) 
  BF2_1_mul_170_29_g16723/Y     -       A->Y    R     INVx8_ASAP7_75t_SL         14 27.1    29    17     542    (-,-) 
  BF2_1_mul_170_29_g16709/Y     -       A1->Y   F     OAI21x1_ASAP7_75t_SL        1  2.5    20    10     552    (-,-) 
  BF2_1_mul_170_29_g16681/Y     -       B->Y    R     XNOR2xp5_ASAP7_75t_SL       1  2.1    39    20     572    (-,-) 
  BF2_1_barrett_datai_reg[42]/D -       -       R     DFFHQx4_ASAP7_75t_SL        1    -     -     0     572    (-,-) 
#---------------------------------------------------------------------------------------------------------------------



Path 9: VIOLATED (-31 ps) Setup Check with Pin BF2_1_barrett_datai_reg[42]/CLK->D
          Group: clk
     Startpoint: (R) BF1_1_modei_reg[2]/CLK
          Clock: (R) clk
       Endpoint: (R) BF2_1_barrett_datai_reg[42]/D
          Clock: (R) clk

                     Capture       Launch     
        Clock Edge:+     581            0     
       Src Latency:+       0            0     
       Net Latency:+       0 (I)        0 (I) 
           Arrival:=     581            0     
                                              
             Setup:-      10                  
       Uncertainty:-      29                  
     Required Time:=     542                  
      Launch Clock:-       0                  
         Data Path:-     572                  
             Slack:=     -31                  

#---------------------------------------------------------------------------------------------------------------------
#         Timing Point          Flags    Arc    Edge          Cell           Fanout Load Trans Delay Arrival Instance 
#                                                                                   (fF)  (ps)  (ps)   (ps)  Location 
#---------------------------------------------------------------------------------------------------------------------
  BF1_1_modei_reg[2]/CLK        -       -       R     (arrival)                2365    -     0     0       0    (-,-) 
  BF1_1_modei_reg[2]/QN         -       CLK->QN F     DFFHQNx2_ASAP7_75t_SL       1  4.0    26    40      40    (-,-) 
  g47527/Y                      -       A->Y    R     INVx4_ASAP7_75t_SL          2  5.7    17    11      51    (-,-) 
  g47517__5115/Y                -       B->Y    F     NAND2x1p5_ASAP7_75t_SL      1  2.6    15     9      59    (-,-) 
  g47440__4319/Y                -       A->Y    F     OR2x6_ASAP7_75t_SL          2  7.9    14    22      81    (-,-) 
  g62389/Y                      -       A->Y    R     INVx8_ASAP7_75t_SL          3 14.1    16    10      92    (-,-) 
  g62373/Y                      -       A->Y    F     INVx3_ASAP7_75t_SL          2  7.2    17    11     102    (-,-) 
  g62351/Y                      -       A->Y    F     BUFx12f_ASAP7_75t_SL       17 34.2    22    22     124    (-,-) 
  g62212/Y                      -       B->Y    F     AND2x2_ASAP7_75t_SL         1  2.6    14    19     143    (-,-) 
  g61451/Y                      -       A->Y    F     OR2x6_ASAP7_75t_SL         13 23.6    28    30     172    (-,-) 
  BF2_1_mul_170_29_fopt19331/Y  -       A->Y    R     INVx3_ASAP7_75t_SL          1  2.1    12     8     181    (-,-) 
  BF2_1_mul_170_29_g18862/Y     -       B2->Y   R     AO22x2_ASAP7_75t_SL         2  3.9    19    20     201    (-,-) 
  BF2_1_mul_170_29_g18235/Y     -       A1->Y   F     AOI22xp5_ASAP7_75t_SL       2  4.5    59    24     225    (-,-) 
  BF2_1_mul_170_29_g17906/Y     -       B->Y    F     XNOR2x1_ASAP7_75t_SL        1  3.2    34    26     251    (-,-) 
  BF2_1_mul_170_29_g17656/Y     -       A->Y    F     XNOR2x1_ASAP7_75t_SL        2  4.0    29    24     275    (-,-) 
  BF2_1_mul_170_29_g17497/Y     -       B->Y    F     XOR2x2_ASAP7_75t_SL         1  3.2    15    24     299    (-,-) 
  BF2_1_mul_170_29_g17349/Y     -       A->Y    F     XNOR2x1_ASAP7_75t_SL        2  3.9    26    21     319    (-,-) 
  BF2_1_mul_170_29_g17186/Y     -       B->Y    R     XOR2x2_ASAP7_75t_SL         2  4.4    20    32     351    (-,-) 
  BF2_1_mul_170_29_g17100/Y     -       A->Y    F     XOR2x2_ASAP7_75t_SL         1  3.2    15    22     373    (-,-) 
  BF2_1_mul_170_29_g17016/Y     -       A->Y    F     XNOR2x1_ASAP7_75t_SL        2  4.4    28    22     395    (-,-) 
  BF2_1_mul_170_29_g17001/Y     -       A->Y    R     INVx2_ASAP7_75t_SL          1  2.1    15    10     405    (-,-) 
  BF2_1_mul_170_29_g16924/Y     -       B2->Y   R     OA22x2_ASAP7_75t_SL         2  4.6    20    21     426    (-,-) 
  BF2_1_mul_170_29_g16911/Y     -       A->Y    F     INVx2_ASAP7_75t_SL          1  2.6    12     8     433    (-,-) 
  BF2_1_mul_170_29_g16814/Y     -       B->Y    F     AND2x4_ASAP7_75t_SL         2  3.8    10    15     448    (-,-) 
  BF2_1_mul_170_29_g16776/Y     -       B->Y    R     AOI21x1_ASAP7_75t_SL        1  2.8    24    14     462    (-,-) 
  BF2_1_mul_170_29_g16747/Y     -       B->Y    F     OAI21x1_ASAP7_75t_SL        2  3.4    25    15     477    (-,-) 
  BF2_1_mul_170_29_g16728/Y     -       A1->Y   F     AO21x2_ASAP7_75t_SL         1  2.1    12    22     499    (-,-) 
  BF2_1_mul_170_29_g16724/Y     -       B->Y    F     AO21x2_ASAP7_75t_SL         1  6.5    22    25     524    (-,-) 
  BF2_1_mul_170_29_g16723/Y     -       A->Y    R     INVx8_ASAP7_75t_SL         14 27.1    29    17     542    (-,-) 
  BF2_1_mul_170_29_g16709/Y     -       A1->Y   F     OAI21x1_ASAP7_75t_SL        1  2.5    20    10     552    (-,-) 
  BF2_1_mul_170_29_g16681/Y     -       B->Y    R     XNOR2xp5_ASAP7_75t_SL       1  2.1    39    20     572    (-,-) 
  BF2_1_barrett_datai_reg[42]/D -       -       R     DFFHQx4_ASAP7_75t_SL        1    -     -     0     572    (-,-) 
#---------------------------------------------------------------------------------------------------------------------



Path 10: VIOLATED (-31 ps) Setup Check with Pin BF2_1_barrett_datai_reg[44]/CLK->D
          Group: clk
     Startpoint: (R) BF1_1_modei_reg[2]/CLK
          Clock: (R) clk
       Endpoint: (R) BF2_1_barrett_datai_reg[44]/D
          Clock: (R) clk

                     Capture       Launch     
        Clock Edge:+     581            0     
       Src Latency:+       0            0     
       Net Latency:+       0 (I)        0 (I) 
           Arrival:=     581            0     
                                              
             Setup:-      10                  
       Uncertainty:-      29                  
     Required Time:=     542                  
      Launch Clock:-       0                  
         Data Path:-     572                  
             Slack:=     -31                  

#---------------------------------------------------------------------------------------------------------------------
#         Timing Point          Flags    Arc    Edge          Cell           Fanout Load Trans Delay Arrival Instance 
#                                                                                   (fF)  (ps)  (ps)   (ps)  Location 
#---------------------------------------------------------------------------------------------------------------------
  BF1_1_modei_reg[2]/CLK        -       -       R     (arrival)                2365    -     0     0       0    (-,-) 
  BF1_1_modei_reg[2]/QN         -       CLK->QN F     DFFHQNx2_ASAP7_75t_SL       1  4.0    26    40      40    (-,-) 
  g47527/Y                      -       A->Y    R     INVx4_ASAP7_75t_SL          2  5.7    17    11      51    (-,-) 
  g47517__5115/Y                -       B->Y    F     NAND2x1p5_ASAP7_75t_SL      1  2.6    15     9      59    (-,-) 
  g47440__4319/Y                -       A->Y    F     OR2x6_ASAP7_75t_SL          2  7.9    14    22      81    (-,-) 
  g62389/Y                      -       A->Y    R     INVx8_ASAP7_75t_SL          3 14.1    16    10      92    (-,-) 
  g62388/Y                      -       A->Y    R     BUFx12f_ASAP7_75t_SL        5 20.6    17    18     109    (-,-) 
  g62381/Y                      -       A->Y    R     BUFx12f_ASAP7_75t_SL       10 20.9    18    18     127    (-,-) 
  g61414/Y                      -       A2->Y   R     AO22x2_ASAP7_75t_SL         1  4.0    20    23     150    (-,-) 
  g61374/Y                      -       A->Y    R     BUFx12f_ASAP7_75t_SL       13 25.7    21    20     169    (-,-) 
  BF2_1_mul_170_29_g19193/Y     -       A->Y    F     INVx11_ASAP7_75t_SL         9 13.2    13     8     177    (-,-) 
  BF2_1_mul_170_29_g18839/Y     -       B2->Y   F     AO22x1_ASAP7_75t_SL         2  3.5    24    26     203    (-,-) 
  BF2_1_mul_170_29_g18675/Y     -       A->Y    R     INVx1_ASAP7_75t_SL          1  2.1    20    13     216    (-,-) 
  BF2_1_mul_170_29_g18272/Y     -       B2->Y   F     OAI22xp5_ASAP7_75t_SL       2  5.0    64    26     243    (-,-) 
  BF2_1_mul_170_29_g17966/Y     -       B->Y    F     XNOR2x1_ASAP7_75t_SL        1  2.5    32    25     268    (-,-) 
  BF2_1_mul_170_29_g17634/Y     -       A->Y    F     XOR2x2_ASAP7_75t_SL         2  5.0    20    29     297    (-,-) 
  BF2_1_mul_170_29_g17349/Y     -       B->Y    F     XNOR2x1_ASAP7_75t_SL        2  3.9    26    22     319    (-,-) 
  BF2_1_mul_170_29_g17186/Y     -       B->Y    R     XOR2x2_ASAP7_75t_SL         2  4.4    20    32     351    (-,-) 
  BF2_1_mul_170_29_g17100/Y     -       A->Y    F     XOR2x2_ASAP7_75t_SL         1  3.2    15    22     373    (-,-) 
  BF2_1_mul_170_29_g17016/Y     -       A->Y    F     XNOR2x1_ASAP7_75t_SL        2  4.4    28    22     395    (-,-) 
  BF2_1_mul_170_29_g17001/Y     -       A->Y    R     INVx2_ASAP7_75t_SL          1  2.1    15    10     405    (-,-) 
  BF2_1_mul_170_29_g16924/Y     -       B2->Y   R     OA22x2_ASAP7_75t_SL         2  4.6    20    21     426    (-,-) 
  BF2_1_mul_170_29_g16911/Y     -       A->Y    F     INVx2_ASAP7_75t_SL          1  2.6    12     8     433    (-,-) 
  BF2_1_mul_170_29_g16814/Y     -       B->Y    F     AND2x4_ASAP7_75t_SL         2  3.8    10    15     448    (-,-) 
  BF2_1_mul_170_29_g16776/Y     -       B->Y    R     AOI21x1_ASAP7_75t_SL        1  2.8    24    14     462    (-,-) 
  BF2_1_mul_170_29_g16747/Y     -       B->Y    F     OAI21x1_ASAP7_75t_SL        2  3.4    25    15     477    (-,-) 
  BF2_1_mul_170_29_g16728/Y     -       A1->Y   F     AO21x2_ASAP7_75t_SL         1  2.1    12    22     499    (-,-) 
  BF2_1_mul_170_29_g16724/Y     -       B->Y    F     AO21x2_ASAP7_75t_SL         1  6.5    22    25     524    (-,-) 
  BF2_1_mul_170_29_g16723/Y     -       A->Y    R     INVx8_ASAP7_75t_SL         14 27.1    29    17     542    (-,-) 
  BF2_1_mul_170_29_g16704/Y     -       A1->Y   F     OAI21x1_ASAP7_75t_SL        1  2.5    20    10     552    (-,-) 
  BF2_1_mul_170_29_g16679/Y     -       B->Y    R     XNOR2xp5_ASAP7_75t_SL       1  2.1    39    20     572    (-,-) 
  BF2_1_barrett_datai_reg[44]/D -       -       R     DFFHQx4_ASAP7_75t_SL        1    -     -     0     572    (-,-) 
#---------------------------------------------------------------------------------------------------------------------



Path 11: VIOLATED (-31 ps) Setup Check with Pin BF2_1_barrett_datai_reg[44]/CLK->D
          Group: clk
     Startpoint: (R) BF1_1_modei_reg[2]/CLK
          Clock: (R) clk
       Endpoint: (R) BF2_1_barrett_datai_reg[44]/D
          Clock: (R) clk

                     Capture       Launch     
        Clock Edge:+     581            0     
       Src Latency:+       0            0     
       Net Latency:+       0 (I)        0 (I) 
           Arrival:=     581            0     
                                              
             Setup:-      10                  
       Uncertainty:-      29                  
     Required Time:=     542                  
      Launch Clock:-       0                  
         Data Path:-     572                  
             Slack:=     -31                  

#---------------------------------------------------------------------------------------------------------------------
#         Timing Point          Flags    Arc    Edge          Cell           Fanout Load Trans Delay Arrival Instance 
#                                                                                   (fF)  (ps)  (ps)   (ps)  Location 
#---------------------------------------------------------------------------------------------------------------------
  BF1_1_modei_reg[2]/CLK        -       -       R     (arrival)                2365    -     0     0       0    (-,-) 
  BF1_1_modei_reg[2]/QN         -       CLK->QN F     DFFHQNx2_ASAP7_75t_SL       1  4.0    26    40      40    (-,-) 
  g47527/Y                      -       A->Y    R     INVx4_ASAP7_75t_SL          2  5.7    17    11      51    (-,-) 
  g47517__5115/Y                -       B->Y    F     NAND2x1p5_ASAP7_75t_SL      1  2.6    15     9      59    (-,-) 
  g47440__4319/Y                -       A->Y    F     OR2x6_ASAP7_75t_SL          2  7.9    14    22      81    (-,-) 
  g62389/Y                      -       A->Y    R     INVx8_ASAP7_75t_SL          3 14.1    16    10      92    (-,-) 
  g62339/Y                      -       A->Y    F     INVx11_ASAP7_75t_SL         4 32.2    22    13     105    (-,-) 
  g62338/Y                      -       A->Y    R     INVx11_ASAP7_75t_SL        19 33.9    29    17     122    (-,-) 
  g62336/Y                      -       A->Y    F     INVx8_ASAP7_75t_SL          8 11.3    16     9     131    (-,-) 
  g61559/Y                      -       B2->Y   F     AO22x2_ASAP7_75t_SL         1  4.0    17    23     154    (-,-) 
  g61506/Y                      -       A->Y    F     BUFx12f_ASAP7_75t_SL       14 26.9    19    20     174    (-,-) 
  BF2_1_mul_170_29_g19212/Y     -       A->Y    R     INVx8_ASAP7_75t_SL          6  8.9    13     9     183    (-,-) 
  BF2_1_mul_170_29_g18614/Y     -       B1->Y   F     AOI22x1_ASAP7_75t_SL        2  4.0    33    14     196    (-,-) 
  BF2_1_mul_170_29_g18079/Y     -       A2->Y   F     OA22x2_ASAP7_75t_SL         2  4.3    19    27     223    (-,-) 
  BF2_1_mul_170_29_g17828/Y     -       B->Y    F     MAJx2_ASAP7_75t_SL          2  4.9    20    28     251    (-,-) 
  BF2_1_mul_170_29_g17569/Y     -       B->Y    F     XOR2x1_ASAP7_75t_SL         1  2.5    26    21     272    (-,-) 
  BF2_1_mul_170_29_g17436/Y     -       A->Y    R     XOR2x2_ASAP7_75t_SL         2  4.0    18    30     303    (-,-) 
  BF2_1_mul_170_29_g17291/Y     -       B->Y    F     XOR2x2_ASAP7_75t_SL         1  2.5    13    20     323    (-,-) 
  BF2_1_mul_170_29_g17186/Y     -       A->Y    R     XOR2x2_ASAP7_75t_SL         2  4.4    20    29     351    (-,-) 
  BF2_1_mul_170_29_g17100/Y     -       A->Y    F     XOR2x2_ASAP7_75t_SL         1  3.2    15    22     373    (-,-) 
  BF2_1_mul_170_29_g17016/Y     -       A->Y    F     XNOR2x1_ASAP7_75t_SL        2  4.4    28    22     395    (-,-) 
  BF2_1_mul_170_29_g17001/Y     -       A->Y    R     INVx2_ASAP7_75t_SL          1  2.1    15    10     405    (-,-) 
  BF2_1_mul_170_29_g16924/Y     -       B2->Y   R     OA22x2_ASAP7_75t_SL         2  4.6    20    21     426    (-,-) 
  BF2_1_mul_170_29_g16911/Y     -       A->Y    F     INVx2_ASAP7_75t_SL          1  2.6    12     8     433    (-,-) 
  BF2_1_mul_170_29_g16814/Y     -       B->Y    F     AND2x4_ASAP7_75t_SL         2  3.8    10    15     448    (-,-) 
  BF2_1_mul_170_29_g16776/Y     -       B->Y    R     AOI21x1_ASAP7_75t_SL        1  2.8    24    14     462    (-,-) 
  BF2_1_mul_170_29_g16747/Y     -       B->Y    F     OAI21x1_ASAP7_75t_SL        2  3.4    25    15     477    (-,-) 
  BF2_1_mul_170_29_g16728/Y     -       A1->Y   F     AO21x2_ASAP7_75t_SL         1  2.1    12    22     499    (-,-) 
  BF2_1_mul_170_29_g16724/Y     -       B->Y    F     AO21x2_ASAP7_75t_SL         1  6.5    22    25     524    (-,-) 
  BF2_1_mul_170_29_g16723/Y     -       A->Y    R     INVx8_ASAP7_75t_SL         14 27.1    29    17     542    (-,-) 
  BF2_1_mul_170_29_g16704/Y     -       A1->Y   F     OAI21x1_ASAP7_75t_SL        1  2.5    20    10     552    (-,-) 
  BF2_1_mul_170_29_g16679/Y     -       B->Y    R     XNOR2xp5_ASAP7_75t_SL       1  2.1    39    20     572    (-,-) 
  BF2_1_barrett_datai_reg[44]/D -       -       R     DFFHQx4_ASAP7_75t_SL        1    -     -     0     572    (-,-) 
#---------------------------------------------------------------------------------------------------------------------



Path 12: VIOLATED (-31 ps) Setup Check with Pin BF2_1_barrett_datai_reg[44]/CLK->D
          Group: clk
     Startpoint: (R) BF1_1_modei_reg[2]/CLK
          Clock: (R) clk
       Endpoint: (R) BF2_1_barrett_datai_reg[44]/D
          Clock: (R) clk

                     Capture       Launch     
        Clock Edge:+     581            0     
       Src Latency:+       0            0     
       Net Latency:+       0 (I)        0 (I) 
           Arrival:=     581            0     
                                              
             Setup:-      10                  
       Uncertainty:-      29                  
     Required Time:=     542                  
      Launch Clock:-       0                  
         Data Path:-     572                  
             Slack:=     -31                  

#---------------------------------------------------------------------------------------------------------------------
#         Timing Point          Flags    Arc    Edge          Cell           Fanout Load Trans Delay Arrival Instance 
#                                                                                   (fF)  (ps)  (ps)   (ps)  Location 
#---------------------------------------------------------------------------------------------------------------------
  BF1_1_modei_reg[2]/CLK        -       -       R     (arrival)                2365    -     0     0       0    (-,-) 
  BF1_1_modei_reg[2]/QN         -       CLK->QN F     DFFHQNx2_ASAP7_75t_SL       1  4.0    26    40      40    (-,-) 
  g47527/Y                      -       A->Y    R     INVx4_ASAP7_75t_SL          2  5.7    17    11      51    (-,-) 
  g47517__5115/Y                -       B->Y    F     NAND2x1p5_ASAP7_75t_SL      1  2.6    15     9      59    (-,-) 
  g47440__4319/Y                -       A->Y    F     OR2x6_ASAP7_75t_SL          2  7.9    14    22      81    (-,-) 
  g62389/Y                      -       A->Y    R     INVx8_ASAP7_75t_SL          3 14.1    16    10      92    (-,-) 
  g62373/Y                      -       A->Y    F     INVx3_ASAP7_75t_SL          2  7.2    17    11     102    (-,-) 
  g62351/Y                      -       A->Y    F     BUFx12f_ASAP7_75t_SL       17 34.2    22    22     124    (-,-) 
  g62212/Y                      -       B->Y    F     AND2x2_ASAP7_75t_SL         1  2.6    14    19     143    (-,-) 
  g61451/Y                      -       A->Y    F     OR2x6_ASAP7_75t_SL         13 23.6    28    30     172    (-,-) 
  BF2_1_mul_170_29_fopt19331/Y  -       A->Y    R     INVx3_ASAP7_75t_SL          1  2.1    12     8     181    (-,-) 
  BF2_1_mul_170_29_g18862/Y     -       B2->Y   R     AO22x2_ASAP7_75t_SL         2  3.9    19    20     201    (-,-) 
  BF2_1_mul_170_29_g18235/Y     -       A1->Y   F     AOI22xp5_ASAP7_75t_SL       2  4.5    59    24     225    (-,-) 
  BF2_1_mul_170_29_g17906/Y     -       B->Y    F     XNOR2x1_ASAP7_75t_SL        1  3.2    34    26     251    (-,-) 
  BF2_1_mul_170_29_g17656/Y     -       A->Y    F     XNOR2x1_ASAP7_75t_SL        2  4.0    29    24     275    (-,-) 
  BF2_1_mul_170_29_g17497/Y     -       B->Y    F     XOR2x2_ASAP7_75t_SL         1  3.2    15    24     299    (-,-) 
  BF2_1_mul_170_29_g17349/Y     -       A->Y    F     XNOR2x1_ASAP7_75t_SL        2  3.9    26    21     319    (-,-) 
  BF2_1_mul_170_29_g17186/Y     -       B->Y    R     XOR2x2_ASAP7_75t_SL         2  4.4    20    32     351    (-,-) 
  BF2_1_mul_170_29_g17100/Y     -       A->Y    F     XOR2x2_ASAP7_75t_SL         1  3.2    15    22     373    (-,-) 
  BF2_1_mul_170_29_g17016/Y     -       A->Y    F     XNOR2x1_ASAP7_75t_SL        2  4.4    28    22     395    (-,-) 
  BF2_1_mul_170_29_g17001/Y     -       A->Y    R     INVx2_ASAP7_75t_SL          1  2.1    15    10     405    (-,-) 
  BF2_1_mul_170_29_g16924/Y     -       B2->Y   R     OA22x2_ASAP7_75t_SL         2  4.6    20    21     426    (-,-) 
  BF2_1_mul_170_29_g16911/Y     -       A->Y    F     INVx2_ASAP7_75t_SL          1  2.6    12     8     433    (-,-) 
  BF2_1_mul_170_29_g16814/Y     -       B->Y    F     AND2x4_ASAP7_75t_SL         2  3.8    10    15     448    (-,-) 
  BF2_1_mul_170_29_g16776/Y     -       B->Y    R     AOI21x1_ASAP7_75t_SL        1  2.8    24    14     462    (-,-) 
  BF2_1_mul_170_29_g16747/Y     -       B->Y    F     OAI21x1_ASAP7_75t_SL        2  3.4    25    15     477    (-,-) 
  BF2_1_mul_170_29_g16728/Y     -       A1->Y   F     AO21x2_ASAP7_75t_SL         1  2.1    12    22     499    (-,-) 
  BF2_1_mul_170_29_g16724/Y     -       B->Y    F     AO21x2_ASAP7_75t_SL         1  6.5    22    25     524    (-,-) 
  BF2_1_mul_170_29_g16723/Y     -       A->Y    R     INVx8_ASAP7_75t_SL         14 27.1    29    17     542    (-,-) 
  BF2_1_mul_170_29_g16704/Y     -       A1->Y   F     OAI21x1_ASAP7_75t_SL        1  2.5    20    10     552    (-,-) 
  BF2_1_mul_170_29_g16679/Y     -       B->Y    R     XNOR2xp5_ASAP7_75t_SL       1  2.1    39    20     572    (-,-) 
  BF2_1_barrett_datai_reg[44]/D -       -       R     DFFHQx4_ASAP7_75t_SL        1    -     -     0     572    (-,-) 
#---------------------------------------------------------------------------------------------------------------------



Path 13: VIOLATED (-31 ps) Setup Check with Pin BF2_1_barrett_datai_reg[43]/CLK->D
          Group: clk
     Startpoint: (R) BF1_1_modei_reg[2]/CLK
          Clock: (R) clk
       Endpoint: (R) BF2_1_barrett_datai_reg[43]/D
          Clock: (R) clk

                     Capture       Launch     
        Clock Edge:+     581            0     
       Src Latency:+       0            0     
       Net Latency:+       0 (I)        0 (I) 
           Arrival:=     581            0     
                                              
             Setup:-      10                  
       Uncertainty:-      29                  
     Required Time:=     542                  
      Launch Clock:-       0                  
         Data Path:-     572                  
             Slack:=     -31                  

#---------------------------------------------------------------------------------------------------------------------
#         Timing Point          Flags    Arc    Edge          Cell           Fanout Load Trans Delay Arrival Instance 
#                                                                                   (fF)  (ps)  (ps)   (ps)  Location 
#---------------------------------------------------------------------------------------------------------------------
  BF1_1_modei_reg[2]/CLK        -       -       R     (arrival)                2365    -     0     0       0    (-,-) 
  BF1_1_modei_reg[2]/QN         -       CLK->QN F     DFFHQNx2_ASAP7_75t_SL       1  4.0    26    40      40    (-,-) 
  g47527/Y                      -       A->Y    R     INVx4_ASAP7_75t_SL          2  5.7    17    11      51    (-,-) 
  g47517__5115/Y                -       B->Y    F     NAND2x1p5_ASAP7_75t_SL      1  2.6    15     9      59    (-,-) 
  g47440__4319/Y                -       A->Y    F     OR2x6_ASAP7_75t_SL          2  7.9    14    22      81    (-,-) 
  g62389/Y                      -       A->Y    R     INVx8_ASAP7_75t_SL          3 14.1    16    10      92    (-,-) 
  g62339/Y                      -       A->Y    F     INVx11_ASAP7_75t_SL         4 32.2    22    13     105    (-,-) 
  g62338/Y                      -       A->Y    R     INVx11_ASAP7_75t_SL        19 33.9    29    17     122    (-,-) 
  g62336/Y                      -       A->Y    F     INVx8_ASAP7_75t_SL          8 11.3    16     9     131    (-,-) 
  g61421/Y                      -       B2->Y   F     AO22x2_ASAP7_75t_SL         1  4.0    18    23     154    (-,-) 
  g61381/Y                      -       A->Y    F     BUFx12f_ASAP7_75t_SL       13 23.5    17    19     173    (-,-) 
  BF2_1_mul_170_29_g19195/Y     -       A->Y    R     INVx6_ASAP7_75t_SL          8 11.8    18    12     185    (-,-) 
  BF2_1_mul_170_29_g18798/Y     -       B2->Y   R     AO22x2_ASAP7_75t_SL         2  3.5    18    21     206    (-,-) 
  BF2_1_mul_170_29_g18660/Y     -       A->Y    F     INVx1_ASAP7_75t_SL          1  2.7    19    12     217    (-,-) 
  BF2_1_mul_170_29_g18271/Y     -       B2->Y   R     OAI22x1_ASAP7_75t_SL        2  4.4    43    22     239    (-,-) 
  BF2_1_mul_170_29_g17839/Y     -       C->Y    R     MAJx2_ASAP7_75t_SL          2  3.9    19    23     262    (-,-) 
  BF2_1_mul_170_29_g17808/Y     -       A->Y    F     INVx1_ASAP7_75t_SL          1  2.6    18    12     274    (-,-) 
  BF2_1_mul_170_29_g17542/Y     -       C->Y    R     MAJIxp5_ASAP7_75t_SL        2  4.4    63    32     306    (-,-) 
  BF2_1_mul_170_29_g17344/Y     -       A->Y    R     XOR2xp5_ASAP7_75t_SL        1  2.5    46    30     336    (-,-) 
  BF2_1_mul_170_29_g19360/Y     -       B->Y    F     XNOR2x2_ASAP7_75t_SL        2  5.1    20    32     367    (-,-) 
  BF2_1_mul_170_29_g17026/Y     -       B->Y    F     XNOR2x1_ASAP7_75t_SL        1  3.2    24    21     388    (-,-) 
  BF2_1_mul_170_29_g16959/Y     -       A->Y    F     XNOR2x1_ASAP7_75t_SL        2  4.4    28    23     411    (-,-) 
  BF2_1_mul_170_29_g16905/Y     -       A->Y    F     OR2x6_ASAP7_75t_SL          3  7.0    14    24     435    (-,-) 
  BF2_1_mul_170_29_g16891/Y     -       A->Y    R     INVx2_ASAP7_75t_SL          2  4.4    18    11     447    (-,-) 
  BF2_1_mul_170_29_g16850/Y     -       A->Y    F     NOR2x1p5_ASAP7_75t_SL       2  4.4    21    14     460    (-,-) 
  BF2_1_mul_170_29_g16811/Y     -       B->Y    R     NAND2x1p5_ASAP7_75t_SL      2  4.4    25    16     476    (-,-) 
  BF2_1_mul_170_29_g16803/Y     -       A->Y    R     OR2x6_ASAP7_75t_SL          3  7.3    14    20     497    (-,-) 
  BF2_1_mul_170_29_g19339/Y     -       B->Y    F     NOR2x1p5_ASAP7_75t_SL       6 14.4    55    27     524    (-,-) 
  BF2_1_mul_170_29_g16754/Y     -       B->Y    R     NAND2x1p5_ASAP7_75t_SL      1  2.6    26    18     541    (-,-) 
  BF2_1_mul_170_29_g16703/Y     -       A2->Y   F     OAI21x1_ASAP7_75t_SL        1  2.5    20    11     552    (-,-) 
  BF2_1_mul_170_29_g16680/Y     -       B->Y    R     XNOR2xp5_ASAP7_75t_SL       1  2.1    39    20     572    (-,-) 
  BF2_1_barrett_datai_reg[43]/D -       -       R     DFFHQx4_ASAP7_75t_SL        1    -     -     0     572    (-,-) 
#---------------------------------------------------------------------------------------------------------------------



Path 14: VIOLATED (-31 ps) Setup Check with Pin BF2_1_barrett_datai_reg[43]/CLK->D
          Group: clk
     Startpoint: (R) BF1_1_modei_reg[2]/CLK
          Clock: (R) clk
       Endpoint: (R) BF2_1_barrett_datai_reg[43]/D
          Clock: (R) clk

                     Capture       Launch     
        Clock Edge:+     581            0     
       Src Latency:+       0            0     
       Net Latency:+       0 (I)        0 (I) 
           Arrival:=     581            0     
                                              
             Setup:-      10                  
       Uncertainty:-      29                  
     Required Time:=     542                  
      Launch Clock:-       0                  
         Data Path:-     572                  
             Slack:=     -31                  

#---------------------------------------------------------------------------------------------------------------------
#         Timing Point          Flags    Arc    Edge          Cell           Fanout Load Trans Delay Arrival Instance 
#                                                                                   (fF)  (ps)  (ps)   (ps)  Location 
#---------------------------------------------------------------------------------------------------------------------
  BF1_1_modei_reg[2]/CLK        -       -       R     (arrival)                2365    -     0     0       0    (-,-) 
  BF1_1_modei_reg[2]/QN         -       CLK->QN R     DFFHQNx2_ASAP7_75t_SL       1  4.0    26    41      41    (-,-) 
  g47527/Y                      -       A->Y    F     INVx4_ASAP7_75t_SL          2  5.7    14     9      50    (-,-) 
  g47517__5115/Y                -       B->Y    R     NAND2x1p5_ASAP7_75t_SL      1  2.6    18    11      61    (-,-) 
  g47440__4319/Y                -       A->Y    R     OR2x6_ASAP7_75t_SL          2  7.9    14    20      81    (-,-) 
  g62389/Y                      -       A->Y    F     INVx8_ASAP7_75t_SL          3 14.1    14     9      89    (-,-) 
  g62373/Y                      -       A->Y    R     INVx3_ASAP7_75t_SL          2  7.2    20    12     101    (-,-) 
  g62372/Y                      -       A->Y    R     BUFx12f_ASAP7_75t_SL       12 28.8    23    20     122    (-,-) 
  g62361/Y                      -       A->Y    F     INVx11_ASAP7_75t_SL         9 18.4    17    10     132    (-,-) 
  g61560/Y                      -       A2->Y   F     AO22x2_ASAP7_75t_SL         1  4.0    17    23     154    (-,-) 
  g61507/Y                      -       A->Y    F     BUFx12f_ASAP7_75t_SL       14 25.5    18    20     174    (-,-) 
  BF2_1_mul_170_29_g19194/Y     -       A->Y    R     INVx8_ASAP7_75t_SL          8 11.5    15    10     184    (-,-) 
  BF2_1_mul_170_29_g18610/Y     -       A2->Y   R     OA22x2_ASAP7_75t_SL         2  4.2    20    22     206    (-,-) 
  BF2_1_mul_170_29_g18467/Y     -       A->Y    F     INVx1_ASAP7_75t_SL          1  2.1    16    10     216    (-,-) 
  BF2_1_mul_170_29_g18268/Y     -       B2->Y   R     AOI22xp5_ASAP7_75t_SL       2  4.3    65    31     247    (-,-) 
  BF2_1_mul_170_29_g17764/Y     -       B->Y    R     MAJx2_ASAP7_75t_SL          2  4.6    22    30     277    (-,-) 
  BF2_1_mul_170_29_g17749/Y     -       A->Y    F     INVx2_ASAP7_75t_SL          1  2.1    11     7     284    (-,-) 
  BF2_1_mul_170_29_g17614/Y     -       A->Y    F     MAJx2_ASAP7_75t_SL          2  4.6    20    24     308    (-,-) 
  BF2_1_mul_170_29_g17299/Y     -       B->Y    F     XNOR2x1_ASAP7_75t_SL        1  3.2    24    21     328    (-,-) 
  BF2_1_mul_170_29_g19368/Y     -       A->Y    F     XNOR2x1_ASAP7_75t_SL        2  4.0    26    22     351    (-,-) 
  BF2_1_mul_170_29_g17065/Y     -       C->Y    F     MAJx2_ASAP7_75t_SL          3  5.1    20    27     378    (-,-) 
  BF2_1_mul_170_29_g16960/Y     -       A->Y    R     XOR2x2_ASAP7_75t_SL         1  2.6    14    27     404    (-,-) 
  BF2_1_mul_170_29_g16881/Y     -       A->Y    R     XNOR2x2_ASAP7_75t_SL        2  4.6    21    22     426    (-,-) 
  BF2_1_mul_170_29_g16867/Y     -       A->Y    F     INVx2_ASAP7_75t_SL          1  2.6    12     8     434    (-,-) 
  BF2_1_mul_170_29_g16838/Y     -       B->Y    F     AND2x4_ASAP7_75t_SL         2  4.0    10    15     449    (-,-) 
  BF2_1_mul_170_29_g16776/Y     -       A2->Y   R     AOI21x1_ASAP7_75t_SL        1  2.8    24    13     462    (-,-) 
  BF2_1_mul_170_29_g16747/Y     -       B->Y    F     OAI21x1_ASAP7_75t_SL        2  3.4    25    15     477    (-,-) 
  BF2_1_mul_170_29_g16728/Y     -       A1->Y   F     AO21x2_ASAP7_75t_SL         1  2.1    12    22     499    (-,-) 
  BF2_1_mul_170_29_g16724/Y     -       B->Y    F     AO21x2_ASAP7_75t_SL         1  6.5    22    25     524    (-,-) 
  BF2_1_mul_170_29_g16723/Y     -       A->Y    R     INVx8_ASAP7_75t_SL         14 27.1    29    17     542    (-,-) 
  BF2_1_mul_170_29_g16703/Y     -       A1->Y   F     OAI21x1_ASAP7_75t_SL        1  2.5    20    10     552    (-,-) 
  BF2_1_mul_170_29_g16680/Y     -       B->Y    R     XNOR2xp5_ASAP7_75t_SL       1  2.1    39    20     572    (-,-) 
  BF2_1_barrett_datai_reg[43]/D -       -       R     DFFHQx4_ASAP7_75t_SL        1    -     -     0     572    (-,-) 
#---------------------------------------------------------------------------------------------------------------------



Path 15: VIOLATED (-31 ps) Setup Check with Pin BF2_1_barrett_datai_reg[43]/CLK->D
          Group: clk
     Startpoint: (R) BF1_1_modei_reg[2]/CLK
          Clock: (R) clk
       Endpoint: (R) BF2_1_barrett_datai_reg[43]/D
          Clock: (R) clk

                     Capture       Launch     
        Clock Edge:+     581            0     
       Src Latency:+       0            0     
       Net Latency:+       0 (I)        0 (I) 
           Arrival:=     581            0     
                                              
             Setup:-      10                  
       Uncertainty:-      29                  
     Required Time:=     542                  
      Launch Clock:-       0                  
         Data Path:-     572                  
             Slack:=     -31                  

#---------------------------------------------------------------------------------------------------------------------
#         Timing Point          Flags    Arc    Edge          Cell           Fanout Load Trans Delay Arrival Instance 
#                                                                                   (fF)  (ps)  (ps)   (ps)  Location 
#---------------------------------------------------------------------------------------------------------------------
  BF1_1_modei_reg[2]/CLK        -       -       R     (arrival)                2365    -     0     0       0    (-,-) 
  BF1_1_modei_reg[2]/QN         -       CLK->QN R     DFFHQNx2_ASAP7_75t_SL       1  4.0    26    41      41    (-,-) 
  g47527/Y                      -       A->Y    F     INVx4_ASAP7_75t_SL          2  5.7    14     9      50    (-,-) 
  g47517__5115/Y                -       B->Y    R     NAND2x1p5_ASAP7_75t_SL      1  2.6    18    11      61    (-,-) 
  g47440__4319/Y                -       A->Y    R     OR2x6_ASAP7_75t_SL          2  7.9    14    20      81    (-,-) 
  g62389/Y                      -       A->Y    F     INVx8_ASAP7_75t_SL          3 14.1    14     9      89    (-,-) 
  g62373/Y                      -       A->Y    R     INVx3_ASAP7_75t_SL          2  7.2    20    12     101    (-,-) 
  g62372/Y                      -       A->Y    R     BUFx12f_ASAP7_75t_SL       12 28.8    23    20     122    (-,-) 
  g62361/Y                      -       A->Y    F     INVx11_ASAP7_75t_SL         9 18.4    17    10     132    (-,-) 
  g61447/Y                      -       A2->Y   F     AO22x2_ASAP7_75t_SL         1  4.0    18    23     154    (-,-) 
  g61382/Y                      -       A->Y    F     BUFx12f_ASAP7_75t_SL       13 29.5    20    21     175    (-,-) 
  BF2_1_mul_170_29_g19201/Y     -       A->Y    R     INVx11_ASAP7_75t_SL         8 14.5    16    10     185    (-,-) 
  BF2_1_mul_170_29_g18793/Y     -       B1->Y   F     AOI22x1_ASAP7_75t_SL        2  3.4    30    13     198    (-,-) 
  BF2_1_mul_170_29_g18089/Y     -       A2->Y   F     OA22x2_ASAP7_75t_SL         2  4.1    18    26     224    (-,-) 
  BF2_1_mul_170_29_g17860/Y     -       B->Y    F     MAJx2_ASAP7_75t_SL          2  3.9    18    26     250    (-,-) 
  BF2_1_mul_170_29_g17602/Y     -       A->Y    F     XOR2x2_ASAP7_75t_SL         1  2.6    13    22     273    (-,-) 
  BF2_1_mul_170_29_g17441/Y     -       B->Y    R     XOR2x2_ASAP7_75t_SL         2  4.2    19    29     302    (-,-) 
  BF2_1_mul_170_29_g17291/Y     -       A->Y    F     XOR2x2_ASAP7_75t_SL         1  2.5    13    21     322    (-,-) 
  BF2_1_mul_170_29_g17186/Y     -       A->Y    R     XOR2x2_ASAP7_75t_SL         2  4.4    20    29     351    (-,-) 
  BF2_1_mul_170_29_g17100/Y     -       A->Y    F     XOR2x2_ASAP7_75t_SL         1  3.2    15    22     373    (-,-) 
  BF2_1_mul_170_29_g17016/Y     -       A->Y    F     XNOR2x1_ASAP7_75t_SL        2  4.4    28    22     395    (-,-) 
  BF2_1_mul_170_29_g17001/Y     -       A->Y    R     INVx2_ASAP7_75t_SL          1  2.1    15    10     404    (-,-) 
  BF2_1_mul_170_29_g16924/Y     -       B2->Y   R     OA22x2_ASAP7_75t_SL         2  4.6    20    21     426    (-,-) 
  BF2_1_mul_170_29_g16911/Y     -       A->Y    F     INVx2_ASAP7_75t_SL          1  2.6    12     8     433    (-,-) 
  BF2_1_mul_170_29_g16814/Y     -       B->Y    F     AND2x4_ASAP7_75t_SL         2  3.8    10    15     448    (-,-) 
  BF2_1_mul_170_29_g16776/Y     -       B->Y    R     AOI21x1_ASAP7_75t_SL        1  2.8    24    14     462    (-,-) 
  BF2_1_mul_170_29_g16747/Y     -       B->Y    F     OAI21x1_ASAP7_75t_SL        2  3.4    25    15     477    (-,-) 
  BF2_1_mul_170_29_g16728/Y     -       A1->Y   F     AO21x2_ASAP7_75t_SL         1  2.1    12    22     499    (-,-) 
  BF2_1_mul_170_29_g16724/Y     -       B->Y    F     AO21x2_ASAP7_75t_SL         1  6.5    22    25     524    (-,-) 
  BF2_1_mul_170_29_g16723/Y     -       A->Y    R     INVx8_ASAP7_75t_SL         14 27.1    29    17     542    (-,-) 
  BF2_1_mul_170_29_g16703/Y     -       A1->Y   F     OAI21x1_ASAP7_75t_SL        1  2.5    20    10     552    (-,-) 
  BF2_1_mul_170_29_g16680/Y     -       B->Y    R     XNOR2xp5_ASAP7_75t_SL       1  2.1    39    20     572    (-,-) 
  BF2_1_barrett_datai_reg[43]/D -       -       R     DFFHQx4_ASAP7_75t_SL        1    -     -     0     572    (-,-) 
#---------------------------------------------------------------------------------------------------------------------



Path 16: VIOLATED (-31 ps) Setup Check with Pin BF2_1_barrett_datai_reg[45]/CLK->D
          Group: clk
     Startpoint: (R) BF1_1_modei_reg[2]/CLK
          Clock: (R) clk
       Endpoint: (R) BF2_1_barrett_datai_reg[45]/D
          Clock: (R) clk

                     Capture       Launch     
        Clock Edge:+     581            0     
       Src Latency:+       0            0     
       Net Latency:+       0 (I)        0 (I) 
           Arrival:=     581            0     
                                              
             Setup:-      10                  
       Uncertainty:-      29                  
     Required Time:=     542                  
      Launch Clock:-       0                  
         Data Path:-     572                  
             Slack:=     -31                  

#---------------------------------------------------------------------------------------------------------------------
#         Timing Point          Flags    Arc    Edge          Cell           Fanout Load Trans Delay Arrival Instance 
#                                                                                   (fF)  (ps)  (ps)   (ps)  Location 
#---------------------------------------------------------------------------------------------------------------------
  BF1_1_modei_reg[2]/CLK        -       -       R     (arrival)                2365    -     0     0       0    (-,-) 
  BF1_1_modei_reg[2]/QN         -       CLK->QN F     DFFHQNx2_ASAP7_75t_SL       1  4.0    26    40      40    (-,-) 
  g47527/Y                      -       A->Y    R     INVx4_ASAP7_75t_SL          2  5.7    17    11      51    (-,-) 
  g47517__5115/Y                -       B->Y    F     NAND2x1p5_ASAP7_75t_SL      1  2.6    15     9      59    (-,-) 
  g47440__4319/Y                -       A->Y    F     OR2x6_ASAP7_75t_SL          2  7.9    14    22      81    (-,-) 
  g62389/Y                      -       A->Y    R     INVx8_ASAP7_75t_SL          3 14.1    16    10      92    (-,-) 
  g62339/Y                      -       A->Y    F     INVx11_ASAP7_75t_SL         4 32.2    22    13     105    (-,-) 
  g62338/Y                      -       A->Y    R     INVx11_ASAP7_75t_SL        19 33.9    29    17     122    (-,-) 
  g62336/Y                      -       A->Y    F     INVx8_ASAP7_75t_SL          8 11.3    16     9     131    (-,-) 
  g61421/Y                      -       B2->Y   F     AO22x2_ASAP7_75t_SL         1  4.0    18    23     154    (-,-) 
  g61381/Y                      -       A->Y    F     BUFx12f_ASAP7_75t_SL       13 23.5    17    19     173    (-,-) 
  BF2_1_mul_170_29_g19195/Y     -       A->Y    R     INVx6_ASAP7_75t_SL          8 11.8    18    12     185    (-,-) 
  BF2_1_mul_170_29_g18798/Y     -       B2->Y   R     AO22x2_ASAP7_75t_SL         2  3.5    18    21     206    (-,-) 
  BF2_1_mul_170_29_g18660/Y     -       A->Y    F     INVx1_ASAP7_75t_SL          1  2.7    19    12     217    (-,-) 
  BF2_1_mul_170_29_g18271/Y     -       B2->Y   R     OAI22x1_ASAP7_75t_SL        2  4.4    43    22     239    (-,-) 
  BF2_1_mul_170_29_g17839/Y     -       C->Y    R     MAJx2_ASAP7_75t_SL          2  3.9    19    23     262    (-,-) 
  BF2_1_mul_170_29_g17808/Y     -       A->Y    F     INVx1_ASAP7_75t_SL          1  2.6    18    12     274    (-,-) 
  BF2_1_mul_170_29_g17542/Y     -       C->Y    R     MAJIxp5_ASAP7_75t_SL        2  4.4    63    32     306    (-,-) 
  BF2_1_mul_170_29_g17344/Y     -       A->Y    R     XOR2xp5_ASAP7_75t_SL        1  2.5    46    30     336    (-,-) 
  BF2_1_mul_170_29_g19360/Y     -       B->Y    F     XNOR2x2_ASAP7_75t_SL        2  5.1    20    32     367    (-,-) 
  BF2_1_mul_170_29_g17026/Y     -       B->Y    F     XNOR2x1_ASAP7_75t_SL        1  3.2    24    21     388    (-,-) 
  BF2_1_mul_170_29_g16959/Y     -       A->Y    F     XNOR2x1_ASAP7_75t_SL        2  4.4    28    23     411    (-,-) 
  BF2_1_mul_170_29_g16905/Y     -       A->Y    F     OR2x6_ASAP7_75t_SL          3  7.0    14    24     435    (-,-) 
  BF2_1_mul_170_29_g16891/Y     -       A->Y    R     INVx2_ASAP7_75t_SL          2  4.4    18    11     447    (-,-) 
  BF2_1_mul_170_29_g16850/Y     -       A->Y    F     NOR2x1p5_ASAP7_75t_SL       2  4.4    21    14     460    (-,-) 
  BF2_1_mul_170_29_g16811/Y     -       B->Y    R     NAND2x1p5_ASAP7_75t_SL      2  4.4    25    16     476    (-,-) 
  BF2_1_mul_170_29_g16803/Y     -       A->Y    R     OR2x6_ASAP7_75t_SL          3  7.3    14    20     497    (-,-) 
  BF2_1_mul_170_29_g19339/Y     -       B->Y    F     NOR2x1p5_ASAP7_75t_SL       6 14.4    55    27     524    (-,-) 
  BF2_1_mul_170_29_g16752/Y     -       B->Y    R     NAND2x1p5_ASAP7_75t_SL      1  2.6    26    18     541    (-,-) 
  BF2_1_mul_170_29_g16698/Y     -       A2->Y   F     OAI21x1_ASAP7_75t_SL        1  2.5    20    11     552    (-,-) 
  BF2_1_mul_170_29_g16684/Y     -       B->Y    R     XNOR2xp5_ASAP7_75t_SL       1  2.1    39    20     572    (-,-) 
  BF2_1_barrett_datai_reg[45]/D -       -       R     DFFHQx4_ASAP7_75t_SL        1    -     -     0     572    (-,-) 
#---------------------------------------------------------------------------------------------------------------------



Path 17: VIOLATED (-31 ps) Setup Check with Pin BF2_1_barrett_datai_reg[45]/CLK->D
          Group: clk
     Startpoint: (R) BF1_1_modei_reg[2]/CLK
          Clock: (R) clk
       Endpoint: (R) BF2_1_barrett_datai_reg[45]/D
          Clock: (R) clk

                     Capture       Launch     
        Clock Edge:+     581            0     
       Src Latency:+       0            0     
       Net Latency:+       0 (I)        0 (I) 
           Arrival:=     581            0     
                                              
             Setup:-      10                  
       Uncertainty:-      29                  
     Required Time:=     542                  
      Launch Clock:-       0                  
         Data Path:-     572                  
             Slack:=     -31                  

#---------------------------------------------------------------------------------------------------------------------
#         Timing Point          Flags    Arc    Edge          Cell           Fanout Load Trans Delay Arrival Instance 
#                                                                                   (fF)  (ps)  (ps)   (ps)  Location 
#---------------------------------------------------------------------------------------------------------------------
  BF1_1_modei_reg[2]/CLK        -       -       R     (arrival)                2365    -     0     0       0    (-,-) 
  BF1_1_modei_reg[2]/QN         -       CLK->QN R     DFFHQNx2_ASAP7_75t_SL       1  4.0    26    41      41    (-,-) 
  g47527/Y                      -       A->Y    F     INVx4_ASAP7_75t_SL          2  5.7    14     9      50    (-,-) 
  g47517__5115/Y                -       B->Y    R     NAND2x1p5_ASAP7_75t_SL      1  2.6    18    11      61    (-,-) 
  g47440__4319/Y                -       A->Y    R     OR2x6_ASAP7_75t_SL          2  7.9    14    20      81    (-,-) 
  g62389/Y                      -       A->Y    F     INVx8_ASAP7_75t_SL          3 14.1    14     9      89    (-,-) 
  g62373/Y                      -       A->Y    R     INVx3_ASAP7_75t_SL          2  7.2    20    12     101    (-,-) 
  g62372/Y                      -       A->Y    R     BUFx12f_ASAP7_75t_SL       12 28.8    23    20     122    (-,-) 
  g62361/Y                      -       A->Y    F     INVx11_ASAP7_75t_SL         9 18.4    17    10     132    (-,-) 
  g61560/Y                      -       A2->Y   F     AO22x2_ASAP7_75t_SL         1  4.0    17    23     154    (-,-) 
  g61507/Y                      -       A->Y    F     BUFx12f_ASAP7_75t_SL       14 25.5    18    20     174    (-,-) 
  BF2_1_mul_170_29_g19194/Y     -       A->Y    R     INVx8_ASAP7_75t_SL          8 11.5    15    10     184    (-,-) 
  BF2_1_mul_170_29_g18610/Y     -       A2->Y   R     OA22x2_ASAP7_75t_SL         2  4.2    20    22     206    (-,-) 
  BF2_1_mul_170_29_g18467/Y     -       A->Y    F     INVx1_ASAP7_75t_SL          1  2.1    16    10     216    (-,-) 
  BF2_1_mul_170_29_g18268/Y     -       B2->Y   R     AOI22xp5_ASAP7_75t_SL       2  4.3    65    31     247    (-,-) 
  BF2_1_mul_170_29_g17764/Y     -       B->Y    R     MAJx2_ASAP7_75t_SL          2  4.6    22    30     277    (-,-) 
  BF2_1_mul_170_29_g17749/Y     -       A->Y    F     INVx2_ASAP7_75t_SL          1  2.1    11     7     284    (-,-) 
  BF2_1_mul_170_29_g17614/Y     -       A->Y    F     MAJx2_ASAP7_75t_SL          2  4.6    20    24     308    (-,-) 
  BF2_1_mul_170_29_g17299/Y     -       B->Y    F     XNOR2x1_ASAP7_75t_SL        1  3.2    24    21     328    (-,-) 
  BF2_1_mul_170_29_g19368/Y     -       A->Y    F     XNOR2x1_ASAP7_75t_SL        2  4.0    26    22     351    (-,-) 
  BF2_1_mul_170_29_g17065/Y     -       C->Y    F     MAJx2_ASAP7_75t_SL          3  5.1    20    27     378    (-,-) 
  BF2_1_mul_170_29_g16960/Y     -       A->Y    R     XOR2x2_ASAP7_75t_SL         1  2.6    14    27     404    (-,-) 
  BF2_1_mul_170_29_g16881/Y     -       A->Y    R     XNOR2x2_ASAP7_75t_SL        2  4.6    21    22     426    (-,-) 
  BF2_1_mul_170_29_g16867/Y     -       A->Y    F     INVx2_ASAP7_75t_SL          1  2.6    12     8     434    (-,-) 
  BF2_1_mul_170_29_g16838/Y     -       B->Y    F     AND2x4_ASAP7_75t_SL         2  4.0    10    15     449    (-,-) 
  BF2_1_mul_170_29_g16776/Y     -       A2->Y   R     AOI21x1_ASAP7_75t_SL        1  2.8    24    13     462    (-,-) 
  BF2_1_mul_170_29_g16747/Y     -       B->Y    F     OAI21x1_ASAP7_75t_SL        2  3.4    25    15     477    (-,-) 
  BF2_1_mul_170_29_g16728/Y     -       A1->Y   F     AO21x2_ASAP7_75t_SL         1  2.1    12    22     499    (-,-) 
  BF2_1_mul_170_29_g16724/Y     -       B->Y    F     AO21x2_ASAP7_75t_SL         1  6.5    22    25     524    (-,-) 
  BF2_1_mul_170_29_g16723/Y     -       A->Y    R     INVx8_ASAP7_75t_SL         14 27.1    29    17     542    (-,-) 
  BF2_1_mul_170_29_g16698/Y     -       A1->Y   F     OAI21x1_ASAP7_75t_SL        1  2.5    20    10     552    (-,-) 
  BF2_1_mul_170_29_g16684/Y     -       B->Y    R     XNOR2xp5_ASAP7_75t_SL       1  2.1    39    20     572    (-,-) 
  BF2_1_barrett_datai_reg[45]/D -       -       R     DFFHQx4_ASAP7_75t_SL        1    -     -     0     572    (-,-) 
#---------------------------------------------------------------------------------------------------------------------



Path 18: VIOLATED (-31 ps) Setup Check with Pin BF2_1_barrett_datai_reg[45]/CLK->D
          Group: clk
     Startpoint: (R) BF1_1_modei_reg[2]/CLK
          Clock: (R) clk
       Endpoint: (R) BF2_1_barrett_datai_reg[45]/D
          Clock: (R) clk

                     Capture       Launch     
        Clock Edge:+     581            0     
       Src Latency:+       0            0     
       Net Latency:+       0 (I)        0 (I) 
           Arrival:=     581            0     
                                              
             Setup:-      10                  
       Uncertainty:-      29                  
     Required Time:=     542                  
      Launch Clock:-       0                  
         Data Path:-     572                  
             Slack:=     -31                  

#---------------------------------------------------------------------------------------------------------------------
#         Timing Point          Flags    Arc    Edge          Cell           Fanout Load Trans Delay Arrival Instance 
#                                                                                   (fF)  (ps)  (ps)   (ps)  Location 
#---------------------------------------------------------------------------------------------------------------------
  BF1_1_modei_reg[2]/CLK        -       -       R     (arrival)                2365    -     0     0       0    (-,-) 
  BF1_1_modei_reg[2]/QN         -       CLK->QN R     DFFHQNx2_ASAP7_75t_SL       1  4.0    26    41      41    (-,-) 
  g47527/Y                      -       A->Y    F     INVx4_ASAP7_75t_SL          2  5.7    14     9      50    (-,-) 
  g47517__5115/Y                -       B->Y    R     NAND2x1p5_ASAP7_75t_SL      1  2.6    18    11      61    (-,-) 
  g47440__4319/Y                -       A->Y    R     OR2x6_ASAP7_75t_SL          2  7.9    14    20      81    (-,-) 
  g62389/Y                      -       A->Y    F     INVx8_ASAP7_75t_SL          3 14.1    14     9      89    (-,-) 
  g62373/Y                      -       A->Y    R     INVx3_ASAP7_75t_SL          2  7.2    20    12     101    (-,-) 
  g62372/Y                      -       A->Y    R     BUFx12f_ASAP7_75t_SL       12 28.8    23    20     122    (-,-) 
  g62361/Y                      -       A->Y    F     INVx11_ASAP7_75t_SL         9 18.4    17    10     132    (-,-) 
  g61447/Y                      -       A2->Y   F     AO22x2_ASAP7_75t_SL         1  4.0    18    23     154    (-,-) 
  g61382/Y                      -       A->Y    F     BUFx12f_ASAP7_75t_SL       13 29.5    20    21     175    (-,-) 
  BF2_1_mul_170_29_g19201/Y     -       A->Y    R     INVx11_ASAP7_75t_SL         8 14.5    16    10     185    (-,-) 
  BF2_1_mul_170_29_g18793/Y     -       B1->Y   F     AOI22x1_ASAP7_75t_SL        2  3.4    30    13     198    (-,-) 
  BF2_1_mul_170_29_g18089/Y     -       A2->Y   F     OA22x2_ASAP7_75t_SL         2  4.1    18    26     224    (-,-) 
  BF2_1_mul_170_29_g17860/Y     -       B->Y    F     MAJx2_ASAP7_75t_SL          2  3.9    18    26     250    (-,-) 
  BF2_1_mul_170_29_g17602/Y     -       A->Y    F     XOR2x2_ASAP7_75t_SL         1  2.6    13    22     273    (-,-) 
  BF2_1_mul_170_29_g17441/Y     -       B->Y    R     XOR2x2_ASAP7_75t_SL         2  4.2    19    29     302    (-,-) 
  BF2_1_mul_170_29_g17291/Y     -       A->Y    F     XOR2x2_ASAP7_75t_SL         1  2.5    13    21     322    (-,-) 
  BF2_1_mul_170_29_g17186/Y     -       A->Y    R     XOR2x2_ASAP7_75t_SL         2  4.4    20    29     351    (-,-) 
  BF2_1_mul_170_29_g17100/Y     -       A->Y    F     XOR2x2_ASAP7_75t_SL         1  3.2    15    22     373    (-,-) 
  BF2_1_mul_170_29_g17016/Y     -       A->Y    F     XNOR2x1_ASAP7_75t_SL        2  4.4    28    22     395    (-,-) 
  BF2_1_mul_170_29_g17001/Y     -       A->Y    R     INVx2_ASAP7_75t_SL          1  2.1    15    10     404    (-,-) 
  BF2_1_mul_170_29_g16924/Y     -       B2->Y   R     OA22x2_ASAP7_75t_SL         2  4.6    20    21     426    (-,-) 
  BF2_1_mul_170_29_g16911/Y     -       A->Y    F     INVx2_ASAP7_75t_SL          1  2.6    12     8     433    (-,-) 
  BF2_1_mul_170_29_g16814/Y     -       B->Y    F     AND2x4_ASAP7_75t_SL         2  3.8    10    15     448    (-,-) 
  BF2_1_mul_170_29_g16776/Y     -       B->Y    R     AOI21x1_ASAP7_75t_SL        1  2.8    24    14     462    (-,-) 
  BF2_1_mul_170_29_g16747/Y     -       B->Y    F     OAI21x1_ASAP7_75t_SL        2  3.4    25    15     477    (-,-) 
  BF2_1_mul_170_29_g16728/Y     -       A1->Y   F     AO21x2_ASAP7_75t_SL         1  2.1    12    22     499    (-,-) 
  BF2_1_mul_170_29_g16724/Y     -       B->Y    F     AO21x2_ASAP7_75t_SL         1  6.5    22    25     524    (-,-) 
  BF2_1_mul_170_29_g16723/Y     -       A->Y    R     INVx8_ASAP7_75t_SL         14 27.1    29    17     542    (-,-) 
  BF2_1_mul_170_29_g16698/Y     -       A1->Y   F     OAI21x1_ASAP7_75t_SL        1  2.5    20    10     552    (-,-) 
  BF2_1_mul_170_29_g16684/Y     -       B->Y    R     XNOR2xp5_ASAP7_75t_SL       1  2.1    39    20     572    (-,-) 
  BF2_1_barrett_datai_reg[45]/D -       -       R     DFFHQx4_ASAP7_75t_SL        1    -     -     0     572    (-,-) 
#---------------------------------------------------------------------------------------------------------------------



Path 19: VIOLATED (-31 ps) Setup Check with Pin BF2_1_barrett_datai_reg[41]/CLK->D
          Group: clk
     Startpoint: (R) BF1_1_modei_reg[2]/CLK
          Clock: (R) clk
       Endpoint: (R) BF2_1_barrett_datai_reg[41]/D
          Clock: (R) clk

                     Capture       Launch     
        Clock Edge:+     581            0     
       Src Latency:+       0            0     
       Net Latency:+       0 (I)        0 (I) 
           Arrival:=     581            0     
                                              
             Setup:-      10                  
       Uncertainty:-      29                  
     Required Time:=     542                  
      Launch Clock:-       0                  
         Data Path:-     572                  
             Slack:=     -31                  

#---------------------------------------------------------------------------------------------------------------------
#         Timing Point          Flags    Arc    Edge          Cell           Fanout Load Trans Delay Arrival Instance 
#                                                                                   (fF)  (ps)  (ps)   (ps)  Location 
#---------------------------------------------------------------------------------------------------------------------
  BF1_1_modei_reg[2]/CLK        -       -       R     (arrival)                2365    -     0     0       0    (-,-) 
  BF1_1_modei_reg[2]/QN         -       CLK->QN F     DFFHQNx2_ASAP7_75t_SL       1  4.0    26    40      40    (-,-) 
  g47527/Y                      -       A->Y    R     INVx4_ASAP7_75t_SL          2  5.7    17    11      51    (-,-) 
  g47517__5115/Y                -       B->Y    F     NAND2x1p5_ASAP7_75t_SL      1  2.6    15     9      59    (-,-) 
  g47440__4319/Y                -       A->Y    F     OR2x6_ASAP7_75t_SL          2  7.9    14    22      81    (-,-) 
  g62389/Y                      -       A->Y    R     INVx8_ASAP7_75t_SL          3 14.1    16    10      92    (-,-) 
  g62388/Y                      -       A->Y    R     BUFx12f_ASAP7_75t_SL        5 20.6    17    18     109    (-,-) 
  g62381/Y                      -       A->Y    R     BUFx12f_ASAP7_75t_SL       10 20.9    18    18     127    (-,-) 
  g61414/Y                      -       A2->Y   R     AO22x2_ASAP7_75t_SL         1  4.0    20    23     150    (-,-) 
  g61374/Y                      -       A->Y    R     BUFx12f_ASAP7_75t_SL       13 25.7    21    20     169    (-,-) 
  BF2_1_mul_170_29_g19193/Y     -       A->Y    F     INVx11_ASAP7_75t_SL         9 13.2    13     8     177    (-,-) 
  BF2_1_mul_170_29_g18839/Y     -       B2->Y   F     AO22x1_ASAP7_75t_SL         2  3.5    24    26     203    (-,-) 
  BF2_1_mul_170_29_g18675/Y     -       A->Y    R     INVx1_ASAP7_75t_SL          1  2.1    20    13     216    (-,-) 
  BF2_1_mul_170_29_g18272/Y     -       B2->Y   F     OAI22xp5_ASAP7_75t_SL       2  5.0    64    26     243    (-,-) 
  BF2_1_mul_170_29_g17966/Y     -       B->Y    F     XNOR2x1_ASAP7_75t_SL        1  2.5    32    25     268    (-,-) 
  BF2_1_mul_170_29_g17634/Y     -       A->Y    F     XOR2x2_ASAP7_75t_SL         2  5.0    20    29     297    (-,-) 
  BF2_1_mul_170_29_g17349/Y     -       B->Y    F     XNOR2x1_ASAP7_75t_SL        2  3.9    26    22     319    (-,-) 
  BF2_1_mul_170_29_g17186/Y     -       B->Y    R     XOR2x2_ASAP7_75t_SL         2  4.4    20    32     351    (-,-) 
  BF2_1_mul_170_29_g17100/Y     -       A->Y    F     XOR2x2_ASAP7_75t_SL         1  3.2    15    22     373    (-,-) 
  BF2_1_mul_170_29_g17016/Y     -       A->Y    F     XNOR2x1_ASAP7_75t_SL        2  4.4    28    22     395    (-,-) 
  BF2_1_mul_170_29_g17001/Y     -       A->Y    R     INVx2_ASAP7_75t_SL          1  2.1    15    10     405    (-,-) 
  BF2_1_mul_170_29_g16924/Y     -       B2->Y   R     OA22x2_ASAP7_75t_SL         2  4.6    20    21     426    (-,-) 
  BF2_1_mul_170_29_g16911/Y     -       A->Y    F     INVx2_ASAP7_75t_SL          1  2.6    12     8     433    (-,-) 
  BF2_1_mul_170_29_g16814/Y     -       B->Y    F     AND2x4_ASAP7_75t_SL         2  3.8    10    15     448    (-,-) 
  BF2_1_mul_170_29_g16776/Y     -       B->Y    R     AOI21x1_ASAP7_75t_SL        1  2.8    24    14     462    (-,-) 
  BF2_1_mul_170_29_g16747/Y     -       B->Y    F     OAI21x1_ASAP7_75t_SL        2  3.4    25    15     477    (-,-) 
  BF2_1_mul_170_29_g16728/Y     -       A1->Y   F     AO21x2_ASAP7_75t_SL         1  2.1    12    22     499    (-,-) 
  BF2_1_mul_170_29_g16724/Y     -       B->Y    F     AO21x2_ASAP7_75t_SL         1  6.5    22    25     524    (-,-) 
  BF2_1_mul_170_29_g16723/Y     -       A->Y    R     INVx8_ASAP7_75t_SL         14 27.1    29    17     542    (-,-) 
  BF2_1_mul_170_29_g16708/Y     -       A1->Y   F     OAI21x1_ASAP7_75t_SL        1  2.5    20    10     552    (-,-) 
  BF2_1_mul_170_29_g16682/Y     -       B->Y    R     XNOR2xp5_ASAP7_75t_SL       1  2.1    38    20     572    (-,-) 
  BF2_1_barrett_datai_reg[41]/D -       -       R     DFFHQx4_ASAP7_75t_SL        1    -     -     0     572    (-,-) 
#---------------------------------------------------------------------------------------------------------------------



Path 20: VIOLATED (-31 ps) Setup Check with Pin BF2_1_barrett_datai_reg[41]/CLK->D
          Group: clk
     Startpoint: (R) BF1_1_modei_reg[2]/CLK
          Clock: (R) clk
       Endpoint: (R) BF2_1_barrett_datai_reg[41]/D
          Clock: (R) clk

                     Capture       Launch     
        Clock Edge:+     581            0     
       Src Latency:+       0            0     
       Net Latency:+       0 (I)        0 (I) 
           Arrival:=     581            0     
                                              
             Setup:-      10                  
       Uncertainty:-      29                  
     Required Time:=     542                  
      Launch Clock:-       0                  
         Data Path:-     572                  
             Slack:=     -31                  

#---------------------------------------------------------------------------------------------------------------------
#         Timing Point          Flags    Arc    Edge          Cell           Fanout Load Trans Delay Arrival Instance 
#                                                                                   (fF)  (ps)  (ps)   (ps)  Location 
#---------------------------------------------------------------------------------------------------------------------
  BF1_1_modei_reg[2]/CLK        -       -       R     (arrival)                2365    -     0     0       0    (-,-) 
  BF1_1_modei_reg[2]/QN         -       CLK->QN F     DFFHQNx2_ASAP7_75t_SL       1  4.0    26    40      40    (-,-) 
  g47527/Y                      -       A->Y    R     INVx4_ASAP7_75t_SL          2  5.7    17    11      51    (-,-) 
  g47517__5115/Y                -       B->Y    F     NAND2x1p5_ASAP7_75t_SL      1  2.6    15     9      59    (-,-) 
  g47440__4319/Y                -       A->Y    F     OR2x6_ASAP7_75t_SL          2  7.9    14    22      81    (-,-) 
  g62389/Y                      -       A->Y    R     INVx8_ASAP7_75t_SL          3 14.1    16    10      92    (-,-) 
  g62339/Y                      -       A->Y    F     INVx11_ASAP7_75t_SL         4 32.2    22    13     105    (-,-) 
  g62338/Y                      -       A->Y    R     INVx11_ASAP7_75t_SL        19 33.9    29    17     122    (-,-) 
  g62336/Y                      -       A->Y    F     INVx8_ASAP7_75t_SL          8 11.3    16     9     131    (-,-) 
  g61559/Y                      -       B2->Y   F     AO22x2_ASAP7_75t_SL         1  4.0    17    23     154    (-,-) 
  g61506/Y                      -       A->Y    F     BUFx12f_ASAP7_75t_SL       14 26.9    19    20     174    (-,-) 
  BF2_1_mul_170_29_g19212/Y     -       A->Y    R     INVx8_ASAP7_75t_SL          6  8.9    13     9     183    (-,-) 
  BF2_1_mul_170_29_g18614/Y     -       B1->Y   F     AOI22x1_ASAP7_75t_SL        2  4.0    33    14     196    (-,-) 
  BF2_1_mul_170_29_g18079/Y     -       A2->Y   F     OA22x2_ASAP7_75t_SL         2  4.3    19    27     223    (-,-) 
  BF2_1_mul_170_29_g17828/Y     -       B->Y    F     MAJx2_ASAP7_75t_SL          2  4.9    20    28     251    (-,-) 
  BF2_1_mul_170_29_g17569/Y     -       B->Y    F     XOR2x1_ASAP7_75t_SL         1  2.5    26    21     272    (-,-) 
  BF2_1_mul_170_29_g17436/Y     -       A->Y    R     XOR2x2_ASAP7_75t_SL         2  4.0    18    30     303    (-,-) 
  BF2_1_mul_170_29_g17291/Y     -       B->Y    F     XOR2x2_ASAP7_75t_SL         1  2.5    13    20     323    (-,-) 
  BF2_1_mul_170_29_g17186/Y     -       A->Y    R     XOR2x2_ASAP7_75t_SL         2  4.4    20    29     351    (-,-) 
  BF2_1_mul_170_29_g17100/Y     -       A->Y    F     XOR2x2_ASAP7_75t_SL         1  3.2    15    22     373    (-,-) 
  BF2_1_mul_170_29_g17016/Y     -       A->Y    F     XNOR2x1_ASAP7_75t_SL        2  4.4    28    22     395    (-,-) 
  BF2_1_mul_170_29_g17001/Y     -       A->Y    R     INVx2_ASAP7_75t_SL          1  2.1    15    10     405    (-,-) 
  BF2_1_mul_170_29_g16924/Y     -       B2->Y   R     OA22x2_ASAP7_75t_SL         2  4.6    20    21     426    (-,-) 
  BF2_1_mul_170_29_g16911/Y     -       A->Y    F     INVx2_ASAP7_75t_SL          1  2.6    12     8     433    (-,-) 
  BF2_1_mul_170_29_g16814/Y     -       B->Y    F     AND2x4_ASAP7_75t_SL         2  3.8    10    15     448    (-,-) 
  BF2_1_mul_170_29_g16776/Y     -       B->Y    R     AOI21x1_ASAP7_75t_SL        1  2.8    24    14     462    (-,-) 
  BF2_1_mul_170_29_g16747/Y     -       B->Y    F     OAI21x1_ASAP7_75t_SL        2  3.4    25    15     477    (-,-) 
  BF2_1_mul_170_29_g16728/Y     -       A1->Y   F     AO21x2_ASAP7_75t_SL         1  2.1    12    22     499    (-,-) 
  BF2_1_mul_170_29_g16724/Y     -       B->Y    F     AO21x2_ASAP7_75t_SL         1  6.5    22    25     524    (-,-) 
  BF2_1_mul_170_29_g16723/Y     -       A->Y    R     INVx8_ASAP7_75t_SL         14 27.1    29    17     542    (-,-) 
  BF2_1_mul_170_29_g16708/Y     -       A1->Y   F     OAI21x1_ASAP7_75t_SL        1  2.5    20    10     552    (-,-) 
  BF2_1_mul_170_29_g16682/Y     -       B->Y    R     XNOR2xp5_ASAP7_75t_SL       1  2.1    38    20     572    (-,-) 
  BF2_1_barrett_datai_reg[41]/D -       -       R     DFFHQx4_ASAP7_75t_SL        1    -     -     0     572    (-,-) 
#---------------------------------------------------------------------------------------------------------------------

